# unused file<TAB>identical file in use<TAB>article using it (sha1 match, 2026-10-10)
2011 Worlds Day 2 Steve Baroni LS HFTMF.png	2011 Worlds Day 2 Steve Baroni LS TIGIH.png	2011 Worlds Day 2 Steve Baroni LS There Is Good In Him
2014 Match Play Championship Day 1 Meek DS.png	2014 Match Play Championship Day 1 Josh Mack DS.png	2014 Match Play Championship Day 1 Josh Mack DS Kessel
2014 Match Play Championship Day 1 Tony Garcia DS.png	2014 Match Play Championship Day 1 Joe G DS.png	2014 Match Play Championship Day 1 Joe G DS Knowledge And Defense (V)
2014 Match Play Championship Day 1 Tony Garcia LS.png	2014 Match Play Championship Day 1 Joe G LS.png	2014 Match Play Championship Day 1 Joe G LS It Is The Future You See (V)
2014 Match Play Championship Day 2 Consolation Mike Pistone DS.png	2014 Match Play Championship Consolation Mike Pistone DS.png	2014 Match Play Championship Consolation Mike Pistone DS Imperial Occupation (V)
2014 Match Play Championship Day 2 Consolation Mike Pistone LS.png	2014 Match Play Championship Consolation Mike Pistone LS.png	2014 Match Play Championship Consolation Mike Pistone LS It Is The Future You See (V)
2014 Match Play Championship Day 2 Kevin Shannon notes A.png	2014 Match Play Championship Day 2 Kevin Shannon DS.png	2014 Match Play Championship Day 2 Kevin Shannon DS Wookiee Slaving Operation
2014 Match Play Championship Day 2 Kevin Shannon notes B.png	2014 Match Play Championship Day 2 Kevin Shannon LS.png	2014 Match Play Championship Day 2 Kevin Shannon LS Quiet Mining Colony
2014 Worlds Day 3 p01 unnamed DS Imperial Occupation.png	2014 Worlds Day 3 p01 Chris Terwilliger DS Hoth (V).png	2014 Worlds Day 3 Chris Terwilliger DS Hoth (V)
2021 MPC Day 1 ArlandsonDS-ROpsv.txt	2021-mpc-2021 MPC Day 1 ArlandsonDS-ROpsv.txt	2021 MPC Charlie Arlandson DS ROpsv
2021 MPC Day 1 ArlandsonLS-QMC.txt	2021-mpc-2021 MPC Day 1 ArlandsonLS-QMC.txt	2021 MPC Charlie Arlandson LS QMC
2021 MPC Day 1 BabbDS-SC.txt	2021-mpc-2021 MPC Day 1 BabbDS-SC.txt	2021 MPC Kevin Babb DS SC
2021 MPC Day 1 BabbLS-EBO.txt	2021-mpc-2021 MPC Day 1 BabbLS-EBO.txt	2021 MPC Kevin Babb LS Careful Planning (V)
2021 MPC Day 1 BaityDS-HD.txt	2021-mpc-2021 MPC Day 1 BaityDS-HD.txt	2021 MPC Brandon Baity DS HD
2021 MPC Day 1 BaityLS-TIGIH.txt	2021-mpc-2021 MPC Day 1 BaityLS-TIGIH.txt	2021 MPC Brandon Baity LS TIGIH
2021 MPC Day 1 BaliDS-HD.txt	2021-mpc-2021 MPC Day 1 BaliDS-HD.txt	2021 MPC Vikram Bali DS HD
2021 MPC Day 1 BaliLS-TRM.txt	2021-mpc-2021 MPC Day 1 BaliLS-TRM.txt	2021 MPC Vikram Bali LS TRM
2021 MPC Day 1 BirrerDS-HD.txt	2021-mpc-2021 MPC Day 1 BirrerDS-HD.txt	2021 MPC Bobby Birrer DS HD
2021 MPC Day 1 BirrerLS-EBO.txt	2021-mpc-2021 MPC Day 1 BirrerLS-EBO.txt	2021 MPC Bobby Birrer LS Careful Planning (V)
2021 MPC Day 1 CJohnsonDS-HD.txt	2021-mpc-2021 MPC Day 1 CJohnsonDS-HD.txt	2021 MPC Casey Johnson DS HD
2021 MPC Day 1 CJohnsonLS-Profit.txt	2021-mpc-2021 MPC Day 1 CJohnsonLS-Profit.txt	2021 MPC Casey Johnson LS Profit
2021 MPC Day 1 CKellyDS-Map.txt	2021-mpc-2021 MPC Day 1 CKellyDS-Map.txt	2021 MPC Chris Kelly DS I Want That Map
2021 MPC Day 1 CKellyLS-HITCO.txt	2021-mpc-2021 MPC Day 1 CKellyLS-HITCO.txt	2021 MPC Chris Kelly LS HITCO
2021 MPC Day 1 CarulliDS-AOBS.txt	2021-mpc-2021 MPC Day 1 CarulliDS-AOBS.txt	2021 MPC Matt Carulli DS AOBS
2021 MPC Day 1 CarulliLS-Diplo.txt	2021-mpc-2021 MPC Day 1 CarulliLS-Diplo.txt	2021 MPC Matt Carulli LS Diplo
2021 MPC Day 1 ChienDS-Court.txt	2021-mpc-2021 MPC Day 1 ChienDS-Court.txt	2021 MPC Edward Chien DS Court
2021 MPC Day 1 ChienLS-NoIdea.txt	2021-mpc-2021 MPC Day 1 ChienLS-NoIdea.txt	2021 MPC Edward Chien LS NoIdea
2021 MPC Day 1 CraftDS-HD.txt	2021-mpc-2021 MPC Day 1 CraftDS-HD.txt	2021 MPC Rich Craft DS HD
2021 MPC Day 1 CraftLS-Legend.txt	2021-mpc-2021 MPC Day 1 CraftLS-Legend.txt	2021 MPC Rich Craft LS Legend
2021 MPC Day 1 CullenDS-SYCFA.txt	2021-mpc-2021 MPC Day 1 CullenDS-SYCFA.txt	2021 MPC Wayne Cullen DS SYCFA
2021 MPC Day 1 CullenLS-Y4Ops.txt	2021-mpc-2021 MPC Day 1 CullenLS-Y4Ops.txt	2021 MPC Wayne Cullen LS Y4Ops
2021 MPC Day 1 DicksonDS-HDv.txt	2021-mpc-2021 MPC Day 1 DicksonDS-HDv.txt	2021 MPC Shawn Dickson DS HDv
2021 MPC Day 1 DicksonLS-OA.txt	2021-mpc-2021 MPC Day 1 DicksonLS-OA.txt	2021 MPC Shawn Dickson LS OA
2021 MPC Day 1 DredgeDS-SC.txt	2021-mpc-2021 MPC Day 1 DredgeDS-SC.txt	2021 MPC David Dredge DS SC
2021 MPC Day 1 DredgeLS-WYS.txt	2021-mpc-2021 MPC Day 1 DredgeLS-WYS.txt	2021 MPC David Dredge LS WYS
2021 MPC Day 1 DubreuilDS-BHBM.txt	2021-mpc-2021 MPC Day 1 DubreuilDS-BHBM.txt	2021 MPC Pierre Dubreuil DS BHBM
2021 MPC Day 1 DubreuilLS-Hyperdrivev.txt	2021-mpc-2021 MPC Day 1 DubreuilLS-Hyperdrivev.txt	2021 MPC Pierre Dubreuil LS Hyperdrivev
2021 MPC Day 1 DuselDS-TDIGWATT.txt	2021-mpc-2021 MPC Day 1 DuselDS-TDIGWATT.txt	2021 MPC Timo Dusel DS TDIGWATT
2021 MPC Day 1 DuselLS-Diplo.txt	2021-mpc-2021 MPC Day 1 DuselLS-Diplo.txt	2021 MPC Timo Dusel LS Diplo
2021 MPC Day 1 FredDS-Map.txt	2021-mpc-2021 MPC Day 1 FredDS-Map.txt	2021 MPC Brian Fred DS I Want That Map
2021 MPC Day 1 FredLS-QMC.txt	2021-mpc-2021 MPC Day 1 FredLS-QMC.txt	2021 MPC Brian Fred LS QMC
2021 MPC Day 1 GogolenDS-CCT.txt	2021-mpc-2021 MPC Day 1 GogolenDS-CCT.txt	2021 MPC Chris Gogolen DS CCT
2021 MPC Day 1 GogolenLS-TRM.txt	2021-mpc-2021 MPC Day 1 GogolenLS-TRM.txt	2021 MPC Chris Gogolen LS TRM
2021 MPC Day 1 HalmanDS-Court.txt	2021-mpc-2021 MPC Day 1 HalmanDS-Court.txt	2021 MPC Kendall Halman DS Court
2021 MPC Day 1 HalmanLS-TRM.txt	2021-mpc-2021 MPC Day 1 HalmanLS-TRM.txt	2021 MPC Kendall Halman LS Don't Tread On Me (V)
2021 MPC Day 1 Harrison-TrainorDS-Map.txt	2021-mpc-2021 MPC Day 1 Harrison-TrainorDS-Map.txt	2021 MPC Matthew Harrison-Trainor DS I Want That Map
2021 MPC Day 1 Harrison-TrainorLS-Y4Ops.txt	2021-mpc-2021 MPC Day 1 Harrison-TrainorLS-Y4Ops.txt	2021 MPC Matthew Harrison-Trainor LS Y4Ops
2021 MPC Day 1 HullDS-TDIGWATT.txt	2021-mpc-2021 MPC Day 1 HullDS-TDIGWATT.txt	2021 MPC Chris Hull DS TDIGWATT
2021 MPC Day 1 HullLS-WYS.txt	2021-mpc-2021 MPC Day 1 HullLS-WYS.txt	2021 MPC Chris Hull LS WYS
2021 MPC Day 1 JacksonDS-Invasion.txt	2021-mpc-2021 MPC Day 1 JacksonDS-Invasion.txt	2021 MPC Derek Jackson DS Invasion
2021 MPC Day 1 JacksonLS-Senate.txt	2021-mpc-2021 MPC Day 1 JacksonLS-Senate.txt	2021 MPC Derek Jackson LS Plead My Case To The Senate
2021 MPC Day 1 JellisonDS-ISB.txt	2021-mpc-2021 MPC Day 1 JellisonDS-ISB.txt	2021 MPC Ryan Jellison DS ISB
2021 MPC Day 1 JellisonLS-TRM.txt	2021-mpc-2021 MPC Day 1 JellisonLS-TRM.txt	2021 MPC Ryan Jellison LS Don't Tread On Me (V)
2021 MPC Day 1 JensenDS-Map.txt	2021-mpc-2021 MPC Day 1 JensenDS-Map.txt	2021 MPC Jeramie Jensen DS I Want That Map
2021 MPC Day 1 JensenLS-TIGIH.txt	2021-mpc-2021 MPC Day 1 JensenLS-TIGIH.txt	2021 MPC Jeramie Jensen LS TIGIH
2021 MPC Day 1 JohnsDS-MaulsChambersSSAv.txt	2021-mpc-2021 MPC Day 1 JohnsDS-MaulsChambersSSAv.txt	2021 MPC Jeffrey Johns DS MaulsChambersSSAv
2021 MPC Day 1 JohnsLS-Diplo.txt	2021-mpc-2021 MPC Day 1 JohnsLS-Diplo.txt	2021 MPC Jeffrey Johns LS Diplo
2021 MPC Day 1 KaferDS-AOBS.txt	2021-mpc-2021 MPC Day 1 KaferDS-AOBS.txt	2021 MPC Bill Kafer DS AOBS
2021 MPC Day 1 KaferLS-TRM.txt	2021-mpc-2021 MPC Day 1 KaferLS-TRM.txt	2021 MPC Bill Kafer LS TRM
2021 MPC Day 1 KippelDS-Map.txt	2021-mpc-2021 MPC Day 1 KippelDS-Map.txt	2021 MPC Brad Kippel DS I Want That Map
2021 MPC Day 1 KippelLS-Diplo.txt	2021-mpc-2021 MPC Day 1 KippelLS-Diplo.txt	2021 MPC Brad Kippel LS Diplo
2021 MPC Day 1 KonskerDS-Map.txt	2021-mpc-2021 MPC Day 1 KonskerDS-Map.txt	2021 MPC Jarad Konsker DS I Want That Map
2021 MPC Day 1 KonskerLS-WYS.txt	2021-mpc-2021 MPC Day 1 KonskerLS-WYS.txt	2021 MPC Jarad Konsker LS WYS
2021 MPC Day 1 LarsonDS-CCT.txt	2021-mpc-2021 MPC Day 1 LarsonDS-CCT.txt	2021 MPC Garrett Larson DS CCT
2021 MPC Day 1 LarsonLS-WYS.txt	2021-mpc-2021 MPC Day 1 LarsonLS-WYS.txt	2021 MPC Garrett Larson LS WYS
2021 MPC Day 1 LichtensteinDS-Map.txt	2021-mpc-2021 MPC Day 1 LichtensteinDS-Map.txt	2021 MPC Drew Lichtenstein DS I Want That Map
2021 MPC Day 1 LichtensteinLS-NoIdea.txt	2021-mpc-2021 MPC Day 1 LichtensteinLS-NoIdea.txt	2021 MPC Drew Lichtenstein LS NoIdea
2021 MPC Day 1 LingrellDS-Court.txt	2021-mpc-2021 MPC Day 1 LingrellDS-Court.txt	2021 MPC Scott Lingrell DS Court
2021 MPC Day 1 LingrellLS-HITCO.txt	2021-mpc-2021 MPC Day 1 LingrellLS-HITCO.txt	2021 MPC Scott Lingrell LS HITCO
2021 MPC Day 1 LutzDS-Map.txt	2021-mpc-2021 MPC Day 1 LutzDS-Map.txt	2021 MPC Matt Lutz DS I Want That Map
2021 MPC Day 1 LutzLS-Profit.txt	2021-mpc-2021 MPC Day 1 LutzLS-Profit.txt	2021 MPC Matt Lutz LS Profit
2021 MPC Day 1 MartinDS-SC.txt	2021-mpc-2021 MPC Day 1 MartinDS-SC.txt	2021 MPC James Martin DS SC
2021 MPC Day 1 MartinLS-Y4Ops.txt	2021-mpc-2021 MPC Day 1 MartinLS-Y4Ops.txt	2021 MPC James Martin LS Y4Ops
2021 MPC Day 1 McPhersonDS-CCT.txt	2021-mpc-2021 MPC Day 1 McPhersonDS-CCT.txt	2021 MPC Paul McPherson DS CCT
2021 MPC Day 1 McPhersonLS-EBO.txt	2021-mpc-2021 MPC Day 1 McPhersonLS-EBO.txt	2021 MPC Paul McPherson LS Careful Planning (V)
2021 MPC Day 1 MiyashiroDS-HD.txt	2021-mpc-2021 MPC Day 1 MiyashiroDS-HD.txt	2021 MPC Justin Miyashiro DS HD
2021 MPC Day 1 MiyashiroLS-Profit.txt	2021-mpc-2021 MPC Day 1 MiyashiroLS-Profit.txt	2021 MPC Justin Miyashiro LS Profit
2021 MPC Day 1 NapolitanoDS-AOBS.txt	2021-mpc-2021 MPC Day 1 NapolitanoDS-AOBS.txt	2021 MPC Jared Napolitano DS AOBS
2021 MPC Day 1 NapolitanoLS-Profit.txt	2021-mpc-2021 MPC Day 1 NapolitanoLS-Profit.txt	2021 MPC Jared Napolitano LS Profit
2021 MPC Day 1 OlsonDS-Map.txt	2021-mpc-2021 MPC Day 1 OlsonDS-Map.txt	2021 MPC Joe Olson DS I Want That Map
2021 MPC Day 1 OlsonLS-TIGIH.txt	2021-mpc-2021 MPC Day 1 OlsonLS-TIGIH.txt	2021 MPC Joe Olson LS TIGIH
2021 MPC Day 1 PJohnsonDS-AOBS.txt	2021-mpc-2021 MPC Day 1 PJohnsonDS-AOBS.txt	2021 MPC Patrick Johnson DS AOBS
2021 MPC Day 1 PJohnsonLS-Diplo.txt	2021-mpc-2021 MPC Day 1 PJohnsonLS-Diplo.txt	2021 MPC Patrick Johnson LS Diplo
2021 MPC Day 1 PlunkettDS-HD.txt	2021-mpc-2021 MPC Day 1 PlunkettDS-HD.txt	2021 MPC Winston Plunkett DS HD
2021 MPC Day 1 PlunkettLS-OA.txt	2021-mpc-2021 MPC Day 1 PlunkettLS-OA.txt	2021 MPC Winston Plunkett LS OA
2021 MPC Day 1 RadicDS-ISB.txt	2021-mpc-2021 MPC Day 1 RadicDS-ISB.txt	2021 MPC Adam Radic DS ISB
2021 MPC Day 1 RadicLS-HB.txt	2021-mpc-2021 MPC Day 1 RadicLS-HB.txt	2021 MPC Adam Radic LS HB
2021 MPC Day 1 ReischDS-ROpsv.txt	2021-mpc-2021 MPC Day 1 ReischDS-ROpsv.txt	2021 MPC Nick Reisch DS ROpsv
2021 MPC Day 1 ReischLS-Diplo.txt	2021-mpc-2021 MPC Day 1 ReischLS-Diplo.txt	2021 MPC Nick Reisch LS Diplo
2021 MPC Day 1 ScottDS-Map.txt	2021-mpc-2021 MPC Day 1 FredDS-Map.txt	2021 MPC Brian Fred DS I Want That Map
2021 MPC Day 1 ScottLS-QMC.txt	2021-mpc-2021 MPC Day 1 FredLS-QMC.txt	2021 MPC Brian Fred LS QMC
2021 MPC Day 1 ShawDS-ROpsv.txt	2021-mpc-2021 MPC Day 1 ArlandsonDS-ROpsv.txt	2021 MPC Charlie Arlandson DS ROpsv
2021 MPC Day 1 ShawLS-QMC.txt	2021-mpc-2021 MPC Day 1 ArlandsonLS-QMC.txt	2021 MPC Charlie Arlandson LS QMC
2021 MPC Day 1 SquirlockDS-AOBS.txt	2021-mpc-2021 MPC Day 1 SquirlockDS-AOBS.txt	2021 MPC Stephen Squirlock DS AOBS
2021 MPC Day 1 SquirlockLS-TIGIH.txt	2021-mpc-2021 MPC Day 1 SquirlockLS-TIGIH.txt	2021 MPC Stephen Squirlock LS TIGIH
2021 MPC Day 1 StenersonDS-Map.txt	2021-mpc-2021 MPC Day 1 StenersonDS-Map.txt	2021 MPC Zach Stenerson DS I Want That Map
2021 MPC Day 1 StenersonLS-WHAP.txt	2021-mpc-2021 MPC Day 1 StenersonLS-WHAP.txt	2021 MPC Zach Stenerson LS WHAP
2021 MPC Day 1 TKellyDS-WYS.txt	2021-mpc-2021 MPC Day 1 TKellyDS-WYS.txt	2021 MPC Tom Kelly DS I Want That Map
2021 MPC Day 1 TKellyLS-WYS.txt	2021-mpc-2021 MPC Day 1 TKellyLS-WYS.txt	2021 MPC Tom Kelly LS WYS
2021 MPC Day 1 TashimaDS-Map.txt	2021-mpc-2021 MPC Day 1 TashimaDS-Map.txt	2021 MPC Sam Tashima DS I Want That Map
2021 MPC Day 1 TashimaLS-NoIdea.txt	2021-mpc-2021 MPC Day 1 TashimaLS-NoIdea.txt	2021 MPC Sam Tashima LS NoIdea
2021 MPC Day 1 TrunzoDS-HDv.txt	2021-mpc-2021 MPC Day 1 TrunzoDS-HDv.txt	2021 MPC Adam Trunzo DS HDv
2021 MPC Day 1 TrunzoLS-TRM.txt	2021-mpc-2021 MPC Day 1 TrunzoLS-TRM.txt	2021 MPC Adam Trunzo LS TRM
2021 MPC Day 1 TurnerDS-SC.txt	2021-mpc-2021 MPC Day 1 TurnerDS-SC.txt	2021 MPC Mike Turner DS SC
2021 MPC Day 1 TurnerLS-WYS.txt	2021-mpc-2021 MPC Day 1 TurnerLS-WYS.txt	2021 MPC Mike Turner LS WYS
2021 MPC Day 1 WernerDS-HD.txt	2021-mpc-2021 MPC Day 1 WernerDS-HD.txt	2021 MPC John Werner DS HD
2021 MPC Day 1 WernerLS-HITCO.txt	2021-mpc-2021 MPC Day 1 WernerLS-HITCO.txt	2021 MPC John Werner LS HITCO
2021 MPC Day 1 WirfsDS-CCT.txt	2021-mpc-2021 MPC Day 1 WirfsDS-CCT.txt	2021 MPC Chris Wirfs DS CCT
2021 MPC Day 1 WirfsLS-WYS.txt	2021-mpc-2021 MPC Day 1 WirfsLS-WYS.txt	2021 MPC Chris Wirfs LS WYS
2021 MPC Day 1 WoodsDS-TDIGWATT.txt	2021-mpc-2021 MPC Day 1 WoodsDS-TDIGWATT.txt	2021 MPC David Woods DS TDIGWATT
2021 MPC Day 1 WoodsLS-Profit.txt	2021-mpc-2021 MPC Day 1 WoodsLS-Profit.txt	2021 MPC David Woods LS Profit
2021 MPC Top 4 GogolenDS-Top4-SYFCA.txt	2021-mpc-t4-2021 MPC Top 4 GogolenDS-Top4-SYFCA.txt	2021 MPC Final Four Chris Gogolen DS SYFCA
2021 MPC Top 4 GogolenLS-Top4-TRM.txt	2021-mpc-t4-2021 MPC Top 4 GogolenLS-Top4-TRM.txt	2021 MPC Final Four Chris Gogolen LS TRM
2021 MPC Top 4 NapolitanoDS-Top4-EOps.txt	2021-mpc-t4-2021 MPC Top 4 NapolitanoDS-Top4-EOps.txt	2021 MPC Final Four Jared Napolitano DS EOps
2021 MPC Top 4 NapolitanoLS-Top4-Profit.txt	2021-mpc-t4-2021 MPC Top 4 NapolitanoLS-Top4-Profit.txt	2021 MPC Final Four Jared Napolitano LS Profit
2021 MPC Top 4 OlsonDS-Top4-ISB.txt	2021-mpc-t4-2021 MPC Top 4 OlsonDS-Top4-ISB.txt	2021 MPC Final Four Joe Olson DS ISB
2021 MPC Top 4 OlsonLS-Top4-WYS.txt	2021-mpc-t4-2021 MPC Top 4 OlsonLS-Top4-WYS.txt	2021 MPC Final Four Joe Olson LS WYS
2021 MPC Top 4 WirfsDS-Top4-CCT.txt	2021-mpc-t4-2021 MPC Top 4 WirfsDS-Top4-CCT.txt	2021 MPC Final Four Chris Wirfs DS CCT
2021 MPC Top 4 WirfsLS-Top4-WYS.txt	2021-mpc-t4-2021 MPC Top 4 WirfsLS-Top4-WYS.txt	2021 MPC Final Four Chris Wirfs LS WYS
2022 Endor Grand Prix Aaron Frede DS ISB.txt	2022-egp-2022 Endor Grand Prix Aaron Frede DS ISB.txt	2022 EGP Aaron Frede DS ISB
2022 Endor Grand Prix Aaron Frede LS Hidden Base.txt	2022-egp-2022 Endor Grand Prix Aaron Frede LS Hidden Base.txt	2022 EGP Aaron Frede LS Hidden Base
2022 Endor Grand Prix Anthony Howard DS Mauls Chambers SSAv.txt	2022-egp-2022 Endor Grand Prix Anthony Howard DS Mauls Chambers SSAv.txt	2022 EGP Anthony Howard DS Mauls Chambers SSAv
2022 Endor Grand Prix Anthony Howard LS Y4O.txt	2022-egp-2022 Endor Grand Prix Anthony Howard LS Y4O.txt	2022 EGP Anthony Howard LS Y4O
2022 Endor Grand Prix Bill Kafer LS No Idea.txt	2022-egp-2022 Endor Grand Prix Bill Kafer LS No Idea.txt	2022 EGP Bill Kafer LS No Idea
2022 Endor Grand Prix Brad Reinhold DS ROPS V.txt	2022-egp-2022 Endor Grand Prix Brad Reinhold DS ROPS V.txt	2022 EGP Brad Reinhold DS ROPS V
2022 Endor Grand Prix Brad Reinhold Day 2 DS SYCFA.txt	2022-egp-2022 Endor Grand Prix Brad Reinhold Day 2 DS SYCFA.txt	2022 EGP Top 8 Brad Reinhold DS SYCFA
2022 Endor Grand Prix Brad Reinhold Day 2 LS Yoda Comm.txt	2022-egp-2022 Endor Grand Prix Brad Reinhold Day 2 LS Yoda Comm.txt	2022 EGP Top 8 Brad Reinhold LS Yoda Comm
2022 Endor Grand Prix Brad Reinhold LS Communing-Yoda.txt	2022-egp-2022 Endor Grand Prix Brad Reinhold LS Communing-Yoda.txt	2022 EGP Brad Reinhold LS Communing-Yoda
2022 Endor Grand Prix Brandon Baity DS SYCFA.txt	2022-egp-2022 Endor Grand Prix Brandon Baity DS SYCFA.txt	2022 EGP Brandon Baity DS SYCFA
2022 Endor Grand Prix Brandon Baity LS Y4O.txt	2022-egp-2022 Endor Grand Prix Brandon Baity LS Y4O.txt	2022 EGP Brandon Baity LS Y4O
2022 Endor Grand Prix Brian Fred DS Verge.txt	2022-egp-2022 Endor Grand Prix Brian Fred DS Verge.txt	2022 EGP Brian Fred DS Verge
2022 Endor Grand Prix Brian Fred LS QuiMuning.txt	2022-egp-2022 Endor Grand Prix Brian Fred LS QuiMuning.txt	2022 EGP Brian Fred LS QuiMuning
2022 Endor Grand Prix Britain DS Ice Plains SSAv.txt	2022-egp-2022 Endor Grand Prix Britain DS Ice Plains SSAv.txt	2022 EGP Conor Britain DS Ice Plains SSAv
2022 Endor Grand Prix Britain LS No Idea.txt	2022-egp-2022 Endor Grand Prix Britain LS No Idea.txt	2022 EGP Conor Britain LS No Idea
2022 Endor Grand Prix Cal Aldred DS SC.txt	2022-egp-2022 Endor Grand Prix Cal Aldred DS SC.txt	2022 EGP Cal Aldred DS SC
2022 Endor Grand Prix Cal Alrdred LS Yoda Comm.txt	2022-egp-2022 Endor Grand Prix Cal Alrdred LS Yoda Comm.txt	2022 EGP Cal Alrdred LS Yoda Comm
2022 Endor Grand Prix Chris Wirfs DS CCT.txt	2022-egp-2022 Endor Grand Prix Chris Wirfs DS CCT.txt	2022 EGP Chris Wirfs DS CCT
2022 Endor Grand Prix Chris Wirfs LS HITCO.txt	2022-egp-2022 Endor Grand Prix Chris Wirfs LS HITCO.txt	2022 EGP Chris Wirfs LS HITCO
2022 Endor Grand Prix Clayton Atkin DS ROPS.txt	2022-egp-2022 Endor Grand Prix Clayton Atkin DS ROPS.txt	2022 EGP Clayton Atkin DS ROPS
2022 Endor Grand Prix Clayton Atkin LS Treva LTWW.txt	2022-egp-2022 Endor Grand Prix Clayton Atkin LS Treva LTWW.txt	2022 EGP Clayton Atkin LS Treva LTWW
2022 Endor Grand Prix Dan Tartaglione DS SC.txt	2022-egp-2022 Endor Grand Prix Dan Tartaglione DS SC.txt	2022 EGP Dan Tartaglione DS SC
2022 Endor Grand Prix Dan Tartaglione LS Yoda Communing.txt	2022-egp-2022 Endor Grand Prix Dan Tartaglione LS Yoda Communing.txt	2022 EGP Dan Tartaglione LS Yoda Communing
2022 Endor Grand Prix Derek Jackson DS Verge Blasters.txt	2022-egp-2022 Endor Grand Prix Derek Jackson DS Verge Blasters.txt	2022 EGP Derek Jackson DS Verge Blasters
2022 Endor Grand Prix Derek Jackson LS Dwell.txt	2022-egp-2022 Endor Grand Prix Derek Jackson LS Dwell.txt	2022 EGP Derek Jackson LS Dwell
2022 Endor Grand Prix DiPaolo 2022 Day 2 DS CCT.txt	2022-egp-2022 Endor Grand Prix DiPaolo 2022 Day 2 DS CCT.txt	2022 EGP Top 8 DiPaolo 2022 DS CCT
2022 Endor Grand Prix DiPaolo 2022 Day 2 LS Yoda Comm.txt	2022-egp-2022 Endor Grand Prix DiPaolo 2022 Day 2 LS Yoda Comm.txt	2022 EGP Top 8 DiPaolo 2022 LS Yoda Comm
2022 Endor Grand Prix Eric Spijksma DS Ties.txt	2022-egp-2022 Endor Grand Prix Eric Spijksma DS Ties.txt	2022 EGP Eric Spijksma DS Ties
2022 Endor Grand Prix Eric Spijksma LS OA.txt	2022-egp-2022 Endor Grand Prix Eric Spijksma LS OA.txt	2022 EGP Eric Spijksma LS OA
2022 Endor Grand Prix Gosse Zeilstra DS CCT.txt	2022-egp-2022 Endor Grand Prix Gosse Zeilstra DS CCT.txt	2022 EGP Gosse Zeilstra DS CCT
2022 Endor Grand Prix Gosse Zeilstra LS No Idea.txt	2022-egp-2022 Endor Grand Prix Gosse Zeilstra LS No Idea.txt	2022 EGP Gosse Zeilstra LS No Idea
2022 Endor Grand Prix Hayes Hunter DS SC.txt	2022-egp-2022 Endor Grand Prix Hayes Hunter DS SC.txt	2022 EGP Hayes Hunter DS SC
2022 Endor Grand Prix Hayes Hunter LS Pyre.txt	2022-egp-2022 Endor Grand Prix Hayes Hunter LS Pyre.txt	2022 EGP Hayes Hunter LS Pyre
2022 Endor Grand Prix Jacy Smith DS Ice Plains SSAv.txt	2022-egp-2022 Endor Grand Prix Jacy Smith DS Ice Plains SSAv.txt	2022 EGP Jacy Smith DS Ice Plains SSAv
2022 Endor Grand Prix Jacy Smith LS Yoda Comm.txt	2022-egp-2022 Endor Grand Prix Jacy Smith LS Yoda Comm.txt	2022 EGP Jacy Smith LS Yoda Comm
2022 Endor Grand Prix Jeff Lavigne DS AOBS.txt	2022-egp-2022 Endor Grand Prix Jeff Lavigne DS AOBS.txt	2022 EGP Jeff Lavigne DS AOBS
2022 Endor Grand Prix Jeff Lavigne LS QuiMuning.txt	2022-egp-2022 Endor Grand Prix Jeff Lavigne LS QuiMuning.txt	2022 EGP Jeff Lavigne LS QuiMuning
2022 Endor Grand Prix Jeremy DiPaolo DS CCT.txt	2022-egp-2022 Endor Grand Prix Jeremy DiPaolo DS CCT.txt	2022 EGP Jeremy DiPaolo DS CCT
2022 Endor Grand Prix Jeremy DiPaolo LS YodaMunning.txt	2022-egp-2022 Endor Grand Prix Jeremy DiPaolo LS YodaMunning.txt	2022 EGP Jeremy DiPaolo LS YodaMunning
2022 Endor Grand Prix Joe Olson DS SC.txt	2022-egp-2022 Endor Grand Prix Joe Olson DS SC.txt	2022 EGP Joe Olson DS SC
2022 Endor Grand Prix Joe Olson LS Pyre.txt	2022-egp-2022 Endor Grand Prix Joe Olson LS Pyre.txt	2022 EGP Joe Olson LS Pyre
2022 Endor Grand Prix Joe Phillips DS Tatooine CRv.txt	2022-egp-2022 Endor Grand Prix Joe Phillips DS Tatooine CRv.txt	2022 EGP Joe Phillips DS Tatooine CRv
2022 Endor Grand Prix Joe Phillips LS TRM.txt	2022-egp-2022 Endor Grand Prix Joe Phillips LS TRM.txt	2022 EGP Joe Phillips LS TRM
2022 Endor Grand Prix Justin Miyashiro DS SC.txt	2022-egp-2022 Endor Grand Prix Justin Miyashiro DS SC.txt	2022 EGP Justin Miyashiro DS SC
2022 Endor Grand Prix Justin Miyashiro LS LTWW.txt	2022-egp-2022 Endor Grand Prix Justin Miyashiro LS LTWW.txt	2022 EGP Justin Miyashiro LS LTWW
2022 Endor Grand Prix Kafer 2022 Day 2 DS SC.txt	2022-egp-2022 Endor Grand Prix Kafer 2022 Day 2 DS SC.txt	2022 EGP Top 8 Kafer 2022 DS SC
2022 Endor Grand Prix Kafer 2022 Day 2 LS No Idea.txt	2022-egp-2022 Endor Grand Prix Kafer 2022 Day 2 LS No Idea.txt	2022 EGP Top 8 Kafer 2022 LS No Idea
2022 Endor Grand Prix Kallin 2022 Day 2 DS CCT.txt	2022-egp-2022 Endor Grand Prix Kallin 2022 Day 2 DS CCT.txt	2022 EGP Top 8 Kallin 2022 DS CCT
2022 Endor Grand Prix Kallin 2022 Day 2 LS Yoda Comm.txt	2022-egp-2022 Endor Grand Prix Kallin 2022 Day 2 LS Yoda Comm.txt	2022 EGP Top 8 Kallin 2022 LS Yoda Comm
2022 Endor Grand Prix Koen Meijssen DS CCT.txt	2022-egp-2022 Endor Grand Prix Koen Meijssen DS CCT.txt	2022 EGP Koen Meijssen DS CCT
2022 Endor Grand Prix Koen Meijssen Day 2 DS CCT.txt	2022-egp-2022 Endor Grand Prix Koen Meijssen Day 2 DS CCT.txt	2022 EGP Top 8 Koen Meijssen DS CCT
2022 Endor Grand Prix Koen Meijssen Day 2 LS Yoda Comm.txt	2022-egp-2022 Endor Grand Prix Koen Meijssen Day 2 LS Yoda Comm.txt	2022 EGP Top 8 Koen Meijssen LS Yoda Comm
2022 Endor Grand Prix Koen Meijssen LS OA.txt	2022-egp-2022 Endor Grand Prix Koen Meijssen LS OA.txt	2022 EGP Koen Meijssen LS OA
2022 Endor Grand Prix Kyle Kallin DS CCT Scum.txt	2022-egp-2022 Endor Grand Prix Kyle Kallin DS CCT Scum.txt	2022 EGP Kyle Kallin DS CCT Scum
2022 Endor Grand Prix Kyle Kallin LS Communing-Yoda.txt	2022-egp-2022 Endor Grand Prix Kyle Kallin LS Communing-Yoda.txt	2022 EGP Kyle Kallin LS Communing-Yoda
2022 Endor Grand Prix Kyle Kreuger DS ROpsv.txt	2022-egp-2022 Endor Grand Prix Kyle Kreuger DS ROpsv.txt	2022 EGP Kyle Kreuger DS ROpsv
2022 Endor Grand Prix Kyle Kreuger LS Old Allies.txt	2022-egp-2022 Endor Grand Prix Kyle Kreuger LS Old Allies.txt	2022 EGP Kyle Kreuger LS Old Allies
2022 Endor Grand Prix Lavigne 2022 Day 2 LS Qui Communing.txt	2022-egp-2022 Endor Grand Prix Lavigne 2022 Day 2 LS Qui Communing.txt	2022 EGP Top 8 Lavigne 2022 LS Qui Communing
2022 Endor Grand Prix Matt Thornton DS BHBM.txt	2022-egp-2022 Endor Grand Prix Matt Thornton DS BHBM.txt	2022 EGP Matt Thornton DS BHBM
2022 Endor Grand Prix Matt Thornton LS Qui Comm.txt	2022-egp-2022 Endor Grand Prix Matt Thornton LS Qui Comm.txt	2022 EGP Matt Thornton LS Qui Comm
2022 Endor Grand Prix Michael Turner DS CCT.txt	2022-egp-2022 Endor Grand Prix Michael Turner DS CCT.txt	2022 EGP Michael Turner DS CCT
2022 Endor Grand Prix Michael Turner LS Yoda Communing Space.txt	2022-egp-2022 Endor Grand Prix Michael Turner LS Yoda Communing Space.txt	2022 EGP Michael Turner LS Yoda Communing Space
2022 Endor Grand Prix Mike Kessling DS SC.txt	2022-egp-2022 Endor Grand Prix Mike Kessling DS SC.txt	2022 EGP Mike Kessling DS SC
2022 Endor Grand Prix Mike Kessling LS Yoda Comm.txt	2022-egp-2022 Endor Grand Prix Mike Kessling LS Yoda Comm.txt	2022 EGP Mike Kessling LS Yoda Comm
2022 Endor Grand Prix Nate Davis DS BHBM.txt	2022-egp-2022 Endor Grand Prix Nate Davis DS BHBM.txt	2022 EGP Nate Davis DS BHBM
2022 Endor Grand Prix Nate Davis LS Y4Ops.txt	2022-egp-2022 Endor Grand Prix Nate Davis LS Y4Ops.txt	2022 EGP Nate Davis LS Y4Ops
2022 Endor Grand Prix Olson 2022 DS Day 2 ROPSv.txt	2022-egp-2022 Endor Grand Prix Olson 2022 DS Day 2 ROPSv.txt	2022 EGP Top 8 Olson 2022 DS ROPSv
2022 Endor Grand Prix Olson 2022 Day 2 LS Pyre.txt	2022-egp-2022 Endor Grand Prix Olson 2022 Day 2 LS Pyre.txt	2022 EGP Top 8 Olson 2022 LS Pyre
2022 Endor Grand Prix Phil Aasen DS - SC.txt	2022-egp-2022 Endor Grand Prix Phil Aasen DS - SC.txt	2022 EGP Phil Aasen DS SC
2022 Endor Grand Prix Phil Aasen LS - Pyre.txt	2022-egp-2022 Endor Grand Prix Phil Aasen LS - Pyre.txt	2022 EGP Phil Aasen LS Pyre
2022 Endor Grand Prix Ryan Sersen DS CCT.txt	2022-egp-2022 Endor Grand Prix Ryan Sersen DS CCT.txt	2022 EGP Ryan Sersen DS CCT
2022 Endor Grand Prix Ryan Sersen LS Pyre.txt	2022-egp-2022 Endor Grand Prix Ryan Sersen LS Pyre.txt	2022 EGP Ryan Sersen LS Pyre
2022 Endor Grand Prix Sam Tashima DS MAP.txt	2022-egp-2022 Endor Grand Prix Sam Tashima DS MAP.txt	2022 EGP Sam Tashima DS MAP
2022 Endor Grand Prix Sam Tashima LS QMC.txt	2022-egp-2022 Endor Grand Prix Sam Tashima LS QMC.txt	2022 EGP Sam Tashima LS QMC
2022 Endor Grand Prix Steve Brentson DS CCT.txt	2022-egp-2022 Endor Grand Prix Steve Brentson DS CCT.txt	2022 EGP Steve Brentson DS CCT
2022 Endor Grand Prix Steve Harpster DS BHBM.txt	2022-egp-2022 Endor Grand Prix Steve Harpster DS BHBM.txt	2022 EGP Steve Harpster DS BHBM
2022 Endor Grand Prix Steve Harpster LS TIGIH.txt	2022-egp-2022 Endor Grand Prix Steve Harpster LS TIGIH.txt	2022 EGP Steve Harpster LS TIGIH
2023 EGP Aasen DS AOBS.txt	2023-egp-2023 EGP Aasen DS AOBS.txt	2023 EGP Phil Aasen DS AOBS
2023 EGP Aasen LS HITCO.txt	2023-egp-2023 EGP Aasen LS HITCO.txt	2023 EGP Phil Aasen LS HITCO
2023 EGP Aldred DS EOps.txt	2023-egp-2023 EGP Aldred DS EOps.txt	2023 EGP Cal Aldred DS EOps
2023 EGP Aldred LS Obi Comm.txt	2023-egp-2023 EGP Aldred LS Obi Comm.txt	2023 EGP Cal Aldred LS Obi Comm
2023 EGP Baity DS Map.txt	2023-egp-2023 EGP Baity DS Map.txt	2023 EGP Brandon Baity DS Map
2023 EGP Baity LS WHAP.txt	2023-egp-2023 EGP Baity LS WHAP.txt	2023 EGP Brandon Baity LS WHAP
2023 EGP Brentson DS Invasion.txt	2023-egp-2023 EGP Brentson DS Invasion.txt	2023 EGP Steve Brentson DS Invasion
2023 EGP Brentson LS Old Allies.txt	2023-egp-2023 EGP Brentson LS Old Allies.txt	2023 EGP Steve Brentson LS Old Allies
2023 EGP Davis DS EOps.txt	2023-egp-2023 EGP Davis DS EOps.txt	2023 EGP Davis DS EOps
2023 EGP Davis LS Obi Comm.txt	2023-egp-2023 EGP Davis LS Obi Comm.txt	2023 EGP Davis LS Obi Comm
2023 EGP Day 2 Brentson DS AOBS.txt	2023-egp-2023 EGP Day 2 Brentson DS AOBS.txt	2023 EGP Top 8 Steve Brentson DS AOBS
2023 EGP Day 2 Kessling LS Yoda Comm.txt	2023-egp-2023 EGP Day 2 Kessling LS Yoda Comm.txt	2023 EGP Top 8 Mike Kessling LS Yoda Comm
2023 EGP Day2 Brentson LS Old Allies.txt	2023-egp-2023 EGP Day2 Brentson LS Old Allies.txt	2023 EGP Top 8 Steve Brentson LS Old Allies
2023 EGP Day2 HHunter DS DLSssav.txt	2023-egp-2023 EGP Day2 HHunter DS DLSssav.txt	2023 EGP Top 8 Hayes Hunter DS DLSssav
2023 EGP Day2 HHunter LS Obi Comm.txt	2023-egp-2023 EGP Day2 HHunter LS Obi Comm.txt	2023 EGP Top 8 Hayes Hunter LS Obi Comm
2023 EGP Day2 Howard DS HD.txt	2023-egp-2023 EGP Day2 Howard DS HD.txt	2023 EGP Top 8 Anthony Howard DS HD
2023 EGP Day2 Howard LS Y4O.txt	2023-egp-2023 EGP Day2 Howard LS Y4O.txt	2023 EGP Top 8 Anthony Howard LS Y4O
2023 EGP Day2 Kessling DS SC.txt	2023-egp-2023 EGP Day2 Kessling DS SC.txt	2023 EGP Top 8 Mike Kessling DS SC
2023 EGP Day2 Sersen DS CCT.txt	2023-egp-2023 EGP Day2 Sersen DS CCT.txt	2023 EGP Top 8 Ryan Sersen DS CCT
2023 EGP Day2 Sersen LS HITCO.txt	2023-egp-2023 EGP Day2 Sersen LS HITCO.txt	2023 EGP Top 8 Ryan Sersen LS HITCO
2023 EGP Day2 Smith DS HD.txt	2023-egp-2023 EGP Day2 Smith DS HD.txt	2023 EGP Top 8 Jacy Smith DS HD
2023 EGP Day2 Tashima DS SC.txt	2023-egp-2023 EGP Day2 Tashima DS SC.txt	2023 EGP Top 8 Sam Tashima DS SC
2023 EGP Day2 Tashima LS No Idea.txt	2023-egp-2023 EGP Day2 Tashima LS No Idea.txt	2023 EGP Top 8 Sam Tashima LS No Idea
2023 EGP Day2 Wirfs DS CCT.txt	2023-egp-2023 EGP Day2 Wirfs DS CCT.txt	2023 EGP Top 8 Chris Wirfs DS CCT
2023 EGP Day2 Wirfs LS Yoda Comm.txt	2023-egp-2023 EGP Day2 Wirfs LS Yoda Comm.txt	2023 EGP Top 8 Chris Wirfs LS Yoda Comm
2023 EGP Edwards DS DLSssav.txt	2023-egp-2023 EGP Edwards DS DLSssav.txt	2023 EGP Edwards DS DLSssav
2023 EGP Edwards LS Obi Comm.txt	2023-egp-2023 EGP Edwards LS Obi Comm.txt	2023 EGP Edwards LS Obi Comm
2023 EGP Fred DS ISB.txt	2023-egp-2023 EGP Fred DS ISB.txt	2023 EGP Brian Fred DS ISB
2023 EGP Fred LS Yoda Comm.txt	2023-egp-2023 EGP Fred LS Yoda Comm.txt	2023 EGP Brian Fred LS Yoda Comm
2023 EGP Frede DS Invasion.txt	2023-egp-2023 EGP Frede DS Invasion.txt	2023 EGP Frede DS Invasion
2023 EGP Frede LS Yoda Comm.txt	2023-egp-2023 EGP Frede LS Yoda Comm.txt	2023 EGP Frede LS Yoda Comm
2023 EGP HHunter DS DLSssav.txt	2023-egp-2023 EGP HHunter DS DLSssav.txt	2023 EGP Hayes Hunter DS DLSssav
2023 EGP HHunter LS Obi Comm.txt	2023-egp-2023 EGP HHunter LS Obi Comm.txt	2023 EGP Hayes Hunter LS Obi Comm
2023 EGP Harpster DS BHBM.txt	2023-egp-2023 EGP Harpster DS BHBM.txt	2023 EGP Steve Harpster DS BHBM
2023 EGP Harpster LS TRM Podrace.txt	2023-egp-2023 EGP Harpster LS TRM Podrace.txt	2023 EGP Steve Harpster LS TRM Podrace
2023 EGP Howard DS HD.txt	2023-egp-2023 EGP Howard DS HD.txt	2023 EGP Anthony Howard DS HD
2023 EGP Howard LS Y4O.txt	2023-egp-2023 EGP Howard LS Y4O.txt	2023 EGP Anthony Howard LS Y4O
2023 EGP Huo DS HD.txt	2023-egp-2023 EGP Huo DS HD.txt	2023 EGP Ming Huo DS HD
2023 EGP Huo LS Anakin Saga.txt	2023-egp-2023 EGP Huo LS Anakin Saga.txt	2023 EGP Ming Huo LS Anakin Saga
2023 EGP JGosiaco DS HD.txt	2023-egp-2023 EGP JGosiaco DS HD.txt	2023 EGP JGosiaco DS HD
2023 EGP JGosiaco LS Yoda Comm.txt	2023-egp-2023 EGP JGosiaco LS Yoda Comm.txt	2023 EGP JGosiaco LS Yoda Comm
2023 EGP Jackson DS ROTS Vader.txt	2023-egp-2023 EGP Jackson DS ROTS Vader.txt	2023 EGP Jackson DS ROTS Vader
2023 EGP Jackson LS Clones.txt	2023-egp-2023 EGP Jackson LS Clones.txt	2023 EGP Jackson LS Clones
2023 EGP Kahler DS Watto.txt	2023-egp-2023 EGP Kahler DS Watto.txt	2023 EGP Kahler DS Watto
2023 EGP Kahler LS Speeders.txt	2023-egp-2023 EGP Kahler LS Speeders.txt	2023 EGP Kahler LS Speeders
2023 EGP Kallin DS Thrawn.txt	2023-egp-2023 EGP Kallin DS Thrawn.txt	2023 EGP Kyle Kallin DS Thrawn
2023 EGP Kallin LS QMC.txt	2023-egp-2023 EGP Kallin LS QMC.txt	2023 EGP Kyle Kallin LS QMC
2023 EGP Kelly DS ROTS Vader.txt	2023-egp-2023 EGP Kelly DS ROTS Vader.txt	2023 EGP Chris Kelly DS ROTS Vader
2023 EGP Kelly LS HITCO.txt	2023-egp-2023 EGP Kelly LS HITCO.txt	2023 EGP Chris Kelly LS HITCO
2023 EGP Kessling LS Yoda Comm.txt	2023-egp-2023 EGP Fred LS Yoda Comm.txt	2023 EGP Brian Fred LS Yoda Comm
2023 EGP Krueger DS Senate.txt	2023-egp-2023 EGP Krueger DS Senate.txt	2023 EGP Kyle Krueger DS Senate
2023 EGP Krueger LS WYS.txt	2023-egp-2023 EGP Krueger LS WYS.txt	2023 EGP Kyle Krueger LS WYS
2023 EGP Meijssen DS ROTS Vader.txt	2023-egp-2023 EGP Meijssen DS ROTS Vader.txt	2023 EGP Koen Meijssen DS ROTS Vader
2023 EGP Mike Kessling DS ISB.txt	2023-egp-2023 EGP Fred DS ISB.txt	2023 EGP Brian Fred DS ISB
2023 EGP Olson DS EOps.txt	2023-egp-2023 EGP Olson DS EOps.txt	2023 EGP Joe Olson DS EOps
2023 EGP Olson LS HITCO.txt	2023-egp-2023 EGP Olson LS HITCO.txt	2023 EGP Joe Olson LS HITCO
2023 EGP Phillips DS EOps.txt	2023-egp-2023 EGP Phillips DS EOps.txt	2023 EGP Joe Phillips DS EOps
2023 EGP Phillips LS RTPv.txt	2023-egp-2023 EGP Phillips LS RTPv.txt	2023 EGP Joe Phillips LS RTPv
2023 EGP Russell DS ISB.txt	2023-egp-2023 EGP Russell DS ISB.txt	2023 EGP Nathan Russell DS ISB
2023 EGP Russell LS Zero Hour.txt	2023-egp-2023 EGP Russell LS Zero Hour.txt	2023 EGP Nathan Russell LS Zero Hour
2023 EGP SGosiaco DS ROTS Maul.txt	2023-egp-2023 EGP SGosiaco DS ROTS Maul.txt	2023 EGP SGosiaco DS ROTS Maul
2023 EGP SGosiaco LS Legend.txt	2023-egp-2023 EGP SGosiaco LS Legend.txt	2023 EGP SGosiaco LS Legend
2023 EGP Santosuosso DS TTO.txt	2023-egp-2023 EGP Santosuosso DS TTO.txt	2023 EGP Thomas Santosuosso DS TTO
2023 EGP Santosuosso LS HB.txt	2023-egp-2023 EGP Santosuosso LS HB.txt	2023 EGP Thomas Santosuosso LS HB
2023 EGP Sersen DS Map.txt	2023-egp-2023 EGP Sersen DS Map.txt	2023 EGP Ryan Sersen DS Map
2023 EGP Sersen LS Y4O.txt	2023-egp-2023 EGP Sersen LS Y4O.txt	2023 EGP Ryan Sersen LS Y4O
2023 EGP Silkwood DS HD(v).txt	2023-egp-2023 EGP Silkwood DS HD(v).txt	2023 EGP Blake Silkwood DS HD(v)
2023 EGP Silkwood LS Anakin Saga.txt	2023-egp-2023 EGP Silkwood LS Anakin Saga.txt	2023 EGP Blake Silkwood LS Anakin Saga
2023 EGP Smith DS HD.txt	2023-egp-2023 EGP Smith DS HD.txt	2023 EGP Jacy Smith DS HD
2023 EGP Smith LS Anakin Saga.txt	2023-egp-2023 EGP Smith LS Anakin Saga.txt	2023 EGP Jacy Smith LS Anakin Saga
2023 EGP Spijksma DS ISB.txt	2023-egp-2023 EGP Spijksma DS ISB.txt	2023 EGP Erik Spijksma DS ISB
2023 EGP Spijksma LS Old Allies.txt	2023-egp-2023 EGP Spijksma LS Old Allies.txt	2023 EGP Erik Spijksma LS Old Allies
2023 EGP TGosiaco DS Thrawn.txt	2023-egp-2023 EGP TGosiaco DS Thrawn.txt	2023 EGP TGosiaco DS Thrawn
2023 EGP TGosiaco LS NabooCPV.txt	2023-egp-2023 EGP TGosiaco LS NabooCPV.txt	2023 EGP TGosiaco LS NabooCPV
2023 EGP Tartaglione DS ROTS Vader.txt	2023-egp-2023 EGP Tartaglione DS ROTS Vader.txt	2023 EGP Dan Tartaglione DS ROTS Vader
2023 EGP Tartaglione LS Obi Comm.txt	2023-egp-2023 EGP Tartaglione LS Obi Comm.txt	2023 EGP Dan Tartaglione LS Obi Comm
2023 EGP Tashima DS HDv.txt	2023-egp-2023 EGP Tashima DS HDv.txt	2023 EGP Sam Tashima DS HDv
2023 EGP Tashima LS Yoda Comm.txt	2023-egp-2023 EGP Tashima LS Yoda Comm.txt	2023 EGP Sam Tashima LS Yoda Comm
2023 EGP Thornton DS HD.txt	2023-egp-2023 EGP Thornton DS HD.txt	2023 EGP Matt Thornton DS HD
2023 EGP Thornton LS Legend.txt	2023-egp-2023 EGP Thornton LS Legend.txt	2023 EGP Matt Thornton LS Legend
2023 EGP Turner DS ROTS Dooku.txt	2023-egp-2023 EGP Turner DS ROTS Dooku.txt	2023 EGP Mike Turner DS ROTS Dooku
2023 EGP Turner LS QMC.txt	2023-egp-2023 EGP Turner LS QMC.txt	2023 EGP Mike Turner LS QMC
2023 EGP Westergard DS Thrawn.txt	2023-egp-2023 EGP Westergard DS Thrawn.txt	2023 EGP Chris Westergard DS Thrawn
2023 EGP Westergard LS Obi Comm.txt	2023-egp-2023 EGP Westergard LS Obi Comm.txt	2023 EGP Chris Westergard LS Obi Comm
2023 EGP Wirfs DS SYCFA.txt	2023-egp-2023 EGP Wirfs DS SYCFA.txt	2023 EGP Chris Wirfs DS SYCFA
2023 EGP Wirfs LS QMC.txt	2023-egp-2023 EGP Wirfs LS QMC.txt	2023 EGP Chris Wirfs LS QMC
2023 OCIII Branch DS ISB.txt	2023-outrider-2023 OCIII Branch DS ISB.txt	2023 Outrider Cup III Justin Branch DS ISB
2023 OCIII Branch LS Anakin.txt	2023-outrider-2023 OCIII Branch LS Anakin.txt	2023 Outrider Cup III Justin Branch LS Anakin
2023 OCIII Desai DS ROTS Maul.txt	2023-outrider-2023 OCIII Desai DS ROTS Maul.txt	2023 Outrider Cup III Justin Desai DS ROTS Maul
2023 OCIII Desai LS HITCO.txt	2023-outrider-2023 OCIII Desai LS HITCO.txt	2023 Outrider Cup III Justin Desai LS HITCO
2023 OCIII Dusel DS Thrawn.txt	2023-outrider-2023 OCIII Dusel DS Thrawn.txt	2023 Outrider Cup III Timo Dusel DS Thrawn
2023 OCIII Dusel LS Y4O.txt	2023-outrider-2023 OCIII Dusel LS Y4O.txt	2023 Outrider Cup III Timo Dusel LS Y4O
2023 OCIII Fürgut DS EOps.txt	2023-outrider-2023 OCIII Fürgut DS EOps.txt	2023 Outrider Cup III Quirin Fürgut DS EOps
2023 OCIII Fürgut LS Hitco.txt	2023-outrider-2023 OCIII Fürgut LS Hitco.txt	2023 Outrider Cup III Quirin Fürgut LS Hitco
2023 OCIII Hayes DS SC.txt	2023-outrider-2023 OCIII Hayes DS SC.txt	2023 Outrider Cup III Hayes DS SC
2023 OCIII Hayes LS Clones.txt	2023-outrider-2023 OCIII Hayes LS Clones.txt	2023 Outrider Cup III Hayes LS Clones
2023 OCIII Kessling DS ISB.txt	2023-outrider-2023 OCIII Kessling DS ISB.txt	2023 Outrider Cup III Mike Kessling DS ISB
2023 OCIII Kessling LS Yoda Comm.txt	2023-outrider-2023 OCIII Kessling LS Yoda Comm.txt	2023 Outrider Cup III Mike Kessling LS Yoda Comm
2023 OCIII Meijssen DS Map.txt	2023-outrider-2023 OCIII Meijssen DS Map.txt	2023 Outrider Cup III Koen Meijssen DS Map
2023 OCIII Meijssen LS Zero Hour.txt	2023-outrider-2023 OCIII Meijssen LS Zero Hour.txt	2023 Outrider Cup III Koen Meijssen LS Zero Hour
2023 OCIII Olson DS AOBS.txt	2023-outrider-2023 OCIII Olson DS AOBS.txt	2023 Outrider Cup III Joe Olson DS AOBS
2023 OCIII Olson LS QMC.txt	2023-outrider-2023 OCIII Olson LS QMC.txt	2023 Outrider Cup III Joe Olson LS QMC
2023 OCIII Shaw DS CCT.txt	2023-outrider-2023 OCIII Shaw DS CCT.txt	2023 Outrider Cup III Greg Shaw DS CCT
2023 OCIII Shaw LS No Idea.txt	2023-outrider-2023 OCIII Shaw LS No Idea.txt	2023 Outrider Cup III Greg Shaw LS No Idea
2023 OCIII Vanderhaegen DS HD.txt	2023-outrider-2023 OCIII Vanderhaegen DS HD.txt	2023 Outrider Cup III Cedrik Vanderhaegen DS HD
2023 OCIII Vanderhaegen LS WHAP.txt	2023-outrider-2023 OCIII Vanderhaegen LS WHAP.txt	2023 Outrider Cup III Cedrik Vanderhaegen LS WHAP
2023 OCIII Wallin DS AOBS.txt	2023-outrider-2023 OCIII Wallin DS AOBS.txt	2023 Outrider Cup III Emil Wallin DS AOBS
2023 OCIII Wallin LS Old Allies.txt	2023-outrider-2023 OCIII Wallin LS Old Allies.txt	2023 Outrider Cup III Emil Wallin LS Old Allies
2023 Worlds Aasen DS DLS-SSAv.txt	2023-worlds-2023 Worlds Aasen DS DLS-SSAv.txt	2023 Worlds Phil Aasen DS DLS SSAv
2023 Worlds Aasen LS Obi-Wan Comm.txt	2023-worlds-2023 Worlds Aasen LS Obi-Wan Comm.txt	2023 Worlds Phil Aasen LS Obi-Wan Comm
2023 Worlds Anis DS HD.txt	2023-worlds-2023 Worlds Anis DS HD.txt	2023 Worlds Casey Anis DS HD
2023 Worlds Anis LS Funeral Mains.txt	2023-worlds-2023 Worlds Anis LS Funeral Mains.txt	2023 Worlds Casey Anis LS Funeral Mains
2023 Worlds Arlandson DS Walkers.txt	2023-worlds-2023 Worlds Arlandson DS Walkers.txt	2023 Worlds Charlie Arlandson DS Walkers
2023 Worlds Arlandson LS Zero Hour.txt	2023-worlds-2023 Worlds Arlandson LS Zero Hour.txt	2023 Worlds Charlie Arlandson LS Zero Hour
2023 Worlds Atkin DS ISB.txt	2023-worlds-2023 Worlds Atkin DS ISB.txt	2023 Worlds Atkin DS ISB
2023 Worlds Atkin LS HB.txt	2023-worlds-2023 Worlds Atkin LS HB.txt	2023 Worlds Atkin LS HB
2023 Worlds Avery DS SYCFA.txt	2023-worlds-2023 Worlds Avery DS SYCFA.txt	2023 Worlds Brian Avery DS SYCFA
2023 Worlds Avery LS Hidden Base.txt	2023-egp-2023 EGP Santosuosso LS HB.txt	2023 EGP Thomas Santosuosso LS HB
2023 Worlds Bacheler DS MAP.txt	2023-worlds-2023 Worlds Bacheler DS MAP.txt	2023 Worlds Bacheler DS MAP
2023 Worlds Bacheler LS Legend.txt	2023-worlds-2023 Worlds Bacheler LS Legend.txt	2023 Worlds Bacheler LS Legend
2023 Worlds Bali DS IE.txt	2023-worlds-2023 Worlds Bali DS IE.txt	2023 Worlds Vikram Bali DS IE
2023 Worlds Bali LS QMC.txt	2023-worlds-2023 Worlds Bali LS QMC.txt	2023 Worlds Vikram Bali LS QMC
2023 Worlds Brentson DS Invasion.txt	2023-worlds-2023 Worlds Brentson DS Invasion.txt	2023 Worlds Steve Brentson DS Invasion
2023 Worlds Brentson LS Yoda Comm.txt	2023-worlds-2023 Worlds Brentson LS Yoda Comm.txt	2023 Worlds Steve Brentson LS Yoda Comm
2023 Worlds Britain DS Walkers.txt	2023-worlds-2023 Worlds Britain DS Walkers.txt	2023 Worlds Conor Britain DS Walkers
2023 Worlds Britain LS Yoda Comm.txt	2023-worlds-2023 Worlds Britain LS Yoda Comm.txt	2023 Worlds Conor Britain LS Yoda Comm
2023 Worlds Cellucci DS DLS-SSAv.txt	2023-worlds-2023 Worlds Cellucci DS DLS-SSAv.txt	2023 Worlds Stephen Cellucci DS DLS SSAv
2023 Worlds Cellucci LS Obi Comm.txt	2023-worlds-2023 Worlds Cellucci LS Obi Comm.txt	2023 Worlds Stephen Cellucci LS Obi Comm
2023 Worlds Chien DS DLS-SSAv.txt	2023-worlds-2023 Worlds Chien DS DLS-SSAv.txt	2023 Worlds Chien DS DLS SSAv
2023 Worlds Chien LS Anakin Saga.txt	2023-worlds-2023 Worlds Chien LS Anakin Saga.txt	2023 Worlds Chien LS Anakin Saga
2023 Worlds Chu A DS BHBM.txt	2023-worlds-2023 Worlds Chu A DS BHBM.txt	2023 Worlds Chu A DS BHBM
2023 Worlds Chu A LS Zero hour.txt	2023-worlds-2023 Worlds Chu A LS Zero hour.txt	2023 Worlds Chu A LS Zero hour
2023 Worlds Chu B DS SYCFA.txt	2023-ocs-Wirfs 23OCS T8 DS SYCFA.txt	2023 OCS Top 8 Wirfs 23OCS T8 DS SYCFA
2023 Worlds Chu B LS Zero Hour.txt	2023-worlds-2023 Worlds Chu B LS Zero Hour.txt	2023 Worlds Chu B LS Zero Hour
2023 Worlds Chu J AoBS.txt	2023-worlds-2023 Worlds Chu J AoBS.txt	2023 Worlds Chu J DS AoBS
2023 Worlds Chu J LS LTWWv space.txt	2023-worlds-2023 Worlds Chu J LS LTWWv space.txt	2023 Worlds Chu J LS LTWWv space
2023 Worlds Cullen DS ROTS Dooku.txt	2023-worlds-2023 Worlds Cullen DS ROTS Dooku.txt	2023 Worlds Wayne Cullen DS ROTS Dooku
2023 Worlds Cullen LS Clones.txt	2023-worlds-2023 Worlds Cullen LS Clones.txt	2023 Worlds Wayne Cullen LS Clones
2023 Worlds Day 2 Anis DS HD.txt	2023-worlds-2023 Worlds Anis DS HD.txt	2023 Worlds Casey Anis DS HD
2023 Worlds Day 2 Anis LS Funeral Mains.txt	2023-worlds-2023 Worlds Day 2 Anis LS Funeral Mains.txt	2023 Worlds Top 8 Casey Anis LS Funeral Mains
2023 Worlds Day 2 Chu DS EOps.txt	2023-worlds-2023 Worlds Day 2 Chu DS EOps.txt	2023 Worlds Top 8 Jonny Chu DS EOps
2023 Worlds Day 2 Chu LS HB.txt	2023-worlds-2023 Worlds Day 2 Chu LS HB.txt	2023 Worlds Top 8 Jonny Chu LS HB
2023 Worlds Day 2 Fred DS Invasion.txt	2023-worlds-2023 Worlds Day 2 Fred DS Invasion.txt	2023 Worlds Top 8 Brian Fred DS Invasion
2023 Worlds Day 2 Fred LS Yoda Comm.txt	2023-worlds-2023 Worlds Day 2 Fred LS Yoda Comm.txt	2023 Worlds Top 8 Brian Fred LS Yoda Comm
2023 Worlds Day 2 Howard DS SYCFA.txt	2023-worlds-2023 Worlds Day 2 Howard DS SYCFA.txt	2023 Worlds Top 8 Anthony Howard DS SYCFA
2023 Worlds Day 2 Howard LS Y4O.txt	2023-worlds-2023 Worlds Day 2 Howard LS Y4O.txt	2023 Worlds Top 8 Anthony Howard LS Y4O
2023 Worlds Day 2 Hunter DS DLS-SSAv.txt	2023-worlds-2023 Worlds Day 2 Hunter DS DLS-SSAv.txt	2023 Worlds Top 8 Hayes Hunter DS DLS SSAv
2023 Worlds Day 2 Hunter LS Obi Comm.txt	2023-worlds-2023 Worlds Day 2 Hunter LS Obi Comm.txt	2023 Worlds Top 8 Hayes Hunter LS Obi Comm
2023 Worlds Day 2 Jellison DS ISB.txt	2023-worlds-2023 Worlds Day 2 Jellison DS ISB.txt	2023 Worlds Top 8 Ryan Jellison DS ISB
2023 Worlds Day 2 Jellison LS WHAP.txt	2023-worlds-2023 Worlds Day 2 Jellison LS WHAP.txt	2023 Worlds Top 8 Ryan Jellison LS WHAP
2023 Worlds Day 2 Mischke DS AOBS.txt	2023-worlds-2023 Worlds Day 2 Mischke DS AOBS.txt	2023 Worlds Top 8 Bryan Mischke DS AOBS
2023 Worlds Day 2 Mischke LS Obi Comm.txt	2023-worlds-2023 Worlds Day 2 Mischke LS Obi Comm.txt	2023 Worlds Top 8 Bryan Mischke LS Obi Comm
2023 Worlds Day 2 Olson DS DLS-SSAv.txt	2023-worlds-2023 Worlds Day 2 Olson DS DLS-SSAv.txt	2023 Worlds Top 8 Joe Olson DS DLS SSAv
2023 Worlds Day 2 Olson LS Obi Comm.txt	2023-worlds-2023 Worlds Day 2 Olson LS Obi Comm.txt	2023 Worlds Top 8 Joe Olson LS Obi Comm
2023 Worlds Desai DS Wallkers.txt	2023-worlds-2023 Worlds Desai DS Wallkers.txt	2023 Worlds Justin Desai DS Wallkers
2023 Worlds Desai LS Yoda Comm.txt	2023-worlds-2023 Worlds Desai LS Yoda Comm.txt	2023 Worlds Justin Desai LS Yoda Comm
2023 Worlds Edwards DS DLS-SSAv.txt	2023-worlds-2023 Worlds Edwards DS DLS-SSAv.txt	2023 Worlds Edwards DS DLS SSAv
2023 Worlds Edwards LS Obi Comm.txt	2023-worlds-2023 Worlds Edwards LS Obi Comm.txt	2023 Worlds Edwards LS Obi Comm
2023 Worlds Fred DS ISB.txt	2023-worlds-2023 Worlds Fred DS ISB.txt	2023 Worlds Brian Fred DS ISB
2023 Worlds Fred LS Diplo.txt	2023-worlds-2023 Worlds Fred LS Diplo.txt	2023 Worlds Brian Fred LS Diplo
2023 Worlds Gogolen DS Walkers.txt	2023-worlds-2023 Worlds Gogolen DS Walkers.txt	2023 Worlds Chris Gogolen DS Walkers
2023 Worlds Gogolen LS Yoda Comm.txt	2023-worlds-2023 Worlds Gogolen LS Yoda Comm.txt	2023 Worlds Chris Gogolen LS Yoda Comm
2023 Worlds Halman DS BHBM.txt	2023-worlds-2023 Worlds Halman DS BHBM.txt	2023 Worlds Kendall Halman DS BHBM
2023 Worlds Halman LS TIGIH.txt	2023-worlds-2023 Worlds Halman LS TIGIH.txt	2023 Worlds Kendall Halman LS TIGIH
2023 Worlds Hatoum DS BHBM.txt	2023-worlds-2023 Worlds Hatoum DS BHBM.txt	2023 Worlds AJ Hatoum DS BHBM
2023 Worlds Hatoum LS HITCO.txt	2023-worlds-2023 Worlds Hatoum LS HITCO.txt	2023 Worlds AJ Hatoum LS HITCO
2023 Worlds Herren DS ISB.txt	2023-worlds-2023 Worlds Herren DS ISB.txt	2023 Worlds Herren DS ISB
2023 Worlds Herren LS Zero Hour.txt	2023-worlds-2023 Worlds Herren LS Zero Hour.txt	2023 Worlds Herren LS Zero Hour
2023 Worlds Horbey DS Walkers.txt	2023-worlds-2023 Worlds Horbey DS Walkers.txt	2023 Worlds Joe Horbey DS Walkers
2023 Worlds Horbey LS Obi-Wan Comm.txt	2023-worlds-2023 Worlds Horbey LS Obi-Wan Comm.txt	2023 Worlds Joe Horbey LS Obi-Wan Comm
2023 Worlds Howard DS HD.txt	2023-worlds-2023 Worlds Howard DS HD.txt	2023 Worlds Anthony Howard DS HD
2023 Worlds Howard LS Y4O.txt	2023-worlds-2023 Worlds Howard LS Y4O.txt	2023 Worlds Anthony Howard LS Y4O
2023 Worlds Hunter DS DLS-SSAv.txt	2023-worlds-2023 Worlds Cellucci DS DLS-SSAv.txt	2023 Worlds Stephen Cellucci DS DLS SSAv
2023 Worlds Hunter LS Obi Comm.txt	2023-worlds-2023 Worlds Hunter LS Obi Comm.txt	2023 Worlds Hayes Hunter LS Obi Comm
2023 Worlds Jellison DS ISB.txt	2023-worlds-2023 Worlds Jellison DS ISB.txt	2023 Worlds Ryan Jellison DS ISB
2023 Worlds Jellison LS WYS.txt	2023-worlds-2023 Worlds Jellison LS WYS.txt	2023 Worlds Ryan Jellison LS WYS
2023 Worlds Johnson DS ASM.txt	2023-worlds-2023 Worlds Johnson DS ASM.txt	2023 Worlds Patrick Johnson DS ASM
2023 Worlds Johnson LS Anakin Saga.txt	2023-worlds-2023 Worlds Johnson LS Anakin Saga.txt	2023 Worlds Patrick Johnson LS Anakin Saga
2023 Worlds Kafer DS SC.txt	2023-worlds-2023 Worlds Kafer DS SC.txt	2023 Worlds Bill Kafer DS SC
2023 Worlds Kafer LS Yoda Comm.txt	2023-worlds-2023 Worlds Kafer LS Yoda Comm.txt	2023 Worlds Bill Kafer LS Yoda Comm
2023 Worlds Kelly DS ROTS-Vader.txt	2023-worlds-2023 Worlds Kelly DS ROTS-Vader.txt	2023 Worlds Chris Kelly DS ROTS-Vader
2023 Worlds Kelly LS Yoda Comm.txt	2023-worlds-2023 Worlds Kelly LS Yoda Comm.txt	2023 Worlds Chris Kelly LS Yoda Comm
2023 Worlds Kessling DS SC.txt	2023-worlds-2023 Worlds Kessling DS SC.txt	2023 Worlds Mike Kessling DS SC
2023 Worlds Kessling LS Yoda Comm.txt	2023-worlds-2023 Worlds Kessling LS Yoda Comm.txt	2023 Worlds Mike Kessling LS Yoda Comm
2023 Worlds Koenig DS SC.txt	2023-worlds-2023 Worlds Koenig DS SC.txt	2023 Worlds Karl Koenig DS SC
2023 Worlds Koenig LS Yoda Comm.txt	2023-worlds-2023 Worlds Koenig LS Yoda Comm.txt	2023 Worlds Karl Koenig LS Yoda Comm
2023 Worlds Konsker DS ROTS - Vader.txt	2023-worlds-2023 Worlds Konsker DS ROTS - Vader.txt	2023 Worlds Jarad Konsker DS ROTS - Vader
2023 Worlds Konsker LS Anakin Saga.txt	2023-worlds-2023 Worlds Konsker LS Anakin Saga.txt	2023 Worlds Jarad Konsker LS Anakin Saga
2023 Worlds Krueger DS Senate.txt	2023-worlds-2023 Worlds Krueger DS Senate.txt	2023 Worlds Kyle Krueger DS Senate
2023 Worlds Krueger LS No Idea.txt	2023-worlds-2023 Worlds Krueger LS No Idea.txt	2023 Worlds Kyle Krueger LS No Idea
2023 Worlds Larson DS AOBS.txt	2023-worlds-2023 Worlds Larson DS AOBS.txt	2023 Worlds Garrett Larson DS AOBS
2023 Worlds Larson LS HITCO.txt	2023-worlds-2023 Worlds Larson LS HITCO.txt	2023 Worlds Garrett Larson LS HITCO
2023 Worlds Lauer DS Thrawn.txt	2023-worlds-2023 Worlds Lauer DS Thrawn.txt	2023 Worlds Lauer DS Thrawn
2023 Worlds Lauer LS QMC.txt	2023-worlds-2023 Worlds Lauer LS QMC.txt	2023 Worlds Lauer LS QMC
2023 Worlds Lavigne DS DLS-SSAv.txt	2023-worlds-2023 Worlds Lavigne DS DLS-SSAv.txt	2023 Worlds Jeff Lavigne DS DLS SSAv
2023 Worlds Lavigne LS Anakin Saga.txt	2023-worlds-2023 Worlds Lavigne LS Anakin Saga.txt	2023 Worlds Jeff Lavigne LS Anakin Saga
2023 Worlds Lawrence DS BHBM.txt	2023-worlds-2023 Worlds Lawrence DS BHBM.txt	2023 Worlds Chad Lawrence DS BHBM
2023 Worlds Lawrence LS TIGIH.txt	2023-worlds-2023 Worlds Lawrence LS TIGIH.txt	2023 Worlds Chad Lawrence LS TIGIH
2023 Worlds Lichtenstein DS ISB.txt	2023-worlds-2023 Worlds Lichtenstein DS ISB.txt	2023 Worlds Lichtenstein DS ISB
2023 Worlds Lichtenstein LS Anakin Saga.txt	2023-worlds-2023 Worlds Lichtenstein LS Anakin Saga.txt	2023 Worlds Lichtenstein LS Anakin Saga
2023 Worlds Lingrell DS Court.txt	2023-worlds-2023 Worlds Lingrell DS Court.txt	2023 Worlds Scott Lingrell DS Court
2023 Worlds Lingrell LS MWYHL.txt	2023-worlds-2023 Worlds Lingrell LS MWYHL.txt	2023 Worlds Scott Lingrell LS MWYHL
2023 Worlds Lutz DS SC.txt	2023-worlds-2023 Worlds Lutz DS SC.txt	2023 Worlds Matt Lutz DS SC
2023 Worlds Lutz LS Hyperdrive (V).txt	2023-worlds-2023 Worlds Lutz LS Hyperdrive (V).txt	2023 Worlds Matt Lutz LS Hyperdrive (V)
2023 Worlds McFarland DS IE.txt	2023-worlds-2023 Worlds McFarland DS IE.txt	2023 Worlds Jon McFarland DS IE
2023 Worlds McFarland LS Zero Hour.txt	2023-worlds-2023 Worlds McFarland LS Zero Hour.txt	2023 Worlds Jon McFarland LS Zero Hour
2023 Worlds Miller DS HD.txt	2023-worlds-2023 Worlds Miller DS HD.txt	2023 Worlds Miller DS HD
2023 Worlds Miller LS LTWWv Mains.txt	2023-worlds-2023 Worlds Miller LS LTWWv Mains.txt	2023 Worlds Miller LS LTWWv Mains
2023 Worlds Mischke DS AOBS.txt	2023-worlds-2023 Worlds Mischke DS AOBS.txt	2023 Worlds Bryan Mischke DS AOBS
2023 Worlds Mischke LS Yoda Comm.txt	2023-worlds-2023 Worlds Mischke LS Yoda Comm.txt	2023 Worlds Bryan Mischke LS Yoda Comm
2023 Worlds Morris DS Senate.txt	2023-worlds-2023 Worlds Morris DS Senate.txt	2023 Worlds Morris DS Senate
2023 Worlds Morris LS Profit.txt	2023-worlds-2023 Worlds Morris LS Profit.txt	2023 Worlds Morris LS Profit
2023 Worlds Moss DS IE.txt	2023-worlds-2023 Worlds Moss DS IE.txt	2023 Worlds Andrew Moss DS IE
2023 Worlds Moss LS RTPv.txt	2023-worlds-2023 Worlds Moss LS RTPv.txt	2023 Worlds Andrew Moss LS RTPv
2023 Worlds Napolitano DS AOBS.txt	2023-worlds-2023 Worlds Napolitano DS AOBS.txt	2023 Worlds Napolitano DS AOBS
2023 Worlds Napolitano LS WHAP.txt	2023-worlds-2023 Worlds Napolitano LS WHAP.txt	2023 Worlds Napolitano LS WHAP
2023 Worlds Nelson DS Walkers.txt	2023-worlds-2023 Worlds Nelson DS Walkers.txt	2023 Worlds Nelson DS Walkers
2023 Worlds Nelson LS Senate.txt	2023-worlds-2023 Worlds Nelson LS Senate.txt	2023 Worlds Nelson LS Senate
2023 Worlds Olson J DS DLS-SSAv.txt	2023-worlds-2023 Worlds Olson J DS DLS-SSAv.txt	2023 Worlds Olson J DS DLS SSAv
2023 Worlds Olson J LS Obi Comm.txt	2023-worlds-2023 Worlds Olson J LS Obi Comm.txt	2023 Worlds Olson J LS Obi Comm
2023 Worlds Olson S DS BHBM.txt	2023-worlds-2023 Worlds Olson S DS BHBM.txt	2023 Worlds Olson S DS BHBM
2023 Worlds Olson S LS HITCO.txt	2023-worlds-2023 Worlds Olson S LS HITCO.txt	2023 Worlds Olson S LS HITCO
2023 Worlds Pietig DS BHBM.txt	2023-worlds-2023 Worlds Pietig DS BHBM.txt	2023 Worlds Logan Pietig DS BHBM
2023 Worlds Pietig LS HITCO.txt	2023-worlds-2023 Worlds Pietig LS HITCO.txt	2023 Worlds Logan Pietig LS HITCO
2023 Worlds Pistone DS AOBS.txt	2023-worlds-2023 Worlds Pistone DS AOBS.txt	2023 Worlds Pistone DS AOBS
2023 Worlds Pistone LS No Idea.txt	2023-worlds-2023 Worlds Pistone LS No Idea.txt	2023 Worlds Pistone LS No Idea
2023 Worlds Rossi DS BHBM.txt	2023-worlds-2023 Worlds Rossi DS BHBM.txt	2023 Worlds Rossi DS BHBM
2023 Worlds Rossi LS Qui Comm.txt	2023-worlds-2023 Worlds Rossi LS Qui Comm.txt	2023 Worlds Rossi LS Qui Comm
2023 Worlds Santosuosso DS TTO.txt	2023-worlds-2023 Worlds Santosuosso DS TTO.txt	2023 Worlds Thomas Santosuosso DS TTO
2023 Worlds Santosuosso LS Obi Comm.txt	2023-worlds-2023 Worlds Santosuosso LS Obi Comm.txt	2023 Worlds Thomas Santosuosso LS Obi Comm
2023 Worlds Sarachan DS DSL-SSAv.txt	2023-worlds-2023 Worlds Sarachan DS DSL-SSAv.txt	2023 Worlds Sarachan DS DSL-SSAv
2023 Worlds Sarachan LS Anakin Saga.txt	2023-worlds-2023 Worlds Sarachan LS Anakin Saga.txt	2023 Worlds Sarachan LS Anakin Saga
2023 Worlds Scott DS ISB.txt	2023-worlds-2023 Worlds Fred DS ISB.txt	2023 Worlds Brian Fred DS ISB
2023 Worlds Scott LS Diplo.txt	2023-worlds-2023 Worlds Fred LS Diplo.txt	2023 Worlds Brian Fred LS Diplo
2023 Worlds Shaw DS ISB.txt	2023-worlds-2023 Worlds Shaw DS ISB.txt	2023 Worlds Greg Shaw DS ISB
2023 Worlds Shaw LS Anakin Saga.txt	2023-worlds-2023 Worlds Shaw LS Anakin Saga.txt	2023 Worlds Greg Shaw LS Anakin Saga
2023 Worlds Sokol DS TTO.txt	2023-worlds-2023 Worlds Sokol DS TTO.txt	2023 Worlds Matt Sokol DS TTO
2023 Worlds Sokol LS Zero Hour.txt	2023-worlds-2023 Worlds Sokol LS Zero Hour.txt	2023 Worlds Matt Sokol LS Zero Hour
2023 Worlds Tashima DS Invasion.txt	2023-worlds-2023 Worlds Tashima DS Invasion.txt	2023 Worlds Sam Tashima DS Invasion
2023 Worlds Tashima LS QMC.txt	2023-worlds-2023 Worlds Tashima LS QMC.txt	2023 Worlds Sam Tashima LS QMC
2023 Worlds Thomas DS Invasion.txt	2023-worlds-2023 Worlds Thomas DS Invasion.txt	2023 Worlds Mike Thomas DS Invasion
2023 Worlds Thomas LS WHAP.txt	2023-worlds-2023 Worlds Thomas LS WHAP.txt	2023 Worlds Mike Thomas LS WHAP
2023 Worlds Thornton DS HD.txt	2023-worlds-2023 Worlds Thornton DS HD.txt	2023 Worlds Matt Thornton DS HD
2023 Worlds Thornton LS Yoda Comm.txt	2023-worlds-2023 Worlds Thornton LS Yoda Comm.txt	2023 Worlds Matt Thornton LS Yoda Comm
2023 Worlds Veasey DS Watto.txt	2023-worlds-2023 Worlds Veasey DS Watto.txt	2023 Worlds John Veasey DS Watto
2023 Worlds Veasey LS WYS.txt	2023-worlds-2023 Worlds Veasey LS WYS.txt	2023 Worlds John Veasey LS WYS
2023 Worlds Wadden DS DLS-SSAv.txt	2023-worlds-2023 Worlds Wadden DS DLS-SSAv.txt	2023 Worlds Matt Wadden DS DLS SSAv
2023 Worlds Wadden LS MWYHL.txt	2023-worlds-2023 Worlds Wadden LS MWYHL.txt	2023 Worlds Matt Wadden LS MWYHL
2023 Worlds Walseth DS ROTS Dooku.txt	2023-worlds-2023 Worlds Walseth DS ROTS Dooku.txt	2023 Worlds Mark Walseth DS ROTS Dooku
2023 Worlds Walseth LS Senate.txt	2023-worlds-2023 Worlds Walseth LS Senate.txt	2023 Worlds Mark Walseth LS Senate
2023 Worlds Westergard C DS Thrawn.txt	2023-worlds-2023 Worlds Westergard C DS Thrawn.txt	2023 Worlds Westergard C DS Thrawn
2023 Worlds Westergard C LS Obi Comm.txt	2023-worlds-2023 Worlds Westergard C LS Obi Comm.txt	2023 Worlds Westergard C LS Obi Comm
2023 Worlds Westergard J DS TTO.txt	2023-worlds-2023 Worlds Westergard J DS TTO.txt	2023 Worlds Westergard J DS TTO
2023 Worlds Westergard J LS Luke Saga.txt	2023-worlds-2023 Worlds Westergard J LS Luke Saga.txt	2023 Worlds Westergard J LS Luke Saga
2023 Worlds Wirfs DS CCT.txt	2023-worlds-2023 Worlds Wirfs DS CCT.txt	2023 Worlds Chris Wirfs DS CCT
2023 Worlds Wirfs LS Obi Comm.txt	2023-worlds-2023 Worlds Wirfs LS Obi Comm.txt	2023 Worlds Chris Wirfs LS Obi Comm
2023 Worlds Woods DS Walkers.txt	2023-worlds-2023 Worlds Woods DS Walkers.txt	2023 Worlds David Woods DS Walkers
2023 Worlds Woods LS LTWW Mains.txt	2023-worlds-2023 Worlds Woods LS LTWW Mains.txt	2023 Worlds David Woods LS LTWW Mains
2023 Worlds Yaeger DS DLS-SSAv.txt	2023-worlds-2023 Worlds Yaeger DS DLS-SSAv.txt	2023 Worlds Yaeger DS DLS SSAv
2023 Worlds Yaeger LS Zero Hour.txt	2023-worlds-2023 Worlds Yaeger LS Zero Hour.txt	2023 Worlds Yaeger LS Zero Hour
2023 Worlds d’Amboise DS TTO.txt	2023-worlds-2023 Worlds d’Amboise DS TTO.txt	2023 Worlds d’Amboise DS TTO
2023 Worlds d’Amboise LS WHAP.txt	2023-worlds-2023 Worlds d’Amboise LS WHAP.txt	2023 Worlds d’Amboise LS WHAP
2024 SSS Aldred DS EOps.txt	2024-sss-2024 SSS Aldred DS EOps.txt	2024 SSS Cal Aldred DS EOps
2024 SSS Aldred LS QMC.txt	2024-sss-2024 SSS Aldred LS QMC.txt	2024 SSS Cal Aldred LS QMC
2024 SSS Alperstein DS AOBS.txt	2024-sss-2024 SSS Alperstein DS AOBS.txt	2024 SSS Barry Alperstein DS AOBS
2024 SSS Alperstein LS Anakin Saga.txt	2024-sss-2024 SSS Alperstein LS Anakin Saga.txt	2024 SSS Barry Alperstein LS Anakin Saga
2024 SSS Anis DS Hunt Down.txt	2024-eclipse-24 Eclipse Casey Anis DS Hunt Down.txt	2024 Eclipse Casey Anis DS Hunt Down
2024 SSS Anis LS EBO.txt	2024-sss-2024 SSS Anis LS EBO.txt	2024 SSS Casey Anis LS EBO
2024 SSS Avery DS ASM.txt	2024-sss-2024 SSS Avery DS ASM.txt	2024 SSS Brian Avery DS ASM
2024 SSS Avery LS ZeroHour.txt	2024-sss-2024 SSS Avery LS ZeroHour.txt	2024 SSS Brian Avery LS ZeroHour
2024 SSS Brentson DS ISB.txt	2023-outrider-2023 OCIII Kessling DS ISB.txt	2023 Outrider Cup III Mike Kessling DS ISB
2024 SSS Brentson LS Anakin Saga.txt	2024-sss-2024 SSS Brentson LS Anakin Saga.txt	2024 SSS Steve Brentson LS Anakin Saga
2024 SSS Cooper DS SYCFA.txt	2024-sss-2024 SSS Cooper DS SYCFA.txt	2024 SSS Cooper DS SYCFA
2024 SSS Cooper LS No Idea.txt	2024-sss-2024 SSS Cooper LS No Idea.txt	2024 SSS Cooper LS No Idea
2024 SSS DiPaolo DS ISB.txt	2024-sss-2024 SSS DiPaolo DS ISB.txt	2024 SSS DiPaolo DS ISB
2024 SSS DiPaolo LS No Idea.txt	2024-sss-2024 SSS DiPaolo LS No Idea.txt	2024 SSS DiPaolo LS No Idea
2024 SSS Fred DS Thrawn.txt	2024-sss-2024 SSS Fred DS Thrawn.txt	2024 SSS Brian Fred DS Thrawn
2024 SSS Fred LS Yoda.txt	2024-sss-2024 SSS Fred LS Yoda.txt	2024 SSS Brian Fred LS Yoda
2024 SSS Harrison-Trainor DS Thrawn.txt	2024-sss-2024 SSS Harrison-Trainor DS Thrawn.txt	2024 SSS Matthew Harrison-Trainor DS Thrawn
2024 SSS Harrison-Trainor LS QMC.txt	2024-sss-2024 SSS Harrison-Trainor LS QMC.txt	2024 SSS Matthew Harrison-Trainor LS QMC
2024 SSS Hatoum DS Thrawn.txt	2024-sss-2024 SSS Hatoum DS Thrawn.txt	2024 SSS AJ Hatoum DS Thrawn
2024 SSS Hatoum LS Y4O.txt	2024-sss-2024 SSS Hatoum LS Y4O.txt	2024 SSS AJ Hatoum LS Y4O
2024 SSS Hendon DS Map.txt	2024-sss-2024 SSS Hendon DS Map.txt	2024 SSS Robbie Hendon DS Map
2024 SSS Hendon LS WHAP.txt	2024-sss-2024 SSS Hendon LS WHAP.txt	2024 SSS Robbie Hendon LS WHAP
2024 SSS Herold DS TTO.txt	2024-sss-2024 SSS Herold DS TTO.txt	2024 SSS Herold DS TTO
2024 SSS Herold LS MWYHL.txt	2024-sss-2024 SSS Herold LS MWYHL.txt	2024 SSS Herold LS MWYHL
2024 SSS HunterH DS AOBS.txt	2024-sss-2024 SSS Alperstein DS AOBS.txt	2024 SSS Barry Alperstein DS AOBS
2024 SSS HunterH LS Anakin Saga.txt	2024-sss-2024 SSS HunterH LS Anakin Saga.txt	2024 SSS HunterH LS Anakin Saga
2024 SSS Kafer DS Thrawn.txt	2024-sss-2024 SSS Kafer DS Thrawn.txt	2024 SSS Bill Kafer DS Thrawn
2024 SSS Kafer LS QMC.txt	2024-sss-2024 SSS Kafer LS QMC.txt	2024 SSS Bill Kafer LS QMC
2024 SSS KellyC DS ISB.txt	2024-sss-2024 SSS KellyC DS ISB.txt	2024 SSS KellyC DS ISB
2024 SSS KellyC LS HITCO.txt	2024-sss-2024 SSS KellyC LS HITCO.txt	2024 SSS KellyC LS HITCO
2024 SSS Kessling DS ISB.txt	2023-outrider-2023 OCIII Kessling DS ISB.txt	2023 Outrider Cup III Mike Kessling DS ISB
2024 SSS Kessling LS HITCO.txt	2024-sss-2024 SSS Kessling LS HITCO.txt	2024 SSS Mike Kessling LS HITCO
2024 SSS Koenig DS ISB.txt	2024-sss-2024 SSS Koenig DS ISB.txt	2024 SSS Karl Koenig DS ISB
2024 SSS Koenig LS Obi Comm.txt	2024-sss-2024 SSS Koenig LS Obi Comm.txt	2024 SSS Karl Koenig LS Obi Comm
2024 SSS LaPorta DS ASM.txt	2024-sss-2024 SSS LaPorta DS ASM.txt	2024 SSS LaPorta DS ASM
2024 SSS LaPorta LS WYS.txt	2024-sss-2024 SSS LaPorta LS WYS.txt	2024 SSS LaPorta LS WYS
2024 SSS Lavigne DS AOBS.txt	2024-sss-2024 SSS Lavigne DS AOBS.txt	2024 SSS Jeff Lavigne DS AOBS
2024 SSS Lavigne LS Anakin Saga.txt	2024-sss-2024 SSS Lavigne LS Anakin Saga.txt	2024 SSS Jeff Lavigne LS Anakin Saga
2024 SSS Lichtenstein DS SC.txt	2024-sss-2024 SSS Lichtenstein DS SC.txt	2024 SSS Lichtenstein DS SC
2024 SSS Lichtenstein LS No Idea.txt	2024-sss-2024 SSS Lichtenstein LS No Idea.txt	2024 SSS Lichtenstein LS No Idea
2024 SSS Lingrell DS Court.txt	2024-sss-2024 SSS Lingrell DS Court.txt	2024 SSS Scott Lingrell DS Court
2024 SSS Lingrell LS Chirpa LTWWv.txt	2023-ocs-Ortlund 23OCS T8 LS ENDOR LTWW.txt	2023 OCS Top 8 Ortlund 23OCS T8 LS ENDOR LTWW
2024 SSS LutzL DS SYCFA.txt	2024-sss-2024 SSS LutzL DS SYCFA.txt	2024 SSS LutzL DS SYCFA
2024 SSS LutzL LS Pyre.txt	2024-sss-2024 SSS LutzL LS Pyre.txt	2024 SSS LutzL LS Pyre
2024 SSS LutzM DS HD(V).txt	2024-sss-2024 SSS LutzM DS HD(V).txt	2024 SSS LutzM DS HD(V)
2024 SSS LutzM LSMWYHL.txt	2024-sss-2024 SSS LutzM LSMWYHL.txt	2024 SSS LutzM LS MWYHL
2024 SSS McFarland DS IE.txt	2024-sss-2024 SSS McFarland DS IE.txt	2024 SSS Jon McFarland DS IE
2024 SSS McFarland LS Anakin Saga.txt	2024-sss-2024 SSS McFarland LS Anakin Saga.txt	2024 SSS Jon McFarland LS Anakin Saga
2024 SSS Murray DS BHBM.txt	2024-sss-2024 SSS Murray DS BHBM.txt	2024 SSS Murray DS BHBM
2024 SSS Murray LS Profit.txt	2024-sss-2024 SSS Murray LS Profit.txt	2024 SSS Murray LS Profit
2024 SSS Olson DS AOBS.txt	2024-sss-2024 SSS Alperstein DS AOBS.txt	2024 SSS Barry Alperstein DS AOBS
2024 SSS Olson LS Anakin Saga.txt	2024-sss-2024 SSS Alperstein LS Anakin Saga.txt	2024 SSS Barry Alperstein LS Anakin Saga
2024 SSS PittmanB DS SC.txt	2024-sss-2024 SSS PittmanB DS SC.txt	2024 SSS PittmanB DS SC
2024 SSS PittmanB LS Y4O.txt	2024-sss-2024 SSS PittmanB LS Y4O.txt	2024 SSS PittmanB LS Y4O
2024 SSS PittmanJ DS ROTS Maul.txt	2024-sss-2024 SSS PittmanJ DS ROTS Maul.txt	2024 SSS PittmanJ DS ROTS Maul
2024 SSS PittmanJ LS Diplo.txt	2024-sss-2024 SSS PittmanJ LS Diplo.txt	2024 SSS PittmanJ LS Diplo
2024 SSS Reinhardt DS Combat.txt	2024-sss-2024 SSS Reinhardt DS Combat.txt	2024 SSS Dennis Reinhardt DS Combat
2024 SSS Reinhardt LS HITCO.txt	2024-sss-2024 SSS Reinhardt LS HITCO.txt	2024 SSS Dennis Reinhardt LS HITCO
2024 SSS Reinhold DS BHBM.txt	2024-sss-2024 SSS Reinhold DS BHBM.txt	2024 SSS Brad Reinhold DS BHBM
2024 SSS Reinhold LS Yoda Comm.txt	2024-sss-2024 SSS Reinhold LS Yoda Comm.txt	2024 SSS Brad Reinhold LS Yoda Comm
2024 SSS Santosuosso DS Thrawn.txt	2024-sss-2024 SSS Santosuosso DS Thrawn.txt	2024 SSS Thomas Santosuosso DS Thrawn
2024 SSS Santosuosso LS EBO.txt	2024-sss-2024 SSS Santosuosso LS EBO.txt	2024 SSS Thomas Santosuosso LS EBO
2024 SSS Sersen DS CCT.txt	2024-sss-2024 SSS Sersen DS CCT.txt	2024 SSS Ryan Sersen DS CCT
2024 SSS Sersen LS Yoda Comm.txt	2024-sss-2024 SSS Sersen LS Yoda Comm.txt	2024 SSS Ryan Sersen LS Yoda Comm
2024 SSS Sesnick DS HD.txt	2024-sss-2024 SSS Sesnick DS HD.txt	2024 SSS Sesnick DS HD
2024 SSS Sesnick LS Speeders.txt	2024-sss-2024 SSS Sesnick LS Speeders.txt	2024 SSS Sesnick LS Speeders
2024 SSS Shaw DS Shadow Collective.txt	2024-sss-2024 SSS Shaw DS Shadow Collective.txt	2024 SSS Greg Shaw DS Shadow Collective
2024 SSS Shaw LS No Idea.txt	2024-sss-2024 SSS Shaw LS No Idea.txt	2024 SSS Greg Shaw LS No Idea
2024 SSS Tashima DS AOBS.txt	2024-sss-2024 SSS Tashima DS AOBS.txt	2024 SSS Sam Tashima DS AOBS
2024 SSS Tashima LS HB.txt	2024-sss-2024 SSS Tashima LS HB.txt	2024 SSS Sam Tashima LS HB
2024 SSS Top8 Hendon DS ISB.txt	2024-sss-2024 SSS Top8 Hendon DS ISB.txt	2024 SSS Top 8 Robbie Hendon DS ISB
2024 SSS Top8 Hendon LS WHAP.txt	2024-sss-2024 SSS Hendon LS WHAP.txt	2024 SSS Robbie Hendon LS WHAP
2024 SSS Top8 HunterH DS TatCRV.txt	2024-sss-2024 SSS Top8 HunterH DS TatCRV.txt	2024 SSS Top 8 HunterH DS TatCRV
2024 SSS Top8 Kafer DS Thrawn.txt	2024-sss-2024 SSS Top8 Kafer DS Thrawn.txt	2024 SSS Top 8 Bill Kafer DS Thrawn
2024 SSS Top8 Kafer LS Y4O.txt	2024-sss-2024 SSS Top8 Kafer LS Y4O.txt	2024 SSS Top 8 Bill Kafer LS Y4O
2024 SSS Top8 Lavigne DS AOBS.txt	2024-sss-2024 SSS Top8 Lavigne DS AOBS.txt	2024 SSS Top 8 Jeff Lavigne DS AOBS
2024 SSS Top8 Lavigne LS Anakin Saga.txt	2024-sss-2024 SSS Top8 Lavigne LS Anakin Saga.txt	2024 SSS Top 8 Jeff Lavigne LS Anakin Saga
2024 SSS Top8 Lingrell DS Court.txt	2024-sss-2024 SSS Top8 Lingrell DS Court.txt	2024 SSS Top 8 Scott Lingrell DS Court
2024 SSS Top8 Lingrell LS ECCHLTWWv.txt	2024-sss-2024 SSS Top8 Lingrell LS ECCHLTWWv.txt	2024 SSS Top 8 Scott Lingrell LS ECCHLTWWv
2024 SSS Top8 MHT DS Thrawn.txt	2024-sss-2024 SSS Top8 MHT DS Thrawn.txt	2024 SSS Top 8 Matthew Harrison-Trainor DS Thrawn
2024 SSS Top8 MHT LS No Idea.txt	2024-sss-2024 SSS Top8 MHT LS No Idea.txt	2024 SSS Top 8 Matthew Harrison-Trainor LS No Idea
2024 SSS Top8 Reinhardt DS Walkers.txt	2024-sss-2024 SSS Top8 Reinhardt DS Walkers.txt	2024 SSS Top 8 Dennis Reinhardt DS Walkers
2024 SSS Top8 Reinhardt LS WHAP.txt	2024-sss-2024 SSS Top8 Reinhardt LS WHAP.txt	2024 SSS Top 8 Dennis Reinhardt LS WHAP
2024 SSS Top8 Tashima DS AOBS.txt	2024-sss-2024 SSS Top8 Tashima DS AOBS.txt	2024 SSS Top 8 Sam Tashima DS AOBS
2024 SSS Top8 Tashima LS QMC.txt	2024-sss-2024 SSS Top8 Tashima LS QMC.txt	2024 SSS Top 8 Sam Tashima LS QMC
2024 SSS Woods DS IE.txt	2024-sss-2024 SSS Woods DS IE.txt	2024 SSS David Woods DS IE
2024 SSS Woods LS No Idea.txt	2024-sss-2024 SSS Woods LS No Idea.txt	2024 SSS David Woods LS No Idea
23GEMPC7 F Kessling DS HD.txt	2023-gempc-23GEMPC7 F Kessling DS HD.txt	2023 GEMPC Top 8 Mike Kessling DS HD
23GEMPC7 F Kessling LS OA.txt	2023-gempc-23GEMPC7 F Kessling LS OA.txt	2023 GEMPC Top 8 Mike Kessling LS OA
23GEMPC7 F Strother DS Troopers.txt	2023-gempc-23GEMPC7 F Strother DS Troopers.txt	2023 GEMPC Top 8 Tom Strother DS Troopers
23GEMPC7 F Strother LS HB.txt	2023-gempc-23GEMPC7 F Strother LS HB.txt	2023 GEMPC Top 8 Tom Strother LS HB
23GEMPC7 QF Arlandson DS Invasion.txt	2023-gempc-23GEMPC7 QF Arlandson DS Invasion.txt	2023 GEMPC Quarterfinals Charlie Arlandson DS Invasion
23GEMPC7 QF Arlandson LS No Idea.txt	2023-gempc-23GEMPC7 QF Arlandson LS No Idea.txt	2023 GEMPC Quarterfinals Charlie Arlandson LS No Idea
23GEMPC7 QF Britain DS HDv.txt	2023-gempc-23GEMPC7 QF Britain DS HDv.txt	2023 GEMPC Quarterfinals Conor Britain DS HDv
23GEMPC7 QF Britain LS ObiComm.txt	2023-gempc-23GEMPC7 QF Britain LS ObiComm.txt	2023 GEMPC Quarterfinals Conor Britain LS ObiComm
23GEMPC7 QF Howard DS ROpsv.txt	2023-gempc-23GEMPC7 QF Howard DS ROpsv.txt	2023 GEMPC Quarterfinals Anthony Howard DS ROpsv
23GEMPC7 QF Kessling DS BHBM.txt	2023-gempc-23GEMPC7 QF Kessling DS BHBM.txt	2023 GEMPC Quarterfinals Mike Kessling DS BHBM
23GEMPC7 QF Kessling LS HITCO.txt	2023-gempc-23GEMPC7 QF Kessling LS HITCO.txt	2023 GEMPC Quarterfinals Mike Kessling LS HITCO
23GEMPC7 QF Olson DS Thrawn.txt	2023-gempc-23GEMPC7 QF Olson DS Thrawn.txt	2023 GEMPC Quarterfinals Joe Olson DS Thrawn
23GEMPC7 QF Olson LS YodaComm.txt	2023-gempc-23GEMPC7 QF Olson LS YodaComm.txt	2023 GEMPC Quarterfinals Joe Olson LS YodaComm
23GEMPC7 QF Quirin DS ROpsv.txt	2023-gempc-23GEMPC7 QF Quirin DS ROpsv.txt	2023 GEMPC Quarterfinals Quirin Fürgut DS ROpsv
23GEMPC7 QF Quirin LS ObiComm.txt	2023-gempc-23GEMPC7 QF Quirin LS ObiComm.txt	2023 GEMPC Quarterfinals Quirin Fürgut LS ObiComm
23GEMPC7 QF Shaw DS ROpsv.txt	2023-gempc-23GEMPC7 QF Shaw DS ROpsv.txt	2023 GEMPC Quarterfinals Greg Shaw DS ROpsv
23GEMPC7 QF Shaw LS ObiComm.txt	2023-gempc-23GEMPC7 QF Shaw LS ObiComm.txt	2023 GEMPC Quarterfinals Greg Shaw LS ObiComm
23GEMPC7 QF Stroher DS SSAv9s.txt	2023-gempc-23GEMPC7 QF Stroher DS SSAv9s.txt	2023 GEMPC Quarterfinals Tom Strother DS SSAv9s
23GEMPC7 QF Stroher LS LTWWvMains.txt	2023-gempc-23GEMPC7 QF Stroher LS LTWWvMains.txt	2023 GEMPC Quarterfinals Tom Strother LS LTWWvMains
23GEMPC7 SF Howard DS Senate.txt	2023-gempc-23GEMPC7 SF Howard DS Senate.txt	2023 GEMPC Semifinals Anthony Howard DS Senate
23GEMPC7 SF Howard LS Y4O.txt	2023-gempc-23GEMPC7 SF Howard LS Y4O.txt	2023 GEMPC Semifinals Anthony Howard LS Y4O
23GEMPC7 SF Kessling DS Invasion.txt	2023-gempc-23GEMPC7 SF Kessling DS Invasion.txt	2023 GEMPC Semifinals Mike Kessling DS Invasion
23GEMPC7 SF Kessling LS OA.txt	2023-gempc-23GEMPC7 SF Kessling LS OA.txt	2023 GEMPC Semifinals Mike Kessling LS OA
23GEMPC7 SF Quirin DS ROpsv.txt	2023-gempc-23GEMPC7 SF Quirin DS ROpsv.txt	2023 GEMPC Semifinals Quirin Fürgut DS ROpsv
23GEMPC7 SF Quirin DS TIGIH.txt	2023-gempc-23GEMPC7 SF Quirin DS TIGIH.txt	2023 GEMPC Semifinals Quirin Fürgut DS TIGIH
23GEMPC7 SF Stroher DS SSav9s.txt	2023-gempc-23GEMPC7 SF Stroher DS SSav9s.txt	2023 GEMPC Semifinals Tom Strother DS SSav9s
23GEMPC7 SF Stroher LS ZH.txt	2023-gempc-23GEMPC7 SF Stroher LS ZH.txt	2023 GEMPC Semifinals Tom Strother LS ZH
24 Eclipse Aaron Bott DS SYCFA.txt	2024-eclipse-24 Eclipse Aaron Bott DS SYCFA.txt	2024 Eclipse Aaron Bott DS SYCFA
24 Eclipse Aaron Bott LS Legend.txt	2024-eclipse-24 Eclipse Aaron Bott LS Legend.txt	2024 Eclipse Aaron Bott LS Legend
24 Eclipse Aasen DS SC.txt	2024-eclipse-24 Eclipse Aasen DS SC.txt	2024 Eclipse Phil Aasen DS SC
24 Eclipse Aasen LSHITCO.txt	2024-eclipse-24 Eclipse Aasen LSHITCO.txt	2024 Eclipse Phil Aasen LS HITCO
24 Eclipse Adam Bott DS SYCFA.txt	2024-eclipse-24 Eclipse Adam Bott DS SYCFA.txt	2024 Eclipse Adam Bott DS SYCFA
24 Eclipse Adam Bott LS HomeOne LTWW.txt	2024-eclipse-24 Eclipse Adam Bott LS HomeOne LTWW.txt	2024 Eclipse Adam Bott LS HomeOne LTWW
24 Eclipse Aldred DS SC.txt	2024-eclipse-24 Eclipse Aldred DS SC.txt	2024 Eclipse Cal Aldred DS SC
24 Eclipse Aldred LS QMC.txt	2024-eclipse-24 Eclipse Aldred LS QMC.txt	2024 Eclipse Cal Aldred LS QMC
24 Eclipse Alperstein DS ROTS Maul.txt	2024-eclipse-24 Eclipse Alperstein DS ROTS Maul.txt	2024 Eclipse Barry Alperstein DS ROTS Maul
24 Eclipse Alperstein LS Anakin Saga.txt	2024-eclipse-24 Eclipse Alperstein LS Anakin Saga.txt	2024 Eclipse Barry Alperstein LS Anakin Saga
24 Eclipse Apollo Chu DS BHBM.txt	2024-eclipse-24 Eclipse Apollo Chu DS BHBM.txt	2024 Eclipse Apollo Chu DS BHBM
24 Eclipse Apollo Chu LS ZH.txt	2024-eclipse-24 Eclipse Apollo Chu LS ZH.txt	2024 Eclipse Apollo Chu LS ZH
24 Eclipse Arlandson DS ISB.txt	2024-eclipse-24 Eclipse Arlandson DS ISB.txt	2024 Eclipse Charlie Arlandson DS ISB
24 Eclipse Arlandson LS MWYHL.txt	2024-eclipse-24 Eclipse Arlandson LS MWYHL.txt	2024 Eclipse Charlie Arlandson LS MWYHL
24 Eclipse Benji Chu DS Watto.txt	2024-eclipse-24 Eclipse Benji Chu DS Watto.txt	2024 Eclipse Benji Chu DS Watto
24 Eclipse Benji Chu LS ZH.txt	2024-eclipse-24 Eclipse Benji Chu LS ZH.txt	2024 Eclipse Benji Chu LS ZH
24 Eclipse Billings DS Court.txt	2024-eclipse-24 Eclipse Billings DS Court.txt	2024 Eclipse Mark Billings DS Court
24 Eclipse Billings LS Speeders.txt	2024-eclipse-24 Eclipse Billings LS Speeders.txt	2024 Eclipse Mark Billings LS Speeders
24 Eclipse Brentson DS Thrawn.txt	2024-eclipse-24 Eclipse Brentson DS Thrawn.txt	2024 Eclipse Steve Brentson DS Thrawn
24 Eclipse Brentson LS Old Allies.txt	2024-eclipse-24 Eclipse Brentson LS Old Allies.txt	2024 Eclipse Steve Brentson LS Old Allies
24 Eclipse Brown DS SC.txt	2024-eclipse-24 Eclipse Brown DS SC.txt	2024 Eclipse Keith Brown DS SC
24 Eclipse Brown LS WYS.txt	2024-eclipse-24 Eclipse Brown LS WYS.txt	2024 Eclipse Keith Brown LS WYS
24 Eclipse Butterworth DS AOBS.txt	2024-eclipse-24 Eclipse Butterworth DS AOBS.txt	2024 Eclipse Butterworth DS AOBS
24 Eclipse Butterworth LS HomeOne LTWW.txt	2024-eclipse-24 Eclipse Butterworth LS HomeOne LTWW.txt	2024 Eclipse Butterworth LS HomeOne LTWW
24 Eclipse C Kelly DS Court.txt	2024-eclipse-24 Eclipse C Kelly DS Court.txt	2024 Eclipse C Kelly DS Court
24 Eclipse C Kelly LS HITCO.txt	2024-eclipse-24 Eclipse C Kelly LS HITCO.txt	2024 Eclipse C Kelly LS HITCO
24 Eclipse Casey Anis DS Hunt Down.txt	2024-eclipse-24 Eclipse Casey Anis DS Hunt Down.txt	2024 Eclipse Casey Anis DS Hunt Down
24 Eclipse Casey Anis LS HITCO Day2.txt	2024-eclipse-24 Eclipse Casey Anis LS HITCO Day2.txt	2024 Eclipse Top 8 Casey Anis LS HITCO
24 Eclipse Casey Anis LS HITCO.txt	2024-eclipse-24 Eclipse Casey Anis LS HITCO.txt	2024 Eclipse Casey Anis LS HITCO
24 Eclipse Cellucci DS Thrawn.txt	2024-eclipse-24 Eclipse Cellucci DS Thrawn.txt	2024 Eclipse Stephen Cellucci DS Thrawn
24 Eclipse Cellucci LS QMC.txt	2024-eclipse-24 Eclipse Cellucci LS QMC.txt	2024 Eclipse Stephen Cellucci LS QMC
24 Eclipse Chris Kelly DS Court Day2.txt	2024-eclipse-24 Eclipse Chris Kelly DS Court Day2.txt	2024 Eclipse Top 8 Chris Kelly DS Court
24 Eclipse Chris Kelly LS Hitco Day2.txt	2024-eclipse-24 Eclipse Chris Kelly LS Hitco Day2.txt	2024 Eclipse Top 8 Chris Kelly LS Hitco
24 Eclipse Coggins DS Thrawn.txt	2024-eclipse-24 Eclipse Coggins DS Thrawn.txt	2024 Eclipse Paul Coggins DS Thrawn
24 Eclipse Coggins LS No Idea.txt	2024-eclipse-24 Eclipse Coggins LS No Idea.txt	2024 Eclipse Paul Coggins LS No Idea
24 Eclipse Eier DS Thrawn.txt	2024-eclipse-24 Eclipse Eier DS Thrawn.txt	2024 Eclipse Brad Eier DS Thrawn
24 Eclipse Eier LS NI.txt	2024-eclipse-24 Eclipse Eier LS NI.txt	2024 Eclipse Brad Eier LS NI
24 Eclipse Fred DS MKOS.txt	2024-eclipse-24 Eclipse Fred DS MKOS.txt	2024 Eclipse Brian Fred DS MKOS
24 Eclipse Fred LS QuiComm.txt	2024-eclipse-24 Eclipse Fred LS QuiComm.txt	2024 Eclipse Brian Fred LS QuiComm
24 Eclipse Groth DS Thrawn.txt	2024-eclipse-24 Eclipse Groth DS Thrawn.txt	2024 Eclipse Groth DS Thrawn
24 Eclipse Groth LS HITCO.txt	2024-eclipse-24 Eclipse Groth LS HITCO.txt	2024 Eclipse Groth LS HITCO
24 Eclipse HHunter DS ROTS Vader.txt	2024-eclipse-24 Eclipse HHunter DS ROTS Vader.txt	2024 Eclipse Hayes Hunter DS ROTS Vader
24 Eclipse HHunter LS QMC.txt	2024-eclipse-24 Eclipse HHunter LS QMC.txt	2024 Eclipse Hayes Hunter LS QMC
24 Eclipse Halman DS COTVG.txt	2024-eclipse-24 Eclipse Halman DS COTVG.txt	2024 Eclipse Kendall Halman DS COTVG
24 Eclipse Halman LS TIGIH.txt	2024-eclipse-24 Eclipse Halman LS TIGIH.txt	2024 Eclipse Kendall Halman LS TIGIH
24 Eclipse Hatoum DS Thrawn.txt	2024-eclipse-24 Eclipse Hatoum DS Thrawn.txt	2024 Eclipse AJ Hatoum DS Thrawn
24 Eclipse Hatoum LS WHAP.txt	2024-eclipse-24 Eclipse Hatoum LS WHAP.txt	2024 Eclipse AJ Hatoum LS WHAP
24 Eclipse Hayes Hunter LS QMC Day2.txt	2024-eclipse-24 Eclipse Hayes Hunter LS QMC Day2.txt	2024 Eclipse Top 8 Hayes Hunter LS QMC
24 Eclipse Jeff Lavigne DS HD Day2.txt	2024-eclipse-24 Eclipse Jeff Lavigne DS HD Day2.txt	2024 Eclipse Top 8 Jeff Lavigne DS HD
24 Eclipse Jeff Lavigne LS NI Day2.txt	2024-eclipse-24 Eclipse Jeff Lavigne LS NI Day2.txt	2024 Eclipse Top 8 Jeff Lavigne LS NI
24 Eclipse Justin Carulli DS MKOS Day2.txt	2024-eclipse-24 Eclipse Justin Carulli DS MKOS Day2.txt	2024 Eclipse Top 8 Justin Carulli DS MKOS
24 Eclipse Justin Carulli DS MKOS.txt	2024-eclipse-24 Eclipse Justin Carulli DS MKOS.txt	2024 Eclipse Justin Carulli DS MKOS
24 Eclipse Justin Carulli LS HITCO Day2.txt	2024-eclipse-24 Eclipse Justin Carulli LS HITCO Day2.txt	2024 Eclipse Top 8 Justin Carulli LS HITCO
24 Eclipse Justin Carulli LS ZH.txt	2024-eclipse-24 Eclipse Justin Carulli LS ZH.txt	2024 Eclipse Justin Carulli LS ZH
24 Eclipse Kessling DS SC.txt	2024-eclipse-24 Eclipse Kessling DS SC.txt	2024 Eclipse Mike Kessling DS SC
24 Eclipse Kessling LS WHAP.txt	2024-eclipse-24 Eclipse Kessling LS WHAP.txt	2024 Eclipse Mike Kessling LS WHAP
24 Eclipse Koenig DS CCT.txt	2024-eclipse-24 Eclipse Koenig DS CCT.txt	2024 Eclipse Karl Koenig DS CCT
24 Eclipse Koenig LS QMC.txt	2024-eclipse-24 Eclipse Koenig LS QMC.txt	2024 Eclipse Karl Koenig LS QMC
24 Eclipse Larson DS Combat.txt	2024-eclipse-24 Eclipse Larson DS Combat.txt	2024 Eclipse Garrett Larson DS Combat
24 Eclipse Larson LS Hitco.txt	2024-eclipse-24 Eclipse Larson LS Hitco.txt	2024 Eclipse Garrett Larson LS Hitco
24 Eclipse Lavigne DS Thrawn.txt	2024-eclipse-24 Eclipse Lavigne DS Thrawn.txt	2024 Eclipse Jeff Lavigne DS Thrawn
24 Eclipse Lavigne LS QMC.txt	2024-eclipse-24 Eclipse Lavigne LS QMC.txt	2024 Eclipse Jeff Lavigne LS QMC
24 Eclipse M Scott DS MKOS.txt	2024-eclipse-24 Eclipse Fred DS MKOS.txt	2024 Eclipse Brian Fred DS MKOS
24 Eclipse M Scott LS Quicomm.txt	2024-eclipse-24 Eclipse Fred LS QuiComm.txt	2024 Eclipse Brian Fred LS QuiComm
24 Eclipse Mike Kessling DS ISB Day2.txt	2024-eclipse-24 Eclipse Mike Kessling DS ISB Day2.txt	2024 Eclipse Top 8 Mike Kessling DS ISB
24 Eclipse Mike Kessling LS NI Day2.txt	2024-eclipse-24 Eclipse Mike Kessling LS NI Day2.txt	2024 Eclipse Top 8 Mike Kessling LS NI
24 Eclipse Morris DS Hunt Down.txt	2024-eclipse-24 Eclipse Morris DS Hunt Down.txt	2024 Eclipse Morris DS Hunt Down
24 Eclipse Morris LS HITCO.txt	2024-eclipse-24 Eclipse Morris LS HITCO.txt	2024 Eclipse Morris LS HITCO
24 Eclipse Olson DS Thrawn.txt	2024-eclipse-24 Eclipse Lavigne DS Thrawn.txt	2024 Eclipse Jeff Lavigne DS Thrawn
24 Eclipse Olson LS QMC.txt	2024-eclipse-24 Eclipse Lavigne LS QMC.txt	2024 Eclipse Jeff Lavigne LS QMC
24 Eclipse Partridge DS CCT.txt	2024-eclipse-24 Eclipse Partridge DS CCT.txt	2024 Eclipse Partridge DS CCT
24 Eclipse Partridge LS HITCO.txt	2024-eclipse-24 Eclipse Partridge LS HITCO.txt	2024 Eclipse Partridge LS HITCO
24 Eclipse Pistone DS CCT.txt	2024-eclipse-24 Eclipse Pistone DS CCT.txt	2024 Eclipse Pistone DS CCT
24 Eclipse Pistone LS No Idea.txt	2024-eclipse-24 Eclipse Pistone LS No Idea.txt	2024 Eclipse Pistone LS No Idea
24 Eclipse R Scott DS IE.txt	2024-eclipse-24 Eclipse R Scott DS IE.txt	2024 Eclipse R Scott DS IE
24 Eclipse R Scott LS MWYHL.txt	2024-eclipse-24 Eclipse R Scott LS MWYHL.txt	2024 Eclipse R Scott LS MWYHL
24 Eclipse Reinhardt DS ROTS Maul.txt	2024-eclipse-24 Eclipse Reinhardt DS ROTS Maul.txt	2024 Eclipse Dennis Reinhardt DS ROTS Maul
24 Eclipse Reinhardt LS HITCO.txt	2024-eclipse-24 Eclipse Reinhardt LS HITCO.txt	2024 Eclipse Dennis Reinhardt LS HITCO
24 Eclipse Riendeau DS Thrawn.txt	2024-eclipse-24 Eclipse Riendeau DS Thrawn.txt	2024 Eclipse Jason Riendeau DS Thrawn
24 Eclipse Riendeau LS QMC.txt	2024-eclipse-24 Eclipse Riendeau LS QMC.txt	2024 Eclipse Jason Riendeau LS QMC
24 Eclipse Sam Tashima DS RotsMaul Day2.txt	2024-eclipse-24 Eclipse Sam Tashima DS RotsMaul Day2.txt	2024 Eclipse Top 8 Sam Tashima DS RotsMaul
24 Eclipse Sam Tashima LS HB Day2.txt	2024-eclipse-24 Eclipse Sam Tashima LS HB Day2.txt	2024 Eclipse Top 8 Sam Tashima LS HB
24 Eclipse Santosuosso DS TTO.txt	2024-eclipse-24 Eclipse Santosuosso DS TTO.txt	2024 Eclipse Thomas Santosuosso DS TTO
24 Eclipse Santosuosso LS EBO.txt	2024-eclipse-24 Eclipse Santosuosso LS EBO.txt	2024 Eclipse Thomas Santosuosso LS EBO
24 Eclipse Shaw DS SC.txt	2024-eclipse-24 Eclipse Shaw DS SC.txt	2024 Eclipse Greg Shaw DS SC
24 Eclipse Shaw LS HITCO.txt	2024-eclipse-24 Eclipse Shaw LS HITCO.txt	2024 Eclipse Greg Shaw LS HITCO
24 Eclipse Squirlock DS ROTS Maul.txt	2024-eclipse-24 Eclipse Squirlock DS ROTS Maul.txt	2024 Eclipse Stephen Squirlock DS ROTS Maul
24 Eclipse Squirlock LS Luke Saga.txt	2024-eclipse-24 Eclipse Squirlock LS Luke Saga.txt	2024 Eclipse Stephen Squirlock LS Luke Saga
24 Eclipse Stephen Cellucci DS Thrawn Day2.txt	2024-eclipse-24 Eclipse Stephen Cellucci DS Thrawn Day2.txt	2024 Eclipse Top 8 Stephen Cellucci DS Thrawn
24 Eclipse Stephen Cellucci LS QMC Day2.txt	2024-eclipse-24 Eclipse Stephen Cellucci LS QMC Day2.txt	2024 Eclipse Top 8 Stephen Cellucci LS QMC
24 Eclipse Tartaglione DS AOBS.txt	2024-eclipse-24 Eclipse Tartaglione DS AOBS.txt	2024 Eclipse Dan Tartaglione DS AOBS
24 Eclipse Tartaglione LS Zero Hour.txt	2024-eclipse-24 Eclipse Tartaglione LS Zero Hour.txt	2024 Eclipse Dan Tartaglione LS Zero Hour
24 Eclipse Tashima DS SC.txt	2024-eclipse-24 Eclipse Tashima DS SC.txt	2024 Eclipse Sam Tashima DS SC
24 Eclipse Tashima LS QMC.txt	2024-eclipse-24 Eclipse Tashima LS QMC.txt	2024 Eclipse Sam Tashima LS QMC
24 Eclipse Thornton DS Court.txt	2024-eclipse-24 Eclipse Thornton DS Court.txt	2024 Eclipse Matt Thornton DS Court
24 Eclipse Thornton LS MWYHL.txt	2024-eclipse-24 Eclipse Thornton LS MWYHL.txt	2024 Eclipse Matt Thornton LS MWYHL
24 Eclipse Turner DS CCT.txt	2024-eclipse-24 Eclipse Turner DS CCT.txt	2024 Eclipse Mike Turner DS CCT
24 Eclipse Turner LS NI.txt	2024-eclipse-24 Eclipse Turner LS NI.txt	2024 Eclipse Mike Turner LS NI
24 Eclipse Veasey DS Watto.txt	2024-eclipse-24 Eclipse Veasey DS Watto.txt	2024 Eclipse John Veasey DS Watto
24 Eclipse Veasey LS QMC.txt	2024-eclipse-24 Eclipse Veasey LS QMC.txt	2024 Eclipse John Veasey LS QMC
24 Eclipse Wirfs DS CCT.txt	2024-eclipse-24 Eclipse Wirfs DS CCT.txt	2024 Eclipse Chris Wirfs DS CCT
24 Eclipse Wirfs LS WYS.txt	2024-eclipse-24 Eclipse Wirfs LS WYS.txt	2024 Eclipse Chris Wirfs LS WYS
24NAC Aasen DS ROTS Maul.txt	2024-nac-24NAC Aasen DS ROTS Maul.txt	2024 NAC Phil Aasen DS ROTS Maul
24NAC Aasen LS HITCO.txt	2024-nac-24NAC Aasen LS HITCO.txt	2024 NAC Phil Aasen LS HITCO
24NAC Anis DS Hunt Down.txt	2024-nac-24NAC Anis DS Hunt Down.txt	2024 NAC Casey Anis DS Hunt Down
24NAC Anis LS HITCO.txt	2024-nac-24NAC Anis LS HITCO.txt	2024 NAC Casey Anis LS HITCO
24NAC Avery DS MAP.txt	2024-nac-24NAC Avery DS MAP.txt	2024 NAC Brian Avery DS MAP
24NAC Avery LS Home One LTWWv.txt	2024-nac-24NAC Avery LS Home One LTWWv.txt	2024 NAC Brian Avery LS Home One LTWWv
24NAC Banger DS ROTS Maul.txt	2024-nac-24NAC Banger DS ROTS Maul.txt	2024 NAC Amar Banger DS ROTS Maul
24NAC Banger LS Diplo.txt	2024-nac-24NAC Banger LS Diplo.txt	2024 NAC Amar Banger LS Diplo
24NAC Bolletino DS CCT.txt	2024-nac-24NAC Bolletino DS CCT.txt	2024 NAC Bolletino DS CCT
24NAC Bolletino LS Diplo.txt	2024-nac-24NAC Bolletino LS Diplo.txt	2024 NAC Bolletino LS Diplo
24NAC Brentson DS MKOS.txt	2024-nac-24NAC Brentson DS MKOS.txt	2024 NAC Steve Brentson DS MKOS
24NAC Brentson LS WYS.txt	2024-nac-24NAC Brentson LS WYS.txt	2024 NAC Steve Brentson LS WYS
24NAC Chu LS TIGIH.txt	2024-nac-24NAC Chu LS TIGIH.txt	2024 NAC Jonny Chu LS TIGIH
24NAC ChuB DS SYCFA.txt	2024-nac-24NAC ChuB DS SYCFA.txt	2024 NAC ChuB DS SYCFA
24NAC ChuB LS Home One LTWWv.txt	2024-nac-24NAC ChuB LS Home One LTWWv.txt	2024 NAC ChuB LS Home One LTWWv
24NAC ChuJ DS Watto.txt	2024-nac-24NAC ChuJ DS Watto.txt	2024 NAC ChuJ DS Watto
24NAC Cullen DS Thrawn.txt	2024-nac-24NAC Cullen DS Thrawn.txt	2024 NAC Wayne Cullen DS Thrawn
24NAC Cullen LS WHAP.txt	2024-nac-24NAC Cullen LS WHAP.txt	2024 NAC Wayne Cullen LS WHAP
24NAC Fred DS MKOS.txt	2024-nac-24NAC Fred DS MKOS.txt	2024 NAC Brian Fred DS MKOS
24NAC Fred LS WYS.txt	2024-nac-24NAC Fred LS WYS.txt	2024 NAC Brian Fred LS WYS
24NAC Gogolen DS Walkers.txt	2024-nac-24NAC Gogolen DS Walkers.txt	2024 NAC Chris Gogolen DS Walkers
24NAC Gogolen LS WYS.txt	2024-nac-24NAC Gogolen LS WYS.txt	2024 NAC Chris Gogolen LS WYS
24NAC Hatoum DS SC.txt	2024-nac-24NAC Hatoum DS SC.txt	2024 NAC AJ Hatoum DS SC
24NAC Hatoum LS WHAP.txt	2024-nac-24NAC Hatoum LS WHAP.txt	2024 NAC AJ Hatoum LS WHAP
24NAC Hawbaker DS Thrawn.txt	2024-nac-24NAC Hawbaker DS Thrawn.txt	2024 NAC Erich Hawbaker DS Thrawn
24NAC Hawbaker LS Yoda Comm.txt	2024-nac-24NAC Hawbaker LS Yoda Comm.txt	2024 NAC Erich Hawbaker LS Yoda Comm
24NAC Horbey DS ROTS MAUL.txt	2024-nac-24NAC Horbey DS ROTS MAUL.txt	2024 NAC Joe Horbey DS ROTS MAUL
24NAC Horbey LS ANAKIN SAGA.txt	2024-nac-24NAC Horbey LS ANAKIN SAGA.txt	2024 NAC Joe Horbey LS ANAKIN SAGA
24NAC HunterE DS ROTS Maul.txt	2024-nac-24NAC HunterE DS ROTS Maul.txt	2024 NAC HunterE DS ROTS Maul
24NAC HunterE LS QMC.txt	2024-nac-24NAC HunterE LS QMC.txt	2024 NAC HunterE LS QMC
24NAC Jellison DS ISB.txt	2024-nac-24NAC Jellison DS ISB.txt	2024 NAC Ryan Jellison DS ISB
24NAC Jellison LS AiTC.txt	2024-nac-24NAC Jellison LS AiTC.txt	2024 NAC Ryan Jellison LS AiTC
24NAC Johnson DS Court.txt	2024-nac-24NAC Johnson DS Court.txt	2024 NAC Patrick Johnson DS Court
24NAC Johnson LS HITCO.txt	2024-nac-24NAC Johnson LS HITCO.txt	2024 NAC Patrick Johnson LS HITCO
24NAC Kafer DS ROTS Vader.txt	2024-nac-24NAC Kafer DS ROTS Vader.txt	2024 NAC Bill Kafer DS ROTS Vader
24NAC Kafer LS Zero Hour.txt	2024-nac-24NAC Kafer LS Zero Hour.txt	2024 NAC Bill Kafer LS Zero Hour
24NAC KellyC DS ROTS Vader.txt	2024-nac-24NAC KellyC DS ROTS Vader.txt	2024 NAC KellyC DS ROTS Vader
24NAC KellyC LS Luke Saga.txt	2024-nac-24NAC KellyC LS Luke Saga.txt	2024 NAC KellyC LS Luke Saga
24NAC Konsker DS ROTS Vader.txt	2024-nac-24NAC Konsker DS ROTS Vader.txt	2024 NAC Jarad Konsker DS ROTS Vader
24NAC Konsker LS Anakin Saga.txt	2024-nac-24NAC Konsker LS Anakin Saga.txt	2024 NAC Jarad Konsker LS Anakin Saga
24NAC Lauer DS Thrawn.txt	2024-nac-24NAC Lauer DS Thrawn.txt	2024 NAC Lauer DS Thrawn
24NAC Lauer LS QMC.txt	2024-nac-24NAC Lauer LS QMC.txt	2024 NAC Lauer LS QMC
24NAC Lavigne DS ROTS Maul.txt	2024-nac-24NAC Lavigne DS ROTS Maul.txt	2024 NAC Jeff Lavigne DS ROTS Maul
24NAC Lavigne LS HITCO.txt	2024-nac-24NAC Lavigne LS HITCO.txt	2024 NAC Jeff Lavigne LS HITCO
24NAC Napolitano DS HDv.txt	2024-nac-24NAC Napolitano DS HDv.txt	2024 NAC Napolitano DS HDv
24NAC Napolitano LS WHAP.txt	2024-nac-24NAC Napolitano LS WHAP.txt	2024 NAC Napolitano LS WHAP
24NAC Nguyen LS Anakin Saga.txt	2024-nac-24NAC Nguyen LS Anakin Saga.txt	2024 NAC Brandon Nguyen LS Anakin Saga
24NAC OlsonJ DS ROTS Maul.txt	2024-nac-24NAC Lavigne DS ROTS Maul.txt	2024 NAC Jeff Lavigne DS ROTS Maul
24NAC OlsonJ LS HITCO.txt	2024-nac-24NAC Lavigne LS HITCO.txt	2024 NAC Jeff Lavigne LS HITCO
24NAC OlsonS DS ROTS Vader.txt	2024-nac-24NAC OlsonS DS ROTS Vader.txt	2024 NAC OlsonS DS ROTS Vader
24NAC OlsonS LS HITCO.txt	2024-nac-24NAC OlsonS LS HITCO.txt	2024 NAC OlsonS LS HITCO
24NAC Pietig DS Hunt Down.txt	2024-nac-24NAC Pietig DS Hunt Down.txt	2024 NAC Logan Pietig DS Hunt Down
24NAC Pietig LS Luke Saga.txt	2024-nac-24NAC Pietig LS Luke Saga.txt	2024 NAC Logan Pietig LS Luke Saga
24NAC Pinto DS Walkers.txt	2024-nac-24NAC Pinto DS Walkers.txt	2024 NAC Joe Pinto DS Walkers
24NAC Pinto LS Zero Hour.txt	2024-nac-24NAC Pinto LS Zero Hour.txt	2024 NAC Joe Pinto LS Zero Hour
24NAC Pistone DS ROTS Maul.txt	2024-nac-24NAC Pistone DS ROTS Maul.txt	2024 NAC Pistone DS ROTS Maul
24NAC Pistone LS WHAP.txt	2024-nac-24NAC Pistone LS WHAP.txt	2024 NAC Pistone LS WHAP
24NAC Sammartano DS BHBM.txt	2024-nac-24NAC Sammartano DS BHBM.txt	2024 NAC Sammartano DS BHBM
24NAC Sammartano LS QMC.txt	2024-nac-24NAC Sammartano LS QMC.txt	2024 NAC Sammartano LS QMC
24NAC Santosuosso DS ROTS Maul.txt	2024-nac-24NAC Santosuosso DS ROTS Maul.txt	2024 NAC Thomas Santosuosso DS ROTS Maul
24NAC Santosuosso LS WYS.txt	2024-nac-24NAC Santosuosso LS WYS.txt	2024 NAC Thomas Santosuosso LS WYS
24NAC Sarachan DS Hunt Down.txt	2024-nac-24NAC Sarachan DS Hunt Down.txt	2024 NAC Sarachan DS Hunt Down
24NAC Sarachan LS Anakin Saga.txt	2024-nac-24NAC Sarachan LS Anakin Saga.txt	2024 NAC Sarachan LS Anakin Saga
24NAC ScottM DS MKOS.txt	2024-nac-24NAC Fred DS MKOS.txt	2024 NAC Brian Fred DS MKOS
24NAC ScottM LS WYS.txt	2024-nac-24NAC Fred LS WYS.txt	2024 NAC Brian Fred LS WYS
24NAC ScottR DS HD.txt	2024-nac-24NAC ScottR DS HD.txt	2024 NAC ScottR DS HD
24NAC ScottR LS WYS.txt	2024-nac-24NAC ScottR LS WYS.txt	2024 NAC ScottR LS WYS
24NAC Shaw DS ROTS Vader.txt	2024-nac-24NAC Shaw DS ROTS Vader.txt	2024 NAC Greg Shaw DS ROTS Vader
24NAC Shaw LS Zero Hour.txt	2024-nac-24NAC Shaw LS Zero Hour.txt	2024 NAC Greg Shaw LS Zero Hour
24NAC Silkwood DS ISB.txt	2024-nac-24NAC Silkwood DS ISB.txt	2024 NAC Blake Silkwood DS ISB
24NAC Silkwood LS HITCO.txt	2024-nac-24NAC Silkwood LS HITCO.txt	2024 NAC Blake Silkwood LS HITCO
24NAC Sokol DS EndorOps.txt	2024-nac-24NAC Sokol DS EndorOps.txt	2024 NAC Matt Sokol DS EndorOps
24NAC Sokol LS WHAP.txt	2024-nac-24NAC Sokol LS WHAP.txt	2024 NAC Matt Sokol LS WHAP
24NAC Swedal DS Thrawn.txt	2024-nac-24NAC Swedal DS Thrawn.txt	2024 NAC Nick Swedal DS Thrawn
24NAC Swedal LS MWYHL.txt	2024-nac-24NAC Swedal LS MWYHL.txt	2024 NAC Nick Swedal LS MWYHL
24NAC T8 Aasen DS BHBM.txt	2024-nac-t8-24NAC T8 Aasen DS BHBM.txt	2024 NAC Top 8 Phil Aasen DS BHBM
24NAC T8 Aasen LS OA.txt	2024-nac-t8-24NAC T8 Aasen LS OA.txt	2024 NAC Top 8 Phil Aasen LS OA
24NAC T8 Fred DS ISB.txt	2024-nac-t8-24NAC T8 Fred DS ISB.txt	2024 NAC Top 8 Brian Fred DS ISB
24NAC T8 Fred LS OA.txt	2024-nac-t8-24NAC T8 Fred LS OA.txt	2024 NAC Top 8 Brian Fred LS OA
24NAC T8 Gogolen DS Walkers.txt	2024-nac-t8-24NAC T8 Gogolen DS Walkers.txt	2024 NAC Top 8 Chris Gogolen DS Walkers
24NAC T8 Gogolen LS HITCO.txt	2024-nac-t8-24NAC T8 Gogolen LS HITCO.txt	2024 NAC Top 8 Chris Gogolen LS HITCO
24NAC T8 Kafer DS ROTS Vader.txt	2024-nac-t8-24NAC T8 Kafer DS ROTS Vader.txt	2024 NAC Top 8 Bill Kafer DS ROTS Vader
24NAC T8 Kafer LS ZH.txt	2024-nac-t8-24NAC T8 Kafer LS ZH.txt	2024 NAC Top 8 Bill Kafer LS ZH
24NAC T8 OlsonJ DS SC.txt	2024-nac-t8-24NAC T8 OlsonJ DS SC.txt	2024 NAC Top 8 OlsonJ DS SC
24NAC T8 OlsonJ LS HITCO.txt	2024-nac-t8-24NAC T8 OlsonJ LS HITCO.txt	2024 NAC Top 8 OlsonJ LS HITCO
24NAC T8 Shaw DS ROTS Vader.txt	2024-nac-t8-24NAC T8 Shaw DS ROTS Vader.txt	2024 NAC Top 8 Greg Shaw DS ROTS Vader
24NAC T8 Shaw LS Profit.txt	2024-nac-t8-24NAC T8 Shaw LS Profit.txt	2024 NAC Top 8 Greg Shaw LS Profit
24NAC T8 Sokol DS AoBS.txt	2024-nac-t8-24NAC T8 Sokol DS AoBS.txt	2024 NAC Top 8 Matt Sokol DS AoBS
24NAC T8 Sokol LS Anakin Saga.txt	2024-nac-t8-24NAC T8 Sokol LS Anakin Saga.txt	2024 NAC Top 8 Matt Sokol LS Anakin Saga
24NAC T8 Tashima DS ISB.txt	2024-nac-t8-24NAC T8 Tashima DS ISB.txt	2024 NAC Top 8 Sam Tashima DS ISB
24NAC T8 Tashima LS Profit.txt	2024-nac-t8-24NAC T8 Tashima LS Profit.txt	2024 NAC Top 8 Sam Tashima LS Profit
24NAC Tashima DS ROTS Maul.txt	2024-nac-24NAC Tashima DS ROTS Maul.txt	2024 NAC Sam Tashima DS ROTS Maul
24NAC Tashima LS QMC.txt	2024-nac-24NAC Tashima LS QMC.txt	2024 NAC Sam Tashima LS QMC
24NAC Wadden DS Thrawn.txt	2024-nac-24NAC Wadden DS Thrawn.txt	2024 NAC Matt Wadden DS Thrawn
24NAC Wadden LS HITCO.txt	2024-nac-24NAC Wadden LS HITCO.txt	2024 NAC Matt Wadden LS HITCO
24NAC Walseth DS ISB.txt	2024-nac-24NAC Walseth DS ISB.txt	2024 NAC Mark Walseth DS ISB
24NAC Walseth LS Y4O.txt	2024-nac-24NAC Walseth LS Y4O.txt	2024 NAC Mark Walseth LS Y4O
24NAC WestergardC DS Map.txt	2024-nac-24NAC WestergardC DS Map.txt	2024 NAC WestergardC DS Map
24NAC WestergardC LS WYS.txt	2024-nac-24NAC WestergardC LS WYS.txt	2024 NAC WestergardC LS WYS
24NAC WestergardJ DS HothCrv.txt	2024-nac-24NAC WestergardJ DS HothCrv.txt	2024 NAC Chris Westergard DS HothCrv
24NAC WestergardJ LS QMC.txt	2024-nac-24NAC WestergardJ LS QMC.txt	2024 NAC Chris Westergard LS QMC
24NAC Wirfs DS BHBM.txt	2024-nac-24NAC Wirfs DS BHBM.txt	2024 NAC Chris Wirfs DS BHBM
24NAC Wirfs LS HITCO.txt	2024-nac-24NAC Wirfs LS HITCO.txt	2024 NAC Chris Wirfs LS HITCO
24NAC d'Amboise DS Endor Ops.txt	2024-nac-24NAC d'Amboise DS Endor Ops.txt	2024 NAC d'Amboise DS Endor Ops
24NAC d'Amboise LS WHAP.txt	2024-nac-24NAC d'Amboise LS WHAP.txt	2024 NAC d'Amboise LS WHAP
24Retro Chu DS AOBS.txt	2024-retro-24Retro Chu DS AOBS.txt	2024 Charity Jonny Chu DS AOBS
24Retro Chu LS TIGIH.txt	2024-retro-24Retro Chu LS TIGIH.txt	2024 Charity Jonny Chu LS TIGIH
24Retro Feldman DS BHBM.txt	2024-retro-24Retro Feldman DS BHBM.txt	2024 Charity Paul Todd Feldman DS BHBM
24Retro Feldman LS HB.txt	2024-retro-24Retro Feldman LS HB.txt	2024 Charity Paul Todd Feldman LS HB
24Retro Garcia DS HD.txt	2024-retro-24Retro Garcia DS HD.txt	2024 Charity David Garcia DS HD
24Retro Garcia LS QMC.txt	2024-retro-24Retro Garcia LS QMC.txt	2024 Charity David Garcia LS QMC
24Retro Horbey DS TDIGWATT.txt	2024-retro-24Retro Horbey DS TDIGWATT.txt	2024 Charity Joe Horbey DS TDIGWATT
24Retro Horbey LS RST.txt	2024-retro-24Retro Horbey LS RST.txt	2024 Charity Joe Horbey LS RST
24Retro Kippel DS HD.txt	2024-retro-24Retro Kippel DS HD.txt	2024 Charity Brad Kippel DS HD
24Retro Kippel LS WYS.txt	2024-retro-24Retro Kippel LS WYS.txt	2024 Charity Brad Kippel LS WYS
24Retro Lima DS HD.txt	2024-retro-24Retro Lima DS HD.txt	2024 Charity Lima DS HD
24Retro Lima LS TRM.txt	2024-retro-24Retro Lima LS TRM.txt	2024 Charity Lima LS TRM
24Retro Pistone DS BHBM.txt	2024-retro-24Retro Pistone DS BHBM.txt	2024 Charity Pistone DS BHBM
24Retro Pistone LS WYS.txt	2024-retro-24Retro Pistone LS WYS.txt	2024 Charity Pistone LS WYS
24Retro Szwabowski DS AOBS.txt	2024-retro-24Retro Szwabowski DS AOBS.txt	2024 Charity Szwabowski DS AOBS
24Retro Szwabowski LS Shuffle.txt	2024-retro-24Retro Szwabowski LS Shuffle.txt	2024 Charity Szwabowski LS Shuffle
24Worlds Alperstein DS Watto.txt	2024-worlds-24Worlds Alperstein DS Watto.txt	2024 Worlds Barry Alperstein DS Watto
24Worlds Alperstein LS WYS.txt	2024-worlds-24Worlds Alperstein LS WYS.txt	2024 Worlds Barry Alperstein LS WYS
24Worlds Anis DS Hunt Down.txt	2024-worlds-24Worlds Anis DS Hunt Down.txt	2024 Worlds Casey Anis DS Hunt Down
24Worlds Anis LS HITCO.txt	2024-worlds-24Worlds Anis LS HITCO.txt	2024 Worlds Casey Anis LS HITCO
24Worlds Benkert Holtet DS MKOS.txt	2024-worlds-24Worlds Benkert Holtet DS MKOS.txt	2024 Worlds Jon Benkert Holtet DS MKOS
24Worlds Benkert Holtet LS ZH.txt	2024-worlds-24Worlds Benkert Holtet LS ZH.txt	2024 Worlds Jon Benkert Holtet LS ZH
24Worlds Birgander DS HD.txt	2024-worlds-24Worlds Birgander DS HD.txt	2024 Worlds Birgander DS HD
24Worlds Birgander LS HITCO.txt	2024-worlds-24Worlds Birgander LS HITCO.txt	2024 Worlds Birgander LS HITCO
24Worlds Britain DS Walkers.txt	2024-worlds-24Worlds Britain DS Walkers.txt	2024 Worlds Conor Britain DS Walkers
24Worlds Britain LS No Idea.txt	2024-worlds-24Worlds Britain LS No Idea.txt	2024 Worlds Conor Britain LS No Idea
24Worlds Consoli DS ROTS Maul.txt	2024-worlds-24Worlds Consoli DS ROTS Maul.txt	2024 Worlds Angelo Consoli DS ROTS Maul
24Worlds Consoli LS Diplo.txt	2024-worlds-24Worlds Consoli LS Diplo.txt	2024 Worlds Angelo Consoli LS Diplo
24Worlds Csapi DS Walkers.txt	2024-worlds-24Worlds Csapi DS Walkers.txt	2024 Worlds Patrik Csapi DS Walkers
24Worlds Csapi LS Diplo.txt	2024-worlds-24Worlds Csapi LS Diplo.txt	2024 Worlds Patrik Csapi LS Diplo
24Worlds Damen DS ROTS Vader.txt	2024-worlds-24Worlds Damen DS ROTS Vader.txt	2024 Worlds Tom Damen DS ROTS Vader
24Worlds Damen LS HITCO.txt	2024-nac-24NAC Lavigne LS HITCO.txt	2024 NAC Jeff Lavigne LS HITCO
24Worlds Dusel DS Thrawn.txt	2024-worlds-24Worlds Dusel DS Thrawn.txt	2024 Worlds Timo Dusel DS Thrawn
24Worlds Dusel LS Zero Hour.txt	2024-worlds-24Worlds Dusel LS Zero Hour.txt	2024 Worlds Timo Dusel LS Zero Hour
24Worlds EHunter DS MKOS.txt	2024-worlds-24Worlds EHunter DS MKOS.txt	2024 Worlds Eric Hunter DS MKOS
24Worlds EHunter LS QMC.txt	2024-worlds-24Worlds EHunter LS QMC.txt	2024 Worlds Eric Hunter LS QMC
24Worlds Edwards DS ROTS Maul.txt	2024-worlds-24Worlds Edwards DS ROTS Maul.txt	2024 Worlds Edwards DS ROTS Maul
24Worlds Edwards LS HITCO.txt	2024-worlds-24Worlds Edwards LS HITCO.txt	2024 Worlds Edwards LS HITCO
24Worlds Eier DS ROTS Maul.txt	2024-worlds-24Worlds Eier DS ROTS Maul.txt	2024 Worlds Brad Eier DS ROTS Maul
24Worlds Eier LS No Idea.txt	2024-worlds-24Worlds Eier LS No Idea.txt	2024 Worlds Brad Eier LS No Idea
24Worlds Fred DS MKOS.txt	2024-worlds-24Worlds Fred DS MKOS.txt	2024 Worlds Brian Fred DS MKOS
24Worlds Fred LS WYS.txt	2024-worlds-24Worlds Fred LS WYS.txt	2024 Worlds Brian Fred LS WYS
24Worlds Fürgut DS ROTS Maul.txt	2024-worlds-24Worlds Fürgut DS ROTS Maul.txt	2024 Worlds Quirin Fürgut DS ROTS Maul
24Worlds Fürgut LS HITCO.txt	2024-worlds-24Worlds Fürgut LS HITCO.txt	2024 Worlds Quirin Fürgut LS HITCO
24Worlds Gabor DS EOps.txt	2024-worlds-24Worlds Gabor DS EOps.txt	2024 Worlds Gabor DS EOps
24Worlds Gabor LS Zero Hour.txt	2024-worlds-24Worlds Gabor LS Zero Hour.txt	2024 Worlds Gabor LS Zero Hour
24Worlds George DS AOBS.txt	2024-worlds-24Worlds George DS AOBS.txt	2024 Worlds George DS AOBS
24Worlds George LS Luke Saga.txt	2024-worlds-24Worlds George LS Luke Saga.txt	2024 Worlds George LS Luke Saga
24Worlds HHunter DS ROTS Maul.txt	2024-worlds-24Worlds HHunter DS ROTS Maul.txt	2024 Worlds Hayes Hunter DS ROTS Maul
24Worlds HHunter LS QMC.txt	2024-worlds-24Worlds HHunter LS QMC.txt	2024 Worlds Hayes Hunter LS QMC
24Worlds Haede DS BHBM.txt	2024-worlds-24Worlds Haede DS BHBM.txt	2024 Worlds Enno Haede DS BHBM
24Worlds Haede LS HITCO.txt	2024-worlds-24Worlds Haede LS HITCO.txt	2024 Worlds Enno Haede LS HITCO
24Worlds Hagen Noerregaard DS Walkers.txt	2024-worlds-24Worlds Hagen Noerregaard DS Walkers.txt	2024 Worlds Jonas Hagen Nørregaard DS Walkers
24Worlds Hagen Noerregaard LS WHAP.txt	2024-worlds-24Worlds Hagen Noerregaard LS WHAP.txt	2024 Worlds Jonas Hagen Nørregaard LS WHAP
24Worlds Hatoum DS Thrawn.txt	2024-worlds-24Worlds Hatoum DS Thrawn.txt	2024 Worlds AJ Hatoum DS Thrawn
24Worlds Hatoum LS ZH.txt	2024-worlds-24Worlds Hatoum LS ZH.txt	2024 Worlds AJ Hatoum LS ZH
24Worlds Hendon DS Map.txt	2024-worlds-24Worlds Hendon DS Map.txt	2024 Worlds Robbie Hendon DS Map
24Worlds Hendon LS WHAP.txt	2024-worlds-24Worlds Hendon LS WHAP.txt	2024 Worlds Robbie Hendon LS WHAP
24Worlds JSmith DS BHBM.txt	2024-worlds-24Worlds JSmith DS BHBM.txt	2024 Worlds Jacy Smith DS BHBM
24Worlds JSmith LS Anakin Saga.txt	2024-worlds-24Worlds JSmith LS Anakin Saga.txt	2024 Worlds Jacy Smith LS Anakin Saga
24Worlds Jaap DS ISB.txt	2024-worlds-24Worlds Jaap DS ISB.txt	2024 Worlds Kevin Jaap DS ISB
24Worlds Jaap LS RTPv.txt	2024-worlds-24Worlds Jaap LS RTPv.txt	2024 Worlds Kevin Jaap LS RTPv
24Worlds Jakubowski DS AOBS.txt	2024-worlds-24Worlds Jakubowski DS AOBS.txt	2024 Worlds Jonas Jakubowski DS AOBS
24Worlds Jakubowski LS Diplo.txt	2024-worlds-24Worlds Jakubowski LS Diplo.txt	2024 Worlds Jonas Jakubowski LS Diplo
24Worlds Jorgensen DS MKOS.txt	2024-worlds-24Worlds Jorgensen DS MKOS.txt	2024 Worlds Casper Jørgensen DS MKOS
24Worlds Jorgensen LS HITCO.txt	2024-worlds-24Worlds Jorgensen LS HITCO.txt	2024 Worlds Casper Jørgensen LS HITCO
24Worlds Kessling DS ROTS Vader.txt	2024-worlds-24Worlds Kessling DS ROTS Vader.txt	2024 Worlds Mike Kessling DS ROTS Vader
24Worlds Kessling LS WHAP.txt	2024-worlds-24Worlds Kessling LS WHAP.txt	2024 Worlds Mike Kessling LS WHAP
24Worlds Koenig DS ROTS Maul.txt	2024-worlds-24Worlds Koenig DS ROTS Maul.txt	2024 Worlds Karl Koenig DS ROTS Maul
24Worlds Koenig LS Anakin.txt	2024-worlds-24Worlds Koenig LS Anakin.txt	2024 Worlds Karl Koenig LS Anakin
24Worlds Lingrell DS Court.txt	2024-worlds-24Worlds Lingrell DS Court.txt	2024 Worlds Scott Lingrell DS Court
24Worlds Lingrell LS Chirpa.txt	2024-worlds-24Worlds Lingrell LS Chirpa.txt	2024 Worlds Scott Lingrell LS Chirpa
24Worlds Mackin DS Hunt Down.txt	2024-worlds-24Worlds Mackin DS Hunt Down.txt	2024 Worlds Sean Mackin DS Hunt Down
24Worlds Mackin LS HITCO.txt	2024-worlds-24Worlds Mackin LS HITCO.txt	2024 Worlds Sean Mackin LS HITCO
24Worlds Meijssen DS ISB.txt	2024-worlds-24Worlds Meijssen DS ISB.txt	2024 Worlds Koen Meijssen DS ISB
24Worlds Meijssen LS ZH.txt	2024-worlds-24Worlds Meijssen LS ZH.txt	2024 Worlds Koen Meijssen LS ZH
24Worlds Menzel DS Hunt Down.txt	2024-worlds-24Worlds Menzel DS Hunt Down.txt	2024 Worlds Chris Menzel DS Hunt Down
24Worlds Menzel LS Y4O.txt	2024-worlds-24Worlds Menzel LS Y4O.txt	2024 Worlds Chris Menzel LS Y4O
24Worlds Moorley DS ROTS Vader.txt	2024-worlds-24Worlds Moorley DS ROTS Vader.txt	2024 Worlds John Moorley DS ROTS Vader
24Worlds Moorley LS RTPv.txt	2024-worlds-24Worlds Moorley LS RTPv.txt	2024 Worlds John Moorley LS RTPv
24Worlds Moss DS IE.txt	2024-worlds-24Worlds Moss DS IE.txt	2024 Worlds Andrew Moss DS IE
24Worlds Moss LS Speeders.txt	2024-worlds-24Worlds Moss LS Speeders.txt	2024 Worlds Andrew Moss LS Speeders
24Worlds Nickels DS Hunt Down.txt	2024-worlds-24Worlds Nickels DS Hunt Down.txt	2024 Worlds Marc Nickels DS Hunt Down
24Worlds Nickels LS RTPv.txt	2024-worlds-24Worlds Moorley LS RTPv.txt	2024 Worlds John Moorley LS RTPv
24Worlds Olson DS ROTS Maul.txt	2024-worlds-24Worlds Edwards DS ROTS Maul.txt	2024 Worlds Edwards DS ROTS Maul
24Worlds Olson LS HITCO.txt	2024-worlds-24Worlds Olson LS HITCO.txt	2024 Worlds Joe Olson LS HITCO
24Worlds Pater DS BHBM.txt	2024-worlds-24Worlds Pater DS BHBM.txt	2024 Worlds L. Pater DS BHBM
24Worlds Pater LS WHAP.txt	2024-worlds-24Worlds Pater LS WHAP.txt	2024 Worlds L. Pater LS WHAP
24Worlds Petersson DS Walkers.txt	2024-worlds-24Worlds Petersson DS Walkers.txt	2024 Worlds Petersson DS Walkers
24Worlds Petersson LS HITCO.txt	2024-worlds-24Worlds Petersson LS HITCO.txt	2024 Worlds Petersson LS HITCO
24Worlds Pistone DS Court.txt	2024-worlds-24Worlds Pistone DS Court.txt	2024 Worlds Pistone DS Court
24Worlds Pistone LS WHAP.txt	2024-worlds-24Worlds Pistone LS WHAP.txt	2024 Worlds Pistone LS WHAP
24Worlds Póra DS TTO.txt	2024-worlds-24Worlds Póra DS TTO.txt	2024 Worlds Póra DS TTO
24Worlds Póra LS EBO.txt	2024-worlds-24Worlds Póra LS EBO.txt	2024 Worlds Póra LS EBO
24Worlds Reinhardt DS ISB.txt	2024-worlds-24Worlds Reinhardt DS ISB.txt	2024 Worlds Dennis Reinhardt DS ISB
24Worlds Reinhardt LS HITCO.txt	2024-worlds-24Worlds Reinhardt LS HITCO.txt	2024 Worlds Dennis Reinhardt LS HITCO
24Worlds Santosuosso DS ROTSMaul.txt	2024-worlds-24Worlds Santosuosso DS ROTSMaul.txt	2024 Worlds Thomas Santosuosso DS ROTSMaul
24Worlds Santosuosso LS HO LTWWv.txt	2024-worlds-24Worlds Santosuosso LS HO LTWWv.txt	2024 Worlds Thomas Santosuosso LS HO LTWWv
24Worlds Smolarek DS ROTS Vader.txt	2024-worlds-24Worlds Smolarek DS ROTS Vader.txt	2024 Worlds Smolarek DS ROTS Vader
24Worlds Smolarek LS HITCO.txt	2024-worlds-24Worlds Smolarek LS HITCO.txt	2024 Worlds Smolarek LS HITCO
24Worlds Spijksma DS ISB.txt	2024-worlds-24Worlds Spijksma DS ISB.txt	2024 Worlds Erik Spijksma DS ISB
24Worlds Spijksma LS QMC.txt	2024-worlds-24Worlds Spijksma LS QMC.txt	2024 Worlds Erik Spijksma LS QMC
24Worlds T8 Csapi DS MKOS.txt	2024-worlds-24Worlds T8 Csapi DS MKOS.txt	2024 Worlds Top 8 Patrik Csapi DS MKOS
24Worlds T8 Csapi LS Diplo.txt	2024-worlds-24Worlds Csapi LS Diplo.txt	2024 Worlds Patrik Csapi LS Diplo
24Worlds T8 Dusel DS Thrawn.txt	2024-worlds-24Worlds T8 Dusel DS Thrawn.txt	2024 Worlds Top 8 Timo Dusel DS Thrawn
24Worlds T8 Dusel LS ZH.txt	2024-worlds-24Worlds T8 Dusel LS ZH.txt	2024 Worlds Top 8 Timo Dusel LS ZH
24Worlds T8 HHunter DS EOps.txt	2024-worlds-24Worlds T8 HHunter DS EOps.txt	2024 Worlds Top 8 Hayes Hunter DS EOps
24Worlds T8 HHunter LS QMC.txt	2024-worlds-24Worlds T8 HHunter LS QMC.txt	2024 Worlds Top 8 Hayes Hunter LS QMC
24Worlds T8 Hagen Noerregaard DS AOBS.txt	2024-worlds-24Worlds T8 Hagen Noerregaard DS AOBS.txt	2024 Worlds Top 8 Jonas Hagen Nørregaard DS AOBS
24Worlds T8 Hagen Noerregaard LS WHAP.txt	2024-worlds-24Worlds T8 Hagen Noerregaard LS WHAP.txt	2024 Worlds Top 8 Jonas Hagen Nørregaard LS WHAP
24Worlds T8 Olson DS EOps.txt	2024-worlds-24Worlds T8 Olson DS EOps.txt	2024 Worlds Top 8 Joe Olson DS EOps
24Worlds T8 Olson LS HITCO.txt	2024-worlds-24Worlds T8 Olson LS HITCO.txt	2024 Worlds Top 8 Joe Olson LS HITCO
24Worlds T8 Tartaglione DS ROTS Vader.txt	2024-worlds-24Worlds T8 Tartaglione DS ROTS Vader.txt	2024 Worlds Top 8 Dan Tartaglione DS ROTS Vader
24Worlds T8 Tartaglione LS ZH.txt	2024-worlds-24Worlds T8 Tartaglione LS ZH.txt	2024 Worlds Top 8 Dan Tartaglione LS ZH
24Worlds T8 Wallin DS AOBS.txt	2024-worlds-24Worlds T8 Wallin DS AOBS.txt	2024 Worlds Top 8 Emil Wallin DS AOBS
24Worlds T8 Wallin LS WYS.txt	2024-worlds-24Worlds T8 Wallin LS WYS.txt	2024 Worlds Top 8 Emil Wallin LS WYS
24Worlds Tartaglione DS ROTS Maul.txt	2024-worlds-24Worlds Tartaglione DS ROTS Maul.txt	2024 Worlds Dan Tartaglione DS ROTS Maul
24Worlds Tartaglione LS ZH.txt	2024-worlds-24Worlds Tartaglione LS ZH.txt	2024 Worlds Dan Tartaglione LS ZH
24Worlds Tegeler DS ROTS Vader.txt	2024-worlds-24Worlds Tegeler DS ROTS Vader.txt	2024 Worlds Tegeler DS ROTS Vader
24Worlds Tegeler LS HITCO.txt	2024-worlds-24Worlds Tegeler LS HITCO.txt	2024 Worlds Tegeler LS HITCO
24Worlds Top 8 EHunter DS MKOS.txt	2024-worlds-24Worlds Top 8 EHunter DS MKOS.txt	2024 Worlds Top 8 Eric Hunter DS MKOS
24Worlds Top 8 EHunter LS QMC.txt	2024-worlds-24Worlds Top 8 EHunter LS QMC.txt	2024 Worlds Top 8 Eric Hunter LS QMC
24Worlds Vanderhaegen DS EOps.txt	2024-worlds-24Worlds Vanderhaegen DS EOps.txt	2024 Worlds Cedrik Vanderhaegen DS EOps
24Worlds Vanderhaegen LS WYS.txt	2024-worlds-24Worlds Vanderhaegen LS WYS.txt	2024 Worlds Cedrik Vanderhaegen LS WYS
24Worlds Veasey DS TatCRv.txt	2024-worlds-24Worlds Veasey DS TatCRv.txt	2024 Worlds John Veasey DS TatCRv
24Worlds Veasey LS QMC.txt	2024-worlds-24Worlds Veasey LS QMC.txt	2024 Worlds John Veasey LS QMC
24Worlds Wallin DS ROps.txt	2024-worlds-24Worlds Wallin DS ROps.txt	2024 Worlds Emil Wallin DS ROps
24Worlds Wallin LS Old Allies.txt	2024-worlds-24Worlds Wallin LS Old Allies.txt	2024 Worlds Emil Wallin LS Old Allies
24Worlds Wauters DS BHBM.txt	2024-worlds-24Worlds Wauters DS BHBM.txt	2024 Worlds Wauters DS BHBM
24Worlds Wauters LS HITCO.txt	2024-worlds-24Worlds Wauters LS HITCO.txt	2024 Worlds Wauters LS HITCO
24Worlds Winkelhaus DS MKOS.txt	2024-worlds-24Worlds Winkelhaus DS MKOS.txt	2024 Worlds Winkelhaus DS MKOS
24Worlds Winkelhaus LS QMC.txt	2024-worlds-24Worlds Winkelhaus LS QMC.txt	2024 Worlds Winkelhaus LS QMC
24Worlds Wirfs DS ROTS Maul.txt	2024-worlds-24Worlds Wirfs DS ROTS Maul.txt	2024 Worlds Chris Wirfs DS ROTS Maul
24Worlds Wirfs LS HITCO.txt	2024-worlds-24Worlds Wirfs LS HITCO.txt	2024 Worlds Chris Wirfs LS HITCO
24Worlds de Vries DS CCT.txt	2024-worlds-24Worlds de Vries DS CCT.txt	2024 Worlds de Vries DS CCT
24Worlds de Vries LS Diplo.txt	2024-worlds-24Worlds de Vries LS Diplo.txt	2024 Worlds de Vries LS Diplo
24Worlds den Boef DS IE.txt	2024-worlds-24Worlds den Boef DS IE.txt	2024 Worlds den Boef DS IE
24Worlds den Boef LS HITCO.txt	2024-worlds-24Worlds den Boef LS HITCO.txt	2024 Worlds den Boef LS HITCO
25 LVGP AJ Hatoum DS HDv.txt	HatoumDS HDv - Vegas GP.txt	2025 LVGP AJ Hatoum DS HDv
25 LVGP AJ Hatoum LS Diplo.txt	HatoumLS Diplo - Vegas GP.txt	2025 LVGP AJ Hatoum LS Diplo
7 23 Open DEAL Joe day 2.txt	2021-nats-7 23 Open DEAL Joe day 2.txt	2021 US Nationals Day 2 Joe Olson DS TDIGWATT
7-21 open No Idea day 1 Joe.txt	2021-nats-7-21 open No Idea day 1 Joe.txt	2021 US Nationals Joe Olson LS No Idea
7-21 open Old Allies Kessling day1.txt	2021-nats-7-21 open Old Allies Kessling day1.txt	2021 US Nationals Mike Kessling LS Old Allies
7-23 Map open Charlie day 1.txt	2021-nats-7-23 Map open Charlie day 1.txt	2021 US Nationals Charlie Arlandson DS I Want That Map
7-24 Joe Day 1 BHBM.txt	2021-nats-7-24 Joe Day 1 BHBM.txt	2021 US Nationals Joe Olson DS BHBM
AJ Hatoum Worlds DS SC.txt	2022-worlds-AJ Hatoum Worlds DS SC.txt	2022 Worlds AJ Hatoum DS SC
AJ Hatoum Worlds LS Yoda Comm.txt	2022-worlds-AJ Hatoum Worlds LS Yoda Comm.txt	2022 Worlds AJ Hatoum LS Yoda Comm
AasenDS-HDv.txt	2020-worlds-d1-AasenDS-HDv.txt	2020 Worlds Phil Aasen DS HDv
AasenLS-HITCO.txt	2020-worlds-d1-AasenLS-HITCO.txt	2020 Worlds Phil Aasen LS HITCO
AldredDS BHBM.txt	2022-nats-d1-AldredDS BHBM.txt	2022 US Nationals Cal Aldred DS BHBM
AldredLS QMC.txt	2022-nats-d1-AldredLS QMC.txt	2022 US Nationals Cal Aldred LS QMC
AmorDS-BespinCRv.txt	2020-worlds-d1-AmorDS-BespinCRv.txt	2020 Worlds Daniel Amor DS BespinCRv
AmorLS-Legend.txt	2020-worlds-d1-AmorLS-Legend.txt	2020 Worlds Daniel Amor LS Legend
Anis DS CCT.txt	2022-nats-d1-Anis DS CCT.txt	2022 US Nationals Casey Anis DS CCT
Anis LS EBO.txt	2022-nats-d1-Anis LS EBO.txt	2022 US Nationals Casey Anis LS EBO
Anthony Howard Worlds DS SC.txt	2022-worlds-AJ Hatoum Worlds DS SC.txt	2022 Worlds AJ Hatoum DS SC
Anthony Howard Worlds LS Y40.txt	2022-worlds-Anthony Howard Worlds LS Y40.txt	2022 Worlds Anthony Howard LS Y40
Apollo Chu Worlds DS BHBM.txt	2022-worlds-Apollo Chu Worlds DS BHBM.txt	2022 Worlds Apollo Chu DS BHBM
Apollo Chu Worlds LS HB.txt	2022-worlds-Apollo Chu Worlds LS HB.txt	2022 Worlds Apollo Chu LS HB
Arlandson OA NATIONALS 2022.txt	2022-nats-d1-Arlandson OA NATIONALS 2022.txt	2022 US Nationals Charlie Arlandson LS OA
Arlandson RAL OPS NATIONALS 2022.txt	2022-nats-d1-Arlandson RAL OPS NATIONALS 2022.txt	2022 US Nationals Charlie Arlandson DS RAL OPS
ArlandsonDS-ISB.txt	2020-worlds-d1-ArlandsonDS-ISB.txt	2020 Worlds Charlie Arlandson DS ISB
ArlandsonDay2DS-ISB.txt	2020-worlds-d2-ArlandsonDay2DS-ISB.txt	2020 Worlds Day 2 Charlie Arlandson DS ISB
ArlandsonDay2LS-WYS.txt	2020-worlds-d2-ArlandsonDay2LS-WYS.txt	2020 Worlds Day 2 Charlie Arlandson LS WYS
ArlandsonLS-WYS.txt	2020-worlds-d1-ArlandsonLS-WYS.txt	2020 Worlds Charlie Arlandson LS WYS
BTerwilligerDS-SC.txt	2020-worlds-d1-BTerwilligerDS-SC.txt	2020 Worlds Brian Terwilliger DS SC
BTerwilligerLS-Legend.txt	2020-worlds-d1-BTerwilligerLS-Legend.txt	2020 Worlds Brian Terwilliger LS Legend
BaityDS-Map.txt	2020-worlds-d1-BaityDS-Map.txt	2020 Worlds Brandon Baity DS I Want That Map
BaityLS-Legend.txt	2020-worlds-d1-BaityLS-Legend.txt	2020 Worlds Brandon Baity LS Legend
BaliDS-ISB.txt	2020-worlds-d1-BaliDS-ISB.txt	2020 Worlds Vikram Bali DS ISB
BaliLS-HITCO.txt	2020-worlds-d1-BaliLS-HITCO.txt	2020 Worlds Vikram Bali LS HITCO
BaroniDS-ISB.txt	2020-worlds-d1-BaroniDS-ISB.txt	2020 Worlds Steve Baroni DS ISB
BaroniDay2DS-HD.txt	2020-worlds-d2-BaroniDay2DS-HD.txt	2020 Worlds Day 2 Steve Baroni DS HD
BaroniDay2LS-Diplo.txt	2020-worlds-d2-BaroniDay2LS-Diplo.txt	2020 Worlds Day 2 Steve Baroni LS Diplo
BaroniLS-Legend.txt	2020-worlds-d1-BaroniLS-Legend.txt	2020 Worlds Steve Baroni LS Legend
Benji Chu Worlds DS AoBS.txt	2022-worlds-Benji Chu Worlds DS AoBS.txt	2022 Worlds Benji Chu DS AoBS
Benji Chu Worlds LS HB.txt	2022-worlds-Apollo Chu Worlds LS HB.txt	2022 Worlds Apollo Chu LS HB
Bill Kafer Worlds - DS HDv.txt	2022-worlds-Bill Kafer Worlds - DS HDv.txt	2022 Worlds Bill Kafer DS HDv
Bill Kafer Worlds - LS Yodamunning.txt	2022-worlds-Bill Kafer Worlds - LS Yodamunning.txt	2022 Worlds Bill Kafer LS Yodamunning
Bill Pittman Worlds DS SC.txt	2022-worlds-Bill Pittman Worlds DS SC.txt	2022 Worlds Bill Pittman DS SC
Bill Pittman Worlds LS Yoda.txt	2022-worlds-Bill Pittman Worlds LS Yoda.txt	2022 Worlds Bill Pittman LS Yoda
BirrerDS-HDv.txt	2020-worlds-d1-BirrerDS-HDv.txt	2020 Worlds Bobby Birrer DS HDv
BirrerLS-WHAP.txt	2020-worlds-d1-BirrerLS-WHAP.txt	2020 Worlds Bobby Birrer LS WHAP
BottDS-SYCFA.txt	2020-worlds-d1-BottDS-SYCFA.txt	2020 Worlds Adam Bott DS SYCFA
BottLS-MWYHL.txt	2020-worlds-d1-BottLS-MWYHL.txt	2020 Worlds Adam Bott LS MWYHL
Brad Reinhold Worlds Dark BHBM.txt	2022-worlds-Brad Reinhold Worlds Dark BHBM.txt	2022 Worlds Brad Reinhold DS BHBM
Brad Reinhold Worlds LS Yoda.txt	2022-worlds-Brad Reinhold Worlds LS Yoda.txt	2022 Worlds Brad Reinhold LS Yoda
Branch 2022 GEMPC DS TDIGWATT.txt	2022-gempc-Branch 2022 GEMPC DS TDIGWATT.txt	2022 GEMPC Justin Branch DS TDIGWATT
Branch 2022 GEMPC LS HITCO.txt	2022-gempc-Branch 2022 GEMPC LS HITCO.txt	2022 GEMPC Justin Branch LS HITCO
Branch 23OCS T16 DS ISB.txt	2023-ocs-Branch 23OCS T16 DS ISB.txt	2023 OCS Top 16 Branch 23OCS T16 DS ISB
Branch 23OCS T16 LS EBO.txt	2023-ocs-Branch 23OCS T16 LS EBO.txt	2023 OCS Top 16 Branch 23OCS T16 LS EBO
BranchDS-Map.txt	2020-worlds-d1-BranchDS-Map.txt	2020 Worlds Justin Branch DS I Want That Map
BranchLS-OA.txt	2020-worlds-d1-BranchLS-OA.txt	2020 Worlds Justin Branch LS OA
Brandon Baity Worlds DS SYCFA.txt	2022-worlds-Brandon Baity Worlds DS SYCFA.txt	2022 Worlds Brandon Baity DS SYCFA
Brandon Baity Worlds LS Legend.txt	2022-worlds-Brandon Baity Worlds LS Legend.txt	2022 Worlds Brandon Baity LS Legend
Brian Fred Worlds DS CCT.txt	2022-worlds-Brian Fred Worlds DS CCT.txt	2022 Worlds Brian Fred DS CCT
Brian Fred Worlds LS Yoda Com.txt	2022-worlds-Brian Fred Worlds LS Yoda Com.txt	2022 Worlds Brian Fred LS Yoda Com
Brian MISHKE Worlds - DS SC.txt	2022-worlds-Brian MISHKE Worlds - DS SC.txt	2022 Worlds Brian MISHKE DS SC
Brian Mischke Worlds - LS Yoda Comm.txt	2022-worlds-Brian Mischke Worlds - LS Yoda Comm.txt	2022 Worlds Brian Mischke LS Yoda Comm
BritainDS-Map.txt	2020-worlds-d1-BritainDS-Map.txt	2020 Worlds Conor Britain DS I Want That Map
BritainDay2DS-ISB.txt	2020-worlds-d2-BritainDay2DS-ISB.txt	2020 Worlds Day 2 Conor Britain DS ISB
BritainDay2LS-NoIdea.txt	2020-worlds-d2-BritainDay2LS-NoIdea.txt	2020 Worlds Day 2 Conor Britain LS NoIdea
BritainLS-NoIdea.txt	2020-worlds-d1-BritainLS-NoIdea.txt	2020 Worlds Conor Britain LS NoIdea
CJohnsonDS-HD.txt	2020-worlds-d1-CJohnsonDS-HD.txt	2020 Worlds Casey Johnson DS HD
CJohnsonLS-HITCO.txt	2020-worlds-d1-CJohnsonLS-HITCO.txt	2020 Worlds Casey Johnson LS HITCO
CKellyDS-HDv.txt	2020-worlds-d1-CKellyDS-HDv.txt	2020 Worlds Chris Kelly DS HDv
CKellyDay2DS-HDv.txt	2020-worlds-d2-CKellyDay2DS-HDv.txt	2020 Worlds Day 2 Chris Kelly DS HDv
CKellyDay2LS-HITCO.txt	2020-worlds-d2-CKellyDay2LS-HITCO.txt	2020 Worlds Day 2 Chris Kelly LS HITCO
CKellyDay3DS-HDv.txt	2020-worlds-d3-CKellyDay3DS-HDv.txt	2020 Worlds Day 3 Chris Kelly DS HDv
CKellyDay3LS-HITCO.txt	2020-worlds-d3-CKellyDay3LS-HITCO.txt	2020 Worlds Day 3 Chris Kelly LS HITCO
CKellyLS-HITCO.txt	2020-worlds-d1-CKellyLS-HITCO.txt	2020 Worlds Chris Kelly LS HITCO
CTerwilligerDS-HDv.txt	2020-worlds-d1-CTerwilligerDS-HDv.txt	2020 Worlds Chris Terwilliger DS HDv
CTerwilligerLS-HITCO.txt	2020-worlds-d1-CTerwilligerLS-HITCO.txt	2020 Worlds Chris Terwilliger LS HITCO
Cal Aldred Worlds DS - SC Silence.txt	2022-worlds-Cal Aldred Worlds DS - SC Silence.txt	2022 Worlds Cal Aldred DS SC Silence
Cal Aldred Worlds LS - Yoda IMBATS.txt	2022-worlds-Cal Aldred Worlds LS - Yoda IMBATS.txt	2022 Worlds Cal Aldred LS Yoda IMBATS
CarlsonDS-HDv.txt	2020-worlds-d1-CarlsonDS-HDv.txt	2020 Worlds Brett Carlson DS HDv
CarlsonDay2DS-SYCFA.txt	2020-worlds-d2-CarlsonDay2DS-SYCFA.txt	2020 Worlds Day 2 Brett Carlson DS SYCFA
CarlsonDay2LS-NoIdea.txt	2020-worlds-d2-CarlsonDay2LS-NoIdea.txt	2020 Worlds Day 2 Brett Carlson LS NoIdea
CarlsonLS-WYS.txt	2020-worlds-d1-CarlsonLS-WYS.txt	2020 Worlds Brett Carlson LS WYS
Casey Johnson Worlds DS HD.txt	2022-worlds-Casey Johnson Worlds DS HD.txt	2022 Worlds Casey Johnson DS HD
Casey Johnson Worlds LS Hitco.txt	2022-worlds-Casey Johnson Worlds LS Hitco.txt	2022 Worlds Casey Johnson LS Hitco
CassidyDS-BHBM.txt	2020-worlds-d1-CassidyDS-BHBM.txt	2020 Worlds Jonathan Cassidy DS BHBM
CassidyLS-HITCO.txt	2020-worlds-d1-CassidyLS-HITCO.txt	2020 Worlds Jonathan Cassidy LS HITCO
CastañónDS-HDv.txt	2020-worlds-d1-CastañónDS-HDv.txt	2020 Worlds Fernando Castañón DS HDv
CastañónDay2DS-HDv.txt	2020-worlds-d2-CastañónDay2DS-HDv.txt	2020 Worlds Day 2 Fernando Castañón DS HDv
CastañónDay2LS-Legend.txt	2020-worlds-d2-CastañónDay2LS-Legend.txt	2020 Worlds Day 2 Fernando Castañón LS Legend
CastañónDay3DS-HDv.txt	2020-worlds-d3-CastañónDay3DS-HDv.txt	2020 Worlds Day 3 Fernando Castañón DS HDv
CastañónDay3LS-Legend.txt	2020-worlds-d3-CastañónDay3LS-Legend.txt	2020 Worlds Day 3 Fernando Castañón LS Legend
CastañónLS-Legend.txt	2020-worlds-d1-CastañónLS-Legend.txt	2020 Worlds Fernando Castañón LS Legend
Charlie Arlandson WORLDS 22 DS CCT.txt	2022-worlds-Charlie Arlandson WORLDS 22 DS CCT.txt	2022 Worlds Charlie Arlandson WORLDS 22 DS CCT
Charlie Arlandson WORLDS 22 LS QMC.txt	2022-worlds-Charlie Arlandson WORLDS 22 LS QMC.txt	2022 Worlds Charlie Arlandson WORLDS 22 LS QMC
ChienDS-Watto.txt	2020-worlds-d1-ChienDS-Watto.txt	2020 Worlds Edward Chien DS No Money, No Parts, No Deal!
ChienLS-HITCO.txt	2020-worlds-d1-ChienLS-HITCO.txt	2020 Worlds Edward Chien LS HITCO
Chris Kelly Worlds LS Yoda Communing.txt	2022-worlds-Chris Kelly Worlds LS Yoda Communing.txt	2022 Worlds Chris Kelly LS Yoda Communing
Chris Kelly worlds - DS BHBM.txt	2022-worlds-Chris Kelly worlds - DS BHBM.txt	2022 Worlds Chris Kelly worlds DS BHBM
Chris Wirfs Worlds DS ROPS 9's.txt	2022-worlds-Chris Wirfs Worlds DS ROPS 9's.txt	2022 Worlds Chris Wirfs DS ROPS 9's
Chris Wirfs Worlds LS Yoda Communing.txt	2022-worlds-Chris Wirfs Worlds LS Yoda Communing.txt	2022 Worlds Chris Wirfs LS Yoda Communing
ChuDarkCCT.txt	2023-retro-ChuDarkCCT.txt	2023 Retro Jonny Chu DS CCT
ChuLightOps.txt	2023-retro-ChuLightOps.txt	2023 Retro Jonny Chu LS Ops
CogginsDS-SC.txt	2020-worlds-d1-CogginsDS-SC.txt	2020 Worlds Paul Coggins DS SC
CogginsLS-WYS.txt	2020-worlds-d1-CogginsLS-WYS.txt	2020 Worlds Paul Coggins LS WYS
Conor Britain Worlds DS MaulsChambers SSA.txt	2022-worlds-Conor Britain Worlds DS MaulsChambers SSA.txt	2022 Worlds Conor Britain DS MaulsChambers SSA
Conor Britain Worlds LS Legend.txt	2022-worlds-Conor Britain Worlds LS Legend.txt	2022 Worlds Conor Britain LS Legend
CullenDS-HDv.txt	2020-worlds-d1-CullenDS-HDv.txt	2020 Worlds Wayne Cullen DS HDv
CullenLS-HITCO.txt	2020-worlds-d1-CullenLS-HITCO.txt	2020 Worlds Wayne Cullen LS HITCO
CulpepperDS-ISB.txt	2020-worlds-d1-CulpepperDS-ISB.txt	2020 Worlds Nick Culpepper DS ISB
CulpepperLS-QMC.txt	2020-worlds-d1-CulpepperLS-QMC.txt	2020 Worlds Nick Culpepper LS QMC
D'AmboiseDS-TTO.txt	2020-worlds-d1-d'AmboiseDS-TTO.txt	2020 Worlds Mike d'Amboise DS Endor Operations
D'AmboiseLS-EBO.txt	2020-worlds-d1-d'AmboiseLS-EBO.txt	2020 Worlds Mike d'Amboise LS Careful Planning (V)
DCO Anis DS Senate.txt	2022-retro-DCO Anis DS Senate.txt	2022 Retro DCO Casey Anis DS Senate
DCO Anis LS Combat.txt	2022-retro-DCO Anis LS Combat.txt	2022 Retro DCO Casey Anis LS Combat
DCO Baroni DS HD.txt	2022-retro-DCO Baroni DS HD.txt	2022 Retro DCO Steve Baroni DS HD
DCO Baroni LS Senate.txt	2022-retro-DCO Baroni LS Senate.txt	2022 Retro DCO Steve Baroni LS Senate
DCO Chu DS Senate.txt	2022-retro-DCO Chu DS Senate.txt	2022 Retro DCO Jonny Chu DS Senate
DCO Chu LS WYS.txt	2022-retro-DCO Chu LS WYS.txt	2022 Retro DCO Jonny Chu LS WYS
DCO Desai DS Senate.txt	2022-retro-DCO Desai DS Senate.txt	2022 Retro DCO Justin Desai DS Senate
DCO Desai LS Senate.txt	2022-retro-DCO Desai LS Senate.txt	2022 Retro DCO Justin Desai LS Senate
Dan Tartaglione Worlds DS- CCT.txt	2022-worlds-Dan Tartaglione Worlds DS- CCT.txt	2022 Worlds Dan Tartaglione DS CCT
Dan Tartaglione Worlds LS- No Idea.txt	2022-worlds-Dan Tartaglione Worlds LS- No Idea.txt	2022 Worlds Dan Tartaglione LS No Idea
David Woods Worlds DS TDIGWAT.txt	2022-worlds-David Woods Worlds DS TDIGWAT.txt	2022 Worlds David Woods DS TDIGWAT
David Woods Worlds LS No Idea.txt	2022-worlds-David Woods Worlds LS No Idea.txt	2022 Worlds David Woods LS No Idea
Day 1 AasenDS-TDIGWATT.txt	2021-worlds-Day 1 AasenDS-TDIGWATT.txt	2021 Worlds Phil Aasen DS TDIGWATT
Day 1 AasenLS-QuiCommuning.txt	2021-worlds-Day 1 AasenLS-QuiCommuning.txt	2021 Worlds Phil Aasen LS Communing
Day 1 AldredDS-BHBM.txt	2021-worlds-Day 1 AldredDS-BHBM.txt	2021 Worlds Cal Aldred DS BHBM
Day 1 AldredLS-HB.txt	2021-worlds-Day 1 AldredLS-HB.txt	2021 Worlds Cal Aldred LS HB
Day 1 AlpersteinDS-TTO.txt	2021-worlds-Day 1 AlpersteinDS-TTO.txt	2021 Worlds Barry Alperstein DS Endor Operations
Day 1 AlpersteinLS-Y4O.txt	2021-worlds-Day 1 AlpersteinLS-Y4O.txt	2021 Worlds Barry Alperstein LS Y4O
Day 1 AnisDS-CCT.txt	2021-worlds-Day 1 AnisDS-CCT.txt	2021 Worlds Casey Anis DS CCT
Day 1 AnisLS-EBO.txt	2021-worlds-Day 1 AnisLS-EBO.txt	2021 Worlds Casey Anis LS Careful Planning (V)
Day 1 ArlandsonDS-CCT.txt	2021-worlds-Day 1 ArlandsonDS-CCT.txt	2021 Worlds Charlie Arlandson DS CCT
Day 1 ArlandsonLS-YodaCommuning.txt	2021-worlds-Day 1 ArlandsonLS-YodaCommuning.txt	2021 Worlds Charlie Arlandson LS Communing
Day 1 AtkinDS-ISB.txt	2021-worlds-Day 1 AtkinDS-ISB.txt	2021 Worlds Clayton Atkin DS ISB
Day 1 AtkinLS-MainPowerGeneratorsLTWW.txt	2021-worlds-Day 1 AtkinLS-MainPowerGeneratorsLTWW.txt	2021 Worlds Clayton Atkin LS Let The Wookiee Win (V)
Day 1 BaityDS-Map.txt	2021-worlds-Day 1 BaityDS-Map.txt	2021 Worlds Brandon Baity DS I Want That Map
Day 1 BaityLS-ChiefChirpasHutLTWW.txt	2021-worlds-Day 1 BaityLS-ChiefChirpasHutLTWW.txt	2021 Worlds Brandon Baity LS ChiefChirpasHutLTWW
Day 1 BangerDS-Invasion.txt	2021-worlds-Day 1 BangerDS-Invasion.txt	2021 Worlds Amar Banger DS Invasion
Day 1 BangerLS-RendezvousPointLTWW.txt	2021-worlds-Day 1 BangerLS-RendezvousPointLTWW.txt	2021 Worlds Amar Banger LS Let The Wookiee Win (V)
Day 1 BritainDS-Map.txt	2021-worlds-Day 1 BritainDS-Map.txt	2021 Worlds Conor Britain DS I Want That Map
Day 1 BritainLS-NoIdea.txt	2021-worlds-Day 1 BritainLS-NoIdea.txt	2021 Worlds Conor Britain LS NoIdea
Day 1 ChongDS-CCT.txt	2021-worlds-Day 1 ChongDS-CCT.txt	2021 Worlds Brandon Chong DS CCT
Day 1 ChongLS-EBO.txt	2021-worlds-Day 1 ChongLS-EBO.txt	2021 Worlds Brandon Chong LS Careful Planning (V)
Day 1 DesaiDS-Map.txt	2021-worlds-Day 1 DesaiDS-Map.txt	2021 Worlds Justin Desai DS I Want That Map
Day 1 DesaiLS-QuiCommuning.txt	2021-worlds-Day 1 DesaiLS-QuiCommuning.txt	2021 Worlds Justin Desai LS Communing
Day 1 EdwardsDS-Map.txt	2021-worlds-Day 1 EdwardsDS-Map.txt	2021 Worlds Lee Edwards DS I Want That Map
Day 1 EdwardsLS-QuiCommuning.txt	2021-worlds-Day 1 EdwardsLS-QuiCommuning.txt	2021 Worlds Lee Edwards LS Communing
Day 1 FredDS-CCT.txt	2021-worlds-Day 1 FredDS-CCT.txt	2021 Worlds Brian Fred DS CCT
Day 1 FredLS-Y4O.txt	2021-worlds-Day 1 FredLS-Y4O.txt	2021 Worlds Brian Fred LS Y4O
Day 1 GogolenDS-CCT.txt	2021-worlds-Day 1 GogolenDS-CCT.txt	2021 Worlds Chris Gogolen DS CCT
Day 1 GogolenLS-YodaCommuning.txt	2021-worlds-Day 1 GogolenLS-YodaCommuning.txt	2021 Worlds Chris Gogolen LS Communing
Day 1 HHunterDS-BHBM.txt	2021-worlds-Day 1 HHunterDS-BHBM.txt	2021 Worlds Hayes Hunter DS BHBM
Day 1 HHunterLS-QuiCommuning.txt	2021-worlds-Day 1 HHunterLS-QuiCommuning.txt	2021 Worlds Hayes Hunter LS Communing
Day 1 HaidDS-CCT.txt	2021-worlds-Day 1 HaidDS-CCT.txt	2021 Worlds Tom Haid DS CCT
Day 1 HaidLS-Y4O.txt	2021-worlds-Day 1 HaidLS-Y4O.txt	2021 Worlds Tom Haid LS Y4O
Day 1 HalmanDS-ASM.txt	2021-worlds-Day 1 HalmanDS-ASM.txt	2021 Worlds Kendall Halman DS A Stunning Move
Day 1 HalmanLS-OA.txt	2021-worlds-Day 1 HalmanLS-OA.txt	2021 Worlds Kendall Halman LS OA
Day 1 HarpsterDS-CCT.txt	2021-worlds-Day 1 HarpsterDS-CCT.txt	2021 Worlds Steve Harpster DS CCT
Day 1 HarpsterLS-YodaCommuning.txt	2021-worlds-Day 1 HarpsterLS-YodaCommuning.txt	2021 Worlds Steve Harpster LS Communing
Day 1 Harrison-TrainorDS-Map.txt	2021-worlds-Day 1 Harrison-TrainorDS-Map.txt	2021 Worlds Matthew Harrison-Trainor DS I Want That Map
Day 1 Harrison-TrainorLS-QuiCommuning.txt	2021-worlds-Day 1 Harrison-TrainorLS-QuiCommuning.txt	2021 Worlds Matthew Harrison-Trainor LS Communing
Day 1 HatoumDS-Map.txt	2021-worlds-Day 1 HatoumDS-Map.txt	2021 Worlds AJ Hatoum DS I Want That Map
Day 1 HatoumLS-OA.txt	2021-worlds-Day 1 HatoumLS-OA.txt	2021 Worlds AJ Hatoum LS OA
Day 1 HawbakerDS-MaulsChambersSSaV.txt	2021-worlds-Day 1 HawbakerDS-MaulsChambersSSaV.txt	2021 Worlds Erich Hawbaker DS MaulsChambersSSaV
Day 1 HawbakerLS-YodaCommuning.txt	2021-worlds-Day 1 HawbakerLS-YodaCommuning.txt	2021 Worlds Erich Hawbaker LS Communing
Day 1 HendonDS-Map.txt	2021-worlds-Day 1 HendonDS-Map.txt	2021 Worlds Robbie Hendon DS I Want That Map
Day 1 HendonLS-WHAP.txt	2021-worlds-Day 1 HendonLS-WHAP.txt	2021 Worlds Robbie Hendon LS WHAP
Day 1 HowardDS-MaulsChambersSSaV.txt	2021-worlds-Day 1 HowardDS-MaulsChambersSSaV.txt	2021 Worlds Anthony Howard DS MaulsChambersSSaV
Day 1 HowardLS-QMC.txt	2021-worlds-Day 1 HowardLS-QMC.txt	2021 Worlds Anthony Howard LS QMC
Day 1 JCarulliDS-AOBS.txt	2021-worlds-Day 1 JCarulliDS-AOBS.txt	2021 Worlds Justin Carulli DS AOBS
Day 1 JCarulliLS-QuiCommuning.txt	2021-worlds-Day 1 JCarulliLS-QuiCommuning.txt	2021 Worlds Justin Carulli LS Communing
Day 1 JellisonDS-ISB.txt	2021-worlds-Day 1 JellisonDS-ISB.txt	2021 Worlds Ryan Jellison DS ISB
Day 1 JellisonLS-AiTC.txt	2021-worlds-Day 1 JellisonLS-AiTC.txt	2021 Worlds Ryan Jellison LS Agents In The Court
Day 1 JohnsDS-ASM.txt	2021-worlds-Day 1 JohnsDS-ASM.txt	2021 Worlds Jeffrey Johns DS A Stunning Move
Day 1 JohnsLS-YodaCommuning.txt	2021-worlds-Day 1 JohnsLS-YodaCommuning.txt	2021 Worlds Jeffrey Johns LS Communing
Day 1 JohnsonDS-AOBS.txt	2021-worlds-Day 1 JohnsonDS-AOBS.txt	2021 Worlds Patrick Johnson DS AOBS
Day 1 JohnsonLS-OA.txt	2021-worlds-Day 1 JohnsonLS-OA.txt	2021 Worlds Patrick Johnson LS OA
Day 1 KaferDS-CCT.txt	2021-worlds-Day 1 KaferDS-CCT.txt	2021 Worlds Bill Kafer DS CCT
Day 1 KaferLS-ChiefChirpasHutLTWW.txt	2021-worlds-Day 1 KaferLS-ChiefChirpasHutLTWW.txt	2021 Worlds Bill Kafer LS ChiefChirpasHutLTWW
Day 1 KonskerDS-Map.txt	2021-worlds-Day 1 KonskerDS-Map.txt	2021 Worlds Jarad Konsker DS I Want That Map
Day 1 KonskerLS-YodaCommuning.txt	2021-worlds-Day 1 KonskerLS-YodaCommuning.txt	2021 Worlds Jarad Konsker LS Communing
Day 1 LarsonDS-SC.txt	2021-worlds-Day 1 LarsonDS-SC.txt	2021 Worlds Garrett Larson DS SC
Day 1 LarsonLS-QMC.txt	2021-worlds-Day 1 LarsonLS-QMC.txt	2021 Worlds Garrett Larson LS QMC
Day 1 LavigneDS-BHBM.txt	2021-worlds-Day 1 LavigneDS-BHBM.txt	2021 Worlds Jeff Lavigne DS BHBM
Day 1 LavingeLS-Diplo.txt	2021-worlds-Day 1 LavingeLS-Diplo.txt	2021 Worlds Jeff Lavigne LS Diplo
Day 1 LingrellDS-CCT.txt	2021-worlds-Day 1 LingrellDS-CCT.txt	2021 Worlds Scott Lingrell DS CCT
Day 1 LingrellLs-YodaCommuning.txt	2021-worlds-Day 1 LingrellLs-YodaCommuning.txt	2021 Worlds Scott Lingrell LS Communing
Day 1 LutzDS-CCT.txt	2021-worlds-Day 1 LutzDS-CCT.txt	2021 Worlds Matt Lutz DS CCT
Day 1 LutzLS-Profit.txt	2021-worlds-Day 1 LutzLS-Profit.txt	2021 Worlds Matt Lutz LS Profit
Day 1 MCarulliDS-ASM.txt	2021-worlds-Day 1 MCarulliDS-ASM.txt	2021 Worlds Matt Carulli DS A Stunning Move
Day 1 MCarulliLS-QuiCommuning.txt	2021-worlds-Day 1 MCarulliLS-QuiCommuning.txt	2021 Worlds Matt Carulli LS Communing
Day 1 MackDS-HothCRV.txt	2021-worlds-Day 1 MackDS-HothCRV.txt	2021 Worlds Josh Mack DS Combat Readiness (V)
Day 1 MackLS-WYS.txt	2021-worlds-Day 1 MackLS-WYS.txt	2021 Worlds Josh Mack LS WYS
Day 1 McFarlandDS-DSIIThroneRoomSSaV.txt	2021-worlds-Day 1 McFarlandDS-DSIIThroneRoomSSaV.txt	2021 Worlds Jon McFarland DS DSIIThroneRoomSSaV
Day 1 McFarlandLS-QuiCommuning.txt	2021-worlds-Day 1 McFarlandLS-QuiCommuning.txt	2021 Worlds Jon McFarland LS Communing
Day 1 MenzelDS-BHBM.txt	2021-worlds-Day 1 MenzelDS-BHBM.txt	2021 Worlds Chris Menzel DS BHBM
Day 1 MenzelLS-ChiefChirpasHutLTWW.txt	2021-worlds-Day 1 MenzelLS-ChiefChirpasHutLTWW.txt	2021 Worlds Chris Menzel LS ChiefChirpasHutLTWW
Day 1 MiyashiroDS-HD.txt	2021-worlds-Day 1 MiyashiroDS-HD.txt	2021 Worlds Justin Miyashiro DS HD
Day 1 MiyashiroLS-YodaCommuning.txt	2021-worlds-Day 1 MiyashiroLS-YodaCommuning.txt	2021 Worlds Justin Miyashiro LS Communing
Day 1 NapolitanoDS-AOBS.txt	2021-worlds-Day 1 NapolitanoDS-AOBS.txt	2021 Worlds Jared Napolitano DS AOBS
Day 1 NapolitanoLS-Profit.txt	2021-worlds-Day 1 NapolitanoLS-Profit.txt	2021 Worlds Jared Napolitano LS Profit
Day 1 OlsonDS-TDIGWATT.txt	2021-worlds-Day 1 OlsonDS-TDIGWATT.txt	2021 Worlds Joe Olson DS TDIGWATT
Day 1 OlsonLS-QuiCommuning.txt	2021-worlds-Day 1 OlsonLS-QuiCommuning.txt	2021 Worlds Joe Olson LS Communing
Day 1 PietigDS-BHBM.txt	2021-worlds-Day 1 PietigDS-BHBM.txt	2021 Worlds Logan Pietig DS BHBM
Day 1 PietigLS-CheifChirpasHutLTWW.txt	2021-worlds-Day 1 PietigLS-CheifChirpasHutLTWW.txt	2021 Worlds Logan Pietig LS CheifChirpasHutLTWW
Day 1 PittmanDS-BHBM.txt	2021-worlds-Day 1 PittmanDS-BHBM.txt	2021 Worlds Bill Pittman DS BHBM
Day 1 PittmanLS-Diplo.txt	2021-worlds-Day 1 PittmanLS-Diplo.txt	2021 Worlds Bill Pittman LS Diplo
Day 1 PlunkettDS-ASM.txt	2021-worlds-Day 1 PlunkettDS-ASM.txt	2021 Worlds Winston Plunkett DS A Stunning Move
Day 1 PlunkettLS-QuiCommuning.txt	2021-worlds-Day 1 PlunkettLS-QuiCommuning.txt	2021 Worlds Winston Plunkett LS Communing
Day 1 ReinhardtDS-ISB.txt	2021-worlds-Day 1 ReinhardtDS-ISB.txt	2021 Worlds Dennis Reinhardt DS ISB
Day 1 ReinhardtLS-ChiefChirpasHutLTWW.txt	2021-worlds-Day 1 ReinhardtLS-ChiefChirpasHutLTWW.txt	2021 Worlds Dennis Reinhardt LS ChiefChirpasHutLTWW
Day 1 ReinholdDS-HD.txt	2021-worlds-Day 1 ReinholdDS-HD.txt	2021 Worlds Brad Reinhold DS HD
Day 1 ReinholdLS-Y4O.txt	2021-worlds-Day 1 ReinholdLS-Y4O.txt	2021 Worlds Brad Reinhold LS Y4O
Day 1 RossiDS-DSIIThroneRoomSSaV.txt	2021-worlds-Day 1 RossiDS-DSIIThroneRoomSSaV.txt	2021 Worlds Vincent Rossi DS DSIIThroneRoomSSaV
Day 1 RossiLS-QuiCommuning.txt	2021-worlds-Day 1 RossiLS-QuiCommuning.txt	2021 Worlds Vincent Rossi LS Communing
Day 1 RubinDS-MustafarCRV.txt	2021-worlds-Day 1 RubinDS-MustafarCRV.txt	2021 Worlds Lenny Rubin DS Combat Readiness (V)
Day 1 RubinLS-Diplo.txt	2021-worlds-Day 1 RubinLS-Diplo.txt	2021 Worlds Lenny Rubin LS Diplo
Day 1 SchellbergDS-ISB.txt	2021-worlds-Day 1 SchellbergDS-ISB.txt	2021 Worlds Adam Schellberg DS ISB
Day 1 SchellbergLS-QuiCommuning.txt	2021-worlds-Day 1 SchellbergLS-QuiCommuning.txt	2021 Worlds Adam Schellberg LS Communing
Day 1 ScottDS-CCT.txt	2021-worlds-Day 1 ScottDS-CCT.txt	2021 Worlds Matt Scott DS CCT
Day 1 ScottLS-Y4O.txt	2021-worlds-Day 1 ScottLS-Y4O.txt	2021 Worlds Matt Scott LS Y4O
Day 1 SersenDS-Map.txt	2021-worlds-Day 1 SersenDS-Map.txt	2021 Worlds Ryan Sersen DS I Want That Map
Day 1 SersenLS-Y4O.txt	2021-worlds-Day 1 SersenLS-Y4O.txt	2021 Worlds Ryan Sersen LS Y4O
Day 1 ShawDS-CCT.txt	2021-worlds-Day 1 ShawDS-CCT.txt	2021 Worlds Greg Shaw DS CCT
Day 1 ShawLS-YodaCommuning.txt	2021-worlds-Day 1 ShawLS-YodaCommuning.txt	2021 Worlds Greg Shaw LS Communing
Day 1 SmithDS-CCT.txt	2021-worlds-Day 1 SmithDS-CCT.txt	2021 Worlds Jacy Smith DS CCT
Day 1 SmithLS-YodaCommuning.txt	2021-worlds-Day 1 SmithLS-YodaCommuning.txt	2021 Worlds Jacy Smith LS Communing
Day 1 SobieszczykDS-Map.txt	2021-worlds-Day 1 SobieszczykDS-Map.txt	2021 Worlds Forrest Sobieszczyk DS I Want That Map
Day 1 SobieszczykLS-TIGIH.txt	2021-worlds-Day 1 SobieszczykLS-TIGIH.txt	2021 Worlds Forrest Sobieszczyk LS TIGIH
Day 1 TashimaDS-CCT.txt	2021-worlds-Day 1 TashimaDS-CCT.txt	2021 Worlds Sam Tashima DS CCT
Day 1 TashimaLS-ChiefChirpasHutLTWW.txt	2021-worlds-Day 1 TashimaLS-ChiefChirpasHutLTWW.txt	2021 Worlds Sam Tashima LS ChiefChirpasHutLTWW
Day 1 TurnerDS-CCT.txt	2021-worlds-Day 1 TurnerDS-CCT.txt	2021 Worlds Mike Turner DS CCT
Day 1 TurnerLS-YodaCommuning.txt	2021-worlds-Day 1 TurnerLS-YodaCommuning.txt	2021 Worlds Mike Turner LS Communing
Day 1 WaddenDS-Map.txt	2021-worlds-Day 1 WaddenDS-Map.txt	2021 Worlds Matt Wadden DS I Want That Map
Day 1 WaddenLS-NoIdea.txt	2021-worlds-Day 1 WaddenLS-NoIdea.txt	2021 Worlds Matt Wadden LS NoIdea
Day 1 WalsethDS-HothCRV.txt	2021-worlds-Day 1 WalsethDS-HothCRV.txt	2021 Worlds Mark Walseth DS Combat Readiness (V)
Day 1 WalsethLS-Y4O.txt	2021-worlds-Day 1 WalsethLS-Y4O.txt	2021 Worlds Mark Walseth LS Y4O
Day 1 WestergardDS-CCT.txt	2021-worlds-Day 1 WestergardDS-CCT.txt	2021 Worlds Chris Westergard DS CCT
Day 1 WestergardLS-WYS.txt	2021-worlds-Day 1 WestergardLS-WYS.txt	2021 Worlds Chris Westergard LS WYS
Day 1 WirfsDS-CCT.txt	2021-worlds-Day 1 WirfsDS-CCT.txt	2021 Worlds Chris Wirfs DS CCT
Day 1 WirfsLS-YodaCommuning.txt	2021-worlds-Day 1 WirfsLS-YodaCommuning.txt	2021 Worlds Chris Wirfs LS Communing
Day 1 YaegerDS-HD.txt	2021-worlds-Day 1 YaegerDS-HD.txt	2021 Worlds Steven Yaeger DS HD
Day 1 YaegerLS-TIGIH.txt	2021-worlds-Day 1 YaegerLS-TIGIH.txt	2021 Worlds Steven Yaeger LS TIGIH
Day 2 AlpersteinDS-TTO.txt	2021-worlds-Day 2 AlpersteinDS-TTO.txt	2021 Worlds Day 2 Barry Alperstein DS Endor Operations
Day 2 AlpersteinLS-Y4O.txt	2021-worlds-Day 2 AlpersteinLS-Y4O.txt	2021 Worlds Day 2 Barry Alperstein LS Y4O
Day 2 AnisDS-CCT.txt	2021-worlds-Day 2 AnisDS-CCT.txt	2021 Worlds Day 2 Casey Anis DS CCT
Day 2 AnisLS-EBO.txt	2021-worlds-Day 2 AnisLS-EBO.txt	2021 Worlds Day 2 Casey Anis LS Careful Planning (V)
Day 2 HaidDS-BHBM.txt	2021-worlds-Day 2 HaidDS-BHBM.txt	2021 Worlds Day 2 Tom Haid DS BHBM
Day 2 HaidLS-OA.txt	2021-worlds-Day 2 HaidLS-OA.txt	2021 Worlds Day 2 Tom Haid LS OA
Day 2 HendonDS-SC.txt	2021-worlds-Day 2 HendonDS-SC.txt	2021 Worlds Day 2 Robbie Hendon DS SC
Day 2 HendonLS-WHAP.txt	2021-worlds-Day 2 HendonLS-WHAP.txt	2021 Worlds Day 2 Robbie Hendon LS WHAP
Day 2 NapolitanoDS-AOBS.txt	2021-worlds-Day 2 NapolitanoDS-AOBS.txt	2021 Worlds Day 2 Jared Napolitano DS AOBS
Day 2 NapolitanoLS-Profit.txt	2021-worlds-Day 2 NapolitanoLS-Profit.txt	2021 Worlds Day 2 Jared Napolitano LS Profit
Day 2 OlsonDS-AOBS.txt	2021-worlds-Day 2 OlsonDS-AOBS.txt	2021 Worlds Day 2 Joe Olson DS AOBS
Day 2 OlsonLS-QuiCommuning.txt	2021-worlds-Day 2 OlsonLS-QuiCommuning.txt	2021 Worlds Day 2 Joe Olson LS Communing
Day 2 ScottDS-CCT.txt	2021-worlds-Day 2 ScottDS-CCT.txt	2021 Worlds Day 2 Matt Scott DS CCT
Day 2 ScottDS-OA.txt	2021-worlds-Day 2 ScottDS-OA.txt	2021 Worlds Day 2 Matt Scott LS OA
Day 2 ShawDS-SC.txt	2021-worlds-Day 2 ShawDS-SC.txt	2021 Worlds Day 2 Greg Shaw DS SC
Day 2 ShawLS-YodaCommuning.txt	2021-worlds-Day 2 ShawLS-YodaCommuning.txt	2021 Worlds Day 2 Greg Shaw LS Communing
Day2 Arlandson LS Yoda Communing.txt	2022-nats-d2-Day2 Arlandson LS Yoda Communing.txt	2022 US Nationals Top 8 Charlie Arlandson LS Yoda Communing
Day2 Arlandson Rops.txt	2022-nats-d2-Day2 Arlandson Rops.txt	2022 US Nationals Top 8 Charlie Arlandson DS Rops
Day2 Fred DS Sith Dooku.txt	2022-nats-d2-Day2 Fred DS Sith Dooku.txt	2022 US Nationals Top 8 Brian Fred DS Sith Dooku
Day2 Fred Day 2 LS Diplo.txt	2022-nats-d2-Day2 Fred Day 2 LS Diplo.txt	2022 US Nationals Top 8 Brian Fred LS Diplo
Day2 Kessling DS Map.txt	2022-nats-d2-Day2 Kessling DS Map.txt	2022 US Nationals Top 8 Mike Kessling DS Map
Day2 Kessling Old Allies Nationals LS .txt	2022-nats-d2-Day2 Kessling Old Allies Nationals LS .txt	2022 US Nationals Top 8 Kessling Old Allies Nationals LS list
Day2 Olson Nationals DS Day 2 Map.txt	2022-nats-d2-Day2 Olson Nationals DS Day 2 Map.txt	2022 US Nationals Top 8 Olson Nationals DS Map
Day2 Olson Nationals LS Day 2 Pyre.txt	2022-nats-d2-Day2 Olson Nationals LS Day 2 Pyre.txt	2022 US Nationals Top 8 Olson Nationals LS Pyre
Day2 Shaw Day 2 Rops.txt	2022-nats-d2-Day2 Shaw Day 2 Rops.txt	2022 US Nationals Top 8 Greg Shaw DS Rops
Desai 23OCS Finals DS Walkers.txt	2023-ocs-Desai 23OCS Finals DS Walkers.txt	2023 OCS Finals Desai 23OCS Finals DS Walkers
Desai 23OCS Finals LS Obi Comm.txt	2023-ocs-Desai 23OCS Finals LS Obi Comm.txt	2023 OCS Finals Desai 23OCS Finals LS Obi Comm
Desai 23OCS T16 DS DLS-SSAv.txt	2023-ocs-Desai 23OCS T16 DS DLS-SSAv.txt	2023 OCS Top 16 Desai 23OCS T16 DS DLS SSAv
Desai 23OCS T16 LS Obi Comm.txt	2023-ocs-Desai 23OCS T16 LS Obi Comm.txt	2023 OCS Top 16 Desai 23OCS T16 LS Obi Comm
Desai 23OCS T4 DS Walkers.txt	2023-ocs-Desai 23OCS T4 DS Walkers.txt	2023 OCS Desai 23OCS T4 DS Walkers
Desai 23OCS T4 LS Obi Comm.txt	2023-ocs-Desai 23OCS T4 LS Obi Comm.txt	2023 OCS Desai 23OCS T4 LS Obi Comm
Desai 23OCS T8 DS Walkers.txt	2023-ocs-Desai 23OCS T8 DS Walkers.txt	2023 OCS Top 8 Desai 23OCS T8 DS Walkers
Desai 23OCS T8 LS HITCO.txt	2023-ocs-Desai 23OCS T8 LS HITCO.txt	2023 OCS Top 8 Desai 23OCS T8 LS HITCO
DesaiDS-HDv.txt	2020-worlds-d1-DesaiDS-HDv.txt	2020 Worlds Justin Desai DS HDv
DesaiDay2DS-HDv.txt	2020-worlds-d2-DesaiDay2DS-HDv.txt	2020 Worlds Day 2 Justin Desai DS HDv
DesaiDay2LS-Legend.txt	2020-worlds-d2-DesaiDay2LS-Legend.txt	2020 Worlds Day 2 Justin Desai LS Legend
DesaiDay3DS-HD.txt	2020-worlds-d3-DesaiDay3DS-HD.txt	2020 Worlds Day 3 Justin Desai DS HD
DesaiDay3LS-Legend.txt	2020-worlds-d3-DesaiDay3LS-Legend.txt	2020 Worlds Day 3 Justin Desai LS Legend
DesaiLS-Legend.txt	2020-worlds-d1-DesaiLS-Legend.txt	2020 Worlds Justin Desai LS Legend
DestefanisDS-Invasion.txt	2020-worlds-d1-DestefanisDS-Invasion.txt	2020 Worlds David Destefanis DS Invasion
DestefanisLS-EBO.txt	2020-worlds-d1-DestefanisLS-EBO.txt	2020 Worlds David Destefanis LS Careful Planning (V)
Drentlaw DS AOBS.txt	2022-nats-d1-Drentlaw DS AOBS.txt	2022 US Nationals Drentlaw DS AOBS
Drentlaw LS EBO.txt	2022-nats-d1-Drentlaw LS EBO.txt	2022 US Nationals Drentlaw LS EBO
Drew L - day 1 (I think) - DARK.txt	2022-mpc-Drew L - day 1 (I think) - DARK.txt	2022 MPC Drew L - day 1 (I think) DS list
Drew L - day 1 (I think) - LIGHT.txt	2022-mpc-Drew L - day 1 (I think) - LIGHT.txt	2022 MPC Drew L - day 1 (I think) LS list
Drew Lichtenstein Worlds DS HDv.txt	2022-worlds-Drew Lichtenstein Worlds DS HDv.txt	2022 Worlds Drew Lichtenstein DS HDv
Drew Lichtenstein Worlds LS Legend.txt	2022-worlds-Drew Lichtenstein Worlds LS Legend.txt	2022 Worlds Drew Lichtenstein LS Legend
Dusel 2022 GEMPC DS ROpsV.txt	2022-gempc-Dusel 2022 GEMPC DS ROpsV.txt	2022 GEMPC Timo Dusel DS ROpsV
Dusel 2022 GEMPC LS OA.txt	2022-gempc-Dusel 2022 GEMPC LS OA.txt	2022 GEMPC Timo Dusel LS OA
Dusel 23OCS Finals DS Thrawn.txt	2023-ocs-Dusel 23OCS Finals DS Thrawn.txt	2023 OCS Finals Dusel 23OCS Finals DS Thrawn
Dusel 23OCS Finals LS Y4O.txt	2023-ocs-Dusel 23OCS Finals LS Y4O.txt	2023 OCS Finals Dusel 23OCS Finals LS Y4O
Dusel 23OCS T16 DS Thrawn.txt	2023-ocs-Dusel 23OCS T16 DS Thrawn.txt	2023 OCS Top 16 Dusel 23OCS T16 DS Thrawn
Dusel 23OCS T16 LS EBO.txt	2023-ocs-Dusel 23OCS T16 LS EBO.txt	2023 OCS Top 16 Dusel 23OCS T16 LS EBO
Dusel 23OCS T4 DS AOBS.txt	2023-ocs-Dusel 23OCS T4 DS AOBS.txt	2023 OCS Dusel 23OCS T4 DS AOBS
Dusel 23OCS T4 LS Y4O.txt	2023-ocs-Dusel 23OCS T4 LS Y4O.txt	2023 OCS Dusel 23OCS T4 LS Y4O
Dusel 23OCS T8 DS Thrawn.txt	2023-ocs-Dusel 23OCS T8 DS Thrawn.txt	2023 OCS Top 8 Dusel 23OCS T8 DS Thrawn
Dusel 23OCS T8 LS Y4O.txt	2023-ocs-Dusel 23OCS T8 LS Y4O.txt	2023 OCS Top 8 Dusel 23OCS T8 LS Y4O
DuselDS-IE.txt	2020-worlds-d1-DuselDS-IE.txt	2020 Worlds Timo Dusel DS IE
DuselDarkOps.txt	2023-retro-DuselDarkOps.txt	2023 Retro Timo Dusel DS Ops
DuselDay2DS-IE.txt	2020-worlds-d2-DuselDay2DS-IE.txt	2020 Worlds Day 2 Timo Dusel DS IE
DuselDay2LS-NoIdea.txt	2020-worlds-d2-DuselDay2LS-NoIdea.txt	2020 Worlds Day 2 Timo Dusel LS NoIdea
DuselLS-Diplo.txt	2020-worlds-d1-DuselLS-Diplo.txt	2020 Worlds Timo Dusel LS Diplo
DuselLightHB.txt	2023-retro-DuselLightHB.txt	2023 Retro Timo Dusel LS HB
Edward Chien Worlds DS Senate.txt	2022-worlds-Edward Chien Worlds DS Senate.txt	2022 Worlds Edward Chien Worlds DS Senate
Edward Chien Worlds LS Legend.txt	2022-worlds-Edward Chien Worlds LS Legend.txt	2022 Worlds Edward Chien Worlds LS Legend
EngelkingDS-Combat.txt	2020-worlds-d1-EngelkingDS-Combat.txt	2020 Worlds Rhett Engelking DS Combat
EngelkingLS-TIGIH.txt	2020-worlds-d1-EngelkingLS-TIGIH.txt	2020 Worlds Rhett Engelking LS TIGIH
Eric Hunter Top 8 DARK.txt	2022-mpc-Eric Hunter Top 8 DARK.txt	2022 MPC Top 8 Eric Hunter Top 8 DS list
Eric Hunter Top 8 LIGHT.txt	2022-mpc-Eric Hunter Top 8 LIGHT.txt	2022 MPC Top 8 Eric Hunter Top 8 LS list
Eric Hunter day 1 DARK.txt	2022-mpc-Eric Hunter day 1 DARK.txt	2022 MPC Eric Hunter day 1 DS list
Eric Hunter day 1 LIGHT.txt	2022-mpc-Eric Hunter day 1 LIGHT.txt	2022 MPC Eric Hunter day 1 LS list
Eric Spijksma DS - Worlds 2022 - Walkers.txt	2022-worlds-Eric Spijksma DS - Worlds 2022 - Walkers.txt	2022 Worlds Eric Spijksma DS 2022 - Walkers
Eric Spijksma LS - Worlds 2022 - OA.txt	2022-worlds-Eric Spijksma LS - Worlds 2022 - OA.txt	2022 Worlds Eric Spijksma LS 2022 - OA
Eriksen-Schultz DS ROPSV (2).txt	2022-nats-d1-Eriksen-Schultz DS ROPSV (2).txt	2022 US Nationals Eriksen-Schultz DS ROPSV (2)
Eriksen-Schultz LS THNIWC UWWOTCAS (1).txt	2022-nats-d1-Eriksen-Schultz LS THNIWC UWWOTCAS (1).txt	2022 US Nationals Eriksen-Schultz LS THNIWC UWWOTCAS
EriksenDS-ISB.txt	2020-worlds-d1-EriksenDS-ISB.txt	2020 Worlds Rikard Eriksen DS ISB
EriksenDay2DS-HDv.txt	2020-worlds-d2-EriksenDay2DS-HDv.txt	2020 Worlds Day 2 Rikard Eriksen DS HDv
EriksenDay2LS-Legend.txt	2020-worlds-d2-EriksenDay2LS-Legend.txt	2020 Worlds Day 2 Rikard Eriksen LS Legend
EriksenLS-Legend.txt	2020-worlds-d1-EriksenLS-Legend.txt	2020 Worlds Rikard Eriksen LS Legend
ErismanDS-Senate.txt	2020-worlds-d1-ErismanDS-Senate.txt	2020 Worlds Michael Erisman DS My Lord, Is That Legal
ErismanLS-HITCO.txt	2020-worlds-d1-ErismanLS-HITCO.txt	2020 Worlds Michael Erisman LS HITCO
FeldmanDS-HD.txt	2020-worlds-d1-FeldmanDS-HD.txt	2020 Worlds Paul Todd Feldman DS HD
FeldmanDarkHD.txt	2023-retro-FeldmanDarkHD.txt	2023 Retro Paul Todd Feldman DS HD
FeldmanLS-HB.txt	2020-worlds-d1-FeldmanLS-HB.txt	2020 Worlds Paul Todd Feldman LS HB
FeldmanLightHB.txt	2023-retro-FeldmanLightHB.txt	2023 Retro Paul Todd Feldman LS HB
FletcherDS-ISB.txt	2020-worlds-d1-FletcherDS-ISB.txt	2020 Worlds Adam Fletcher DS ISB
FletcherLS-WHAP.txt	2020-worlds-d1-FletcherLS-WHAP.txt	2020 Worlds Adam Fletcher LS WHAP
Freeman DS Map IWTM ANYGITM.txt	2022-nats-d1-Freeman DS Map IWTM ANYGITM.txt	2022 US Nationals Freeman DS Map IWTM ANYGITM
Fulner LS Combat - Blaster - Nat' 22 - Fungineer.txt	2022-nats-d1-Fulner LS Combat - Blaster - Nat' 22 - Fungineer.txt	2022 US Nationals Fulner LS Combat - Blaster - Nat' 22 - Fungineer
FürgutDS-HDv.txt	2020-worlds-d1-FürgutDS-HDv.txt	2020 Worlds Quirin Fürgut DS HDv
FürgutDay2DS-HDv.txt	2020-worlds-d2-FürgutDay2DS-HDv.txt	2020 Worlds Day 2 Quirin Fürgut DS HDv
FürgutDay2LS-HITCO.txt	2020-worlds-d2-FürgutDay2LS-HITCO.txt	2020 Worlds Day 2 Quirin Fürgut LS HITCO
FürgutDay3DS-HDv.txt	2020-worlds-d3-FürgutDay3DS-HDv.txt	2020 Worlds Day 3 Quirin Fürgut DS HDv
FürgutDay3LS-HITCO.txt	2020-worlds-d3-FürgutDay3LS-HITCO.txt	2020 Worlds Day 3 Quirin Fürgut LS HITCO
FürgutLS-HITCO.txt	2020-worlds-d1-FürgutLS-HITCO.txt	2020 Worlds Quirin Fürgut LS HITCO
Garrett Larson Worlds DS TTO.txt	2022-worlds-Garrett Larson Worlds DS TTO.txt	2022 Worlds Garrett Larson DS TTO
Garrett Larson Worlds LS ebo.txt	2022-worlds-Garrett Larson Worlds LS ebo.txt	2022 Worlds Garrett Larson LS ebo
GianettiDS-SC.txt	2020-worlds-d1-GianettiDS-SC.txt	2020 Worlds Joe Gianetti DS SC
GianettiLS-Legend.txt	2020-worlds-d1-GianettiLS-Legend.txt	2020 Worlds Joe Gianetti LS Legend
GilliganDS-CCT.txt	2020-worlds-d1-GilliganDS-CCT.txt	2020 Worlds Mason Gilligan DS CCT
GilliganLS-HITCO.txt	2020-worlds-d1-GilliganLS-HITCO.txt	2020 Worlds Mason Gilligan LS HITCO
GogolenDS-TTO.txt	2020-worlds-d1-GogolenDS-TTO.txt	2020 Worlds Chris Gogolen DS Endor Operations
GogolenLS-EBO.txt	2020-worlds-d1-GogolenLS-EBO.txt	2020 Worlds Chris Gogolen LS Careful Planning (V)
Greg Shaw Worlds DS CCT.txt	2022-worlds-Greg Shaw Worlds DS CCT.txt	2022 Worlds Greg Shaw DS CCT
Greg Shaw Worlds LS Legend.txt	2022-worlds-Greg Shaw Worlds LS Legend.txt	2022 Worlds Greg Shaw LS Legend
Greg Shaw Worlds Top 8 DS CCT.txt	2022-worlds-Greg Shaw Worlds Top 8 DS CCT.txt	2022 Worlds Top 8 Greg Shaw DS CCT
Greg Shaw Worlds Top 8 LS No Idea.txt	2022-worlds-Greg Shaw Worlds Top 8 LS No Idea.txt	2022 Worlds Top 8 Greg Shaw LS No Idea
HalmanDS COTVG.txt	2022-nats-d1-HalmanDS COTVG.txt	2022 US Nationals Kendall Halman DS COTVG
HalmanDS-COVG.txt	2020-worlds-d1-HalmanDS-COVG.txt	2020 Worlds Kendall Halman DS COVG
HalmanLS YC.txt	2022-nats-d1-HalmanLS YC.txt	2022 US Nationals Kendall Halman LS YC
HalmanLS-TRM.txt	2020-worlds-d1-HalmanLS-TRM.txt	2020 Worlds Kendall Halman LS Don't Tread On Me (V)
Harrison-Trainor 2022 GEMPC DS ROpsV.txt	2022-gempc-Harrison-Trainor 2022 GEMPC DS ROpsV.txt	2022 GEMPC Matthew Harrison-Trainor DS ROpsV
Harrison-Trainor 2022 GEMPC LS OA.txt	2022-gempc-Harrison-Trainor 2022 GEMPC LS OA.txt	2022 GEMPC Matthew Harrison-Trainor LS OA
Harrison-Trainor 23OCS T16 DS HD.txt	2023-ocs-Harrison-Trainor 23OCS T16 DS HD.txt	2023 OCS Top 16 Harrison-Trainor 23OCS T16 DS HD
Harrison-Trainor 23OCS T16 LS QMC.txt	2023-ocs-Harrison-Trainor 23OCS T16 LS QMC.txt	2023 OCS Top 16 Harrison-Trainor 23OCS T16 LS QMC
Harrison-TrainorDS-ROps.txt	2020-worlds-d1-Harrison-TrainorDS-ROps.txt	2020 Worlds Matthew Harrison-Trainor DS ROps
Harrison-TrainorDay2DS-HD.txt	2020-worlds-d2-Harrison-TrainorDay2DS-HD.txt	2020 Worlds Day 2 Matthew Harrison-Trainor DS HD
Harrison-TrainorDay2LS-Legend.txt	2020-worlds-d2-Harrison-TrainorDay2LS-Legend.txt	2020 Worlds Day 2 Matthew Harrison-Trainor LS Legend
Harrison-TrainorLS-QMC.txt	2020-worlds-d1-Harrison-TrainorLS-QMC.txt	2020 Worlds Matthew Harrison-Trainor LS QMC
HatoumDS SC.txt	2022-nats-d1-HatoumDS SC.txt	2022 US Nationals AJ Hatoum DS SC
HatoumDS-HDv.txt	2020-worlds-d1-HatoumDS-HDv.txt	2020 Worlds AJ Hatoum DS HDv
HatoumLS Yoda Communing.txt	2022-nats-d1-HatoumLS Yoda Communing.txt	2022 US Nationals AJ Hatoum LS Yoda Communing
HatoumLS-HITCO.txt	2020-worlds-d1-HatoumLS-HITCO.txt	2020 Worlds AJ Hatoum LS HITCO
HawbakerDS-DathSSA.txt	2020-worlds-d1-HawbakerDS-DathSSA.txt	2020 Worlds Erich Hawbaker DS DathSSA
HawbakerLS-HB.txt	2020-worlds-d1-HawbakerLS-HB.txt	2020 Worlds Erich Hawbaker LS HB
Hayes Hunter Worlds DS SC.txt	2022-worlds-Hayes Hunter Worlds DS SC.txt	2022 Worlds Hayes Hunter DS SC
Hayes Hunter Worlds LS Yoda Comm.txt	2022-worlds-Hayes Hunter Worlds LS Yoda Comm.txt	2022 Worlds Hayes Hunter LS Yoda Comm
Hayes Hunter Worlds Top 8 DS SC.txt	2022-worlds-Hayes Hunter Worlds Top 8 DS SC.txt	2022 Worlds Top 8 Hayes Hunter DS SC
Hayes Hunter Worlds Top 8 LS YodaComm.txt	2022-worlds-Hayes Hunter Worlds Top 8 LS YodaComm.txt	2022 Worlds Top 8 Hayes Hunter LS YodaComm
HayesDS-HDv.txt	2020-worlds-d1-HayesDS-HDv.txt	2020 Worlds Hayes Hunter DS HDv
HayesLS-NoIdea.txt	2020-worlds-d1-HayesLS-NoIdea.txt	2020 Worlds Hayes Hunter LS NoIdea
HendonDS-Senate.txt	2020-worlds-d1-HendonDS-Senate.txt	2020 Worlds Robbie Hendon DS My Lord, Is That Legal
HendonLS-WHAP.txt	2020-worlds-d1-HendonLS-WHAP.txt	2020 Worlds Robbie Hendon LS WHAP
Herold DS Invasion.txt	2022-nats-d1-Herold DS Invasion.txt	2022 US Nationals Herold DS Invasion
Herold LS TIGIH.txt	2022-nats-d1-Herold LS TIGIH.txt	2022 US Nationals Herold LS TIGIH
HerrenDS-ISB.txt	2020-worlds-d1-HerrenDS-ISB.txt	2020 Worlds Charlie Herren DS ISB
HerrenLS-WYS.txt	2020-worlds-d1-HerrenLS-WYS.txt	2020 Worlds Charlie Herren LS WYS
HorbeyDarkISB.txt	2023-retro-HorbeyDarkISB.txt	2023 Retro Joe Horbey DS ISB
HorbeyLightMains.txt	2023-retro-HorbeyLightMains.txt	2023 Retro Joe Horbey LS Mains
HowardDS-SC.txt	2020-worlds-d1-HowardDS-SC.txt	2020 Worlds Anthony Howard DS SC
HowardLS-QMC.txt	2020-worlds-d1-HowardLS-QMC.txt	2020 Worlds Anthony Howard LS QMC
HullDS-BespinCRv.txt	2020-worlds-d1-HullDS-BespinCRv.txt	2020 Worlds Chris Hull DS BespinCRv
HullLS-Hyperdrive.txt	2020-worlds-d1-HullLS-Hyperdrive.txt	2020 Worlds Chris Hull LS Hyperdrive
Huo 2022 Nats Map.txt	2022-nats-d1-Huo 2022 Nats Map.txt	2022 US Nationals Huo 2022 Nats DS Map
Huo 2022 Nats No Idea LS.txt	2022-nats-d1-Huo 2022 Nats No Idea LS.txt	2022 US Nationals Huo 2022 Nats No Idea LS list
HutchinsDS-HDv.txt	2020-worlds-d1-HutchinsDS-HDv.txt	2020 Worlds Grady Hutchins DS HDv
HutchinsLS-HITCO.txt	2020-worlds-d1-HutchinsLS-HITCO.txt	2020 Worlds Grady Hutchins LS HITCO
JaapDS-ASM.txt	2020-worlds-d1-JaapDS-ASM.txt	2020 Worlds Kevin Jaap DS A Stunning Move
JaapLS-QMC.txt	2020-worlds-d1-JaapLS-QMC.txt	2020 Worlds Kevin Jaap LS QMC
Jarad Konsker Worlds DS ISB.txt	2022-worlds-Jarad Konsker Worlds DS ISB.txt	2022 Worlds Jarad Konsker DS ISB
Jarad Konsker Worlds LS No Idea.txt	2022-worlds-Jarad Konsker Worlds LS No Idea.txt	2022 Worlds Jarad Konsker LS No Idea
Jared Napolitano Worlds DS CCT.txt	2022-worlds-Jared Napolitano Worlds DS CCT.txt	2022 Worlds Jared Napolitano DS CCT
Jared Napolitano Worlds LS No Idea.txt	2022-worlds-Jared Napolitano Worlds LS No Idea.txt	2022 Worlds Jared Napolitano LS No Idea
Jeff Lavigne Worlds DS AOBS.txt	2022-worlds-Jeff Lavigne Worlds DS AOBS.txt	2022 Worlds Jeff Lavigne DS AOBS
Jeff Lavigne Worlds Yodamunning.txt	2022-worlds-Jeff Lavigne Worlds Yodamunning.txt	2022 Worlds Jeff Lavigne LS Yodamunning
JellisonDS-DathSSA.txt	2020-worlds-d1-JellisonDS-DathSSA.txt	2020 Worlds Ryan Jellison DS DathSSA
JellisonDay2DS-ASM.txt	2020-worlds-d2-JellisonDay2DS-ASM.txt	2020 Worlds Day 2 Ryan Jellison DS A Stunning Move
JellisonDay2LS-NoIdea.txt	2020-worlds-d2-JellisonDay2LS-NoIdea.txt	2020 Worlds Day 2 Ryan Jellison LS NoIdea
JellisonLS-WYS.txt	2020-worlds-d1-JellisonLS-WYS.txt	2020 Worlds Ryan Jellison LS WYS
JensenDS-SYCFA.txt	2020-worlds-d1-JensenDS-SYCFA.txt	2020 Worlds Jeramie Jensen DS SYCFA
JensenLS-TIGIH.txt	2020-worlds-d1-JensenLS-TIGIH.txt	2020 Worlds Jeramie Jensen LS TIGIH
Jeremy DiPaolo Worlds DS CCT.txt	2022-worlds-Jeremy DiPaolo Worlds DS CCT.txt	2022 Worlds Jeremy DiPaolo DS CCT
Jeremy DiPaolo Worlds LS Yoda KesselRun.txt	2022-worlds-Jeremy DiPaolo Worlds LS Yoda KesselRun.txt	2022 Worlds Jeremy DiPaolo LS Yoda KesselRun
Jeremy DiPaolo Worlds Top 8 DS AOBS.txt	2022-worlds-Jeremy DiPaolo Worlds Top 8 DS AOBS.txt	2022 Worlds Top 8 Jeremy DiPaolo DS AOBS
Jeremy Dipaolo Worlds Top 8 LS Y40.txt	2022-worlds-Jeremy Dipaolo Worlds Top 8 LS Y40.txt	2022 Worlds Top 8 Jeremy Dipaolo LS Y40
Joe Olson Worlds DS SC.txt	2022-worlds-Hayes Hunter Worlds DS SC.txt	2022 Worlds Hayes Hunter DS SC
Joe Olson Worlds LS Yoda Comm.txt	2022-worlds-Joe Olson Worlds LS Yoda Comm.txt	2022 Worlds Joe Olson LS Yoda Comm
Joel Pittman Worlds DS SC.txt	2022-worlds-Joel Pittman Worlds DS SC.txt	2022 Worlds Joel Pittman DS SC
Joel Pittman Worlds LS ReySkulls.txt	2022-worlds-Joel Pittman Worlds LS ReySkulls.txt	2022 Worlds Joel Pittman LS ReySkulls
Jon McFarland Map.txt	2022-mpc-Jon McFarland Map.txt	2022 MPC Jon McFarland DS Map
Jon McFarland Worlds DS TDIGWATT.txt	2022-worlds-Jon McFarland Worlds DS TDIGWATT.txt	2022 Worlds Jon McFarland DS TDIGWATT
Jon McFarland Worlds LS Profit.txt	2022-worlds-Jon McFarland Worlds LS Profit.txt	2022 Worlds Jon McFarland LS Profit
Jonathan Murray Worlds DS WalkersMains.txt	2022-worlds-Jonathan Murray Worlds DS WalkersMains.txt	2022 Worlds Jonathan Murray DS WalkersMains
Jonathan Murray Worlds LS BazookaProfit.txt	2022-worlds-Jonathan Murray Worlds LS BazookaProfit.txt	2022 Worlds Jonathan Murray LS BazookaProfit
Jonny Chu Worlds DS ROpsV.txt	2022-worlds-Jonny Chu Worlds DS ROpsV.txt	2022 Worlds Jonny Chu DS ROpsV
Jonny Chu Worlds LS HB.txt	2022-worlds-Jonny Chu Worlds LS HB.txt	2022 Worlds Jonny Chu LS HB
Justin Desai Worlds DS ROpsV.txt	2022-worlds-Justin Desai Worlds DS ROpsV.txt	2022 Worlds Justin Desai DS ROpsV
Justin Desai Worlds LS Legend.txt	2022-worlds-Justin Desai Worlds LS Legend.txt	2022 Worlds Justin Desai LS Legend
Justin Desai Worlds Top 8 DS ROpsV.txt	2022-worlds-Justin Desai Worlds Top 8 DS ROpsV.txt	2022 Worlds Top 8 Justin Desai DS ROpsV
Justin Desai Worlds Top 8 LS Legend.txt	2022-worlds-Justin Desai Worlds Top 8 LS Legend.txt	2022 Worlds Top 8 Justin Desai LS Legend
Justin Miyashiro 2022 DS Rops nines.txt	2022-worlds-Justin Miyashiro 2022 DS Rops nines.txt	2022 Worlds Justin Miyashiro 2022 DS Rops nines
Justin Miyashiro 2022 LS Diplo.txt	2022-worlds-Justin Miyashiro 2022 LS Diplo.txt	2022 Worlds Justin Miyashiro 2022 LS Diplo
Kafer 2022 GEMPC DS Shadow Collective.txt	2022-gempc-Kafer 2022 GEMPC DS Shadow Collective.txt	2022 GEMPC Bill Kafer DS Shadow Collective
Kafer 2022 GEMPC LS No Idea.txt	2022-gempc-Kafer 2022 GEMPC LS No Idea.txt	2022 GEMPC Bill Kafer LS No Idea
KaferDS-ISB.txt	2020-worlds-d1-KaferDS-ISB.txt	2020 Worlds Bill Kafer DS ISB
KaferDay2DS-DathSSA.txt	2020-worlds-d2-KaferDay2DS-DathSSA.txt	2020 Worlds Day 2 Bill Kafer DS DathSSA
KaferDay2LS-WYS.txt	2020-worlds-d2-KaferDay2LS-WYS.txt	2020 Worlds Day 2 Bill Kafer LS WYS
KaferLS-WYS.txt	2020-worlds-d1-KaferLS-WYS.txt	2020 Worlds Bill Kafer LS WYS
KallinDS-CCT.txt	2020-worlds-d1-KallinDS-CCT.txt	2020 Worlds Kyle Kallin DS CCT
KallinLS-Legend.txt	2020-worlds-d1-KallinLS-Legend.txt	2020 Worlds Kyle Kallin LS Legend
Kendall Halman Worlds DS COTVG.txt	2022-worlds-Kendall Halman Worlds DS COTVG.txt	2022 Worlds Kendall Halman DS COTVG
Kendall Halman Worlds LS TIGIH.txt	2022-worlds-Kendall Halman Worlds LS TIGIH.txt	2022 Worlds Kendall Halman LS TIGIH
Kessling + Arlandson MAP SYMMETRY.txt	2022-mpc-Kessling + Arlandson MAP SYMMETRY.txt	2022 MPC Kessling + Arlandson DS MAP SYMMETRY
Kessling + Arlandson YODA SYMMETRY (1).txt	2022-mpc-Kessling + Arlandson YODA SYMMETRY (1).txt	2022 MPC Kessling + Arlandson LS YODA SYMMETRY
Kessling 2022 GEMPC DS SC.txt	2022-gempc-Kessling 2022 GEMPC DS SC.txt	2022 GEMPC Mike Kessling DS SC
Kessling 2022 GEMPC LS OA.txt	2022-gempc-Kessling 2022 GEMPC LS OA.txt	2022 GEMPC Mike Kessling LS OA
Kessling 23OCS DS T16 BHBM.txt	2023-ocs-Kessling 23OCS DS T16 BHBM.txt	2023 OCS Top 16 Kessling 23OCS DS T16 BHBM
Kessling 23OCS LS T16 Yoda Comm.txt	2023-ocs-Kessling 23OCS LS T16 Yoda Comm.txt	2023 OCS Top 16 Kessling 23OCS LS T16 Yoda Comm
Kessling 23OCS T8 DS ISB.txt	2023-ocs-Kessling 23OCS T8 DS ISB.txt	2023 OCS Top 8 Kessling 23OCS T8 DS ISB
Kessling 23OCS T8 LS Obi Comm.txt	2023-ocs-Kessling 23OCS T8 LS Obi Comm.txt	2023 OCS Top 8 Kessling 23OCS T8 LS Obi Comm
Kessling DS SC.txt	2022-nats-d1-Kessling DS SC.txt	2022 US Nationals Mike Kessling DS SC
Kessling Light Side OA.txt	2022-nats-d1-Kessling Light Side OA.txt	2022 US Nationals Mike Kessling LS Side OA
KesslingDS-ISB.txt	2020-worlds-d1-KesslingDS-ISB.txt	2020 Worlds Mike Kessling DS ISB
KesslingLS-WYS.txt	2020-worlds-d1-KesslingLS-WYS.txt	2020 Worlds Mike Kessling LS WYS
KingeryDS-SC.txt	2020-worlds-d1-KingeryDS-SC.txt	2020 Worlds Aaron Kingery DS SC
KingeryDay2DS-SC.txt	2020-worlds-d2-KingeryDay2DS-SC.txt	2020 Worlds Day 2 Aaron Kingery DS SC
KingeryDay2LS-Legend.txt	2020-worlds-d2-KingeryDay2LS-Legend.txt	2020 Worlds Day 2 Aaron Kingery LS Legend
KingeryLS-Legend.txt	2020-worlds-d1-KingeryLS-Legend.txt	2020 Worlds Aaron Kingery LS Legend
Kippel 23OCS T16 DS SC.txt	2023-ocs-Kippel 23OCS T16 DS SC.txt	2023 OCS Top 16 Kippel 23OCS T16 DS SC
Kippel 23OCS T16 LS Anakin Saga.txt	2023-ocs-Kippel 23OCS T16 LS Anakin Saga.txt	2023 OCS Top 16 Kippel 23OCS T16 LS Anakin Saga
KippelDS-BHBM.txt	2020-worlds-d1-KippelDS-BHBM.txt	2020 Worlds Brad Kippel DS BHBM
KippelDay2DS-BHBM.txt	2020-worlds-d2-KippelDay2DS-BHBM.txt	2020 Worlds Day 2 Brad Kippel DS BHBM
KippelDay2LS-TRM.txt	2020-worlds-d2-KippelDay2LS-TRM.txt	2020 Worlds Day 2 Brad Kippel LS TRM
KippelLS-TRM.txt	2020-worlds-d1-KippelLS-TRM.txt	2020 Worlds Brad Kippel LS TRM
Koenig Nationals Karl Koenig SC.txt	2022-nats-d1-Koenig Nationals Karl Koenig SC.txt	2022 US Nationals Koenig Nationals Karl Koenig DS SC
Koenig Nationals Karl Koenig Yodamunning.txt	2022-nats-d1-Koenig Nationals Karl Koenig Yodamunning.txt	2022 US Nationals Koenig Nationals Karl Koenig LS Yodamunning
KonskerDS-HDv.txt	2020-worlds-d1-KonskerDS-HDv.txt	2020 Worlds Jarad Konsker DS HDv
KonskerDay2DS-HDv.txt	2020-worlds-d2-KonskerDay2DS-HDv.txt	2020 Worlds Day 2 Jarad Konsker DS HDv
KonskerDay2LS-HITCO.txt	2020-worlds-d2-KonskerDay2LS-HITCO.txt	2020 Worlds Day 2 Jarad Konsker LS HITCO
KonskerLS-HITCO.txt	2020-worlds-d1-KonskerLS-HITCO.txt	2020 Worlds Jarad Konsker LS HITCO
KopsenDS-HDv.txt	2020-worlds-d1-KopsenDS-HDv.txt	2020 Worlds Hugh Kopsen DS HDv
KopsenLS-HITCO.txt	2020-worlds-d1-KopsenLS-HITCO.txt	2020 Worlds Hugh Kopsen LS HITCO
Krueger DS BHBM.txt	2022-nats-d1-AldredDS BHBM.txt	2022 US Nationals Cal Aldred DS BHBM
Krueger LS OA.txt	2022-nats-d1-Krueger LS OA.txt	2022 US Nationals Kyle Krueger LS OA
KruegerDS-SYCFA.txt	2020-worlds-d1-KruegerDS-SYCFA.txt	2020 Worlds Kyle Krueger DS SYCFA
KruegerDay2DS-SYCFA.txt	2020-worlds-d2-KruegerDay2DS-SYCFA.txt	2020 Worlds Day 2 Kyle Krueger DS SYCFA
KruegerDay2LS-HITCO.txt	2020-worlds-d2-KruegerDay2LS-HITCO.txt	2020 Worlds Day 2 Kyle Krueger LS HITCO
KruegerLS-HITCO.txt	2020-worlds-d1-KruegerLS-HITCO.txt	2020 Worlds Kyle Krueger LS HITCO
Kyle Krueger Wolrds DS SC.txt	2022-worlds-Kyle Krueger Wolrds DS SC.txt	2022 Worlds Kyle Krueger Wolrds DS SC
Kyle Krueger Worlds LS Yodamuning.txt	2022-worlds-Kyle Krueger Worlds LS Yodamuning.txt	2022 Worlds Kyle Krueger LS Yodamuning
Kyle Krueger Worlds Top 8 DS SC.txt	2022-worlds-Kyle Krueger Worlds Top 8 DS SC.txt	2022 Worlds Top 8 Kyle Krueger DS SC
Kyle Krueger Worlds Top 8 LS YodaComm.txt	2022-worlds-Kyle Krueger Worlds Top 8 LS YodaComm.txt	2022 Worlds Top 8 Kyle Krueger LS YodaComm
LarsonDS-BHBM.txt	2020-worlds-d1-LarsonDS-BHBM.txt	2020 Worlds Garrett Larson DS BHBM
LarsonLS-QMC.txt	2020-worlds-d1-LarsonLS-QMC.txt	2020 Worlds Garrett Larson LS QMC
Lavigne 2022 GEMPC LS Quimunning.txt	2022-gempc-Lavigne 2022 GEMPC LS Quimunning.txt	2022 GEMPC Jeff Lavigne LS Quimunning
Lavigne 23OCS T16 LS QMC.txt	2023-ocs-Lavigne 23OCS T16 LS QMC.txt	2023 OCS Top 16 Lavigne 23OCS T16 LS QMC
Lavinge 2022 GEMPC DS AOBS.txt	2022-gempc-Lavinge 2022 GEMPC DS AOBS.txt	2022 GEMPC Lavinge DS AOBS
Lavinge 23OCS T16 DS EOps.txt	2023-ocs-Lavinge 23OCS T16 DS EOps.txt	2023 OCS Top 16 Lavinge 23OCS T16 DS EOps
Lavinge 23OCS T8 DS DLS-SSAv.txt	2023-ocs-Lavinge 23OCS T8 DS DLS-SSAv.txt	2023 OCS Top 8 Lavinge 23OCS T8 DS DLS SSAv
Lavinge 23OCS T8 LS QMC.txt	2023-ocs-Lavigne 23OCS T16 LS QMC.txt	2023 OCS Top 16 Lavigne 23OCS T16 LS QMC
LawrenceDS-HDv.txt	2020-worlds-d1-LawrenceDS-HDv.txt	2020 Worlds Chad Lawrence DS HDv
LawrenceLS-HITCO.txt	2020-worlds-d1-LawrenceLS-HITCO.txt	2020 Worlds Chad Lawrence LS HITCO
LeDS Hoth.txt	2022-nats-d1-LeDS Hoth.txt	2022 US Nationals Le DS Hoth
LeLS YodaSpace.txt	2022-nats-d1-LeLS YodaSpace.txt	2022 US Nationals Le LS YodaSpace
Lichtenstein 23OCS T16 DS ROTS-Vader.txt	2023-egp-2023 EGP Tartaglione DS ROTS Vader.txt	2023 EGP Dan Tartaglione DS ROTS Vader
Lichtenstein 23OCS T16 LS Speeders.txt	2023-ocs-Lichtenstein 23OCS T16 LS Speeders.txt	2023 OCS Top 16 Lichtenstein 23OCS T16 LS Speeders
Lichtenstein 23OCS T4 DS Map.txt	2023-ocs-Lichtenstein 23OCS T4 DS Map.txt	2023 OCS Lichtenstein 23OCS T4 DS Map
Lichtenstein 23OCS T4 LS HITCO.txt	2023-ocs-Lichtenstein 23OCS T4 LS HITCO.txt	2023 OCS Lichtenstein 23OCS T4 LS HITCO
Lichtenstein 23OCS T8 DS SC.txt	2023-ocs-Lichtenstein 23OCS T8 DS SC.txt	2023 OCS Top 8 Lichtenstein 23OCS T8 DS SC
Lichtenstein 23OCS T8 LS WYS.txt	2023-ocs-Lichtenstein 23OCS T8 LS WYS.txt	2023 OCS Top 8 Lichtenstein 23OCS T8 LS WYS
LichtensteinDS-ISB.txt	2020-worlds-d1-LichtensteinDS-ISB.txt	2020 Worlds Drew Lichtenstein DS ISB
LichtensteinDay2DS-CCT.txt	2020-worlds-d2-LichtensteinDay2DS-CCT.txt	2020 Worlds Day 2 Drew Lichtenstein DS CCT
LichtensteinDay2LS-Legend.txt	2020-worlds-d2-LichtensteinDay2LS-Legend.txt	2020 Worlds Day 2 Drew Lichtenstein LS Legend
LichtensteinLS-Legend.txt	2020-worlds-d1-LichtensteinLS-Legend.txt	2020 Worlds Drew Lichtenstein LS Legend
LingrellDS-DathSSA.txt	2020-worlds-d1-LingrellDS-DathSSA.txt	2020 Worlds Scott Lingrell DS DathSSA
LingrellLS-Profit.txt	2020-worlds-d1-LingrellLS-Profit.txt	2020 Worlds Scott Lingrell LS Profit
Logan Pietig Worlds LS- Legend.txt	2022-worlds-rest-Logan Pietig Worlds LS- Legend.txt	2022 Worlds Logan Pietig LS Legend
LuhksDarkOps.txt	2023-retro-LuhksDarkOps.txt	2023 Retro Luhks DS Ops
LuhksLightHB.txt	2023-retro-LuhksLightHB.txt	2023 Retro Luhks LS HB
LutzDS - SC.txt	2022-nats-d1-LutzDS - SC.txt	2022 US Nationals Matt Lutz DS SC
LutzDS-HDv.txt	2020-worlds-d1-LutzDS-HDv.txt	2020 Worlds Matt Lutz DS HDv
LutzDay2DS-HDv.txt	2020-worlds-d2-LutzDay2DS-HDv.txt	2020 Worlds Day 2 Matt Lutz DS HDv
LutzDay2LS-WYS.txt	2020-worlds-d2-LutzDay2LS-WYS.txt	2020 Worlds Day 2 Matt Lutz LS WYS
LutzLS - No Idea.txt	2022-nats-d1-LutzLS - No Idea.txt	2022 US Nationals Matt Lutz LS No Idea
LutzLS-Legend.txt	2020-worlds-d1-LutzLS-Legend.txt	2020 Worlds Matt Lutz LS Legend
MackinDS-TTO.txt	2020-worlds-d1-MackinDS-TTO.txt	2020 Worlds Sean Mackin DS Endor Operations
MackinLS-HITCO.txt	2020-worlds-d1-MackinLS-HITCO.txt	2020 Worlds Sean Mackin LS HITCO
MainDS-EOps.txt	2020-worlds-d1-MainDS-EOps.txt	2020 Worlds Alex Main DS EOps
MainLS-HothCPv.txt	2020-worlds-d1-MainLS-HothCPv.txt	2020 Worlds Alex Main LS Careful Planning (V)
MalinsDS-HDv.txt	2020-worlds-d1-MalinsDS-HDv.txt	2020 Worlds Darren Malins DS HDv
MalinsLS-HITCO.txt	2020-worlds-d1-MalinsLS-HITCO.txt	2020 Worlds Darren Malins LS HITCO
MartinDS-CCT.txt	2020-worlds-d1-MartinDS-CCT.txt	2020 Worlds James Martin DS CCT
MartinDay2DS-CCT.txt	2020-worlds-d2-MartinDay2DS-CCT.txt	2020 Worlds Day 2 James Martin DS CCT
MartinDay2LS-Hyperdrivev.txt	2020-worlds-d2-MartinDay2LS-Hyperdrivev.txt	2020 Worlds Day 2 James Martin LS Hyperdrivev
MartinLS-Hyperdrive.txt	2020-worlds-d1-MartinLS-Hyperdrive.txt	2020 Worlds James Martin LS Hyperdrive
Matt Harrison-Trainor Worlds DS ROPS.txt	2022-worlds-Matt Harrison-Trainor Worlds DS ROPS.txt	2022 Worlds Matthew Harrison-Trainor DS ROPS
Matt Harrison-Trainor Worlds LS No Idea.txt	2022-worlds-Matt Harrison-Trainor Worlds LS No Idea.txt	2022 Worlds Matthew Harrison-Trainor LS No Idea
Matt Harrison-Trainor Worlds Top 8 DS ROPSv.txt	2022-worlds-Matt Harrison-Trainor Worlds Top 8 DS ROPSv.txt	2022 Worlds Top 8 Matthew Harrison-Trainor DS ROPSv
Matt Harrison-Trainor Worlds Top 8 LS No Idea.txt	2022-worlds-Matt Harrison-Trainor Worlds LS No Idea.txt	2022 Worlds Matthew Harrison-Trainor LS No Idea
Matt Lutz Worlds DS HDv.txt	2022-worlds-Matt Lutz Worlds DS HDv.txt	2022 Worlds Matt Lutz DS HDv
Matt Lutz Worlds LS - Yommuning.txt	2022-worlds-Matt Lutz Worlds LS - Yommuning.txt	2022 Worlds Matt Lutz LS Yommuning
Matt Scott Worlds DS CCT.txt	2022-worlds-Brian Fred Worlds DS CCT.txt	2022 Worlds Brian Fred DS CCT
Matt Scott Worlds LS Yoda Com.txt	2022-worlds-Brian Fred Worlds LS Yoda Com.txt	2022 Worlds Brian Fred LS Yoda Com
McFarlandDS-HDv.txt	2020-worlds-d1-McFarlandDS-HDv.txt	2020 Worlds Jon McFarland DS HDv
McFarlandLS-QMC.txt	2020-worlds-d1-McFarlandLS-QMC.txt	2020 Worlds Jon McFarland LS QMC
McLeanDS-HothPD.txt	2020-worlds-d1-McLeanDS-HothPD.txt	2020 Worlds Kyle McLean DS HothPD
McLeanLS-QMCtxt.txt	2020-worlds-d1-McLeanLS-QMCtxt.txt	2020 Worlds Kyle McLean LS QMCtxt
Mike Kessling Wolrds LS OA.txt	2022-worlds-Mike Kessling Wolrds LS OA.txt	2022 Worlds Mike Kessling Wolrds LS OA
Mike Kessling Worlds DS SC.txt	2022-worlds-Mike Kessling Worlds DS SC.txt	2022 Worlds Mike Kessling DS SC
Mike Thomas TDIGWATT.txt	2022-mpc-Mike Thomas TDIGWATT.txt	2022 MPC Mike Thomas DS TDIGWATT
Miyashiro DS Nats 22 BHBM.txt	2022-nats-d1-Miyashiro DS Nats 22 BHBM.txt	2022 US Nationals Justin Miyashiro DS Nats 22 BHBM
Miyashiro Nats 22 LS Yoda Com.txt	2022-nats-d1-Miyashiro Nats 22 LS Yoda Com.txt	2022 US Nationals Miyashiro Nats 22 LS Yoda Com
MiyashiroDS-HDv.txt	2020-worlds-d1-MiyashiroDS-HDv.txt	2020 Worlds Justin Miyashiro DS HDv
MiyashiroDay2DS-SYCFA.txt	2020-worlds-d2-MiyashiroDay2DS-SYCFA.txt	2020 Worlds Day 2 Justin Miyashiro DS SYCFA
MiyashiroDay2LS-WHAP.txt	2020-worlds-d2-MiyashiroDay2LS-WHAP.txt	2020 Worlds Day 2 Justin Miyashiro LS WHAP
MiyashiroLS-HITCO.txt	2020-worlds-d1-MiyashiroLS-HITCO.txt	2020 Worlds Justin Miyashiro LS HITCO
MonteithDarkOps.txt	2023-retro-MonteithDarkOps.txt	2023 Retro Ian Monteith DS Ops
MonteithLightHB.txt	2023-retro-MonteithLightHB.txt	2023 Retro Ian Monteith LS HB
MyersDS-IE.txt	2020-worlds-d1-MyersDS-IE.txt	2020 Worlds Paul Myers DS IE
MyersDay2DS-IE.txt	2020-worlds-d2-MyersDay2DS-IE.txt	2020 Worlds Day 2 Paul Myers DS IE
MyersDay2LS-Diplo.txt	2020-worlds-d2-MyersDay2LS-Diplo.txt	2020 Worlds Day 2 Paul Myers LS Diplo
MyersDay3DS-IE.txt	2020-worlds-d3-MyersDay3DS-IE.txt	2020 Worlds Day 3 Paul Myers DS IE
MyersDay3LS-Diplo.txt	2020-worlds-d3-MyersDay3LS-Diplo.txt	2020 Worlds Day 3 Paul Myers LS Diplo
MyersLS-Diplo.txt	2020-worlds-d1-MyersLS-Diplo.txt	2020 Worlds Paul Myers LS Diplo
Napolitano 23OCS T16 DS Walkers.txt	2023-ocs-Napolitano 23OCS T16 DS Walkers.txt	2023 OCS Top 16 Napolitano 23OCS T16 DS Walkers
Napolitano 23OCS T16 LS WYS.txt	2023-ocs-Napolitano 23OCS T16 LS WYS.txt	2023 OCS Top 16 Napolitano 23OCS T16 LS WYS
NapolitanoDS-AOBS.txt	2020-worlds-d1-NapolitanoDS-AOBS.txt	2020 Worlds Jared Napolitano DS AOBS
NapolitanoDay2DS-AOBS.txt	2020-worlds-d2-NapolitanoDay2DS-AOBS.txt	2020 Worlds Day 2 Jared Napolitano DS AOBS
NapolitanoDay2LS-NoIdea.txt	2020-worlds-d2-NapolitanoDay2LS-NoIdea.txt	2020 Worlds Day 2 Jared Napolitano LS NoIdea
NapolitanoDay3DS-AOBS.txt	2020-worlds-d3-NapolitanoDay3DS-AOBS.txt	2020 Worlds Day 3 Jared Napolitano DS AOBS
NapolitanoDay3LS-Legend.txt	2020-worlds-d3-NapolitanoDay3LS-Legend.txt	2020 Worlds Day 3 Jared Napolitano LS Legend
NapolitanoLS-QMC.txt	2020-worlds-d1-NapolitanoLS-QMC.txt	2020 Worlds Jared Napolitano LS QMC
Nelson LS Qui-Gon Communing.txt	2022-nats-d1-Nelson LS Qui-Gon Communing.txt	2022 US Nationals Nelson LS Qui-Gon Communing
NelsonDS Ralltiir Operations (V).txt	2022-nats-d1-NelsonDS Ralltiir Operations (V).txt	2022 US Nationals Nelson DS Ralltiir Operations (V)
NguyenDS ROTS Dooku.txt	2022-nats-d1-NguyenDS ROTS Dooku.txt	2022 US Nationals Brandon Nguyen DS ROTS Dooku
NguyenDarkHD.txt	2023-retro-NguyenDarkHD.txt	2023 Retro Brandon Nguyen DS HD
NguyenLS Yoda-Communing.txt	2022-nats-d1-NguyenLS Yoda-Communing.txt	2022 US Nationals Brandon Nguyen LS Yoda-Communing
NguyenLightHB.txt	2023-retro-NguyenLightHB.txt	2023 Retro Brandon Nguyen LS HB
Nick Abbondanzo Worlds DS AOBS.txt	2022-worlds-Nick Abbondanzo Worlds DS AOBS.txt	2022 Worlds Nick Abbondanzo DS AOBS
Nick Abbondanzo Worlds LS QMC.txt	2022-worlds-Nick Abbondanzo Worlds LS QMC.txt	2022 Worlds Nick Abbondanzo LS QMC
Olson 2022 GeMPC DS ROpsV.txt	2022-gempc-Olson 2022 GeMPC DS ROpsV.txt	2022 GEMPC Joe Olson DS ROpsV
Olson 2022 GeMPC LS Profit.txt	2022-gempc-Olson 2022 GeMPC LS Profit.txt	2022 GEMPC Joe Olson LS Profit
Olson 23OCS T16 DS EOps.txt	2023-ocs-Olson 23OCS T16 DS EOps.txt	2023 OCS Top 16 Olson 23OCS T16 DS EOps
Olson 23OCS T16 LS QMC.txt	2023-ocs-Olson 23OCS T16 LS QMC.txt	2023 OCS Top 16 Olson 23OCS T16 LS QMC
Olson Nationals DS Day 1 Rops.txt	2022-nats-d1-Olson Nationals DS Day 1 Rops.txt	2022 US Nationals Olson Nationals DS Rops
Olson Nationals LS Day 1 OA.txt	2022-nats-d1-Olson Nationals LS Day 1 OA.txt	2022 US Nationals Olson Nationals LS OA
OlsonDS-HDv.txt	2020-worlds-d1-OlsonDS-HDv.txt	2020 Worlds Joe Olson DS HDv
OlsonDay2DS-Watto.txt	2020-worlds-d2-OlsonDay2DS-Watto.txt	2020 Worlds Day 2 Joe Olson DS No Money, No Parts, No Deal!
OlsonDay2LS-WYS.txt	2020-worlds-d2-OlsonDay2LS-WYS.txt	2020 Worlds Day 2 Joe Olson LS WYS
OlsonDay3DS-HDv.txt	2020-worlds-d3-OlsonDay3DS-HDv.txt	2020 Worlds Day 3 Joe Olson DS HDv
OlsonDay3LS-HITCO.txt	2020-worlds-d3-OlsonDay3LS-HITCO.txt	2020 Worlds Day 3 Joe Olson LS HITCO
OlsonLS-HITCO.txt	2020-worlds-d1-OlsonLS-HITCO.txt	2020 Worlds Joe Olson LS HITCO
Ortlund 23OCS T16 DS Watto.txt	2023-ocs-Ortlund 23OCS T16 DS Watto.txt	2023 OCS Top 16 Ortlund 23OCS T16 DS Watto
Ortlund 23OCS T16 LS Y40.txt	2023-ocs-Ortlund 23OCS T16 LS Y40.txt	2023 OCS Top 16 Ortlund 23OCS T16 LS Y40
Ortlund 23OCS T8 DS Walkers.txt	2023-ocs-Ortlund 23OCS T8 DS Walkers.txt	2023 OCS Top 8 Ortlund 23OCS T8 DS Walkers
Ortlund 23OCS T8 LS ENDOR LTWW.txt	2023-ocs-Ortlund 23OCS T8 LS ENDOR LTWW.txt	2023 OCS Top 8 Ortlund 23OCS T8 LS ENDOR LTWW
OrtlundDS-IE.txt	2020-worlds-d1-OrtlundDS-IE.txt	2020 Worlds Gavin Ortlund DS IE
OrtlundDay2DS-DathSSA.txt	2020-worlds-d2-OrtlundDay2DS-DathSSA.txt	2020 Worlds Day 2 Gavin Ortlund DS DathSSA
OrtlundDay2LS-HITCO.txt	2020-worlds-d2-OrtlundDay2LS-HITCO.txt	2020 Worlds Day 2 Gavin Ortlund LS HITCO
OrtlundLS-HITCO.txt	2020-worlds-d1-OrtlundLS-HITCO.txt	2020 Worlds Gavin Ortlund LS HITCO
PC20 A Bacheler DS Map.txt	2022-pc20-PC20 A Bacheler DS Map.txt	2022 PC20 Bacheler DS Map
PC20 A Bacheler LS Old Allies.txt	2022-pc20-PC20 A Bacheler LS Old Allies.txt	2022 PC20 Bacheler LS Old Allies
PC20 A Baroni DS BHBM.txt	2022-pc20-PC20 A Baroni DS BHBM.txt	2022 PC20 Steve Baroni DS BHBM
PC20 A Baroni LS TIGIH.txt	2022-pc20-PC20 A Baroni LS TIGIH.txt	2022 PC20 Steve Baroni LS TIGIH
PC20 A Christiana DS HD.txt	2022-pc20-PC20 A Christiana DS HD.txt	2022 PC20 Christiana DS HD
PC20 A Christiana LS Skywalker Saga Rey.txt	2022-pc20-PC20 A Christiana LS Skywalker Saga Rey.txt	2022 PC20 Christiana LS Skywalker Saga Rey
PC20 A Den Boef DS TTO.txt	2022-pc20-PC20 A Den Boef DS TTO.txt	2022 PC20 Den Boef DS TTO
PC20 A Den Boef LS WYS.txt	2022-pc20-PC20 A Den Boef LS WYS.txt	2022 PC20 Den Boef LS WYS
PC20 A Desai DS ROPSv.txt	2022-pc20-PC20 A Desai DS ROPSv.txt	2022 PC20 Justin Desai DS ROPSv
PC20 A Desai LS Communing Yoda.txt	2022-pc20-PC20 A Desai LS Communing Yoda.txt	2022 PC20 Justin Desai LS Communing Yoda
PC20 A Dusel DS Watto.txt	2022-pc20-PC20 A Dusel DS Watto.txt	2022 PC20 Timo Dusel DS Watto
PC20 A Dusel LS Old Allies.txt	2022-pc20-PC20 A Dusel LS Old Allies.txt	2022 PC20 Timo Dusel LS Old Allies
PC20 A Gardner DS ROTS Vader.txt	2022-pc20-PC20 A Gardner DS ROTS Vader.txt	2022 PC20 Gardner DS ROTS Vader
PC20 A Gardner LS WHAP.txt	2022-pc20-PC20 A Gardner LS WHAP.txt	2022 PC20 Gardner LS WHAP
PC20 A Haid DS CCT.txt	2022-pc20-PC20 A Haid DS CCT.txt	2022 PC20 Haid DS CCT
PC20 A Haid LS Old Allies.txt	2022-pc20-PC20 A Haid LS Old Allies.txt	2022 PC20 Haid LS Old Allies
PC20 A Halman DS Court.txt	2022-pc20-PC20 A Halman DS Court.txt	2022 PC20 Kendall Halman DS Court
PC20 A Halman LS TRM.txt	2022-pc20-PC20 A Halman LS TRM.txt	2022 PC20 Kendall Halman LS TRM
PC20 A Howard DS Maul Space.txt	2022-pc20-PC20 A Howard DS Maul Space.txt	2022 PC20 Anthony Howard DS Maul Space
PC20 A Howard LS QMC.txt	2022-pc20-PC20 A Howard LS QMC.txt	2022 PC20 Anthony Howard LS QMC
PC20 A Jaap DS Hunt Down V.txt	2022-pc20-PC20 A Jaap DS Hunt Down V.txt	2022 PC20 Kevin Jaap DS Hunt Down V
PC20 A Jaap LS Legend.txt	2022-pc20-PC20 A Jaap LS Legend.txt	2022 PC20 Kevin Jaap LS Legend
PC20 A Johnson DS SYCFA.txt	2022-pc20-PC20 A Johnson DS SYCFA.txt	2022 PC20 Patrick Johnson DS SYCFA
PC20 A Johnson LS WYS.txt	2022-pc20-PC20 A Johnson LS WYS.txt	2022 PC20 Patrick Johnson LS WYS
PC20 A Kelly DS Map.txt	2022-pc20-PC20 A Kelly DS Map.txt	2022 PC20 Chris Kelly DS Map
PC20 A Kelly LS HITCO.txt	2022-pc20-PC20 A Kelly LS HITCO.txt	2022 PC20 Chris Kelly LS HITCO
PC20 A Kessling DS Map.txt	2022-pc20-PC20 A Kessling DS Map.txt	2022 PC20 Mike Kessling DS Map
PC20 A Kessling LS Old Allies.txt	2022-pc20-PC20 A Kessling LS Old Allies.txt	2022 PC20 Mike Kessling LS Old Allies
PC20 A Koenig DS Shadow Collective.txt	2022-pc20-PC20 A Koenig DS Shadow Collective.txt	2022 PC20 Karl Koenig DS Shadow Collective
PC20 A Koenig LS WYS.txt	2022-pc20-PC20 A Koenig LS WYS.txt	2022 PC20 Karl Koenig LS WYS
PC20 A Kristiansen DS AOBS.txt	2022-pc20-PC20 A Kristiansen DS AOBS.txt	2022 PC20 Kristiansen DS AOBS
PC20 A Kristiansen LS OA.txt	2022-pc20-PC20 A Kristiansen LS OA.txt	2022 PC20 Kristiansen LS OA
PC20 A Larson DS BHBM.txt	2022-pc20-PC20 A Larson DS BHBM.txt	2022 PC20 Garrett Larson DS BHBM
PC20 A Larson LS WHAP.txt	2022-pc20-PC20 A Larson LS WHAP.txt	2022 PC20 Garrett Larson LS WHAP
PC20 A Lichtenstein DS Map.txt	2022-pc20-PC20 A Lichtenstein DS Map.txt	2022 PC20 Lichtenstein DS Map
PC20 A Lichtenstein LS No Idea.txt	2022-pc20-PC20 A Lichtenstein LS No Idea.txt	2022 PC20 Lichtenstein LS No Idea
PC20 A Louderback DS Walkers.txt	2022-pc20-PC20 A Louderback DS Walkers.txt	2022 PC20 Louderback DS Walkers
PC20 A Louderback LS LTWWv Dwell.txt	2022-pc20-PC20 A Louderback LS LTWWv Dwell.txt	2022 PC20 Louderback LS LTWWv Dwell
PC20 A Miyashiro DS Verge.txt	2022-pc20-PC20 A Miyashiro DS Verge.txt	2022 PC20 Justin Miyashiro DS Verge
PC20 A Miyashiro LS Skywalker Saga Luke.txt	2022-pc20-PC20 A Miyashiro LS Skywalker Saga Luke.txt	2022 PC20 Justin Miyashiro LS Skywalker Saga Luke
PC20 A Radic DS ISB.txt	2022-pc20-PC20 A Radic DS ISB.txt	2022 PC20 Adam Radic DS ISB
PC20 A Radic LS Communing Yoda.txt	2022-pc20-PC20 A Radic LS Communing Yoda.txt	2022 PC20 Adam Radic LS Communing Yoda
PC20 A Riendeau DS Invasion.txt	2022-pc20-PC20 A Riendeau DS Invasion.txt	2022 PC20 Jason Riendeau DS Invasion
PC20 A Riendeau LS Legend.txt	2022-pc20-PC20 A Riendeau LS Legend.txt	2022 PC20 Jason Riendeau LS Legend
PC20 A Shaw DS ROTS Dooku.txt	2022-pc20-PC20 A Shaw DS ROTS Dooku.txt	2022 PC20 Greg Shaw DS ROTS Dooku
PC20 A Shaw LS QMC.txt	2022-pc20-PC20 A Shaw LS QMC.txt	2022 PC20 Greg Shaw LS QMC
PC20 A Tashima DS Map.txt	2022-pc20-PC20 A Tashima DS Map.txt	2022 PC20 Sam Tashima DS Map
PC20 A Tashima LS QMC.txt	2022-pc20-PC20 A Tashima LS QMC.txt	2022 PC20 Sam Tashima LS QMC
PC20 A Vanderhaegen DS Endor Ops.txt	2022-pc20-PC20 A Vanderhaegen DS Endor Ops.txt	2022 PC20 Cedrik Vanderhaegen DS Endor Ops
PC20 A Vanderhaegen LS WYS.txt	2022-pc20-PC20 A Vanderhaegen LS WYS.txt	2022 PC20 Cedrik Vanderhaegen LS WYS
PC20 A Wauters DS Watto.txt	2022-pc20-PC20 A Wauters DS Watto.txt	2022 PC20 Wauters DS Watto
PC20 A Wauters LS Hidden Base.txt	2022-pc20-PC20 A Wauters LS Hidden Base.txt	2022 PC20 Wauters LS Hidden Base
PC20 B Bailey DS Shadow Collective.txt	2022-pc20-PC20 B Bailey DS Shadow Collective.txt	2022 PC20 Bailey DS Shadow Collective
PC20 B Bailey LS Communing Qui-Gon.txt	2022-pc20-PC20 B Bailey LS Communing Qui-Gon.txt	2022 PC20 Bailey LS Communing Qui-Gon
PC20 B Boyd DS Watto.txt	2022-pc20-PC20 B Boyd DS Watto.txt	2022 PC20 Boyd DS Watto
PC20 B Boyd LS Communing Yoda Space.txt	2022-pc20-PC20 B Boyd LS Communing Yoda Space.txt	2022 PC20 Boyd LS Communing Yoda Space
PC20 B Brody-Boyd DS Verge.txt	2022-pc20-PC20 B Brody-Boyd DS Verge.txt	2022 PC20 Brody-Boyd DS Verge
PC20 B Brody-Boyd LS WHAP.txt	2022-pc20-PC20 B Brody-Boyd LS WHAP.txt	2022 PC20 Brody-Boyd LS WHAP
PC20 B CarulliJ DS Shadow Collective.txt	2022-pc20-PC20 B CarulliJ DS Shadow Collective.txt	2022 PC20 CarulliJ DS Shadow Collective
PC20 B CarulliJ LS MWYHL.txt	2022-pc20-PC20 B CarulliJ LS MWYHL.txt	2022 PC20 CarulliJ LS MWYHL
PC20 B CarulliM DS Coruscant SSAv.txt	2022-pc20-PC20 B CarulliM DS Coruscant SSAv.txt	2022 PC20 CarulliM DS Coruscant SSAv
PC20 B CarulliM LS Communing Obi.txt	2022-pc20-PC20 B CarulliM LS Communing Obi.txt	2022 PC20 CarulliM LS Communing Obi
PC20 B Dixon DS ROTS Dooku.txt	2022-pc20-PC20 B Dixon DS ROTS Dooku.txt	2022 PC20 Dixon DS ROTS Dooku
PC20 B Dixon LS HITCO.txt	2022-pc20-PC20 B Dixon LS HITCO.txt	2022 PC20 Dixon LS HITCO
PC20 B Fuentes DS BHBM.txt	2022-pc20-PC20 B Fuentes DS BHBM.txt	2022 PC20 Fuentes DS BHBM
PC20 B Fuentes LS TRM.txt	2022-pc20-PC20 B Fuentes LS TRM.txt	2022 PC20 Fuentes LS TRM
PC20 B Harrison-Trainor DS ROPSv.txt	2022-pc20-PC20 B Harrison-Trainor DS ROPSv.txt	2022 PC20 Matthew Harrison-Trainor DS ROPSv
PC20 B Harrison-Trainor LS Old Allies.txt	2022-pc20-PC20 B Harrison-Trainor LS Old Allies.txt	2022 PC20 Matthew Harrison-Trainor LS Old Allies
PC20 B Hatoum DS ROTS Dooku.txt	2022-pc20-PC20 B Hatoum DS ROTS Dooku.txt	2022 PC20 AJ Hatoum DS ROTS Dooku
PC20 B Hatoum LS Skywalker Saga Anakin.txt	2022-pc20-PC20 B Hatoum LS Skywalker Saga Anakin.txt	2022 PC20 AJ Hatoum LS Skywalker Saga Anakin
PC20 B Hedlund DS ASM.txt	2022-pc20-PC20 B Hedlund DS ASM.txt	2022 PC20 Hedlund DS ASM
PC20 B Hedlund LS WHAP.txt	2022-pc20-PC20 B Hedlund LS WHAP.txt	2022 PC20 Hedlund LS WHAP
PC20 B Hull DS Map.txt	2022-pc20-PC20 B Hull DS Map.txt	2022 PC20 Hull DS Map
PC20 B Hull LS Old Allies.txt	2022-pc20-PC20 B Hull LS Old Allies.txt	2022 PC20 Hull LS Old Allies
PC20 B Kafer DS ROTS Dooku.txt	2022-pc20-PC20 B Kafer DS ROTS Dooku.txt	2022 PC20 Bill Kafer DS ROTS Dooku
PC20 B Kafer LS No Idea.txt	2022-pc20-PC20 B Kafer LS No Idea.txt	2022 PC20 Bill Kafer LS No Idea
PC20 B Krueger DS ROPSv.txt	2022-pc20-PC20 B Krueger DS ROPSv.txt	2022 PC20 Kyle Krueger DS ROPSv
PC20 B Krueger LS Old Allies.txt	2022-pc20-PC20 B Krueger LS Old Allies.txt	2022 PC20 Kyle Krueger LS Old Allies
PC20 B McFarland DS Walkers.txt	2022-pc20-PC20 B McFarland DS Walkers.txt	2022 PC20 Jon McFarland DS Walkers
PC20 B McFarland LS WYS.txt	2022-pc20-PC20 B McFarland LS WYS.txt	2022 PC20 Jon McFarland LS WYS
PC20 B Morrison DS Invasion.txt	2022-pc20-PC20 B Morrison DS Invasion.txt	2022 PC20 Michael Morrison DS Invasion
PC20 B Morrison LS WHAP.txt	2022-pc20-PC20 B Morrison LS WHAP.txt	2022 PC20 Michael Morrison LS WHAP
PC20 B Olson DS AOBS.txt	2022-pc20-PC20 B Olson DS AOBS.txt	2022 PC20 Joe Olson DS AOBS
PC20 B Olson LS Communing Yoda.txt	2022-pc20-PC20 B Olson LS Communing Yoda.txt	2022 PC20 Joe Olson LS Communing Yoda
PC20 B Pietig DS Map.txt	2022-pc20-PC20 B Pietig DS Map.txt	2022 PC20 Logan Pietig DS Map
PC20 B Pietig LS Skywalker Saga Luke.txt	2022-pc20-PC20 B Pietig LS Skywalker Saga Luke.txt	2022 PC20 Logan Pietig LS Skywalker Saga Luke
PC20 B Pistone DS CCT.txt	2022-pc20-PC20 B Pistone DS CCT.txt	2022 PC20 Pistone DS CCT
PC20 B Pistone LS QMC.txt	2022-pc20-PC20 B Pistone LS QMC.txt	2022 PC20 Pistone LS QMC
PC20 B Reinhold DS SYCFA.txt	2022-pc20-PC20 B Reinhold DS SYCFA.txt	2022 PC20 Brad Reinhold DS SYCFA
PC20 B Reinhold LS Skywalker Saga Anakin.txt	2022-pc20-PC20 B Reinhold LS Skywalker Saga Anakin.txt	2022 PC20 Brad Reinhold LS Skywalker Saga Anakin
PC20 B Squirlock DS Watto.txt	2022-pc20-PC20 B Squirlock DS Watto.txt	2022 PC20 Stephen Squirlock DS Watto
PC20 B Squirlock LS Hyperdrive V.txt	2022-pc20-PC20 B Squirlock LS Hyperdrive V.txt	2022 PC20 Stephen Squirlock LS Hyperdrive V
PC20 B Strother DS Coruscant CRv.txt	2022-pc20-PC20 B Strother DS Coruscant CRv.txt	2022 PC20 Tom Strother DS Coruscant CRv
PC20 B Strother LS Communing Qui-Gon.txt	2022-pc20-PC20 B Strother LS Communing Qui-Gon.txt	2022 PC20 Tom Strother LS Communing Qui-Gon
PC20 B Thornton DS BHBM.txt	2022-pc20-PC20 B Thornton DS BHBM.txt	2022 PC20 Matt Thornton DS BHBM
PC20 B Thornton LS WYS.txt	2022-pc20-PC20 B Thornton LS WYS.txt	2022 PC20 Matt Thornton LS WYS
PC20 B Veasey DS ASM.txt	2022-pc20-PC20 B Veasey DS ASM.txt	2022 PC20 John Veasey DS ASM
PC20 B Veasey LS AITC.txt	2022-pc20-PC20 B Veasey LS AITC.txt	2022 PC20 John Veasey LS AITC
PC20 B Wexstten DS AOBS.txt	2022-pc20-PC20 B Wexstten DS AOBS.txt	2022 PC20 Wexstten DS AOBS
PC20 B Wexstten LS Old Allies.txt	2022-pc20-PC20 B Wexstten LS Old Allies.txt	2022 PC20 Wexstten LS Old Allies
PC20 B Woods DS Walkers.txt	2022-pc20-PC20 B Woods DS Walkers.txt	2022 PC20 David Woods DS Walkers
PC20 B Woods LS No Idea.txt	2022-pc20-PC20 B Woods LS No Idea.txt	2022 PC20 David Woods LS No Idea
PCor SYCFA starwarsccgplayer	PCor SYCFA starwarsccgplayer2 DS 2002 TheDeath.txt	Star wars ccg player 2 The Death Star is THE ULTIMATE POWER IN THE UNIVERSE
PJohnsonDS-SC.txt	2020-worlds-d1-PJohnsonDS-SC.txt	2020 Worlds Patrick Johnson DS SC
PJohnsonLS-Legend.txt	2020-worlds-d1-PJohnsonLS-Legend.txt	2020 Worlds Patrick Johnson LS Legend
PR2 MKOS 3 DS 2001 GPN.txt	PR2 MKOS Bravo3 DS 2001 GPN.txt	Bravo 3 Filthy Daves Trooper Takedown
PREF2 2021 Event Decklists 1 PREF2 ISB Skilton 2021.txt	2021-throwback-PREF2 2021 Event Decklists 1 PREF2 ISB Skilton 2021.txt	2021 Worlds Throwback Top 8 Stephen Skilton DS ISB Operations
PREF2 2021 Event Decklists 1 PREF2 WYS Skilton 2021.txt	2021-throwback-PREF2 2021 Event Decklists 1 PREF2 WYS Skilton 2021.txt	2021 Worlds Throwback Top 8 Stephen Skilton LS WYS Skilton
PREF2 2021 Event Decklists 11 PREF2 HD MLewis 2021.txt	2021-throwback-PREF2 2021 Event Decklists 11 PREF2 HD MLewis 2021.txt	2021 Worlds Throwback Top 8 Morgan Lewis DS HD MLewis
PREF2 2021 Event Decklists 11 PREF2 MWYHL 5Test MLewis 2021.txt	2021-throwback-PREF2 2021 Event Decklists 11 PREF2 MWYHL 5Test MLewis 2021.txt	2021 Worlds Throwback Top 8 Morgan Lewis LS MWYHL 5Test MLewis
PREF2 2021 Event Decklists 14 PREF2 CCT Hummel 2021.txt	2021-throwback-PREF2 2021 Event Decklists 14 PREF2 CCT Hummel 2021.txt	2021 Worlds Throwback Top 8 Geoff Hummel DS CCT Hummel
PREF2 2021 Event Decklists 14 PREF2 ObiHut Harvest Hummel 2021.txt	2021-throwback-PREF2 2021 Event Decklists 14 PREF2 ObiHut Harvest Hummel 2021.txt	2021 Worlds Throwback Top 8 Geoff Hummel LS ObiHut Harvest Hummel
PREF2 2021 Event Decklists 15 PREF2 AOBS Matt Manning 2021.txt	2021-throwback-PREF2 2021 Event Decklists 15 PREF2 AOBS Matt Manning 2021.txt	2021 Worlds Throwback Top 8 Matt Manning DS AOBS Matt Manning
PREF2 2021 Event Decklists 2 PREF2 MKOS Abyssin jnapolitano 2021.txt	2021-throwback-PREF2 2021 Event Decklists 2 PREF2 MKOS Abyssin jnapolitano 2021.txt	2021 Worlds Throwback Top 8 Jared Napolitano DS MKOS Abyssin jnapolitano
PREF2 2021 Event Decklists 2 PREF2 WYS jnapolitano 2021.txt	2021-throwback-PREF2 2021 Event Decklists 2 PREF2 WYS jnapolitano 2021.txt	2021 Worlds Throwback Top 8 Jared Napolitano LS WYS jnapolitano
PREF2 2021 Event Decklists 3 PREF2 SYCFA Carulli 2021 .txt	2021-throwback-PREF2 2021 Event Decklists 3 PREF2 SYCFA Carulli 2021 .txt	2021 Worlds Throwback Top 8 Matt Carulli DS SYCFA Carulli
PREF2 2021 Event Decklists 3 PREF2 WYS carulli 2021.txt	2021-throwback-PREF2 2021 Event Decklists 3 PREF2 WYS carulli 2021.txt	2021 Worlds Throwback Top 8 Matt Carulli LS WYS carulli
PREF2 2021 Event Decklists 4 PREF2 ISB Kevin Elia 2021.txt	2021-throwback-PREF2 2021 Event Decklists 4 PREF2 ISB Kevin Elia 2021.txt	2021 Worlds Throwback Top 8 Kevin Elia DS ISB Kevin Elia
PREF2 2021 Event Decklists 4 PREF2 WYS Kevin Elia 2021.txt	2021-throwback-PREF2 2021 Event Decklists 4 PREF2 WYS Kevin Elia 2021.txt	2021 Worlds Throwback Top 8 Kevin Elia LS WYS Kevin Elia
PREF2 2021 Event Decklists 5 PREF2 BHBM Sanders 2021.txt	2021-throwback-PREF2 2021 Event Decklists 5 PREF2 BHBM Sanders 2021.txt	2021 Worlds Throwback Top 8 Steve Sanders DS BHBM Sanders
PREF2 2021 Event Decklists 5 PREF2 RST Sanders 2021.txt	2021-throwback-PREF2 2021 Event Decklists 5 PREF2 RST Sanders 2021.txt	2021 Worlds Throwback Top 8 Steve Sanders LS RST Sanders
PREF2 2021 Event Decklists 6 PREF2 MKOS Abyssin 2021 JJohns 2021.txt	2021-throwback-PREF2 2021 Event Decklists 6 PREF2 MKOS Abyssin 2021 JJohns 2021.txt	2021 Worlds Throwback Top 8 Jeffrey Johns DS MKOS Abyssin 2021 JJohns
PREF2 2021 Event Decklists 6 PREF2 WYS JJohns 2021.txt	2021-throwback-PREF2 2021 Event Decklists 6 PREF2 WYS JJohns 2021.txt	2021 Worlds Throwback Top 8 Jeffrey Johns LS WYS JJohns
PREF2 2021 Event Decklists 7 PREF2 Plunkett HD 2021.txt	2021-throwback-PREF2 2021 Event Decklists 7 PREF2 Plunkett HD 2021.txt	2021 Worlds Throwback Top 8 Winston Plunkett DS Hunt Down And Destroy The Jedi
PREF2 2021 Event Decklists 7 PREF2 WYS Plunkett 2021.txt	2021-throwback-PREF2 2021 Event Decklists 7 PREF2 WYS Plunkett 2021.txt	2021 Worlds Throwback Top 8 Winston Plunkett LS WYS Plunkett
PREF2 2021 Event Decklists 8 PREF2 EBO gogolen 2021.txt	2021-throwback-PREF2 2021 Event Decklists 8 PREF2 EBO gogolen 2021.txt	2021 Worlds Throwback Top 8 Chris Gogolen LS EBO gogolen
PREF2 2021 Event Decklists 8 PREF2 Eops Gogolen 2021.txt	2021-throwback-PREF2 2021 Event Decklists 8 PREF2 Eops Gogolen 2021.txt	2021 Worlds Throwback Top 8 Chris Gogolen DS Endor Operations
PalmqvistDS-SYCFA.txt	2020-worlds-d1-PalmqvistDS-SYCFA.txt	2020 Worlds Björn Palmqvist DS SYCFA
PalmqvistLS-EBO.txt	2020-worlds-d1-PalmqvistLS-EBO.txt	2020 Worlds Björn Palmqvist LS Careful Planning (V)
Pat Johnson Worlds DS ROTS Dooku.txt	2022-worlds-rest-Pat Johnson Worlds DS ROTS Dooku.txt	2022 Worlds Patrick Johnson DS ROTS Dooku
Pat Johnson Worlds LS OA.txt	2022-worlds-rest-Pat Johnson Worlds LS OA.txt	2022 Worlds Patrick Johnson LS OA
PetersonDS-Combat.txt	2020-worlds-d1-PetersonDS-Combat.txt	2020 Worlds Chris Peterson DS Combat
PetersonLS-HITCO.txt	2020-worlds-d1-PetersonLS-HITCO.txt	2020 Worlds Chris Peterson LS HITCO
Phil Aasen Worlds DS SC.txt	2022-worlds-Phil Aasen Worlds DS SC.txt	2022 Worlds Phil Aasen DS SC
Phil Aasen Worlds LS Yodamuning.txt	2022-worlds-Kyle Krueger Worlds LS Yodamuning.txt	2022 Worlds Kyle Krueger LS Yodamuning
Pietig New BHBM.txt	2022-worlds-rest-Pietig New BHBM.txt	2022 Worlds Pietig New DS BHBM
PietigDS-HDv.txt	2020-worlds-d1-PietigDS-HDv.txt	2020 Worlds Logan Pietig DS HDv
PietigLS-HITCO.txt	2020-worlds-d1-PietigLS-HITCO.txt	2020 Worlds Logan Pietig LS HITCO
PipitoneDS-HDv.txt	2020-worlds-d1-PipitoneDS-HDv.txt	2020 Worlds Phil Pipitone DS HDv
PipitoneLS-WYS.txt	2020-worlds-d1-PipitoneLS-WYS.txt	2020 Worlds Phil Pipitone LS WYS
Pistone 23OCS T16 DS HD.txt	2023-ocs-Pistone 23OCS T16 DS HD.txt	2023 OCS Top 16 Pistone 23OCS T16 DS HD
Pistone 23OCS T16 LS QMC.txt	2023-ocs-Pistone 23OCS T16 LS QMC.txt	2023 OCS Top 16 Pistone 23OCS T16 LS QMC
Pittman 23OCS T16 DS Court.txt	2023-ocs-Pittman 23OCS T16 DS Court.txt	2023 OCS Top 16 Pittman 23OCS T16 DS Court
Pittman 23OCS T16 LS Anakin Saga.txt	2023-ocs-Pittman 23OCS T16 LS Anakin Saga.txt	2023 OCS Top 16 Pittman 23OCS T16 LS Anakin Saga
RG-2-1B.jpg	RG-F-2-1B.jpg	Reflections Gold
RG-A-Few-Maneuvers-Han-s-Dice.jpg	RG-F-A-Few-Maneuvers-Han-s-Dice.jpg	Reflections Gold
RG-A-Few-Maneuvers.jpg	RG-F-A-Few-Maneuvers.jpg	Reflections Gold
RG-A-Gift.jpg	RG-F-A-Gift.jpg	Reflections Gold
RG-Aim-High.jpg	RG-F-Aim-High.jpg	Reflections Gold
RG-All-Wings-Report-In.jpg	RG-F-All-Wings-Report-In.jpg	Reflections Gold
RG-Armed-And-Dangerous-Ambush.jpg	RG-F-Armed-And-Dangerous-Ambush.jpg	Reflections Gold
RG-Attack-Pattern-Delta.jpg	RG-F-Attack-Pattern-Delta.jpg	Reflections Gold
RG-Away-Put-Your-Weapon-Put-That-Down.jpg	RG-F-Away-Put-Your-Weapon-Put-That-Down.jpg	Reflections Gold
RG-Beggar-Revolution.jpg	RG-F-Beggar-Revolution.jpg	Reflections Gold
RG-Bickering-At-Its-Finest.jpg	RG-F-Bickering-At-Its-Finest.jpg	Reflections Gold
RG-Biker-Scout-Down.jpg	RG-F-Biker-Scout-Down.jpg	Reflections Gold
RG-Blizzard-Scout-4.jpg	RG-F-Blizzard-Scout-4.jpg	Reflections Gold
RG-Boba-Fett.jpg	RG-F-Boba-Fett.jpg	Reflections Gold
RG-Careful-Planning-Heading-For-The-Medical-Frigate.jpg	RG-F-Careful-Planning-Heading-For-The-Medical-Frigate.jpg	Reflections Gold
RG-Chewbacca.jpg	RG-F-Chewbacca.jpg	Reflections Gold
RG-Clash-Of-Sabers.jpg	RG-F-Clash-Of-Sabers.jpg	Reflections Gold
RG-Commander-Myron-Konkle.jpg	RG-F-Commander-Myron-Konkle.jpg	Reflections Gold
RG-Congradulations.jpg	RG-F-Congradulations.jpg	Reflections Gold
RG-Corellian-Slip.jpg	RG-F-Corellian-Slip.jpg	Reflections Gold
RG-Crack-Shot-Quick-Draw.jpg	RG-F-Crack-Shot-Quick-Draw.jpg	Reflections Gold
RG-Crash-Site-Memorial.jpg	RG-F-Crash-Site-Memorial.jpg	Reflections Gold
RG-Droid-Overboard.jpg	RG-F-Droid-Overboard.jpg	Reflections Gold
RG-Effective-Repairs-Punch-It.jpg	RG-F-Effective-Repairs-Punch-It.jpg	Reflections Gold
RG-Emperor.jpg	RG-F-Emperor.jpg	Reflections Gold
RG-Ewok-Tribesman.jpg	RG-F-Ewok-Tribesman.jpg	Reflections Gold
RG-False-Past.jpg	RG-F-False-Past.jpg	Reflections Gold
RG-Father-Please.jpg	RG-F-Father-Please.jpg	Reflections Gold
RG-Gift-Of-The-Mentor-Skywalkers.jpg	RG-F-Gift-Of-The-Mentor-Skywalkers.jpg	Reflections Gold
RG-Glancing-Blow.jpg	RG-F-Glancing-Blow.jpg	Reflections Gold
RG-Goldenrod.jpg	RG-F-Goldenrod.jpg	Reflections Gold
RG-Han-s-Back-Leia-s-Back.jpg	RG-F-Han-s-Back-Leia-s-Back.jpg	Reflections Gold
RG-Help-Me-Obi-Wan-Kenobi-Double-Agent.jpg	RG-F-Help-Me-Obi-Wan-Kenobi-Double-Agent.jpg	Reflections Gold
RG-Hiding-In-The-Garbage.jpg	RG-F-Hiding-In-The-Garbage.jpg	Reflections Gold
RG-How-Did-We-Get-Into-This-Mess.jpg	RG-F-How-Did-We-Get-Into-This-Mess.jpg	Reflections Gold
RG-Hyper-Escape.jpg	RG-F-Hyper-Escape.jpg	Reflections Gold
RG-I-Have-A-Really-Bad-Feeling-About-This.jpg	RG-F-I-Have-A-Really-Bad-Feeling-About-This.jpg	Reflections Gold
RG-I-Hope-She-s-All-Right.jpg	RG-F-I-Hope-She-s-All-Right.jpg	Reflections Gold
RG-I-Must-Be-Allowed-To-Speak-Goo-Nee-Tay.jpg	RG-F-I-Must-Be-Allowed-To-Speak-Goo-Nee-Tay.jpg	Reflections Gold
RG-I-Used-To-Live-Here-You-Know.jpg	RG-F-I-Used-To-Live-Here-You-Know.jpg	Reflections Gold
RG-Insertion-Planning-Critical-Error-Revealed.jpg	RG-F-Insertion-Planning-Critical-Error-Revealed.jpg	Reflections Gold
RG-Jedi-Presence.jpg	RG-F-Jedi-Presence.jpg	Reflections Gold
RG-Keep-Your-Eyes-Open-Shoo-Shoo.jpg	RG-F-Keep-Your-Eyes-Open-Shoo-Shoo.jpg	Reflections Gold
RG-Light-Maneuvers-Jedi-Levitation.jpg	RG-F-Light-Maneuvers-Jedi-Levitation.jpg	Reflections Gold
RG-Lost-In-The-Wilderness-Yub-Yub.jpg	RG-F-Lost-In-The-Wilderness-Yub-Yub.jpg	Reflections Gold
RG-Luke-We-re-Going-To-Have-Company.jpg	RG-F-Luke-We-re-Going-To-Have-Company.jpg	Reflections Gold
RG-Mission-Briefing.jpg	RG-F-Mission-Briefing.jpg	Reflections Gold
RG-T-The-Circle-Is-Now-Complete.png	RG-T-The-Circle-Is-Now-Complete-Vader-s-Obsession.png	Reflections Gold
RG-TH-Vote-Now-Dark.png	RG-TH-Vote-Now-Light.png	Reflections Gold
RG-TK-420.jpg	RG-F-TK-420.jpg	Reflections Gold
RadicDS-ISB.txt	2020-worlds-d1-RadicDS-ISB.txt	2020 Worlds Adam Radic DS ISB
RadicLS-EBO.txt	2020-worlds-d1-RadicLS-EBO.txt	2020 Worlds Adam Radic LS Careful Planning (V)
ReinholdDS-HDv.txt	2020-worlds-d1-ReinholdDS-HDv.txt	2020 Worlds Brad Reinhold DS HDv
ReinholdLS-QMC.txt	2020-worlds-d1-ReinholdLS-QMC.txt	2020 Worlds Brad Reinhold LS QMC
Ryan Jellison World Top 8 DS MaulsChamb SSA.txt	2022-worlds-Ryan Jellison World Top 8 DS MaulsChamb SSA.txt	2022 Worlds Top 8 Ryan Jellison DS MaulsChamb SSA
Ryan Jellison Worlds DS SSA Day 1.txt	2022-worlds-Ryan Jellison Worlds DS SSA Day 1.txt	2022 Worlds Ryan Jellison DS SSA Day 1
Ryan Jellison Worlds LS - AiTC Gungans.txt	2022-worlds-Ryan Jellison Worlds LS - AiTC Gungans.txt	2022 Worlds Ryan Jellison LS AiTC Gungans
Ryan Sersen Worlds DS CCT.txt	2022-worlds-Ryan Sersen Worlds DS CCT.txt	2022 Worlds Ryan Sersen DS CCT
Ryan Sersen Worlds LS Y4O.txt	2022-worlds-Ryan Sersen Worlds LS Y4O.txt	2022 Worlds Ryan Sersen LS Y4O
Sam Tashima Worlds DS HDv.txt	2022-worlds-Sam Tashima Worlds DS HDv.txt	2022 Worlds Sam Tashima DS HDv
Sam Tashima Worlds LS QMC.txt	2022-worlds-Sam Tashima Worlds LS QMC.txt	2022 Worlds Sam Tashima LS QMC
SarachanDS-SC.txt	2020-worlds-d1-SarachanDS-SC.txt	2020 Worlds Tom Sarachan DS SC
SarachanLS-HITCO.txt	2020-worlds-d1-SarachanLS-HITCO.txt	2020 Worlds Tom Sarachan LS HITCO
SchellbergDS BHBM.txt	2022-nats-d1-SchellbergDS BHBM.txt	2022 US Nationals Schellberg DS BHBM
SchellbergLS WHAP.txt	2022-nats-d1-SchellbergLS WHAP.txt	2022 US Nationals Schellberg LS WHAP
ScottDS-HDv.txt	2020-worlds-d1-ScottDS-HDv.txt	2020 Worlds Matt Scott DS HDv
ScottLS-NoIdea.txt	2020-worlds-d1-ScottLS-NoIdea.txt	2020 Worlds Matt Scott LS NoIdea
SersenDS-COVG.txt	2020-worlds-d1-SersenDS-COVG.txt	2020 Worlds Ryan Sersen DS COVG
SersenLS-Legend.txt	2020-worlds-d1-SersenLS-Legend.txt	2020 Worlds Ryan Sersen LS Legend
Set-anewhope.gif	ANH-L-chewbacca.gif	A New Hope Limited
Set-cloud-city-pack.jpg	Set-cloud-city.jpg	Cloud City Limited
Set-cloudcity.gif	CC-L-landocalrissian.gif	Cloud City Limited
Set-coruscant.gif	Cor-D-darthmaulyoungapprentice.gif	Alternate Image
Set-dagobah.gif	Dagobah-L-yoda.gif	Dagobah Limited
Set-deathstar2.gif	DS2-D-emperorpalpatine.gif	Death Star II
Set-ds2starter.gif	DS2-L-admiralackbar.gif	Admiral Ackbar
Set-endor.gif	Endor-L-wicket.gif	Endor
Set-enhancedpremiere.gif	EP-L-hanwithheavyblasterpistol.gif	Enhanced Premiere
Set-hoth.gif	Hoth-L-commanderlukeskywalker.gif	Commander Luke Skywalker (PC Errata)
Set-jabbas-palace-pack.jpg	Set-jabbas-palace.jpg	Jabba's Palace Limited
Set-jabbaspalace.gif	JP-D-jabbathehutt.gif	Errata
Set-jedipack.gif	Jedi-L-han.gif	Han (Jedi Pack)
Set-jpsd.gif	JPSD-L-agentsinthecourt.gif	Agents In The Court / No Love For The Empire
Set-otsd.gif	OTSD-L-arleilschous.gif	Arleil Schous
Set-premiere-unlimited-pack.jpg	Set-premiere-unlimited.jpg	Main Page
Set-premiere.gif	Premiere-L-lukeskywalker.gif	Errata
Set-rebelleader.gif	RL-L-goldleaderingold1.gif	Gold Leader In Gold 1
Set-reflections2.gif	Ref2-L-chewbaccaprotector.gif	Chewbacca, Protector
Set-reflections3.gif	Ref3-L-chewieenraged.gif	Chewie, Enraged
Set-specialedition.gif	SE-D-darthvaderdarklordofthesith.gif	Darth Vader, Dark Lord Of The Sith
Set-tatooine.gif	Tat-L-quigonjinn.gif	Alternate Image
Set-theedpalace.gif	Theed-L-queenamidala.gif	Alternate Image
Shaw 2022 MPC Legend.txt	2022-mpc-Shaw 2022 MPC Legend.txt	2022 MPC Shaw 2022 MPC LS Legend
Shaw 2022 MPC Shadow Collective.txt	2022-mpc-Shaw 2022 MPC Shadow Collective.txt	2022 MPC Shaw 2022 MPC DS Shadow Collective
ShawDS-HDv.txt	2020-worlds-d1-ShawDS-HDv.txt	2020 Worlds Greg Shaw DS HDv
ShawDay2DS-ISB.txt	2020-worlds-d2-ShawDay2DS-ISB.txt	2020 Worlds Day 2 Greg Shaw DS ISB
ShawDay2LS-Legend.txt	2020-worlds-d2-ShawDay2LS-Legend.txt	2020 Worlds Day 2 Greg Shaw LS Legend
ShawLS-Legend.txt	2020-worlds-d1-ShawLS-Legend.txt	2020 Worlds Greg Shaw LS Legend
SkwaraDS-ISB.txt	2020-worlds-d1-SkwaraDS-ISB.txt	2020 Worlds Ziemowit Skwara DS ISB
SkwaraDay2DS-Watto.txt	2020-worlds-d2-SkwaraDay2DS-Watto.txt	2020 Worlds Day 2 Ziemowit Skwara DS No Money, No Parts, No Deal!
SkwaraDay2LS-QMC.txt	2020-worlds-d2-SkwaraDay2LS-QMC.txt	2020 Worlds Day 2 Ziemowit Skwara LS QMC
SkwaraLS-QMC.txt	2020-worlds-d1-SkwaraLS-QMC.txt	2020 Worlds Ziemowit Skwara LS QMC
SmithDS-HD.txt	2020-worlds-d1-SmithDS-HD.txt	2020 Worlds Jacy Smith DS HD
SmithLS-QMC.txt	2020-worlds-d1-SmithLS-QMC.txt	2020 Worlds Jacy Smith LS QMC
SokolDS-HD.txt	2020-worlds-d1-SokolDS-HD.txt	2020 Worlds Matt Sokol DS HD
SokolDay2DS-TTO.txt	2020-worlds-d2-SokolDay2DS-TTO.txt	2020 Worlds Day 2 Matt Sokol DS Endor Operations
SokolDay2LS-HITCO.txt	2020-worlds-d2-SokolDay2LS-HITCO.txt	2020 Worlds Day 2 Matt Sokol LS HITCO
SokolLS-HITCO.txt	2020-worlds-d1-SokolLS-HITCO.txt	2020 Worlds Matt Sokol LS HITCO
SpijksmaDS-BespinCRv.txt	2020-worlds-d1-SpijksmaDS-BespinCRv.txt	2020 Worlds Erik Spijksma DS BespinCRv
SpijksmaLS-WYS.txt	2020-worlds-d1-SpijksmaLS-WYS.txt	2020 Worlds Erik Spijksma LS WYS
SquirlockDS-Watto.txt	2020-worlds-d1-SquirlockDS-Watto.txt	2020 Worlds Stephen Squirlock DS No Money, No Parts, No Deal!
SquirlockLS-Legend.txt	2020-worlds-d1-SquirlockLS-Legend.txt	2020 Worlds Stephen Squirlock LS Legend
StearnsDS-HDv.txt	2020-worlds-d1-StearnsDS-HDv.txt	2020 Worlds Samuel Stearns DS HDv
StearnsLS-HITCO.txt	2020-worlds-d1-StearnsLS-HITCO.txt	2020 Worlds Samuel Stearns LS HITCO
StenersonDS-SC.txt	2020-worlds-d1-StenersonDS-SC.txt	2020 Worlds Zach Stenerson DS SC
StenersonLS-EBO.txt	2020-worlds-d1-StenersonLS-EBO.txt	2020 Worlds Zach Stenerson LS Careful Planning (V)
Steve Baroni Worlds DS BHBM.txt	2022-worlds-rest-Steve Baroni Worlds DS BHBM.txt	2022 Worlds Steve Baroni DS BHBM
Steve Baroni Worlds LS HITCO.txt	2022-worlds-rest-Steve Baroni Worlds LS HITCO.txt	2022 Worlds Steve Baroni LS HITCO
Strother 23OCS T16 DS DLS-SSAv.txt	2023-ocs-Strother 23OCS T16 DS DLS-SSAv.txt	2023 OCS Top 16 Strother 23OCS T16 DS DLS SSAv
Strother 23OCS T16 LS QMC.txt	2023-ocs-Strother 23OCS T16 LS QMC.txt	2023 OCS Top 16 Strother 23OCS T16 LS QMC
TKellyDS-IE.txt	2020-worlds-d1-TKellyDS-IE.txt	2020 Worlds Tom Kelly DS IE
TKellyDay2DS-CCT.txt	2020-worlds-d2-TKellyDay2DS-CCT.txt	2020 Worlds Day 2 Tom Kelly DS CCT
TKellyDay2LS-WYS.txt	2020-worlds-d2-TKellyDay2LS-WYS.txt	2020 Worlds Day 2 Tom Kelly LS WYS
TKellyLS-WYS.txt	2020-worlds-d1-TKellyLS-WYS.txt	2020 Worlds Tom Kelly LS WYS
TalagaDarkHD.txt	2023-retro-TalagaDarkHD.txt	2023 Retro Andy Talaga DS HD
TalagaLightHB.txt	2023-retro-TalagaLightHB.txt	2023 Retro Andy Talaga LS HB
Tarin Vegas 2022 GEMPC DS Map.txt	2022-gempc-Tarin Vegas 2022 GEMPC DS Map.txt	2022 GEMPC Tarin Vegas DS Map
Tarin Vegas 2022 GEMPC LS Legend.txt	2022-gempc-Tarin Vegas 2022 GEMPC LS Legend.txt	2022 GEMPC Tarin Vegas LS Legend
TarinDS-HDv.txt	2020-worlds-d1-TarinDS-HDv.txt	2020 Worlds Miguel Tarin DS HDv
TarinLS-Legend.txt	2020-worlds-d1-TarinLS-Legend.txt	2020 Worlds Miguel Tarin LS Legend
Tashima 23OCS T16 DS SC.txt	2023-egp-2023 EGP Day2 Tashima DS SC.txt	2023 EGP Top 8 Sam Tashima DS SC
Tashima 23OCS T16 LS Clones.txt	2023-ocs-Tashima 23OCS T16 LS Clones.txt	2023 OCS Top 16 Tashima 23OCS T16 LS Clones
Tashima 23OCS T4 DS SC.txt	2023-ocs-Tashima 23OCS T4 DS SC.txt	2023 OCS Tashima 23OCS T4 DS SC
Tashima 23OCS T4 LS Obi Comm.txt	2023-ocs-Tashima 23OCS T4 LS Obi Comm.txt	2023 OCS Tashima 23OCS T4 LS Obi Comm
Tashima 23OCS T8 HDV.txt	2023-ocs-Tashima 23OCS T8 HDV.txt	2023 OCS Top 8 Tashima 23OCS T8 DS HDV
Tashima 23OCS T8 LS Yoda Comm.txt	2023-ocs-Tashima 23OCS T8 LS Yoda Comm.txt	2023 OCS Top 8 Tashima 23OCS T8 LS Yoda Comm
TashimaDS-ISB.txt	2020-worlds-d1-TashimaDS-ISB.txt	2020 Worlds Sam Tashima DS ISB
TashimaLS-NoIdea.txt	2020-worlds-d1-TashimaLS-NoIdea.txt	2020 Worlds Sam Tashima LS NoIdea
TrunzoDS-DathSSA.txt	2020-worlds-d1-TrunzoDS-DathSSA.txt	2020 Worlds Adam Trunzo DS DathSSA
TrunzoDay2DS-HDv.txt	2020-worlds-d2-TrunzoDay2DS-HDv.txt	2020 Worlds Day 2 Adam Trunzo DS HDv
TrunzoDay2LS-HITCO.txt	2020-worlds-d2-TrunzoDay2LS-HITCO.txt	2020 Worlds Day 2 Adam Trunzo LS HITCO
TrunzoLS-HITCO.txt	2020-worlds-d1-TrunzoLS-HITCO.txt	2020 Worlds Adam Trunzo LS HITCO
TurnerDS-SC.txt	2020-worlds-d1-TurnerDS-SC.txt	2020 Worlds Mike Turner DS SC
TurnerLS-WYS.txt	2020-worlds-d1-TurnerLS-WYS.txt	2020 Worlds Mike Turner LS WYS
USnats23 DS Aldred Thrawn.txt	2023-nats-USnats23 DS Aldred Thrawn.txt	2023 US Nationals Cal Aldred DS Thrawn
USnats23 DS Arlandson Invasion.txt	2023-nats-USnats23 DS Arlandson Invasion.txt	2023 US Nationals Charlie Arlandson DS Invasion
USnats23 DS Arlandson ROPSv.txt	2023-nats-USnats23 DS Arlandson ROPSv.txt	2023 US Nationals Charlie Arlandson DS ROPSv
USnats23 DS Britain BHBM.txt	2023-nats-USnats23 DS Britain BHBM.txt	2023 US Nationals Conor Britain DS BHBM
USnats23 DS Carr HDv.txt	2023-nats-USnats23 DS Carr HDv.txt	2023 US Nationals Carr DS HDv
USnats23 DS Cooper SC.txt	2023-nats-USnats23 DS Cooper SC.txt	2023 US Nationals Cooper DS SC
USnats23 DS DRENTLAW THRAWN.txt	2023-nats-USnats23 DS DRENTLAW THRAWN.txt	2023 US Nationals Drentlaw DS THRAWN
USnats23 DS Edwards Thrawn.txt	2023-nats-USnats23 DS Edwards Thrawn.txt	2023 US Nationals Edwards DS Thrawn
USnats23 DS Halman BHBM.txt	2023-nats-USnats23 DS Halman BHBM.txt	2023 US Nationals Kendall Halman DS BHBM
USnats23 DS Hatoum CCT.txt	2023-nats-USnats23 DS Hatoum CCT.txt	2023 US Nationals AJ Hatoum DS CCT
USnats23 DS Herren BHBM.txt	2023-nats-USnats23 DS Herren BHBM.txt	2023 US Nationals Herren DS BHBM
USnats23 DS Howard SYCFA.txt	2023-nats-USnats23 DS Howard SYCFA.txt	2023 US Nationals Anthony Howard DS SYCFA
USnats23 DS Hunter BHBM.txt	2023-nats-USnats23 DS Hunter BHBM.txt	2023 US Nationals Hayes Hunter DS BHBM
USnats23 DS Huo Thrawn.txt	2023-nats-USnats23 DS Huo Thrawn.txt	2023 US Nationals Ming Huo DS Thrawn
USnats23 DS Kessling BHBM.txt	2023-nats-USnats23 DS Kessling BHBM.txt	2023 US Nationals Mike Kessling DS BHBM
USnats23 DS Koenig HDv.txt	2023-nats-USnats23 DS Koenig HDv.txt	2023 US Nationals Karl Koenig DS HDv
USnats23 DS Lauer CCT.txt	2023-nats-USnats23 DS Lauer CCT.txt	2023 US Nationals Lauer DS CCT
USnats23 DS Lavigne ROPSv.txt	2023-nats-USnats23 DS Lavigne ROPSv.txt	2023 US Nationals Jeff Lavigne DS ROPSv
USnats23 DS Lutz Map.txt	2023-nats-USnats23 DS Lutz Map.txt	2023 US Nationals Matt Lutz DS Map
USnats23 DS Marlin SYCFA.txt	2023-nats-USnats23 DS Marlin SYCFA.txt	2023 US Nationals Marlin DS SYCFA
USnats23 DS Morris BHBM.txt	2023-nats-USnats23 DS Morris BHBM.txt	2023 US Nationals Morris DS BHBM
USnats23 DS Olson ROPSv.txt	2023-nats-USnats23 DS Lavigne ROPSv.txt	2023 US Nationals Jeff Lavigne DS ROPSv
USnats23 DS Pietig BHBM.txt	2023-nats-USnats23 DS Pietig BHBM.txt	2023 US Nationals Logan Pietig DS BHBM
USnats23 DS Reinhardt Invasion.txt	2023-nats-USnats23 DS Reinhardt Invasion.txt	2023 US Nationals Dennis Reinhardt DS Invasion
USnats23 DS Santosuosso TTO.txt	2023-nats-USnats23 DS Santosuosso TTO.txt	2023 US Nationals Thomas Santosuosso DS TTO
USnats23 DS Scinocca SYCFA.txt	2023-nats-USnats23 DS Scinocca SYCFA.txt	2023 US Nationals Scinocca DS SYCFA
USnats23 DS Shaw ROpsv.txt	2023-nats-USnats23 DS Shaw ROpsv.txt	2023 US Nationals Greg Shaw DS ROpsv
USnats23 DS Tarbox Invasion.txt	2023-nats-USnats23 DS Tarbox Invasion.txt	2023 US Nationals Tarbox DS Invasion
USnats23 DS Tashima Invasion.txt	2023-nats-USnats23 DS Tashima Invasion.txt	2023 US Nationals Sam Tashima DS Invasion
USnats23 DS Thornton BHBM.txt	2023-nats-USnats23 DS Thornton BHBM.txt	2023 US Nationals Matt Thornton DS BHBM
USnats23 LS Aldred ObiWanCom.txt	2023-nats-USnats23 LS Aldred ObiWanCom.txt	2023 US Nationals Cal Aldred LS ObiWanCom
USnats23 LS Arlandson ZH.txt	2023-nats-USnats23 LS Arlandson ZH.txt	2023 US Nationals Charlie Arlandson LS ZH
USnats23 LS Britain No Idea.txt	2023-nats-USnats23 LS Britain No Idea.txt	2023 US Nationals Conor Britain LS No Idea
USnats23 LS Carr HB.txt	2023-nats-USnats23 LS Carr HB.txt	2023 US Nationals Carr LS HB
USnats23 LS Cooper Profit.txt	2023-nats-USnats23 LS Cooper Profit.txt	2023 US Nationals Cooper LS Profit
USnats23 LS DRENTLAW ZH.txt	2023-nats-USnats23 LS DRENTLAW ZH.txt	2023 US Nationals Drentlaw LS ZH
USnats23 LS Edwards Obi-WanCom.txt	2023-nats-USnats23 LS Edwards Obi-WanCom.txt	2023 US Nationals Edwards LS Obi-WanCom
USnats23 LS Halman TIGIH.txt	2023-nats-USnats23 LS Halman TIGIH.txt	2023 US Nationals Kendall Halman LS TIGIH
USnats23 LS Hatoum Obi-WanCom.txt	2023-nats-USnats23 LS Hatoum Obi-WanCom.txt	2023 US Nationals AJ Hatoum LS Obi-WanCom
USnats23 LS Herren HITCO.txt	2023-nats-USnats23 LS Herren HITCO.txt	2023 US Nationals Herren LS HITCO
USnats23 LS Howard ObiWanCom.txt	2023-nats-USnats23 LS Howard ObiWanCom.txt	2023 US Nationals Anthony Howard LS ObiWanCom
USnats23 LS Hunter ObiWanCom.txt	2023-nats-USnats23 LS Hunter ObiWanCom.txt	2023 US Nationals Hayes Hunter LS ObiWanCom
USnats23 LS Huo Saga Anakin.txt	2023-nats-USnats23 LS Huo Saga Anakin.txt	2023 US Nationals Ming Huo LS Saga Anakin
USnats23 LS Kafer ObiWanCom.txt	2023-nats-USnats23 LS Kafer ObiWanCom.txt	2023 US Nationals Bill Kafer LS ObiWanCom
USnats23 LS Kessling OA.txt	2023-nats-USnats23 LS Kessling OA.txt	2023 US Nationals Mike Kessling LS OA
USnats23 LS Koenig YodaCom.txt	2023-nats-USnats23 LS Koenig YodaCom.txt	2023 US Nationals Karl Koenig LS YodaCom
USnats23 LS Lauer QMC.txt	2023-nats-USnats23 LS Lauer QMC.txt	2023 US Nationals Lauer LS QMC
USnats23 LS Lavigne ObiWanCom.txt	2023-nats-USnats23 LS Lavigne ObiWanCom.txt	2023 US Nationals Jeff Lavigne LS ObiWanCom
USnats23 LS Lutz ObiWanCom.txt	2023-nats-USnats23 LS Lutz ObiWanCom.txt	2023 US Nationals Matt Lutz LS ObiWanCom
USnats23 LS Marlin QMC.txt	2023-nats-USnats23 LS Marlin QMC.txt	2023 US Nationals Marlin LS QMC
USnats23 LS Morris No Idea.txt	2023-nats-USnats23 LS Morris No Idea.txt	2023 US Nationals Morris LS No Idea
USnats23 LS Olson ObiWanCom.txt	2023-nats-USnats23 LS Lavigne ObiWanCom.txt	2023 US Nationals Jeff Lavigne LS ObiWanCom
USnats23 LS Pietig LUKE MAINS.txt	2023-nats-USnats23 LS Pietig LUKE MAINS.txt	2023 US Nationals Logan Pietig LS LUKE MAINS
USnats23 LS Reinhardt ObiWanCom.txt	2023-nats-USnats23 LS Reinhardt ObiWanCom.txt	2023 US Nationals Dennis Reinhardt LS ObiWanCom
USnats23 LS Santosuosso ObiWanCom.txt	2023-nats-USnats23 LS Santosuosso ObiWanCom.txt	2023 US Nationals Thomas Santosuosso LS ObiWanCom
USnats23 LS Scinocca WHAP.txt	2023-nats-USnats23 LS Scinocca WHAP.txt	2023 US Nationals Scinocca LS WHAP
USnats23 LS Shaw OA.txt	2023-nats-USnats23 LS Kessling OA.txt	2023 US Nationals Mike Kessling LS OA
USnats23 LS Tarbox ZH.txt	2023-nats-USnats23 LS Tarbox ZH.txt	2023 US Nationals Tarbox LS ZH
USnats23 LS Tashima NoIdea.txt	2023-nats-USnats23 LS Tashima NoIdea.txt	2023 US Nationals Sam Tashima LS NoIdea
USnats23 LS Thornton WYS.txt	2023-nats-USnats23 LS Thornton WYS.txt	2023 US Nationals Matt Thornton LS WYS
USnats23D2 DS Britain Thrawn.txt	2023-nats-USnats23D2 DS Britain Thrawn.txt	2023 US Nationals Top 8 Conor Britain DS Thrawn
USnats23D2 DS Howard SYCFA.txt	2023-nats-USnats23D2 DS Howard SYCFA.txt	2023 US Nationals Top 8 Anthony Howard DS SYCFA
USnats23D2 DS Hunter ROpsv.txt	2023-nats-USnats23D2 DS Hunter ROpsv.txt	2023 US Nationals Top 8 Hayes Hunter DS ROpsv
USnats23D2 DS Joe Olson ROPSv.txt	2023-nats-USnats23D2 DS Joe Olson ROPSv.txt	2023 US Nationals Top 8 Joe DS Olson ROPSv
USnats23D2 DS Lavigne AOBS.txt	2023-nats-USnats23D2 DS Lavigne AOBS.txt	2023 US Nationals Top 8 Jeff Lavigne DS AOBS
USnats23D2 DS Shaw RopsV.txt	2023-nats-USnats23D2 DS Shaw RopsV.txt	2023 US Nationals Top 8 Greg Shaw DS RopsV
USnats23D2 DS Tashima ISB.txt	2023-nats-USnats23D2 DS Tashima ISB.txt	2023 US Nationals Top 8 Sam Tashima DS ISB
USnats23D2 LS Arlandson ZH.txt	2023-nats-USnats23D2 LS Arlandson ZH.txt	2023 US Nationals Top 8 Charlie Arlandson LS ZH
USnats23D2 LS Britain RTPv.txt	2023-nats-USnats23D2 LS Britain RTPv.txt	2023 US Nationals Top 8 Conor Britain LS RTPv
USnats23D2 LS Howard YodaCom.txt	2023-nats-USnats23D2 LS Howard YodaCom.txt	2023 US Nationals Top 8 Anthony Howard LS YodaCom
USnats23D2 LS Hunter ObiWanCom.txt	2023-nats-USnats23D2 LS Hunter ObiWanCom.txt	2023 US Nationals Top 8 Hayes Hunter LS ObiWanCom
USnats23D2 LS Joe Olson Diplo.txt	2023-nats-USnats23D2 LS Joe Olson Diplo.txt	2023 US Nationals Top 8 Joe LS Olson Diplo
USnats23D2 LS Lavigne ObiWanCom.txt	2023-nats-USnats23D2 LS Lavigne ObiWanCom.txt	2023 US Nationals Top 8 Jeff Lavigne LS ObiWanCom
USnats23D2 LS Shaw OA.txt	2023-nats-USnats23D2 LS Shaw OA.txt	2023 US Nationals Top 8 Greg Shaw LS OA
USnats23D2 LS Tashima QMC.txt	2023-nats-USnats23D2 LS Tashima QMC.txt	2023 US Nationals Top 8 Sam Tashima LS QMC
Usnats23 DS Kafer TTO.txt	2023-nats-Usnats23 DS Kafer TTO.txt	2023 US Nationals Usnats23 DS Kafer TTO
VB1-D-abrightcentertotheuniverse.gif	VB1-D-abrightcentertotheuniverse-pre.gif	A Bright Center To The Universe (V)
VB1-D-adisturbanceintheforce.gif	VB1-D-adisturbanceintheforce-pre.gif	A Disturbance In The Force (V)
VB1-D-admiralmotti.gif	VB1-D-admiralmotti-pre.gif	Admiral Motti (V) (Dark)
VB1-D-assaultrifle.gif	VB1-D-assaultrifle-pre.gif	Assault Rifle (V)
VB1-D-astromechshortage.gif	VB1-D-astromechshortage-pre.gif	Astromech Shortage (V)
VB1-D-bantha.gif	VB1-D-bantha-pre.gif	Bantha (V)
VB1-D-besieged.gif	VB1-D-besieged-pre.gif	Besieged (V)
VB1-D-black2.gif	VB1-D-black2-pre.gif	Black 2 (V) (Dark)
VB1-D-black3.gif	VB1-D-black3-pre.gif	Black 3 (V) (Dark)
VB1-D-blasterrack.gif	VB1-D-blasterrack-pre.gif	Blaster Rack (V) (Dark)
VB1-D-bobafett.gif	VB1-D-bobafett-pre.gif	Boba Fett (V) (Dark)
VB1-D-collateraldamage.gif	VB1-D-collateraldamage-pre.gif	Collateral Damage (V)
VB1-D-comewithme.gif	VB1-D-comewithme-pre.gif	Come With Me (V)
VB1-D-commanderpraji.gif	VB1-D-commanderpraji-pre.gif	Commander Praji (V) (Dark)
VB1-D-conquest.gif	VB1-D-conquest-pre.gif	Conquest (V) (Dark)
VB1-D-coordinatedattack.gif	VB1-D-coordinatedattack-pre.gif	Coordinated Attack (V)
VB1-D-cyclone1.gif	VB1-D-cyclone1-pre.gif	Cyclone 1
VB1-D-dannikjerriko.gif	VB1-D-dannikjerriko-pre.gif	Dannik Jerriko (V) (Dark)
VB1-D-danzborin.gif	VB1-D-danzborin-pre.gif	Danz Borin (V) (Dark)
VB1-D-darkforces.gif	VB1-D-darkforces-pre.gif	Dark Forces (V)
VB1-D-darthvader.gif	VB1-D-darthvader-pre.gif	Darth Vader (V) (Dark)
VB1-D-deathstargunner.gif	VB1-D-deathstargunner-pre.gif	Death Star Gunner (V)
VB1-D-devastator.gif	VB1-D-devastator-pre.gif	Devastator (V) (Dark)
VB1-D-dewback.gif	VB1-D-dewback-pre.gif	Dewback (V)
VB1-D-djaspuhr.gif	VB1-D-djaspuhr-pre.gif	Djas Puhr (V) (Dark)
VB1-D-emergencydeployment.gif	VB1-D-emergencydeployment-pre.gif	Emergency Deployment (V)
VB1-D-forcedservitude.gif	VB1-D-forcedservitude-pre.gif	Forced Servitude (V)
VB1-D-fusiongeneratorsupplytanks.gif	VB1-D-fusiongeneratorsupplytanks-pre.gif	Fusion Generator Supply Tanks (V) (Dark)
VB1-D-generaltagge.gif	VB1-D-generaltagge-pre.gif	General Tagge (V) (Dark)
VB1-D-gravelstorm.gif	VB1-D-gravelstorm-pre.gif	Gravel Storm (V)
VB1-D-greedo.gif	VB1-D-greedo-pre.gif	Greedo (V) (Dark)
VB1-D-hanseeker.gif	VB1-D-hanseeker-pre.gif	Han Seeker (V)
VB1-D-hemdazon.gif	VB1-D-hemdazon-pre.gif	Hem Dazon (V)
VB1-D-hyperwavescan.gif	VB1-D-hyperwavescan-pre.gif	Hyperwave Scan (V) (Dark)
VB1-D-icantshakehim.gif	VB1-D-icantshakehim-pre.gif	I Can't Shake Him! (V) (Dark)
VB1-D-imontheleader.gif	VB1-D-imontheleader-pre.gif	I'm On The Leader (V)
VB1-D-imperialclassstardestroyer.gif	VB1-D-imperialclassstardestroyer-pre.gif	Imperial-Class Star Destroyer (V)
VB1-D-imperialdetainment.gif	VB1-D-imperialdetainment-pre.gif	Imperial Detainment
VB1-D-imperialentanglements.gif	VB1-D-imperialentanglements-pre.gif	Imperial Entanglements / No One To Stop Us This Time (Virtual Block 1)
VB1-D-imperialjustice.gif	VB1-D-imperialjustice-pre.gif	Imperial Justice (V)
VB1-D-imperialpilot.gif	VB1-D-imperialpilot-pre.gif	Imperial Pilot (V)
VB1-D-imperialreinforcements.gif	VB1-D-imperialreinforcements-pre.gif	Imperial Reinforcements (V)
VB1-D-informant.gif	VB1-D-informant-pre.gif	Informant (V)
VB1-D-ito.gif	VB1-D-ito-pre.gif	IT-O (Eyetee-Oh) (V)
VB1-D-ivelostartoo.gif	VB1-D-ivelostartoo-pre.gif	I've Lost Artoo! (V)
VB1-D-jabbasinfluence.gif	VB1-D-jabbasinfluence-pre.gif	Jabba's Influence (V)
VB1-D-jawapack.gif	VB1-D-jawapack-pre.gif	Jawa Pack (V)
VB1-D-ketmaliss.gif	VB1-D-ketmaliss-pre.gif	Ket Maliss (V)
VB1-D-kitikkeedkak.gif	VB1-D-kitikkeedkak-pre.gif	Kitik Keed'kak (V)
VB1-D-labria.gif	VB1-D-labria-pre.gif	Labria (V)
VB1-D-leiaseeker.gif	VB1-D-leiaseeker-pre.gif	Leia Seeker (V)
VB1-D-localtrouble.gif	VB1-D-localtrouble-pre.gif	Local Trouble (V)
VB1-D-looksirdroids.gif	VB1-D-looksirdroids-pre.gif	Look Sir, Droids (V)
VB1-D-lukeluuuuke.gif	VB1-D-lukeluuuuke-pre.gif	Luke? Luuuuke! (V)
VB1-D-maneuvercheck.gif	VB1-D-maneuvercheck-pre.gif	Maneuver Check (V)
VB1-D-molator.gif	VB1-D-molator-pre.gif	Molator (V)
VB1-D-noonetostopusthistime.gif	VB1-D-noonetostopusthistime-pre.gif	Imperial Entanglements / No One To Stop Us This Time (Virtual Block 1)
VB1-D-ootagootasolo.gif	VB1-D-ootagootasolo-pre.gif	Oo-ta Goo-ta, Solo? (V) (Dark)
VB1-D-organasceremonialnecklace.gif	VB1-D-organasceremonialnecklace-pre.gif	Organa's Ceremonial Necklace (V)
VB1-D-prophetess.gif	VB1-D-prophetess-pre.gif	Prophetess (V)
VB1-D-reegesk.gif	VB1-D-reegesk-pre.gif	Reegesk (V)
VB1-D-reservepilot.gif	VB1-D-reservepilot-pre.gif	Reserve Pilot (V)
VB1-D-rodian.gif	VB1-D-rodian-pre.gif	Rodian (V)
VB1-D-sandcrawler.gif	VB1-D-sandcrawler-pre.gif	Sandcrawler (V) (Dark)
VB1-D-sandtrooper.gif	VB1-D-sandtrooper-pre.gif	Sandtrooper (V)
VB1-D-sendadetachmentdown.gif	VB1-D-sendadetachmentdown-pre.gif	Send A Detachment Down (V) (Dark)
VB1-D-spiceminesofkessel.gif	VB1-D-spiceminesofkessel-pre.gif	Spice Mines Of Kessel (V)
VB1-D-stormtrooper.gif	VB1-D-stormtrooper-pre.gif	Stormtrooper (V)
VB1-D-sunsdown.gif	VB1-D-sunsdown-pre.gif	Sunsdown (V)
VB1-D-surfacedefense.gif	VB1-D-surfacedefense-pre.gif	Surface Defense (V) (Dark)
VB1-D-tacticalrecall.gif	VB1-D-tacticalrecall-pre.gif	Tactical Re-Call (V)
VB1-D-tarkin.gif	VB1-D-tarkin-pre.gif	Tarkin (V) (Dark)
VB1-D-tarkindoctrine.gif	VB1-D-tarkindoctrine-pre.gif	Tarkin Doctrine (Dark)
VB1-D-tatooinemoseisley.gif	VB1-D-tatooinemoseisley-pre.gif	Tatooine: Mos Eisley (V) (Virtual Block 1)
VB1-D-tentacle.gif	VB1-D-tentacle-pre.gif	Tentacle (V) (Dark)
VB1-D-theempiresback.gif	VB1-D-theempiresback-pre.gif	The Empire's Back (V) (Dark)
VB1-D-trooperdavinfelth.gif	VB1-D-trooperdavinfelth-pre.gif	Trooper Davin Felth (V)
VB1-D-undercover.gif	VB1-D-undercover-pre.gif	Undercover (V) (Dark)
VB1-D-urorrurrr.gif	VB1-D-urorrurrr-pre.gif	URoRRuR'R'R (V)
VB1-D-urorrurrrsbantha.gif	VB1-D-urorrurrrsbantha-pre.gif	URoRRuR'R'R's Bantha (V)
VB1-D-urrur.gif	VB1-D-urrur-pre.gif	Ur'Ru'r (V)
VB1-D-utinni.gif	VB1-D-utinni-pre.gif	Utinni! (V) (Dark)
VB1-D-vader.gif	VB1-D-vader-pre.gif	Vader (V) (Dark)
VB1-D-watchyourback.gif	VB1-D-watchyourback-pre.gif	Virtual Block 1
VB1-D-wereallgonnabealotthinner.gif	VB1-D-wereallgonnabealotthinner-pre.gif	Virtual Block 1
VB1-L-advancepreparation.gif	VB1-L-advancepreparation-pre.gif	Advance Preparation (V)
VB1-L-alderaanblownaway.gif	VB1-L-alderaanblownaway-pre.gif	Alderaan (Blown Away)
VB1-L-antillesmaneuver.gif	VB1-L-antillesmaneuver-pre.gif	Antilles Maneuver (V) (Virtual Block 1)
VB1-L-artoo.gif	VB1-L-artoo-pre.gif	Artoo (V) (Virtual Block 1)
VB1-L-atremorintheforce.gif	VB1-L-atremorintheforce-pre.gif	A Tremor In The Force (V)
VB1-L-balancedattack.gif	VB1-L-balancedattack-pre.gif	Balanced Attack (V)
VB1-L-berulars.gif	VB1-L-berulars-pre.gif	Beru Lars (V)
VB1-L-berustew.gif	VB1-L-berustew-pre.gif	Beru Stew (V)
VB1-L-biggsdarklighter.gif	VB1-L-biggsdarklighter-pre.gif	Biggs Darklighter (V)
VB1-L-boshek.gif	VB1-L-boshek-pre.gif	BoShek (V)
VB1-L-brainiac.gif	VB1-L-brainiac-pre.gif	Brainiac (V)
VB1-L-bronburs.gif	VB1-L-bronburs-pre.gif	Bron Burs (V)
VB1-L-c3po.gif	VB1-L-c3po-pre.gif	C-3PO (See-Threepio) (V) (Virtual Block 1)
VB1-L-cantinabrawl.gif	VB1-L-cantinabrawl-pre.gif	Cantina Brawl (V)
VB1-L-cell2187.gif	VB1-L-cell2187-pre.gif	Cell 2187 (V) (Virtual Block 1)
VB1-L-chewbacca.gif	VB1-L-chewbacca-pre.gif	Chewbacca (V) (Virtual Block 1)
VB1-L-chewieenraged.gif	VB1-L-chewieenraged-pre.gif	Chewie, Enraged (V)
VB1-L-colonelfeyngospic.gif	VB1-L-colonelfeyngospic-pre.gif	Colonel Feyn Gospic (V)
VB1-L-commanderevramlajaie.gif	VB1-L-commanderevramlajaie-pre.gif	Commander Evram Lajaie (V)
VB1-L-commandervandenwillard.gif	VB1-L-commandervandenwillard-pre.gif	Commander Vanden Willard (V) (Virtual Block 1)
VB1-L-crashsitememorial.gif	VB1-L-crashsitememorial-pre.gif	Crash Site Memorial (V)
VB1-L-darklighterspin.gif	VB1-L-darklighterspin-pre.gif	Darklighter Spin (V)
VB1-L-debnoli.gif	VB1-L-debnoli-pre.gif	Debnoli (V)
VB1-L-demotion.gif	VB1-L-demotion-pre.gif	Demotion (V)
VB1-L-donttreadonme.gif	VB1-L-donttreadonme-pre.gif	Don't Tread On Me (V) (Virtual Block 1)
VB1-L-escapepod.gif	VB1-L-escapepod-pre.gif	Escape Pod (V) (Virtual Block 1)
VB1-L-faithfulservice.gif	VB1-L-faithfulservice-pre.gif	Faithful Service (V)
VB1-L-forluck.gif	VB1-L-forluck-pre.gif	For Luck (V) (Virtual Block 1)
VB1-L-fusiongeneratorsupplytanks.gif	VB1-L-fusiongeneratorsupplytanks-pre.gif	Fusion Generator Supply Tanks (V)
VB1-L-generaldodonna.gif	VB1-L-generaldodonna-pre.gif	General Dodonna (V) (Virtual Block 1)
VB1-L-gold1.gif	VB1-L-gold1-pre.gif	Gold 1 (V)
VB1-L-goldleaderingold1.gif	VB1-L-goldleaderingold1-pre.gif	Gold Leader In Gold 1 (V) (Virtual Block 1)
VB1-L-grapplinghook.gif	VB1-L-grapplinghook-pre.gif	Grappling Hook (V) (Virtual Block 1)
VB1-L-hansback.gif	VB1-L-hansback-pre.gif	Han's Back (V)
VB1-L-hansdice.gif	VB1-L-hansdice-pre.gif	Han's Dice (V) (Virtual Block 1)
VB1-L-hansheavyblasterpistol.gif	VB1-L-hansheavyblasterpistol-pre.gif	Han's Heavy Blaster Pistol (V) (Virtual Block 1)
VB1-L-hansolo.gif	VB1-L-hansolo-pre.gif	Han Solo (V) (Virtual Block 1)
VB1-L-harvest.gif	VB1-L-harvest-pre.gif	Harvest (V)
VB1-L-hiddenfortress.gif	VB1-L-hiddenfortress-pre.gif	Hidden Fortress
VB1-L-icantbelievehesgone.gif	VB1-L-icantbelievehesgone-pre.gif	I Can't Believe He's Gone (V) (Virtual Block 1)
VB1-L-il19.gif	VB1-L-il19-pre.gif	IL-19
VB1-L-intothegarbagechuteflyboy.gif	VB1-L-intothegarbagechuteflyboy-pre.gif	Into The Garbage Chute, Flyboy (V)
VB1-L-jawasiesta.gif	VB1-L-jawasiesta-pre.gif	Jawa Siesta (V)
VB1-L-jekporkins.gif	VB1-L-jekporkins-pre.gif	Jek Porkins (V)
VB1-L-klorslug.gif	VB1-L-klorslug-pre.gif	K'lor'slug (V) (Virtual Block 1)
VB1-L-larshydroponicsstation.gif	VB1-L-larshydroponicsstation-pre.gif	Lars' Hydroponics Station
VB1-L-larsvaporator.gif	VB1-L-larsvaporator-pre.gif	Lars' Vaporator
VB1-L-learnabouttheforceluke.gif	VB1-L-learnabouttheforceluke-pre.gif	Learn About The Force, Luke
VB1-L-leia.gif	VB1-L-leia-pre.gif	Leia (V) (Virtual Block 1)
VB1-L-leiasback.gif	VB1-L-leiasback-pre.gif	Leia's Back (V)
VB1-L-leiassportingblaster.gif	VB1-L-leiassportingblaster-pre.gif	Leia's Sporting Blaster (V)
VB1-L-logisticaldelay.gif	VB1-L-logisticaldelay-pre.gif	Logistical Delay (V)
VB1-L-luke.gif	VB1-L-luke-pre.gif	Luke (V)
VB1-L-lukesback.gif	VB1-L-lukesback-pre.gif	Luke's Back (V)
VB1-L-lukeshuntingrifle.gif	VB1-L-lukeshuntingrifle-pre.gif	Luke's Hunting Rifle (V) (Virtual Block 1)
VB1-L-lukeskywalker.gif	VB1-L-lukeskywalker-pre.gif	Luke Skywalker (V) (Virtual Block 1)
VB1-L-melas.gif	VB1-L-melas-pre.gif	Melas (V) (Virtual Block 1)
VB1-L-millenniumfalcon.gif	VB1-L-millenniumfalcon-pre.gif	Millennium Falcon (V) (Virtual Block 1)
VB1-L-nightfall.gif	VB1-L-nightfall-pre.gif	Nightfall (V)
VB1-L-obiwankenobi.gif	VB1-L-obiwankenobi-pre.gif	Obi-Wan Kenobi (V) (Virtual Block 1)
VB1-L-obiwanscape.gif	VB1-L-obiwanscape-pre.gif	Obi-Wan's Cape (V)
VB1-L-ourmostdesperatehour.gif	VB1-L-ourmostdesperatehour-pre.gif	Our Most Desperate Hour (V)
VB1-L-owenlars.gif	VB1-L-owenlars-pre.gif	Owen Lars (V)
VB1-L-panic.gif	VB1-L-panic-pre.gif	Panic (V)
VB1-L-plastoidarmor.gif	VB1-L-plastoidarmor-pre.gif	Plastoid Armor (V)
VB1-L-precisehit.gif	VB1-L-precisehit-pre.gif	Precise Hit (V)
VB1-L-r2d2.gif	VB1-L-r2d2-pre.gif	R2-D2 (Artoo-Detoo) (V) (Virtual Block 1)
VB1-L-rebelreinforcements.gif	VB1-L-rebelreinforcements-pre.gif	Rebel Reinforcements (V)
VB1-L-rebeltech.gif	VB1-L-rebeltech-pre.gif	Rebel Tech (V)
VB1-L-rebeltrooper.gif	VB1-L-rebeltrooper-pre.gif	Rebel Trooper (V)
VB1-L-red5.gif	VB1-L-red5-pre.gif	Red 5 (V) (Virtual Block 1)
VB1-L-redleader.gif	VB1-L-redleader-pre.gif	Red Leader (V)
VB1-L-returnofajedi.gif	VB1-L-returnofajedi-pre.gif	Return Of A Jedi (V) (Virtual Block 1)
VB1-L-rycarryjerd.gif	VB1-L-rycarryjerd-pre.gif	Rycar Ryjerd (V)
VB1-L-sabotage.gif	VB1-L-sabotage-pre.gif	Sabotage (V) (Virtual Block 1)
VB1-L-saitorrkalfas.gif	VB1-L-saitorrkalfas-pre.gif	Sai'torr Kal Fas (V) (Virtual Block 1)
VB1-L-sandcrawler.gif	VB1-L-sandcrawler-pre.gif	Sandcrawler (V)
VB1-L-scannertechs.gif	VB1-L-scannertechs-pre.gif	Scanner Techs (V) (Virtual Block 1)
VB1-L-solomahal.gif	VB1-L-solomahal-pre.gif	Solomahal (V)
VB1-L-specialmodifications.gif	VB1-L-specialmodifications-pre.gif	Special Modifications (V)
VB1-L-tantiveiv.gif	VB1-L-tantiveiv-pre.gif	Tantive IV (V) (Virtual Block 1)
VB1-L-tatooinelarsmoisturefarm.gif	VB1-L-tatooinelarsmoisturefarm-pre.gif	Tatooine: Lars' Moisture Farm (V) (Virtual Block 1)
VB1-L-tatooineutilitybelt.gif	VB1-L-tatooineutilitybelt-pre.gif	Tatooine Utility Belt (V)
VB1-L-theplanetthatitsfarthestfrom.gif	VB1-L-theplanetthatitsfarthestfrom-pre.gif	The Planet That It's Farthest From (V)
VB1-L-theronnett.gif	VB1-L-theronnett-pre.gif	Theron Nett (V) (Virtual Block 1)
VB1-L-undercover.gif	VB1-L-undercover-pre.gif	Undercover (V)
VB1-L-utinni.gif	VB1-L-utinni-pre.gif	Utinni! (V) (Virtual Block 1)
VB1-L-wedgeantilles.gif	VB1-L-wedgeantilles-pre.gif	Virtual Block 1
VB1-L-yerkamig.gif	VB1-L-yerkamig-pre.gif	Virtual Block 1
VB2-D-3720to1.gif	VB2-D-3720to1-pre.gif	3,720 To 1 (V)
VB2-D-abilityabilityability.gif	VB2-D-abilityabilityability-pre.gif	Ability, Ability, Ability (V)
VB2-D-admiralozzel.gif	VB2-D-admiralozzel-pre.gif	Admiral Ozzel (V) (Dark)
VB2-D-alertmystardestroyer.gif	VB2-D-alertmystardestroyer-pre.gif	Alert My Star Destroyer! (V) (Dark)
VB2-D-atatcannon.gif	VB2-D-atatcannon-pre.gif	AT-AT Cannon (V) (Dark)
VB2-D-atatdeploymentplatform.gif	VB2-D-atatdeploymentplatform-pre.gif	AT-AT Deployment Platform
VB2-D-atmosphericassault.gif	VB2-D-atmosphericassault-pre.gif	Atmospheric Assault (V)
VB2-D-awwwwcannotgetyourshipout.gif	VB2-D-awwwwcannotgetyourshipout-pre.gif	Awwww, Cannot Get Your Ship Out (V)
VB2-D-blizzard1.gif	VB2-D-blizzard1-pre.gif	Blizzard 1 (V) (Dark)
VB2-D-blizzard2.gif	VB2-D-blizzard2-pre.gif	Blizzard 2 (V) (Dark)
VB2-D-blizzardscout1.gif	VB2-D-blizzardscout1-pre.gif	Blizzard Scout 1 (V) (Dark)
VB2-D-bobafett.gif	VB2-D-bobafett-pre.gif	Boba Fett (V) (Virtual Block 2)
VB2-D-bobafettsblasterrifle.gif	VB2-D-bobafettsblasterrifle-pre.gif	Boba Fett's Blaster Rifle (V) (Dark)
VB2-D-bossk.gif	VB2-D-bossk-pre.gif	Bossk (V) (Dark)
VB2-D-bounty.gif	VB2-D-bounty-pre.gif	Bounty (V)
VB2-D-brieflossofcontrol.gif	VB2-D-brieflossofcontrol-pre.gif	Brief Loss Of Control (V)
VB2-D-captainbewil.gif	VB2-D-captainbewil-pre.gif	Captain Bewil (V) (Dark)
VB2-D-captainlennox.gif	VB2-D-captainlennox-pre.gif	Captain Lennox (V)
VB2-D-captainpiett.gif	VB2-D-captainpiett-pre.gif	Captain Piett (V)
VB2-D-closecall.gif	VB2-D-closecall-pre.gif	Close Call (V) (Dark)
VB2-D-commandernemet.gif	VB2-D-commandernemet-pre.gif	Commander Nemet (V) (Dark)
VB2-D-comscandetection.gif	VB2-D-comscandetection-pre.gif	ComScan Detection (V) (Dark)
VB2-D-corporalderdram.gif	VB2-D-corporalderdram-pre.gif	Corporal Derdram (V)
VB2-D-corporalvandolay.gif	VB2-D-corporalvandolay-pre.gif	Corporal Vandolay (V) (Dark)
VB2-D-debriszone.gif	VB2-D-debriszone-pre.gif	Debris Zone (V)
VB2-D-defensivefire.gif	VB2-D-defensivefire-pre.gif	Defensive Fire (V) (Dark)
VB2-D-deflectorshieldgenerators.gif	VB2-D-deflectorshieldgenerators-pre.gif	Deflector Shield Generators (V) (Dark)
VB2-D-dengar.gif	VB2-D-dengar-pre.gif	Dengar (V) (Dark)
VB2-D-desilijictattoo.gif	VB2-D-desilijictattoo-pre.gif	Desilijic Tattoo (V)
VB2-D-despair.gif	VB2-D-despair-pre.gif	Despair (V) (Dark)
VB2-D-e3po.gif	VB2-D-e3po-pre.gif	E-3PO (V)
VB2-D-fear.gif	VB2-D-fear-pre.gif	Fear (V)
VB2-D-fieldpromotion.gif	VB2-D-fieldpromotion-pre.gif	Field Promotion (V)
VB2-D-flagship.gif	VB2-D-flagship-pre.gif	Flagship (V)
VB2-D-forcedlanding.gif	VB2-D-forcedlanding-pre.gif	Forced Landing (V)
VB2-D-generalveers.gif	VB2-D-generalveers-pre.gif	General Veers (V) (Dark)
VB2-D-hesallyoursbountyhunter.gif	VB2-D-hesallyoursbountyhunter-pre.gif	He's All Yours, Bounty Hunter (V) (Dark)
VB2-D-hothblockade.gif	VB2-D-hothblockade-pre.gif	Hoth Blockade
VB2-D-houndstooth.gif	VB2-D-houndstooth-pre.gif	Hound's Tooth (V) (Dark)
VB2-D-iamyourfather.gif	VB2-D-iamyourfather-pre.gif	I Am Your Father (V) (Dark)
VB2-D-ig88.gif	VB2-D-ig88-pre.gif	IG-88 (V) (Dark)
VB2-D-ig88sneuralinhibitor.gif	VB2-D-ig88sneuralinhibitor-pre.gif	IG-88's Neural Inhibitor (V)
VB2-D-imageofthedarklord.gif	VB2-D-imageofthedarklord-pre.gif	Image Of The Dark Lord (V) (Dark)
VB2-D-imperialcontrol.gif	VB2-D-imperialcontrol-pre.gif	Imperial Occupation (V) / Imperial Control (V)
VB2-D-imperialdecree.gif	VB2-D-imperialdecree-pre.gif	Imperial Decree (V) (Dark)
VB2-D-imperialdomination.gif	VB2-D-imperialdomination-pre.gif	Imperial Domination (V)
VB2-D-imperialoccupation.gif	VB2-D-imperialoccupation-pre.gif	Imperial Occupation (V) / Imperial Control (V)
VB2-D-imperialwarmachine.gif	VB2-D-imperialwarmachine-pre.gif	Imperial War Machine
VB2-D-imsorry.gif	VB2-D-imsorry-pre.gif	I'm Sorry (V) (Dark)
VB2-D-iwantthatship.gif	VB2-D-iwantthatship-pre.gif	I Want That Ship (V)
VB2-D-landocalrissian.gif	VB2-D-landocalrissian-pre.gif	Lando Calrissian (V) (Dark)
VB2-D-landosystem.gif	VB2-D-landosystem-pre.gif	Lando System? (V)
VB2-D-levitationattack.gif	VB2-D-levitationattack-pre.gif	Levitation Attack (V)
VB2-D-locationlocationlocation.gif	VB2-D-locationlocationlocation-pre.gif	Location, Location, Location (V)
VB2-D-misthunter.gif	VB2-D-misthunter-pre.gif	Mist Hunter (V)
VB2-D-muchangerinhim.gif	VB2-D-muchangerinhim-pre.gif	Much Anger In Him (V)
VB2-D-obsidian10.gif	VB2-D-obsidian10-pre.gif	Obsidian 10 (V)
VB2-D-onearm.gif	VB2-D-onearm-pre.gif	One-Arm (V)
VB2-D-precisiontargeting.gif	VB2-D-precisiontargeting-pre.gif	Precision Targeting (V)
VB2-D-prideoftheempire.gif	VB2-D-prideoftheempire-pre.gif	Pride Of The Empire (V) (Dark)
VB2-D-probedroid.gif	VB2-D-probedroid-pre.gif	Probe Droid (V)
VB2-D-probetelemetry.gif	VB2-D-probetelemetry-pre.gif	Probe Telemetry (V) (Dark)
VB2-D-punishingone.gif	VB2-D-punishingone-pre.gif	Punishing One (V) (Dark)
VB2-D-releaseyouranger.gif	VB2-D-releaseyouranger-pre.gif	Release Your Anger (V)
VB2-D-selfdestructmechanism.gif	VB2-D-selfdestructmechanism-pre.gif	Self-Destruct Mechanism (V)
VB2-D-sergeantmajorbursk.gif	VB2-D-sergeantmajorbursk-pre.gif	Sergeant Major Bursk (V)
VB2-D-shockingrevelation.gif	VB2-D-shockingrevelation-pre.gif	Shocking Revelation (V)
VB2-D-slavei.gif	VB2-D-slavei-pre.gif	Slave I (V)
VB2-D-slipslidingaway.gif	VB2-D-slipslidingaway-pre.gif	Slip Sliding Away (V) (Dark)
VB2-D-specialdelivery.gif	VB2-D-specialdelivery-pre.gif	Special Delivery (V)
VB2-D-stalker.gif	VB2-D-stalker-pre.gif	Stalker (V) (Dark)
VB2-D-stopmotion.gif	VB2-D-stopmotion-pre.gif	Stop Motion (V)
VB2-D-suddenimpact.gif	VB2-D-suddenimpact-pre.gif	Sudden Impact (V)
VB2-D-takeevasiveaction.gif	VB2-D-takeevasiveaction-pre.gif	Take Evasive Action (V)
VB2-D-thedarkpath.gif	VB2-D-thedarkpath-pre.gif	The Dark Path (V) (Dark)
VB2-D-theemperorsprize.gif	VB2-D-theemperorsprize-pre.gif	The Emperor's Prize (V)
VB2-D-thequickandeasypath.gif	VB2-D-thequickandeasypath-pre.gif	The Quick And Easy Path
VB2-D-vadersbounty.gif	VB2-D-vadersbounty-pre.gif	Vader's Bounty (V)
VB2-D-vaderspersonalshuttle.gif	VB2-D-vaderspersonalshuttle-pre.gif	Vader's Personal Shuttle (V) (Dark)
VB2-D-veers.gif	VB2-D-veers-pre.gif	Veers (V) (Dark)
VB2-D-voyeur.gif	VB2-D-voyeur-pre.gif	Virtual Block 2
VB2-D-wampa.gif	VB2-D-wampa-pre.gif	Virtual Block 2
VB2-D-warrantofficermkae.gif	VB2-D-warrantofficermkae-pre.gif	Virtual Block 2
VB2-D-weathervane.gif	VB2-D-weathervane-pre.gif	Virtual Block 2
VB2-D-werethebait.gif	VB2-D-werethebait-pre.gif	Virtual Block 2
VB2-D-zuckuss.gif	VB2-D-zuckuss-pre.gif	Virtual Block 2
VB2-L-21btooonebee.gif	VB2-L-21btooonebee-pre.gif	2-1B (Too-Onebee) (V)
VB2-L-accessdenied.gif	VB2-L-accessdenied-pre.gif	Access Denied (V)
VB2-L-advantage.gif	VB2-L-advantage-pre.gif	Advantage (V)
VB2-L-allmyurchins.gif	VB2-L-allmyurchins-pre.gif	All My Urchins (V)
VB2-L-anakinslightsaber.gif	VB2-L-anakinslightsaber-pre.gif	Anakin's Lightsaber (V) (Virtual Block 2)
VB2-L-artilleryremote.gif	VB2-L-artilleryremote-pre.gif	Artillery Remote (V)
VB2-L-asteroidsdonotconcernme.gif	VB2-L-asteroidsdonotconcernme-pre.gif	Asteroids Do Not Concern Me (V)
VB2-L-attackpatterndelta.gif	VB2-L-attackpatterndelta-pre.gif	Attack Pattern Delta (V) (Virtual Block 2)
VB2-L-awayputyourweapon.gif	VB2-L-awayputyourweapon-pre.gif	Away Put Your Weapon (V)
VB2-L-beldonseye.gif	VB2-L-beldonseye-pre.gif	Beldon's Eye (V) (Virtual Block 2)
VB2-L-brighthope.gif	VB2-L-brighthope-pre.gif	Bright Hope (V) (Virtual Block 2)
VB2-L-chewie.gif	VB2-L-chewie-pre.gif	Chewie (V) (Virtual Block 2)
VB2-L-civildisorder.gif	VB2-L-civildisorder-pre.gif	Civil Disorder (V)
VB2-L-commanderlukeskywalker.gif	VB2-L-commanderlukeskywalker-pre.gif	Commander Luke Skywalker (V) (Virtual Block 2)
VB2-L-computerinterface.gif	VB2-L-computerinterface-pre.gif	Computer Interface (V) (Virtual Block 2)
VB2-L-courageofaskywalker.gif	VB2-L-courageofaskywalker-pre.gif	Courage Of A Skywalker (V) (Virtual Block 2)
VB2-L-darkdissension.gif	VB2-L-darkdissension-pre.gif	Dark Dissension (V)
VB2-L-descentintothedark.gif	VB2-L-descentintothedark-pre.gif	Descent Into The Dark (V)
VB2-L-dismantleonsight.gif	VB2-L-dismantleonsight-pre.gif	Dismantle On Sight (V)
VB2-L-duallasercannon.gif	VB2-L-duallasercannon-pre.gif	Dual Laser Cannon (V)
VB2-L-echobasetrooperofficer.gif	VB2-L-echobasetrooperofficer-pre.gif	Echo Base Trooper Officer (V)
VB2-L-encampment.gif	VB2-L-encampment-pre.gif	Encampment (V)
VB2-L-entrenchment.gif	VB2-L-entrenchment-pre.gif	Entrenchment (V)
VB2-L-evacuationcontrol.gif	VB2-L-evacuationcontrol-pre.gif	Evacuation Control (V)
VB2-L-flashofinsight.gif	VB2-L-flashofinsight-pre.gif	Flash Of Insight (V)
VB2-L-foundsomeoneyouhave.gif	VB2-L-foundsomeoneyouhave-pre.gif	Found Someone You Have (V) (Virtual Block 2)
VB2-L-frostbite.gif	VB2-L-frostbite-pre.gif	Frostbite (V)
VB2-L-gamblersluck.gif	VB2-L-gamblersluck-pre.gif	Gambler's Luck (V)
VB2-L-generalcarlistrieekan.gif	VB2-L-generalcarlistrieekan-pre.gif	General Carlist Rieekan (V) (Virtual Block 2)
VB2-L-hanstoolkit.gif	VB2-L-hanstoolkit-pre.gif	Han's Toolkit (V)
VB2-L-harcseff.gif	VB2-L-harcseff-pre.gif	Harc Seff (V) (Virtual Block 2)
VB2-L-hidinginthegarbage.gif	VB2-L-hidinginthegarbage-pre.gif	Hiding In The Garbage (V)
VB2-L-hoppingmad.gif	VB2-L-hoppingmad-pre.gif	Hopping Mad (V)
VB2-L-hothechomedlab.gif	VB2-L-hothechomedlab-pre.gif	Hoth: Echo Med Lab (V)
VB2-L-impressivemostimpressive.gif	VB2-L-impressivemostimpressive-pre.gif	Impressive, Most Impressive (V) (Virtual Block 2)
VB2-L-ineffectivemaneuver.gif	VB2-L-ineffectivemaneuver-pre.gif	Ineffective Maneuver (V)
VB2-L-itisthefutureyousee.gif	VB2-L-itisthefutureyousee-pre.gif	It Is The Future You See (V) (Virtual Block 2)
VB2-L-jedilevitation.gif	VB2-L-jedilevitation-pre.gif	Jedi Levitation (V) (Virtual Block 2)
VB2-L-jeroenwebb.gif	VB2-L-jeroenwebb-pre.gif	Jeroen Webb (V)
VB2-L-kebyc.gif	VB2-L-kebyc-pre.gif	Kebyc (V)
VB2-L-keepyoureyesopen.gif	VB2-L-keepyoureyesopen-pre.gif	Keep Your Eyes Open (V) (Virtual Block 2)
VB2-L-landocalrissian.gif	VB2-L-landocalrissian-pre.gif	Lando Calrissian (V) (Virtual Block 2)
VB2-L-leiaofalderaan.gif	VB2-L-leiaofalderaan-pre.gif	Leia Of Alderaan (V) (Virtual Block 2)
VB2-L-levitation.gif	VB2-L-levitation-pre.gif	Levitation (V)
VB2-L-liberation.gif	VB2-L-liberation-pre.gif	Local Uprising (V) / Liberation (V)
VB2-L-lobot.gif	VB2-L-lobot-pre.gif	Lobot (V) (Virtual Block 2)
VB2-L-localuprising.gif	VB2-L-localuprising-pre.gif	Local Uprising (V) / Liberation (V)
VB2-L-lukesbionichand.gif	VB2-L-lukesbionichand-pre.gif	Luke's Bionic Hand (Virtual Block 2)
VB2-L-lukesblasterpistol.gif	VB2-L-lukesblasterpistol-pre.gif	Luke's Blaster Pistol (V) (Virtual Block 2)
VB2-L-maneuveringflaps.gif	VB2-L-maneuveringflaps-pre.gif	Maneuvering Flaps (V) (Virtual Block 2)
VB2-L-nebdulo.gif	VB2-L-nebdulo-pre.gif	Neb Dulo (V)
VB2-L-niceofyouguystodropby.gif	VB2-L-niceofyouguystodropby-pre.gif	Nice Of You Guys To Drop By (V)
VB2-L-nickoftime.gif	VB2-L-nickoftime-pre.gif	Nick Of Time (V)
VB2-L-nodisintegrations.gif	VB2-L-nodisintegrations-pre.gif	No Disintegrations! (V) (Virtual Block 2)
VB2-L-noooooooooooo.gif	VB2-L-noooooooooooo-pre.gif	NOOOOOOOOOOOO! (V)
VB2-L-obiwansapparition.gif	VB2-L-obiwansapparition-pre.gif	Obi-Wan's Apparition (V)
VB2-L-perimeterscan.gif	VB2-L-perimeterscan-pre.gif	Perimeter Scan (V) (Virtual Block 2)
VB2-L-polarizednegativepowercoupling.gif	VB2-L-polarizednegativepowercoupling-pre.gif	Polarized Negative Power Coupling (V)
VB2-L-princessleia.gif	VB2-L-princessleia-pre.gif	Princess Leia (V) (Virtual Block 2)
VB2-L-putthatdown.gif	VB2-L-putthatdown-pre.gif	Put That Down (V) (Virtual Block 2)
VB2-L-r5m2arfiveemmtoo.gif	VB2-L-r5m2arfiveemmtoo-pre.gif	R5-M2 (Arfive-Emmtoo) (V)
VB2-L-rebelinfantry.gif	VB2-L-rebelinfantry-pre.gif	Rebel Infantry
VB2-L-rebelscout.gif	VB2-L-rebelscout-pre.gif	Rebel Scout (V)
VB2-L-redemption.gif	VB2-L-redemption-pre.gif	Redemption (V) (Virtual Block 2)
VB2-L-redemptioncommandpost.gif	VB2-L-redemptioncommandpost-pre.gif	Redemption: Command Post
VB2-L-romaslocknavander.gif	VB2-L-romaslocknavander-pre.gif	Romas 'Lock' Navander (V)
VB2-L-shockinginformation.gif	VB2-L-shockinginformation-pre.gif	Shocking Information (V)
VB2-L-smugglersblues.gif	VB2-L-smugglersblues-pre.gif	Smuggler's Blues (V)
VB2-L-sonofskywalker.gif	VB2-L-sonofskywalker-pre.gif	Son Of Skywalker (V) (Virtual Block 2)
VB2-L-starshiplevitation.gif	VB2-L-starshiplevitation-pre.gif	Starship Levitation (V) (Virtual Block 2)
VB2-L-surreptitiousglance.gif	VB2-L-surreptitiousglance-pre.gif	Surreptitious Glance (V)
VB2-L-tamizanderrey.gif	VB2-L-tamizanderrey-pre.gif	Tamizander Rey (V)
VB2-L-tauntaunhandler.gif	VB2-L-tauntaunhandler-pre.gif	Tauntaun Handler (V)
VB2-L-throughtheforcethingsyouwillsee.gif	VB2-L-throughtheforcethingsyouwillsee-pre.gif	Through The Force Things You Will See (V)
VB2-L-tigranjamiro.gif	VB2-L-tigranjamiro-pre.gif	Tigran Jamiro (V)
VB2-L-torynfarr.gif	VB2-L-torynfarr-pre.gif	Toryn Farr (V) (Virtual Block 2)
VB2-L-visoredvision.gif	VB2-L-visoredvision-pre.gif	Virtual Block 2
VB2-L-walkersighting.gif	VB2-L-walkersighting-pre.gif	Virtual Block 2
VB2-L-warsnotmakeonegreat.gif	VB2-L-warsnotmakeonegreat-pre.gif	Virtual Block 2
VB2-L-weathervane.gif	VB2-L-weathervane-pre.gif	Virtual Block 2
VB2-L-wellfindhan.gif	VB2-L-wellfindhan-pre.gif	Virtual Block 2
VB2-L-wookieestrangle.gif	VB2-L-wookieestrangle-pre.gif	Virtual Block 2
VB2-L-wyronserper.gif	VB2-L-wyronserper-pre.gif	Virtual Block 2
VB2-L-yoda.gif	VB2-L-yoda-pre.gif	Virtual Block 2
VB2-L-youwillgotothedagobahsystem.gif	VB2-L-youwillgotothedagobahsystem-pre.gif	Virtual Block 2
VB3-D-abyssinornament&woundedwookiee.gif	VB3-D-abyssinornament&woundedwookiee-pre.gif	Abyssin Ornament & •Wounded Wookiee (V)
VB3-D-accuser.gif	VB3-D-accuser-pre.gif	Accuser (V)
VB3-D-allwrappedup.gif	VB3-D-allwrappedup-pre.gif	All Wrapped Up (V) (Dark)
VB3-D-aratechcorporation.gif	VB3-D-aratechcorporation-pre.gif	Aratech Corporation (V) (Dark)
VB3-D-atstdualcannon.gif	VB3-D-atstdualcannon-pre.gif	AT-ST Dual Cannon (V)
VB3-D-banemalar.gif	VB3-D-banemalar-pre.gif	Bane Malar (V)
VB3-D-banthaherd.gif	VB3-D-banthaherd-pre.gif	Bantha Herd (V)
VB3-D-bibfortuna.gif	VB3-D-bibfortuna-pre.gif	Bib Fortuna (V) (Dark)
VB3-D-caneadiss.gif	VB3-D-caneadiss-pre.gif	Cane Adiss (V)
VB3-D-captainyorr.gif	VB3-D-captainyorr-pre.gif	Captain Yorr (V)
VB3-D-commanderigar.gif	VB3-D-commanderigar-pre.gif	Commander Igar (V)
VB3-D-concussionmissiles.gif	VB3-D-concussionmissiles-pre.gif	Concussion Missiles (V)
VB3-D-crossfire.gif	VB3-D-crossfire-pre.gif	Crossfire (V) (Dark)
VB3-D-darthvaderslightsaber.gif	VB3-D-darthvaderslightsaber-pre.gif	Darth Vader's Lightsaber (V) (Dark)
VB3-D-deadewok.gif	VB3-D-deadewok-pre.gif	Dead Ewok (V)
VB3-D-denofthieves.gif	VB3-D-denofthieves-pre.gif	Den Of Thieves (V)
VB3-D-dominator.gif	VB3-D-dominator-pre.gif	Dominator (V)
VB3-D-dungeonprison.gif	VB3-D-dungeonprison-pre.gif	Dungeon (Prison)
VB3-D-emperorspower.gif	VB3-D-emperorspower-pre.gif	Emperor's Power (V)
VB3-D-empiresneworder.gif	VB3-D-empiresneworder-pre.gif	Empire's New Order (V)
VB3-D-endorshield.gif	VB3-D-endorshield-pre.gif	Endor Shield (V) (Dark)
VB3-D-establishsecretbase.gif	VB3-D-establishsecretbase-pre.gif	Establish Secret Base (V) (Dark)
VB3-D-feltiperntrevaggsstunrifle.gif	VB3-D-feltiperntrevaggsstunrifle-pre.gif	Feltipern Trevagg's Stun Rifle (V)
VB3-D-flagshipoperations.gif	VB3-D-flagshipoperations-pre.gif	Flagship Operations (V)
VB3-D-fozec.gif	VB3-D-fozec-pre.gif	Fozec (V)
VB3-D-freeze.gif	VB3-D-freeze-pre.gif	Freeze! (V)
VB3-D-gelayeens.gif	VB3-D-gelayeens-pre.gif	Gela Yeens (V)
VB3-D-hermiodle.gif	VB3-D-hermiodle-pre.gif	Hermi Odle (V)
VB3-D-huttbounty.gif	VB3-D-huttbounty-pre.gif	Hutt Bounty (V)
VB3-D-imperialacademytraining.gif	VB3-D-imperialacademytraining-pre.gif	Imperial Academy Training (V)
VB3-D-imperialtyranny.gif	VB3-D-imperialtyranny-pre.gif	Imperial Tyranny (V)
VB3-D-inconsequentiallosses.gif	VB3-D-inconsequentiallosses-pre.gif	Inconsequential Losses (V)
VB3-D-jabbassailbarge.gif	VB3-D-jabbassailbarge-pre.gif	Jabba's Sail Barge (V) (Dark)
VB3-D-jabbasspacecruiser.gif	VB3-D-jabbasspacecruiser-pre.gif	Jabba's Space Cruiser (V) (Dark)
VB3-D-jabbathehutt.gif	VB3-D-jabbathehutt-pre.gif	Jabba The Hutt (V) (Dark)
VB3-D-jquille.gif	VB3-D-jquille-pre.gif	J'Quille (V)
VB3-D-lieutenantgrond.gif	VB3-D-lieutenantgrond-pre.gif	Lieutenant Grond (V)
VB3-D-lieutenantrenz.gif	VB3-D-lieutenantrenz-pre.gif	Lieutenant Renz (V)
VB3-D-lieutenantwatts.gif	VB3-D-lieutenantwatts-pre.gif	Lieutenant Watts (V)
VB3-D-lordvader.gif	VB3-D-lordvader-pre.gif	Lord Vader (V)
VB3-D-majorhewex.gif	VB3-D-majorhewex-pre.gif	Major Hewex (V)
VB3-D-malakili.gif	VB3-D-malakili-pre.gif	Malakili (V)
VB3-D-nizucbek.gif	VB3-D-nizucbek-pre.gif	Nizuc Bek (V)
VB3-D-noneshallpass.gif	VB3-D-noneshallpass-pre.gif	None Shall Pass (V)
VB3-D-outflank.gif	VB3-D-outflank-pre.gif	Outflank (V)
VB3-D-pinneddown.gif	VB3-D-pinneddown-pre.gif	Pinned Down (V)
VB3-D-sacrifice.gif	VB3-D-sacrifice-pre.gif	Sacrifice (V)
VB3-D-scoutrecon.gif	VB3-D-scoutrecon-pre.gif	Scout Recon (V)
VB3-D-sd17homingmissile.gif	VB3-D-sd17homingmissile-pre.gif	SD-17 Homing Missile
VB3-D-securityprecautions.gif	VB3-D-securityprecautions-pre.gif	Security Precautions (V) (Dark)
VB3-D-sergeantwallen.gif	VB3-D-sergeantwallen-pre.gif	Sergeant Wallen (V)
VB3-D-simaloo.gif	VB3-D-simaloo-pre.gif	Sim Aloo (V) (Dark)
VB3-D-sneakattack.gif	VB3-D-sneakattack-pre.gif	Sneak Attack (V) (Dark)
VB3-D-somethingspecialplannedforthem.gif	VB3-D-somethingspecialplannedforthem-pre.gif	Something Special Planned For Them (V) (Dark)
VB3-D-theemperor.gif	VB3-D-theemperor-pre.gif	The Emperor (V)
VB3-D-twilekadvisor.gif	VB3-D-twilekadvisor-pre.gif	Twi'lek Advisor (V) (Dark)
VB3-D-vizam.gif	VB3-D-vizam-pre.gif	Virtual Block 3
VB3-D-wellearnedcommand.gif	VB3-D-wellearnedcommand-pre.gif	Virtual Block 3
VB3-D-wooof.gif	VB3-D-wooof-pre.gif	Virtual Block 3
VB3-D-woundedwookiee.gif	VB3-D-woundedwookiee-pre.gif	Virtual Block 3
VB3-D-youwantthisdontyou.gif	VB3-D-youwantthisdontyou-pre.gif	Virtual Block 3
VB3-L-a280sharpshooterrifle.gif	VB3-L-a280sharpshooterrifle-pre.gif	A280 Sharpshooter Rifle (V)
VB3-L-admiralackbar.gif	VB3-L-admiralackbar-pre.gif	Admiral Ackbar (V) (Virtual Block 3)
VB3-L-ajedispatience.gif	VB3-L-ajedispatience-pre.gif	A Jedi's Patience (V)
VB3-L-attark.gif	VB3-L-attark-pre.gif	Attark (V)
VB3-L-avedluun.gif	VB3-L-avedluun-pre.gif	Aved Luun (V)
VB3-L-bargainingtable.gif	VB3-L-bargainingtable-pre.gif	Bargaining Table (V)
VB3-L-bgj38.gif	VB3-L-bgj38-pre.gif	BG-J38 (V)
VB3-L-chewiesatst.gif	VB3-L-chewiesatst-pre.gif	Chewie's AT-ST (V)
VB3-L-chiefchirpa.gif	VB3-L-chiefchirpa-pre.gif	Chief Chirpa (V)
VB3-L-commandotraining.gif	VB3-L-commandotraining-pre.gif	Commando Training (V) (Virtual Block 3)
VB3-L-corellianretort.gif	VB3-L-corellianretort-pre.gif	Corellian Retort (V)
VB3-L-countmein.gif	VB3-L-countmein-pre.gif	Count Me In (V)
VB3-L-covertlanding.gif	VB3-L-covertlanding-pre.gif	Covert Landing (V)
VB3-L-diversionarytactics.gif	VB3-L-diversionarytactics-pre.gif	Diversionary Tactics (V)
VB3-L-dontforgetthedroids.gif	VB3-L-dontforgetthedroids-pre.gif	Don't Forget The Droids (V)
VB3-L-endorcelebration.gif	VB3-L-endorcelebration-pre.gif	Endor Celebration (V)
VB3-L-endorewokvillage.gif	VB3-L-endorewokvillage-pre.gif	Endor: Ewok Village (V) (Virtual Block 3)
VB3-L-enhancedprotontorpedoes.gif	VB3-L-enhancedprotontorpedoes-pre.gif	Enhanced Proton Torpedoes (V)
VB3-L-generalsolo.gif	VB3-L-generalsolo-pre.gif	General Solo (V) (Virtual Block 3)
VB3-L-generalwalexblissex.gif	VB3-L-generalwalexblissex-pre.gif	General Walex Blissex (V) (Virtual Block 3)
VB3-L-greensquadron1.gif	VB3-L-greensquadron1-pre.gif	Green Squadron 1 (V)
VB3-L-han.gif	VB3-L-han-pre.gif	Han (V) (Virtual Block 3)
VB3-L-imustbeallowedtospeak.gif	VB3-L-imustbeallowedtospeak-pre.gif	I Must Be Allowed To Speak (V) (Virtual Block 3)
VB3-L-imwithyoutoo.gif	VB3-L-imwithyoutoo-pre.gif	I'm With You Too (V)
VB3-L-iwonderwhotheyfound.gif	VB3-L-iwonderwhotheyfound-pre.gif	I Wonder Who They Found (V)
VB3-L-kalit.gif	VB3-L-kalit-pre.gif	Kalit (V)
VB3-L-kechukekukuta.gif	VB3-L-kechukekukuta-pre.gif	Ke Chu Ke Kukuta? (V)
VB3-L-laudica.gif	VB3-L-laudica-pre.gif	Laudica (V)
VB3-L-leslomytacema.gif	VB3-L-leslomytacema-pre.gif	Leslomy Tacema (V) (Virtual Block 3)
VB3-L-letskeepalittleoptimismhere.gif	VB3-L-letskeepalittleoptimismhere-pre.gif	Let's Keep A Little Optimism Here (V) (Virtual Block 3)
VB3-L-lieutenantblount.gif	VB3-L-lieutenantblount-pre.gif	Lieutenant Blount (V)
VB3-L-lukeskywalkerrebelscout.gif	VB3-L-lukeskywalkerrebelscout-pre.gif	Luke Skywalker, Rebel Scout (V) (Virtual Block 3)
VB3-L-lukesultimatum.gif	VB3-L-lukesultimatum-pre.gif	Luke's Ultimatum
VB3-L-mandalorianmishap.gif	VB3-L-mandalorianmishap-pre.gif	Mandalorian Mishap (V) (Virtual Block 3)
VB3-L-masterluke.gif	VB3-L-masterluke-pre.gif	Master Luke (V) (Virtual Block 3)
VB3-L-moncalamaristarcruiser.gif	VB3-L-moncalamaristarcruiser-pre.gif	Mon Calamari Star Cruiser (V)
VB3-L-orrimaarko.gif	VB3-L-orrimaarko-pre.gif	Orrimaarko (V) (Virtual Block 3)
VB3-L-ouronlyhope.gif	VB3-L-ouronlyhope-pre.gif	Our Only Hope (V) (Virtual Block 3)
VB3-L-princessleiaorgana.gif	VB3-L-princessleiaorgana-pre.gif	Princess Leia Organa (V)
VB3-L-rapiddeployment.gif	VB3-L-rapiddeployment-pre.gif	Rapid Deployment (V)
VB3-L-rebelleadership.gif	VB3-L-rebelleadership-pre.gif	Rebel Leadership (V) (Virtual Block 3)
VB3-L-redsquadron7.gif	VB3-L-redsquadron7-pre.gif	Red Squadron 7 (V)
VB3-L-seekinganaudience.gif	VB3-L-seekinganaudience-pre.gif	Seeking An Audience (V) (Virtual Block 3)
VB3-L-seethreepio.gif	VB3-L-seethreepio-pre.gif	See-Threepio (V)
VB3-L-strikeforce.gif	VB3-L-strikeforce-pre.gif	Strikeforce (V) (Virtual Block 3)
VB3-L-superficialdamage.gif	VB3-L-superficialdamage-pre.gif	Superficial Damage (V)
VB3-L-takingthemwithus.gif	VB3-L-takingthemwithus-pre.gif	Taking Them With Us (V)
VB3-L-tamtelskreej.gif	VB3-L-tamtelskreej-pre.gif	Tamtel Skreej (V)
VB3-L-tanusspijek.gif	VB3-L-tanusspijek-pre.gif	Tanus Spijek (V)
VB3-L-tawsskhaa.gif	VB3-L-tawsskhaa-pre.gif	Tawss Khaa (V)
VB3-L-thatsone.gif	VB3-L-thatsone-pre.gif	That's One (V)
VB3-L-thesignal.gif	VB3-L-thesignal-pre.gif	The Signal (V)
VB3-L-thetimeforourattackhascome.gif	VB3-L-thetimeforourattackhascome-pre.gif	The Time For Our Attack Has Come (V)
VB3-L-tydirium.gif	VB3-L-tydirium-pre.gif	Tydirium (V) (Virtual Block 3)
VB3-L-uhoh.gif	VB3-L-uhoh-pre.gif	Uh-oh! (V)
VB3-L-wicket.gif	VB3-L-wicket-pre.gif	Virtual Block 3
VB3-L-yarnadalgargan.gif	VB3-L-yarnadalgargan-pre.gif	Virtual Block 3
VB4-D-adaylongremembered.gif	VB4-D-adaylongremembered-pre.gif	A Day Long Remembered (V) (Dark)
VB4-D-arica.gif	VB4-D-arica-pre.gif	Arica (V) (Dark)
VB4-D-blownclear.gif	VB4-D-blownclear-pre.gif	Blown Clear (V)
VB4-D-caridaisbtrainingacademy.gif	VB4-D-caridaisbtrainingacademy-pre.gif	Carida: ISB Training Academy
VB4-D-coldfeet.gif	VB4-D-coldfeet-pre.gif	Cold Feet (V) (Dark)
VB4-D-colonelwullfyularen.gif	VB4-D-colonelwullfyularen-pre.gif	Colonel Wullf Yularen (V) (Dark)
VB4-D-combatreadiness.gif	VB4-D-combatreadiness-pre.gif	Combat Readiness (V) (Dark)
VB4-D-coruscantisbcentraloffice.gif	VB4-D-coruscantisbcentraloffice-pre.gif	Coruscant: ISB Central Office
VB4-D-crushtherebellion.gif	VB4-D-crushtherebellion-pre.gif	Crush The Rebellion (V) (Dark)
VB4-D-darkreconnaissance.gif	VB4-D-darkreconnaissance-pre.gif	Dark Reconnaissance
VB4-D-deathstarconferenceroom.gif	VB4-D-deathstarconferenceroom-pre.gif	Death Star: Conference Room (V)
VB4-D-deephatred.gif	VB4-D-deephatred-pre.gif	Deep Hatred (V)
VB4-D-dreadedimperialstarfleet.gif	VB4-D-dreadedimperialstarfleet-pre.gif	Dreaded Imperial Starfleet (V)
VB4-D-executionarenapit.gif	VB4-D-executionarenapit-pre.gif	Execution Arena (Pit)
VB4-D-frozendinner.gif	VB4-D-frozendinner-pre.gif	Frozen Dinner (V)
VB4-D-frustration.gif	VB4-D-frustration-pre.gif	Frustration (V)
VB4-D-galenmarekstarkiller.gif	VB4-D-galenmarekstarkiller-pre.gif	Galen Marek, Starkiller
VB4-D-galenmarekstarkillerai.gif	VB4-D-galenmarekstarkillerai-pre.gif	Galen Marek, Starkiller (AI)
VB4-D-galenslightsaber.gif	VB4-D-galenslightsaber-pre.gif	Galen's Lightsaber
VB4-D-giftofthemaster.gif	VB4-D-giftofthemaster-pre.gif	Gift Of The Master
VB4-D-grandadmiralthrawn.gif	VB4-D-grandadmiralthrawn-pre.gif	Grand Admiral Thrawn (V) (Dark)
VB4-D-guri.gif	VB4-D-guri-pre.gif	Guri (V) (Dark)
VB4-D-heisnotready.gif	VB4-D-heisnotready-pre.gif	He Is Not Ready (V)
VB4-D-huntdownanddestroythejedi.gif	VB4-D-huntdownanddestroythejedi-pre.gif	Hunt Down And Destroy The Jedi (V) / Their Fire Has Gone Out Of The Universe (V)
VB4-D-ifthetracewascorrect.gif	VB4-D-ifthetracewascorrect-pre.gif	If The Trace Was Correct (V)
VB4-D-imperialcodecylinder.gif	VB4-D-imperialcodecylinder-pre.gif	Imperial Code Cylinder (V) (Dark)
VB4-D-imperialpropaganda.gif	VB4-D-imperialpropaganda-pre.gif	Imperial Propaganda (V)
VB4-D-imperialstormtrooper.gif	VB4-D-imperialstormtrooper-pre.gif	Imperial Stormtrooper
VB4-D-informationexchange.gif	VB4-D-informationexchange-pre.gif	Information Exchange (V) (Dark)
VB4-D-insignificantrebellion.gif	VB4-D-insignificantrebellion-pre.gif	Insignificant Rebellion (V) (Dark)
VB4-D-isbsectoroffice.gif	VB4-D-isbsectoroffice-pre.gif	ISB Sector Office
VB4-D-itsworse.gif	VB4-D-itsworse-pre.gif	It's Worse (V)
VB4-D-janusgreejatus.gif	VB4-D-janusgreejatus-pre.gif	Janus Greejatus (V)
VB4-D-junoeclipseblackleader.gif	VB4-D-junoeclipseblackleader-pre.gif	Juno Eclipse, Black Leader
VB4-D-junoeclipseblackleaderai.gif	VB4-D-junoeclipseblackleaderai-pre.gif	Juno Eclipse, Black Leader (AI)
VB4-D-katana.gif	VB4-D-katana-pre.gif	Katana
VB4-D-kesselspiceminesdockingbay.gif	VB4-D-kesselspiceminesdockingbay-pre.gif	Kessel: Spice Mines - Docking Bay
VB4-D-kesselspiceminesextractionfacility.gif	VB4-D-kesselspiceminesextractionfacility-pre.gif	Kessel: Spice Mines - Extraction Facility
VB4-D-kesselspiceminesprison.gif	VB4-D-kesselspiceminesprison-pre.gif	Kessel: Spice Mines - Prison
VB4-D-knowledgeanddefense.gif	VB4-D-knowledgeanddefense-pre.gif	Knowledge And Defense (V) (Dark)
VB4-D-kraytdragonbones.gif	VB4-D-kraytdragonbones-pre.gif	Krayt Dragon Bones (V)
VB4-D-kuatdriveyards.gif	VB4-D-kuatdriveyards-pre.gif	Kuat Drive Yards (V) (Dark)
VB4-D-lasergate.gif	VB4-D-lasergate-pre.gif	Laser Gate (V)
VB4-D-letspassonthat.gif	VB4-D-letspassonthat-pre.gif	Let's Pass On That
VB4-D-marajadewithlightsaber.gif	VB4-D-marajadewithlightsaber-pre.gif	Mara Jade With Lightsaber (Dark)
VB4-D-mynkyneugh.gif	VB4-D-mynkyneugh-pre.gif	Myn Kyneugh (V) (Dark)
VB4-D-nobargain.gif	VB4-D-nobargain-pre.gif	No Bargain (V)
VB4-D-officerevax.gif	VB4-D-officerevax-pre.gif	Officer Evax (V)
VB4-D-onyx2.gif	VB4-D-onyx2-pre.gif	Onyx 2 (V) (Dark)
VB4-D-princexizor.gif	VB4-D-princexizor-pre.gif	Prince Xizor (V)
VB4-D-quietlyobserving.gif	VB4-D-quietlyobserving-pre.gif	Quietly Observing (V) (Dark)
VB4-D-r2a5.gif	VB4-D-r2a5-pre.gif	R2-A5 (Artoo-Ayfive) (V)
VB4-D-raidercraft.gif	VB4-D-raidercraft-pre.gif	Raider Craft
VB4-D-ralltiirsupplyroute.gif	VB4-D-ralltiirsupplyroute-pre.gif	Ralltiir: Supply Route
VB4-D-rogueshadow.gif	VB4-D-rogueshadow-pre.gif	Rogue Shadow
VB4-D-scoutmercenary.gif	VB4-D-scoutmercenary-pre.gif	Scout Mercenary
VB4-D-shada.gif	VB4-D-shada-pre.gif	Shada
VB4-D-stinger.gif	VB4-D-stinger-pre.gif	Stinger (V) (Dark)
VB4-D-stunningleader.gif	VB4-D-stunningleader-pre.gif	Stunning Leader (V)
VB4-D-theforceunleashed.gif	VB4-D-theforceunleashed-pre.gif	The Force Unleashed
VB4-D-theirfirehasgoneoutoftheuniverse.gif	VB4-D-theirfirehasgoneoutoftheuniverse-pre.gif	Hunt Down And Destroy The Jedi (V) / Their Fire Has Gone Out Of The Universe (V)
VB4-D-thereisnotry&oppressiveenforcement.gif	VB4-D-thereisnotry&oppressiveenforcement-pre.gif	There Is No Try & •Oppressive Enforcement (V)
VB4-D-thoserebelswontescapeus.gif	VB4-D-thoserebelswontescapeus-pre.gif	Those Rebels Won't Escape Us (V)
VB4-D-thrawnsysalamir.gif	VB4-D-thrawnsysalamir-pre.gif	Thrawn's Ysalamir
VB4-D-tiefighterconstructionfacility.gif	VB4-D-tiefighterconstructionfacility-pre.gif	TIE Fighter Construction Facility
VB4-D-unexpectedinterruption.gif	VB4-D-unexpectedinterruption-pre.gif	Unexpected Interruption (V)
VB4-L-angerfearaggression.gif	VB4-L-angerfearaggression-pre.gif	Anger, Fear, Aggression (V) (Virtual Block 4)
VB4-L-boosterinpulsarskate.gif	VB4-L-boosterinpulsarskate-pre.gif	Booster In Pulsar Skate (Virtual Block 4)
VB4-L-carefulplanning.gif	VB4-L-carefulplanning-pre.gif	Careful Planning (V) (Virtual Block 4)
VB4-L-chewbaccaprotector.gif	VB4-L-chewbaccaprotector-pre.gif	Chewbacca, Protector (V)
VB4-L-corellia.gif	VB4-L-corellia-pre.gif	Corellia (V) (Virtual Block 4)
VB4-L-corellianengineeringcorporation.gif	VB4-L-corellianengineeringcorporation-pre.gif	Corellian Engineering Corporation (V)
VB4-L-dantooinebasedockingbay.gif	VB4-L-dantooinebasedockingbay-pre.gif	Dantooine: Base - Docking Bay
VB4-L-dantooinebaseoperationscenter.gif	VB4-L-dantooinebaseoperationscenter-pre.gif	Dantooine: Base - Operations Center
VB4-L-dantooineengineeringcorps.gif	VB4-L-dantooineengineeringcorps-pre.gif	Dantooine Engineering Corps
VB4-L-dashrendar.gif	VB4-L-dashrendar-pre.gif	Dash Rendar (V) (Virtual Block 4)
VB4-L-disarmingcreature.gif	VB4-L-disarmingcreature-pre.gif	Disarming Creature (V)
VB4-L-downwiththeemperor.gif	VB4-L-downwiththeemperor-pre.gif	Down With The Emperor! (V) (Virtual Block 4)
VB4-L-ejecteject.gif	VB4-L-ejecteject-pre.gif	Eject! Eject! (V)
VB4-L-ellorrsmadak.gif	VB4-L-ellorrsmadak-pre.gif	Ellorrs Madak (V)
VB4-L-eyesinthedark.gif	VB4-L-eyesinthedark-pre.gif	Eyes In The Dark (V) (Virtual Block 4)
VB4-L-fixer.gif	VB4-L-fixer-pre.gif	Fixer
VB4-L-hearmebabyholdtogether.gif	VB4-L-hearmebabyholdtogether-pre.gif	Hear Me Baby, Hold Together (V) (Virtual Block 4)
VB4-L-hiddenbase.gif	VB4-L-hiddenbase-pre.gif	Hidden Base (V) / Systems Will Slip Through Your Fingers (V)
VB4-L-imperialatrocity.gif	VB4-L-imperialatrocity-pre.gif	Imperial Atrocity (V)
VB4-L-infinity.gif	VB4-L-infinity-pre.gif	Infinity
VB4-L-insurrection.gif	VB4-L-insurrection-pre.gif	Insurrection (V)
VB4-L-larsprotocoldroid.gif	VB4-L-larsprotocoldroid-pre.gif	Lars' Protocol Droid
VB4-L-lebo2d9leebo.gif	VB4-L-lebo2d9leebo-pre.gif	LE-BO2D9 (Leebo) (V)
VB4-L-marisbroodfallenjedi.gif	VB4-L-marisbroodfallenjedi-pre.gif	Maris Brood, Fallen Jedi
VB4-L-marisbroodfallenjediai.gif	VB4-L-marisbroodfallenjediai-pre.gif	Maris Brood, Fallen Jedi (AI)
VB4-L-mercenaryarmor.gif	VB4-L-mercenaryarmor-pre.gif	Mercenary Armor (V)
VB4-L-noquestionsasked.gif	VB4-L-noquestionsasked-pre.gif	No Questions Asked (V)
VB4-L-outpost.gif	VB4-L-outpost-pre.gif	Outpost
VB4-L-quickdraw.gif	VB4-L-quickdraw-pre.gif	Quick Draw (V)
VB4-L-raycryjerd.gif	VB4-L-raycryjerd-pre.gif	Rayc Ryjerd (V)
VB4-L-rebelcellhiddenlandingsite.gif	VB4-L-rebelcellhiddenlandingsite-pre.gif	Rebel Cell - Hidden Landing Site
VB4-L-rebelcellmonitoringstation.gif	VB4-L-rebelcellmonitoringstation-pre.gif	Rebel Cell - Monitoring Station
VB4-L-rebelcellperimeter.gif	VB4-L-rebelcellperimeter-pre.gif	Rebel Cell - Perimeter
VB4-L-rebelcellsituationroom.gif	VB4-L-rebelcellsituationroom-pre.gif	Rebel Cell - Situation Room
VB4-L-red8.gif	VB4-L-red8-pre.gif	Red 8 (V) (Virtual Block 4)
VB4-L-scrambledtransmission.gif	VB4-L-scrambledtransmission-pre.gif	Scrambled Transmission (V)
VB4-L-senatorleiaorgana.gif	VB4-L-senatorleiaorgana-pre.gif	Senator Leia Organa
VB4-L-sergeantdoallyn.gif	VB4-L-sergeantdoallyn-pre.gif	Sergeant Doallyn (V)
VB4-L-shooshoo.gif	VB4-L-shooshoo-pre.gif	Shoo! Shoo! (V)
VB4-L-skull.gif	VB4-L-skull-pre.gif	Skull (V)
VB4-L-systemswillslipthroughyourfingers.gif	VB4-L-systemswillslipthroughyourfingers-pre.gif	Hidden Base (V) / Systems Will Slip Through Your Fingers (V)
VB4-L-talonkarrde.gif	VB4-L-talonkarrde-pre.gif	Talon Karrde (V)
VB4-L-tauntaunbones.gif	VB4-L-tauntaunbones-pre.gif	Tauntaun Bones (V)
VB4-L-thisplacecanbealittlerough.gif	VB4-L-thisplacecanbealittlerough-pre.gif	Virtual Block 4
VB4-L-tuskenbreathmask.gif	VB4-L-tuskenbreathmask-pre.gif	Tusken Breath Mask (V)
VB4-L-unchartedsettlements.gif	VB4-L-unchartedsettlements-pre.gif	Uncharted Settlements
VB4-L-watchyourstep.gif	VB4-L-watchyourstep-pre.gif	Virtual Block 4
VB4-L-wesjanson.gif	VB4-L-wesjanson-pre.gif	Virtual Block 4
VB4-L-wokling.gif	VB4-L-wokling-pre.gif	Virtual Block 4
VB4-L-yavin4jediacademy.gif	VB4-L-yavin4jediacademy-pre.gif	Virtual Block 4
VB4-L-yt1300transport.gif	VB4-L-yt1300transport-pre.gif	Virtual Block 4
VB5-D-anenemyoftherepublic.gif	VB5-D-anenemyoftherepublic-pre.gif	An Enemy Of The Republic
VB5-D-asithsplans.gif	VB5-D-asithsplans-pre.gif	A Sith's Plans
VB5-D-atlastwearegettingresults.gif	VB5-D-atlastwearegettingresults-pre.gif	At Last We Are Getting Results (V)
VB5-D-aurrasing.gif	VB5-D-aurrasing-pre.gif	Aurra Sing (V)
VB5-D-aurrasingai.gif	VB5-D-aurrasingai-pre.gif	Aurra Sing (V) (AI)
VB5-D-chokk.gif	VB5-D-chokk-pre.gif	Chokk (V)
VB5-D-coruscantchancellorsoffice.gif	VB5-D-coruscantchancellorsoffice-pre.gif	Coruscant: Chancellor's Office
VB5-D-coruscantguard.gif	VB5-D-coruscantguard-pre.gif	Coruscant Guard (V) (Dark)
VB5-D-darkjedilightsaber.gif	VB5-D-darkjedilightsaber-pre.gif	Dark Jedi Lightsaber (V) (Dark)
VB5-D-daultaydofine.gif	VB5-D-daultaydofine-pre.gif	Daultay Dofine (V) (Dark)
VB5-D-elitesquadronstormtrooper.gif	VB5-D-elitesquadronstormtrooper-pre.gif	Elite Squadron Stormtrooper (V)
VB5-D-establishcontrol.gif	VB5-D-establishcontrol-pre.gif	Establish Control (V) (Dark)
VB5-D-expandtheempire.gif	VB5-D-expandtheempire-pre.gif	Expand The Empire (V)
VB5-D-forcepush.gif	VB5-D-forcepush-pre.gif	Force Push (V) (Dark)
VB5-D-jangofett.gif	VB5-D-jangofett-pre.gif	Jango Fett (Dark)
VB5-D-kedertheblack.gif	VB5-D-kedertheblack-pre.gif	Keder The Black (V)
VB5-D-lordsidious.gif	VB5-D-lordsidious-pre.gif	Lord Sidious (Dark)
VB5-D-mandalorianarmor.gif	VB5-D-mandalorianarmor-pre.gif	Mandalorian Armor (V)
VB5-D-maulssithspeeder.gif	VB5-D-maulssithspeeder-pre.gif	Maul's Sith Speeder
VB5-D-nothingcangetthroughourshield.gif	VB5-D-nothingcangetthroughourshield-pre.gif	Nothing Can Get Through Our Shield (V)
VB5-D-nutegunraysbounty.gif	VB5-D-nutegunraysbounty-pre.gif	Nute Gunray's Bounty
VB5-D-order66.gif	VB5-D-order66-pre.gif	Order 66
VB5-D-sebulba.gif	VB5-D-sebulba-pre.gif	Sebulba (V) (Dark)
VB5-D-sebulbaai.gif	VB5-D-sebulbaai-pre.gif	Sebulba (V) (AI) (Dark)
VB5-D-sithfury.gif	VB5-D-sithfury-pre.gif	Sith Fury (V) (Dark)
VB5-D-sithprobedroid.gif	VB5-D-sithprobedroid-pre.gif	Sith Probe Droid (V)
VB5-D-strategicreserves.gif	VB5-D-strategicreserves-pre.gif	Strategic Reserves (V)
VB5-D-tradefederationtactics.gif	VB5-D-tradefederationtactics-pre.gif	Trade Federation Tactics (V) (Dark)
VB5-D-trainedinthejediarts.gif	VB5-D-trainedinthejediarts-pre.gif	Trained In The Jedi Arts
VB5-D-vadersanger.gif	VB5-D-vadersanger-pre.gif	Vader's Anger (V) (Dark)
VB5-D-watto.gif	VB5-D-watto-pre.gif	Virtual Block 5
VB5-D-wattoai.gif	VB5-D-wattoai-pre.gif	Virtual Block 5
VB5-D-wherearethosedroidekas.gif	VB5-D-wherearethosedroidekas-pre.gif	Virtual Block 5
VB5-D-wipethemoutallofthem.gif	VB5-D-wipethemoutallofthem-pre.gif	Virtual Block 5
VB5-D-withthunderousapplause.gif	VB5-D-withthunderousapplause-pre.gif	Virtual Block 5
VB5-L-ajediscunning.gif	VB5-L-ajediscunning-pre.gif	A Jedi's Cunning
VB5-L-ajedisplans.gif	VB5-L-ajedisplans-pre.gif	A Jedi's Plans
VB5-L-alderaanconsularship.gif	VB5-L-alderaanconsularship-pre.gif	Alderaan Consular Ship
VB5-L-ambush.gif	VB5-L-ambush-pre.gif	Ambush (V) (Virtual Block 5)
VB5-L-anunusualamountoffear.gif	VB5-L-anunusualamountoffear-pre.gif	An Unusual Amount Of Fear (V)
VB5-L-artoobravelittledroid.gif	VB5-L-artoobravelittledroid-pre.gif	Artoo, Brave Little Droid (V)
VB5-L-artoobravelittledroidai.gif	VB5-L-artoobravelittledroidai-pre.gif	Artoo, Brave Little Droid (V) (AI)
VB5-L-bailorgana.gif	VB5-L-bailorgana-pre.gif	Bail Organa (Virtual Block 5)
VB5-L-blockadeflagshipprison.gif	VB5-L-blockadeflagshipprison-pre.gif	Blockade Flagship: Prison
VB5-L-bowcaster.gif	VB5-L-bowcaster-pre.gif	Bowcaster (V) (Virtual Block 5)
VB5-L-bravofighter.gif	VB5-L-bravofighter-pre.gif	Bravo Fighter (V) (Virtual Block 5)
VB5-L-changingtheodds.gif	VB5-L-changingtheodds-pre.gif	Changing The Odds (V)
VB5-L-chewbaccaofkashyyyk.gif	VB5-L-chewbaccaofkashyyyk-pre.gif	Chewbacca Of Kashyyyk (V) (Virtual Block 5)
VB5-L-clonepilot.gif	VB5-L-clonepilot-pre.gif	Clone Pilot (Virtual Block 5)
VB5-L-clonetrooper.gif	VB5-L-clonetrooper-pre.gif	Clone Trooper (Virtual Block 5)
VB5-L-coruscantjediarchives.gif	VB5-L-coruscantjediarchives-pre.gif	Coruscant: Jedi Archives
VB5-L-coruscantjedicouncilchamber.gif	VB5-L-coruscantjedicouncilchamber-pre.gif	Coruscant: Jedi Council Chamber (V)
VB5-L-coruscantnightclub.gif	VB5-L-coruscantnightclub-pre.gif	Coruscant: Night Club (Virtual Block 5)
VB5-L-coruscantsenatelandingplatform.gif	VB5-L-coruscantsenatelandingplatform-pre.gif	Coruscant: Senate Landing Platform
VB5-L-duelofthefates.gif	VB5-L-duelofthefates-pre.gif	Virtual Block 5
VB5-L-elegantlightsaber.gif	VB5-L-elegantlightsaber-pre.gif	Elegant Lightsaber
VB5-L-grrrghrrrgh.gif	VB5-L-grrrghrrrgh-pre.gif	Grrrghrrrgh!
VB5-L-jediadvisor.gif	VB5-L-jediadvisor-pre.gif	Jedi Advisor
VB5-L-jediguardian.gif	VB5-L-jediguardian-pre.gif	Jedi Guardian
VB5-L-jedilightsaber.gif	VB5-L-jedilightsaber-pre.gif	Jedi Lightsaber (V) (Virtual Block 5)
VB5-L-jedistarfighter.gif	VB5-L-jedistarfighter-pre.gif	Jedi Starfighter
VB5-L-jedisurvivor.gif	VB5-L-jedisurvivor-pre.gif	Jedi Survivor
VB5-L-kashyyyk.gif	VB5-L-kashyyyk-pre.gif	Kashyyyk (V)
VB5-L-kashyyyksacredforest.gif	VB5-L-kashyyyksacredforest-pre.gif	Kashyyyk: Sacred Forest
VB5-L-kashyyykwookieehavenforest.gif	VB5-L-kashyyykwookieehavenforest-pre.gif	Kashyyyk: Wookiee Haven (Forest)
VB5-L-kiadimundi.gif	VB5-L-kiadimundi-pre.gif	Ki-Adi-Mundi (V)
VB5-L-kraytdragonhowl.gif	VB5-L-kraytdragonhowl-pre.gif	Krayt Dragon Howl (V)
VB5-L-letsgoleft.gif	VB5-L-letsgoleft-pre.gif	Let's Go Left (V)
VB5-L-lieutenantwilliams.gif	VB5-L-lieutenantwilliams-pre.gif	Lieutenant Williams (V)
VB5-L-macewindu.gif	VB5-L-macewindu-pre.gif	Mace Windu (V) (Virtual Block 5)
VB5-L-macewinduai.gif	VB5-L-macewinduai-pre.gif	Mace Windu (V) (AI) (Virtual Block 5)
VB5-L-masterquigon.gif	VB5-L-masterquigon-pre.gif	Master Qui-Gon (V) (Virtual Block 5)
VB5-L-masterquigonai.gif	VB5-L-masterquigonai-pre.gif	Master Qui-Gon (V) (AI) (Virtual Block 5)
VB5-L-obiwaninradiantvii.gif	VB5-L-obiwaninradiantvii-pre.gif	Obi-Wan In Radiant VII
VB5-L-obiwankenobijediknight.gif	VB5-L-obiwankenobijediknight-pre.gif	Obi-Wan Kenobi, Jedi Knight (V)
VB5-L-padmenaberrie.gif	VB5-L-padmenaberrie-pre.gif	Padme Naberrie (V) (Virtual Block 5)
VB5-L-padmenaberrieai.gif	VB5-L-padmenaberrieai-pre.gif	Padme Naberrie (V) (AI) (Virtual Block 5)
VB5-L-plokoon.gif	VB5-L-plokoon-pre.gif	Plo Koon (V) (Virtual Block 5)
VB5-L-republiccorvette.gif	VB5-L-republiccorvette-pre.gif	Republic Corvette
VB5-L-republictrooperwithblasterrifle.gif	VB5-L-republictrooperwithblasterrifle-pre.gif	Republic Trooper With Blaster Rifle
VB5-L-senatorjarjarbinks.gif	VB5-L-senatorjarjarbinks-pre.gif	Senator Jar Jar Binks
VB5-L-senatorjarjarbinksai.gif	VB5-L-senatorjarjarbinksai-pre.gif	Senator Jar Jar Binks (AI)
VB5-L-senatormonmothma.gif	VB5-L-senatormonmothma-pre.gif	Senator Mon Mothma (Virtual Block 5)
VB5-L-senatorpadmeamidala.gif	VB5-L-senatorpadmeamidala-pre.gif	Senator Padme Amidala
VB5-L-sothisishowlibertydies.gif	VB5-L-sothisishowlibertydies-pre.gif	So This Is How Liberty Dies
VB5-L-supremechancellorpalpatine.gif	VB5-L-supremechancellorpalpatine-pre.gif	Supreme Chancellor Palpatine
VB5-L-theywillbelostandconfused.gif	VB5-L-theywillbelostandconfused-pre.gif	Virtual Block 5
VB5-L-wehaveaplan.gif	VB5-L-wehaveaplan-pre.gif	Virtual Block 5
VB5-L-wellhandlethis.gif	VB5-L-wellhandlethis-pre.gif	Virtual Block 5
VB5-L-welltakethelongway.gif	VB5-L-welltakethelongway-pre.gif	Virtual Block 5
VB5-L-wesareadytodooursapart.gif	VB5-L-wesareadytodooursapart-pre.gif	Virtual Block 5
VB5-L-wookiee.gif	VB5-L-wookiee-pre.gif	Virtual Block 5
VB5-L-wookieeguide.gif	VB5-L-wookieeguide-pre.gif	Virtual Block 5
VB5-L-wookieeroar.gif	VB5-L-wookieeroar-pre.gif	Virtual Block 5
VB5-L-yarua.gif	VB5-L-yarua-pre.gif	Virtual Block 5
VB5-L-yodagreatwarrior.gif	VB5-L-yodagreatwarrior-pre.gif	Virtual Block 5
VB5-L-yodaseniorcouncilmember.gif	VB5-L-yodaseniorcouncilmember-pre.gif	Virtual Block 5
VB5-L-yodaseniorcouncilmemberai.gif	VB5-L-yodaseniorcouncilmemberai-pre.gif	Virtual Block 5
VB6-D-3b310.gif	VB6-D-3b310-pre.gif	3B3-10 (V)
VB6-D-4lomwithconcussionrifle.gif	VB6-D-4lomwithconcussionrifle-pre.gif	4-LOM With Concussion Rifle (V) (Dark)
VB6-D-admiralmottibattlestationcoordinator.gif	VB6-D-admiralmottibattlestationcoordinator-pre.gif	Admiral Motti, Battlestation Coordinator (V)
VB6-D-admiralpiett.gif	VB6-D-admiralpiett-pre.gif	Admiral Piett (V) (Dark)
VB6-D-alteringthedeal.gif	VB6-D-alteringthedeal-pre.gif	Altering The Deal
VB6-D-atatdriver.gif	VB6-D-atatdriver-pre.gif	AT-AT Driver (V)
VB6-D-black1.gif	VB6-D-black1-pre.gif	Black 1
VB6-D-blasterrifle.gif	VB6-D-blasterrifle-pre.gif	Blaster Rifle (V) (Virtual Block 6)
VB6-D-blizzard4.gif	VB6-D-blizzard4-pre.gif	Blizzard 4 (V)
VB6-D-blockadesupportship.gif	VB6-D-blockadesupportship-pre.gif	Blockade Support Ship (Dark)
VB6-D-bobafettbountyhunter.gif	VB6-D-bobafettbountyhunter-pre.gif	Boba Fett, Bounty Hunter (V)
VB6-D-bobafettinslavei.gif	VB6-D-bobafettinslavei-pre.gif	Boba Fett In Slave I (V) (Dark)
VB6-D-bobafettrelentlessbountyhunter.gif	VB6-D-bobafettrelentlessbountyhunter-pre.gif	Boba Fett, Relentless Bounty Hunter
VB6-D-bosskinhoundstooth.gif	VB6-D-bosskinhoundstooth-pre.gif	Bossk In Hound's Tooth (V) (Dark)
VB6-D-brangusglee.gif	VB6-D-brangusglee-pre.gif	Brangus Glee (V)
VB6-D-breacheddefenses&molator.gif	VB6-D-breacheddefenses&molator-pre.gif	Breached Defenses & •Molator
VB6-D-brokenconcentration.gif	VB6-D-brokenconcentration-pre.gif	Broken Concentration (V)
VB6-D-cadbane.gif	VB6-D-cadbane-pre.gif	Cad Bane (Dark)
VB6-D-captainmodterrik.gif	VB6-D-captainmodterrik-pre.gif	Captain Mod Terrik (Dark)
VB6-D-carnorjaxroyalguard.gif	VB6-D-carnorjaxroyalguard-pre.gif	Carnor Jax, Royal Guard
VB6-D-cloudcitydiningroom.gif	VB6-D-cloudcitydiningroom-pre.gif	Cloud City: Dining Room (V) (Dark)
VB6-D-coloneljendoninonyx1.gif	VB6-D-coloneljendoninonyx1-pre.gif	Colonel Jendon In Onyx 1 (Dark)
VB6-D-comlink.gif	VB6-D-comlink-pre.gif	Comlink (V)
VB6-D-commanderdainejir.gif	VB6-D-commanderdainejir-pre.gif	Commander Daine Jir
VB6-D-cyclonewalker.gif	VB6-D-cyclonewalker-pre.gif	Cyclone Walker
VB6-D-darkwaters&kraytdragonbones.gif	VB6-D-darkwaters&kraytdragonbones-pre.gif	Dark Waters & •Krayt Dragon Bones
VB6-D-darthmaulwithlightsaber.gif	VB6-D-darthmaulwithlightsaber-pre.gif	Darth Maul With Lightsaber (V)
VB6-D-darthvaderbetrayerofthejedi.gif	VB6-D-darthvaderbetrayerofthejedi-pre.gif	Darth Vader, Betrayer Of The Jedi (Dark)
VB6-D-dathomirwitch.gif	VB6-D-dathomirwitch-pre.gif	Dathomir Witch
VB6-D-deploymentorders.gif	VB6-D-deploymentorders-pre.gif	Deployment Orders
VB6-D-dianoga.gif	VB6-D-dianoga-pre.gif	Dianoga (V)
VB6-D-droidracks.gif	VB6-D-droidracks-pre.gif	Droid Racks (V) (Dark)
VB6-D-droidwalker.gif	VB6-D-droidwalker-pre.gif	Droid Walker
VB6-D-drop.gif	VB6-D-drop-pre.gif	Drop! (V) (Dark)
VB6-D-ds6111inblack11.gif	VB6-D-ds6111inblack11-pre.gif	DS-61-11 In Black 11
VB6-D-epicduel.gif	VB6-D-epicduel-pre.gif	Epic Duel (V)
VB6-D-fettsblasterrifle.gif	VB6-D-fettsblasterrifle-pre.gif	Fett's Blaster Rifle
VB6-D-fleetsecurityprotocols.gif	VB6-D-fleetsecurityprotocols-pre.gif	Fleet Security Protocols
VB6-D-forcefield.gif	VB6-D-forcefield-pre.gif	Force Field (V) (Dark)
VB6-D-galenslightsabervadersgift.gif	VB6-D-galenslightsabervadersgift-pre.gif	Galen's Lightsaber, Vader's Gift
VB6-D-grottowerribee.gif	VB6-D-grottowerribee-pre.gif	Grotto Werribee (V)
VB6-D-guildofassassins.gif	VB6-D-guildofassassins-pre.gif	Guild Of Assassins
VB6-D-hesnojedi.gif	VB6-D-hesnojedi-pre.gif	He's No Jedi
VB6-D-hothiceplains.gif	VB6-D-hothiceplains-pre.gif	Hoth: Ice Plains (5th Marker) (V) (Dark)
VB6-D-huttinfluence.gif	VB6-D-huttinfluence-pre.gif	Hutt Influence (V) (Dark)
VB6-D-ig88renegadedroid.gif	VB6-D-ig88renegadedroid-pre.gif	IG-88, Renegade Droid
VB6-D-imbalance&kintanstrider.gif	VB6-D-imbalance&kintanstrider-pre.gif	Imbalance & •Kintan Strider (Dark)
VB6-D-isbblasterpistol.gif	VB6-D-isbblasterpistol-pre.gif	ISB Blaster Pistol
VB6-D-jodokast.gif	VB6-D-jodokast-pre.gif	Jodo Kast (V)
VB6-D-justifier.gif	VB6-D-justifier-pre.gif	Justifier
VB6-D-kashyyykwookieeslavingcamp.gif	VB6-D-kashyyykwookieeslavingcamp-pre.gif	Kashyyyk: Wookiee Slaving Camp
VB6-D-kirkanoswithforcepike.gif	VB6-D-kirkanoswithforcepike-pre.gif	Kir Kanos With Force Pike
VB6-D-lanadobreed&sacrifice.gif	VB6-D-lanadobreed&sacrifice-pre.gif	Lana Dobreed & •Sacrifice (Dark)
VB6-D-lieutenantcecius.gif	VB6-D-lieutenantcecius-pre.gif	Lieutenant Cecius (V)
VB6-D-lightsaberdeficiency.gif	VB6-D-lightsaberdeficiency-pre.gif	Lightsaber Deficiency (V)
VB6-D-lonepilot.gif	VB6-D-lonepilot-pre.gif	Lone Pilot (V)
VB6-D-maareksteletheemperorsreach.gif	VB6-D-maareksteletheemperorsreach-pre.gif	Maarek Stele, The Emperor's Reach (Dark)
VB6-D-marquandinblizzard6.gif	VB6-D-marquandinblizzard6-pre.gif	Marquand In Blizzard 6 (Dark)
VB6-D-massassiwarrior.gif	VB6-D-massassiwarrior-pre.gif	Massassi Warrior
VB6-D-mercenaryshadowpirate.gif	VB6-D-mercenaryshadowpirate-pre.gif	Mercenary Shadow Pirate
VB6-D-mofftarkindeathstarcommandant.gif	VB6-D-mofftarkindeathstarcommandant-pre.gif	Moff Tarkin, Death Star Commandant
VB6-D-nichubana.gif	VB6-D-nichubana-pre.gif	Ni Chuba Na?? (V) (Dark)
VB6-D-onebeautifulthing.gif	VB6-D-onebeautifulthing-pre.gif	One Beautiful Thing
VB6-D-onebrightspot.gif	VB6-D-onebrightspot-pre.gif	One Bright Spot
VB6-D-operationalasplanned.gif	VB6-D-operationalasplanned-pre.gif	Operational As Planned (V) (Dark)
VB6-D-p13&p14.gif	VB6-D-p13&p14-pre.gif	P-13 & •P-14
VB6-D-pondababa.gif	VB6-D-pondababa-pre.gif	Ponda Baba (V) (Dark)
VB6-D-powerofthesith.gif	VB6-D-powerofthesith-pre.gif	Power Of The Sith
VB6-D-probot.gif	VB6-D-probot-pre.gif	Probot (Dark)
VB6-D-programtrap.gif	VB6-D-programtrap-pre.gif	Program Trap (V)
VB6-D-protocolfailure.gif	VB6-D-protocolfailure-pre.gif	Protocol Failure
VB6-D-ralltiirspaceportfinancialdistrict.gif	VB6-D-ralltiirspaceportfinancialdistrict-pre.gif	Ralltiir: Spaceport Financial District
VB6-D-rancormount.gif	VB6-D-rancormount-pre.gif	Rancor Mount
VB6-D-remotedepot.gif	VB6-D-remotedepot-pre.gif	Remote Depot
VB6-D-revengeofthesith.gif	VB6-D-revengeofthesith-pre.gif	Revenge Of The Sith (Dark)
VB6-D-royalescort.gif	VB6-D-royalescort-pre.gif	Royal Escort (V) (Dark)
VB6-D-securitybattledroid.gif	VB6-D-securitybattledroid-pre.gif	Security Battle Droid (V)
VB6-D-sobeitjedi.gif	VB6-D-sobeitjedi-pre.gif	So Be It, Jedi
VB6-D-stardestroyercommandstation.gif	VB6-D-stardestroyercommandstation-pre.gif	Star Destroyer: Command Station
VB6-D-stormclouds.gif	VB6-D-stormclouds-pre.gif	Storm Clouds
VB6-D-tarkinsbounty.gif	VB6-D-tarkinsbounty-pre.gif	Tarkin's Bounty (V) (Dark)
VB6-D-tarkinsorders.gif	VB6-D-tarkinsorders-pre.gif	Tarkin's Orders (V)
VB6-D-tatooinemosespa.gif	VB6-D-tatooinemosespa-pre.gif	Tatooine: Mos Espa (V) (Dark)
VB6-D-tdoshokhuntingvow.gif	VB6-D-tdoshokhuntingvow-pre.gif	T'doshok Hunting Vow
VB6-D-theemperoriscominghere.gif	VB6-D-theemperoriscominghere-pre.gif	The Emperor Is Coming Here?
VB6-D-thok&thug.gif	VB6-D-thok&thug-pre.gif	Thok & Thug (V)
VB6-D-tieavenger.gif	VB6-D-tieavenger-pre.gif	TIE Avenger (V)
VB6-D-tiesentryships.gif	VB6-D-tiesentryships-pre.gif	TIE Sentry Ships (V) (Dark)
VB6-D-walkergarrison.gif	VB6-D-walkergarrison-pre.gif	Virtual Block 6
VB6-D-weaponlevitation&theempiresback.gif	VB6-D-weaponlevitation&theempiresback-pre.gif	Virtual Block 6
VB6-D-wehaveaprisoner&icantshakehim.gif	VB6-D-wehaveaprisoner&icantshakehim-pre.gif	Virtual Block 6
VB6-D-whydidntyoutellme.gif	VB6-D-whydidntyoutellme-pre.gif	Virtual Block 6
VB6-D-youoverestimatetheirchances.gif	VB6-D-youoverestimatetheirchances-pre.gif	Virtual Block 6
VB6-L-antillesmaneuver&rebelreinforcements.gif	VB6-L-antillesmaneuver&rebelreinforcements-pre.gif	Antilles Maneuver & •Rebel Reinforcements
VB6-L-armedanddangerous&kraytdragonhowl.gif	VB6-L-armedanddangerous&kraytdragonhowl-pre.gif	Armed And Dangerous & •Krayt Dragon Howl
VB6-L-ascensionguns.gif	VB6-L-ascensionguns-pre.gif	Ascension Guns (V) (Virtual Block 6)
VB6-L-atpeace.gif	VB6-L-atpeace-pre.gif	At Peace (V) (Virtual Block 6)
VB6-L-baragwin.gif	VB6-L-baragwin-pre.gif	Baragwin (V)
VB6-L-beastrider.gif	VB6-L-beastrider-pre.gif	Beast Rider
VB6-L-boshekbrashsmuggler.gif	VB6-L-boshekbrashsmuggler-pre.gif	BoShek, Brash Smuggler
VB6-L-commandotraining&klorslug.gif	VB6-L-commandotraining&klorslug-pre.gif	Commando Training & •K'lor'slug
VB6-L-darkapproach.gif	VB6-L-darkapproach-pre.gif	Dark Approach (V)
VB6-L-dashinrogue10.gif	VB6-L-dashinrogue10-pre.gif	Dash In Rogue 10
VB6-L-daughterofskywalker.gif	VB6-L-daughterofskywalker-pre.gif	Daughter Of Skywalker (V) (Virtual Block 6)
VB6-L-desperatereach.gif	VB6-L-desperatereach-pre.gif	Desperate Reach (V)
VB6-L-desperatetactics.gif	VB6-L-desperatetactics-pre.gif	Desperate Tactics(V)
VB6-L-dontunderestimateourchances.gif	VB6-L-dontunderestimateourchances-pre.gif	Don't Underestimate Our Chances (V)
VB6-L-dressel.gif	VB6-L-dressel-pre.gif	Dressel
VB6-L-firefight.gif	VB6-L-firefight-pre.gif	Firefight (V)
VB6-L-generalsolomahal.gif	VB6-L-generalsolomahal-pre.gif	General Solomahal
VB6-L-gundark.gif	VB6-L-gundark-pre.gif	Gundark
VB6-L-hanchewieandthefalcon.gif	VB6-L-hanchewieandthefalcon-pre.gif	Han, Chewie, And The Falcon (V) (Virtual Block 6)
VB6-L-hansolocourageoussmuggler.gif	VB6-L-hansolocourageoussmuggler-pre.gif	Han Solo, Courageous Smuggler
VB6-L-hothechocommandcenterwarroom.gif	VB6-L-hothechocommandcenterwarroom-pre.gif	Hoth: Echo Command Center (War Room) (V)
VB6-L-hothmainpowergenerators.gif	VB6-L-hothmainpowergenerators-pre.gif	Hoth: Main Power Generators (1st Marker) (V) (Virtual Block 6)
VB6-L-idontneedtheirscumeither.gif	VB6-L-idontneedtheirscumeither-pre.gif	I Don't Need Their Scum, Either (V) (Virtual Block 6)
VB6-L-imheretorescueyou.gif	VB6-L-imheretorescueyou-pre.gif	I'm Here to Rescue You (V)
VB6-L-incomcorporation&koensayrmanufacturing.gif	VB6-L-incomcorporation&koensayrmanufacturing-pre.gif	Incom Corporation & •Koensayr Manufacturing
VB6-L-itsnotmyfault.gif	VB6-L-itsnotmyfault-pre.gif	It's Not My Fault! (V)
VB6-L-ivedecidedtogoback.gif	VB6-L-ivedecidedtogoback-pre.gif	I've Decided To Go Back (V)
VB6-L-jabbasprizefront.gif	VB6-L-jabbasprizefront-pre.gif	Jabba's Prize
VB6-L-jabbathisisyourlastchance.gif	VB6-L-jabbathisisyourlastchance-pre.gif	Jabba, This Is Your Last Chance!
VB6-L-jedipilot.gif	VB6-L-jedipilot-pre.gif	Jedi Pilot
VB6-L-kaadu.gif	VB6-L-kaadu-pre.gif	Kaadu (V)
VB6-L-kashyyykforestdepths.gif	VB6-L-kashyyykforestdepths-pre.gif	Kashyyyk: Forest Depths (Virtual Block 6)
VB6-L-landocalrissianscoundrel.gif	VB6-L-landocalrissianscoundrel-pre.gif	Lando Calrissian, Scoundrel (V)
VB6-L-leiaoptimisticleader.gif	VB6-L-leiaoptimisticleader-pre.gif	Leia, Optimistic Leader
VB6-L-letthewookieewin.gif	VB6-L-letthewookieewin-pre.gif	Let The Wookiee Win (V) (Virtual Block 6)
VB6-L-lukeskywalkerstrongintheforce.gif	VB6-L-lukeskywalkerstrongintheforce-pre.gif	Luke Skywalker, Strong In The Force
VB6-L-maneuveringflaps&nickoftime.gif	VB6-L-maneuveringflaps&nickoftime-pre.gif	Maneuvering Flaps & •Nick Of Time
VB6-L-mindwhatyouhavelearned.gif	VB6-L-mindwhatyouhavelearned-pre.gif	Mind What You Have Learned (V) / Save You It Can (V)
VB6-L-moncalamaridockyards.gif	VB6-L-moncalamaridockyards-pre.gif	Mon Calamari Dockyards (Virtual Block 6)
VB6-L-obiwancrazywizard.gif	VB6-L-obiwancrazywizard-pre.gif	Obi-Wan, Crazy Wizard
VB6-L-obiwankenobipadawanlearner.gif	VB6-L-obiwankenobipadawanlearner-pre.gif	Obi-Wan Kenobi, Padawan Learner (V) (Virtual Block 6)
VB6-L-obiwankenobipadawanlearnerai.gif	VB6-L-obiwankenobipadawanlearnerai-pre.gif	Obi-Wan Kenobi, Padawan Learner (V) (AI) (Virtual Block 6)
VB6-L-odinnesloor&firstaid.gif	VB6-L-odinnesloor&firstaid-pre.gif	Odin Nesloor & •First Aid (Virtual Block 6)
VB6-L-outofsomewhere.gif	VB6-L-outofsomewhere-pre.gif	Out Of Somewhere (V)
VB6-L-overseer.gif	VB6-L-overseer-pre.gif	Overseer (Virtual Block 6)
VB6-L-phylogandish.gif	VB6-L-phylogandish-pre.gif	Phylo Gandish (V)
VB6-L-protector.gif	VB6-L-protector-pre.gif	Protector (V)
VB6-L-red1.gif	VB6-L-red1-pre.gif	Red 1 (V) (Virtual Block 6)
VB6-L-reflection.gif	VB6-L-reflection-pre.gif	Reflection (V) (Virtual Block 6)
VB6-L-republiclogistics.gif	VB6-L-republiclogistics-pre.gif	Republic Logistics
VB6-L-republicstarfighter.gif	VB6-L-republicstarfighter-pre.gif	Republic Starfighter
VB6-L-returnofthejedi.gif	VB6-L-returnofthejedi-pre.gif	Return Of The Jedi
VB6-L-roguesquadronxwing.gif	VB6-L-roguesquadronxwing-pre.gif	Rogue Squadron X-wing
VB6-L-saveyouitcan.gif	VB6-L-saveyouitcan-pre.gif	Mind What You Have Learned (V) / Save You It Can (V)
VB6-L-scomplinkaccess.gif	VB6-L-scomplinkaccess-pre.gif	Scomp Link Access (V) (Virtual Block 6)
VB6-L-securitybreach.gif	VB6-L-securitybreach-pre.gif	Security Breach
VB6-L-snowspeedergarrison.gif	VB6-L-snowspeedergarrison-pre.gif	Snowspeeder Garrison
VB6-L-solohan.gif	VB6-L-solohan-pre.gif	Solo Han (V)
VB6-L-spaceportscoundrelsguild.gif	VB6-L-spaceportscoundrelsguild-pre.gif	Spaceport Scoundrels Guild
VB6-L-strongisvader.gif	VB6-L-strongisvader-pre.gif	Strong Is Vader
VB6-L-tatooinequeenslandingsite.gif	VB6-L-tatooinequeenslandingsite-pre.gif	Tatooine: Queen's Landing Site
VB6-L-thefirsttransportisaway.gif	VB6-L-thefirsttransportisaway-pre.gif	The First Transport Is Away! (V)
VB6-L-thrownback.gif	VB6-L-thrownback-pre.gif	Thrown Back (V) (Virtual Block 6)
VB6-L-underworldcontacts.gif	VB6-L-underworldcontacts-pre.gif	Underworld Contacts (V)
VB6-L-veteranrogue.gif	VB6-L-veteranrogue-pre.gif	Veteran Rogue
VB6-L-warriorscourage.gif	VB6-L-warriorscourage-pre.gif	Virtual Block 6
VB6-L-wedgeinredsquadron1.gif	VB6-L-wedgeinredsquadron1-pre.gif	Virtual Block 6
VB7-D-5d6ra7.gif	VB7-D-5d6ra7-pre.gif	5D6-RA-7 (Fivedesix) (V) (Dark)
VB7-D-accordingtomydesign.gif	VB7-D-accordingtomydesign-pre.gif	According To My Design (Dark)
VB7-D-adarktimefortherebellion.gif	VB7-D-adarktimefortherebellion-pre.gif	A Dark Time For The Rebellion (V) (Dark)
VB7-D-admiralpellaeon.gif	VB7-D-admiralpellaeon-pre.gif	Admiral Pellaeon
VB7-D-altercoruscant.gif	VB7-D-altercoruscant-pre.gif	Alter (Coruscant) (V) (Virtual Block 7) (2)
VB7-D-alterpremiere.gif	VB7-D-alterpremiere-pre.gif	Alter (Premiere) (V) (Virtual Block 7) (2)
VB7-D-asithsweapon.gif	VB7-D-asithsweapon-pre.gif	A Sith's Weapon
VB7-D-astunningmove.gif	VB7-D-astunningmove-pre.gif	A Stunning Move / A Valuable Hostage (Virtual Block 7)
VB7-D-avaluablehostage.gif	VB7-D-avaluablehostage-pre.gif	A Stunning Move / A Valuable Hostage (Virtual Block 7)
VB7-D-baktoidarmorworkshop.gif	VB7-D-baktoidarmorworkshop-pre.gif	Baktoid Armor Workshop
VB7-D-battledroidsquad.gif	VB7-D-battledroidsquad-pre.gif	Battle Droid Squad
VB7-D-black5.gif	VB7-D-black5-pre.gif	Black 5 (Dark)
VB7-D-blockadeflagship.gif	VB7-D-blockadeflagship-pre.gif	Blockade Flagship (V)
VB7-D-combatresponse.gif	VB7-D-combatresponse-pre.gif	Combat Response (V) (Dark)
VB7-D-commenceprimaryignition.gif	VB7-D-commenceprimaryignition-pre.gif	Commence Primary Ignition (V) (Dark)
VB7-D-corulagisblogisticsoffice.gif	VB7-D-corulagisblogisticsoffice-pre.gif	Corulag: ISB Logistics Office
VB7-D-coruscantpalpatinesquarters.gif	VB7-D-coruscantpalpatinesquarters-pre.gif	Coruscant: Palpatine's Quarters
VB7-D-coruscantprivateplatformdockingbay.gif	VB7-D-coruscantprivateplatformdockingbay-pre.gif	Coruscant: Private Platform (Docking Bay) (Dark)
VB7-D-darkcollaboration.gif	VB7-D-darkcollaboration-pre.gif	Dark Collaboration (V) (Dark)
VB7-D-darthvadermoremachinethanman.gif	VB7-D-darthvadermoremachinethanman-pre.gif	Darth Vader, More Machine Than Man
VB7-D-deathstarcentralcore.gif	VB7-D-deathstarcentralcore-pre.gif	Death Star: Central Core (V)
VB7-D-deathstarwarroom.gif	VB7-D-deathstarwarroom-pre.gif	Death Star: War Room (V) (Dark)
VB7-D-dengarwithblastercarbine.gif	VB7-D-dengarwithblastercarbine-pre.gif	Dengar With Blaster Carbine (V) (Dark)
VB7-D-desperatecounter.gif	VB7-D-desperatecounter-pre.gif	Desperate Counter (v)
VB7-D-ds615.gif	VB7-D-ds615-pre.gif	DS-61-5 (Dark)
VB7-D-elisinhinthra.gif	VB7-D-elisinhinthra-pre.gif	Elis In Hinthra (Dark)
VB7-D-evacuate.gif	VB7-D-evacuate-pre.gif	Evacuate? (V)
VB7-D-galacticdomination.gif	VB7-D-galacticdomination-pre.gif	Galactic Domination
VB7-D-gardullathehutt.gif	VB7-D-gardullathehutt-pre.gif	Gardulla The Hutt (V)
VB7-D-garindan.gif	VB7-D-garindan-pre.gif	Garindan (V)
VB7-D-generalnevar.gif	VB7-D-generalnevar-pre.gif	General Nevar (Dark)
VB7-D-grandmofftarkin.gif	VB7-D-grandmofftarkin-pre.gif	Grand Moff Tarkin (V) (Dark)
VB7-D-grievoushunterofjedi.gif	VB7-D-grievoushunterofjedi-pre.gif	Grievous, Hunter Of Jedi
VB7-D-grievouslightsabers.gif	VB7-D-grievouslightsabers-pre.gif	Grievous' Lightsabers
VB7-D-ig100magnaguard.gif	VB7-D-ig100magnaguard-pre.gif	IG-100 MagnaGuard
VB7-D-illtakethemmyself.gif	VB7-D-illtakethemmyself-pre.gif	I'll Take Them Myself
VB7-D-imperialaces.gif	VB7-D-imperialaces-pre.gif	Imperial Aces
VB7-D-imperialsecuritybureau.gif	VB7-D-imperialsecuritybureau-pre.gif	Imperial Security Bureau
VB7-D-imperialstockpile.gif	VB7-D-imperialstockpile-pre.gif	Imperial Stockpile
VB7-D-insidiousprisoner.gif	VB7-D-insidiousprisoner-pre.gif	Insidious Prisoner (Dark)
VB7-D-inthehandsoftheisb.gif	VB7-D-inthehandsoftheisb-pre.gif	In The Hands Of The ISB
VB7-D-isbcentralcommander.gif	VB7-D-isbcentralcommander-pre.gif	ISB Central Commander
VB7-D-isbsectorcommander.gif	VB7-D-isbsectorcommander-pre.gif	ISB Sector Commander
VB7-D-iwanteverypartofthisshipchecked.gif	VB7-D-iwanteverypartofthisshipchecked-pre.gif	I Want Every Part Of This Ship Checked
VB7-D-jabbashaven.gif	VB7-D-jabbashaven-pre.gif	Jabba's Haven (Dark)
VB7-D-kashyyykforestmaze.gif	VB7-D-kashyyykforestmaze-pre.gif	Kashyyyk: Forest Maze
VB7-D-kashyyykslavingcampheadquarters.gif	VB7-D-kashyyykslavingcampheadquarters-pre.gif	Kashyyyk: Slaving Camp Headquarters
VB7-D-kesselspiceminesadministratorsoffice.gif	VB7-D-kesselspiceminesadministratorsoffice-pre.gif	Kessel: Spice Mines - Administrator's Office
VB7-D-kesselsurveillancesystem.gif	VB7-D-kesselsurveillancesystem-pre.gif	Kessel Surveillance System
VB7-D-mercenaryslavers.gif	VB7-D-mercenaryslavers-pre.gif	Mercenary Slavers
VB7-D-moruthdoolekesseladministrator.gif	VB7-D-moruthdoolekesseladministrator-pre.gif	Moruth Doole, Kessel Administrator
VB7-D-occupiedterritory.gif	VB7-D-occupiedterritory-pre.gif	Occupied Territory
VB7-D-oomcommandbattledroid.gif	VB7-D-oomcommandbattledroid-pre.gif	OOM Command Battle Droid
VB7-D-prepareddefenses.gif	VB7-D-prepareddefenses-pre.gif	Prepared Defenses (V)
VB7-D-riseofthedarklord.gif	VB7-D-riseofthedarklord-pre.gif	Rise Of The Dark Lord
VB7-D-sabersquadronpilot.gif	VB7-D-sabersquadronpilot-pre.gif	Saber Squadron Pilot
VB7-D-sabersquadrontie.gif	VB7-D-sabersquadrontie-pre.gif	Saber Squadron TIE
VB7-D-sergeantirol.gif	VB7-D-sergeantirol-pre.gif	Sergeant Irol (V)
VB7-D-sergeanttorent.gif	VB7-D-sergeanttorent-pre.gif	Sergeant Torent (V)
VB7-D-shadowsoftheempire.gif	VB7-D-shadowsoftheempire-pre.gif	Shadows Of The Empire (Dark)
VB7-D-sidiouslightsaber.gif	VB7-D-sidiouslightsaber-pre.gif	Sidious' Lightsaber (Dark)
VB7-D-spicemineoperations.gif	VB7-D-spicemineoperations-pre.gif	Spice Mine Operations
VB7-D-sysnootles.gif	VB7-D-sysnootles-pre.gif	Sy Snootles (V)
VB7-D-tibannafloatingrefinery.gif	VB7-D-tibannafloatingrefinery-pre.gif	Tibanna Floating Refinery
VB7-D-trophyofabountyhunter.gif	VB7-D-trophyofabountyhunter-pre.gif	Trophy Of A Bounty Hunter
VB7-D-trophyofakill.gif	VB7-D-trophyofakill-pre.gif	Trophy Of A Kill
VB7-D-vadersbioniclimbs.gif	VB7-D-vadersbioniclimbs-pre.gif	Vader's Bionic Limbs
VB7-D-vaderscape.gif	VB7-D-vaderscape-pre.gif	Vader's Cape (V)
VB7-D-vaderscyberneticenhancements.gif	VB7-D-vaderscyberneticenhancements-pre.gif	Vader's Cybernetic Enhancements
VB7-D-vadershelmet.gif	VB7-D-vadershelmet-pre.gif	Vader's Helmet
VB7-D-vadersmask.gif	VB7-D-vadersmask-pre.gif	Vader's Mask
VB7-D-velkentezeri.gif	VB7-D-velkentezeri-pre.gif	Velken Tezeri (V) (Dark)
VB7-D-victory.gif	VB7-D-victory-pre.gif	Victory
VB7-D-whereareyoutakingthem.gif	VB7-D-whereareyoutakingthem-pre.gif	Virtual Block 7
VB7-D-whereareyoutakingthisthing.gif	VB7-D-whereareyoutakingthisthing-pre.gif	Virtual Block 7
VB7-D-yourpowersareweakoldman.gif	VB7-D-yourpowersareweakoldman-pre.gif	Virtual Block 7
VB7-D-ysanneisard.gif	VB7-D-ysanneisard-pre.gif	Virtual Block 7
VB7-L-aliberatedworld.gif	VB7-L-aliberatedworld-pre.gif	Center Of Tyranny / A Liberated World
VB7-L-altercoruscant.gif	VB7-L-altercoruscant-pre.gif	Alter (Coruscant) (V) (Virtual Block 7)
VB7-L-alterpremiere.gif	VB7-L-alterpremiere-pre.gif	Alter (Premiere) (V) (Virtual Block 7)
VB7-L-artoo&threepio.gif	VB7-L-artoo&threepio-pre.gif	Artoo & •Threepio (V)
VB7-L-bactainfirmary.gif	VB7-L-bactainfirmary-pre.gif	Bacta Infirmary
VB7-L-bailorganafatherofrebellion.gif	VB7-L-bailorganafatherofrebellion-pre.gif	Bail Organa, Father Of Rebellion
VB7-L-biggsroguelegend.gif	VB7-L-biggsroguelegend-pre.gif	Biggs, Rogue Legend
VB7-L-boosterterrik.gif	VB7-L-boosterterrik-pre.gif	Booster Terrik
VB7-L-captainantilles.gif	VB7-L-captainantilles-pre.gif	Captain Antilles
VB7-L-captainyutaniwithblastercannon.gif	VB7-L-captainyutaniwithblastercannon-pre.gif	Captain Yutani With Blaster Cannon (Virtual Block 7)
VB7-L-centeroftyranny.gif	VB7-L-centeroftyranny-pre.gif	Center Of Tyranny / A Liberated World
VB7-L-clingingtotheedge.gif	VB7-L-clingingtotheedge-pre.gif	Clinging To The Edge (V)
VB7-L-combinedfleetaction.gif	VB7-L-combinedfleetaction-pre.gif	Combined Fleet Action (V)
VB7-L-commandernarra.gif	VB7-L-commandernarra-pre.gif	Commander Narra (Virtual Block 7)
VB7-L-commanderwedgeantilles.gif	VB7-L-commanderwedgeantilles-pre.gif	Commander Wedge Antilles (V) (Virtual Block 7)
VB7-L-communing.gif	VB7-L-communing-pre.gif	Communing (Virtual Block 7)
VB7-L-corporalbeezer.gif	VB7-L-corporalbeezer-pre.gif	Corporal Beezer (V)
VB7-L-coruscant.gif	VB7-L-coruscant-pre.gif	Coruscant (V) (Virtual Block 7)
VB7-L-coruscantlowerlevels.gif	VB7-L-coruscantlowerlevels-pre.gif	Coruscant: Lower Levels
VB7-L-coruscantmainpowerplant.gif	VB7-L-coruscantmainpowerplant-pre.gif	Coruscant: Main Power Plant
VB7-L-dackralter.gif	VB7-L-dackralter-pre.gif	Dack Ralter (V)
VB7-L-declarationofrebellion.gif	VB7-L-declarationofrebellion-pre.gif	Declaration Of Rebellion
VB7-L-derekhobbieklivian.gif	VB7-L-derekhobbieklivian-pre.gif	Derek 'Hobbie' Klivian (V) (Virtual Block 7)
VB7-L-emperorssinisterplans.gif	VB7-L-emperorssinisterplans-pre.gif	Emperor's Sinister Plans
VB7-L-fielddressing.gif	VB7-L-fielddressing-pre.gif	Field Dressing
VB7-L-garrisondestroyed.gif	VB7-L-garrisondestroyed-pre.gif	Rebel Strike Team (V) / Garrison Destroyed (V)
VB7-L-generalbobhudsol.gif	VB7-L-generalbobhudsol-pre.gif	General Bob Hudsol
VB7-L-headingforthemedicalfrigate.gif	VB7-L-headingforthemedicalfrigate-pre.gif	Heading For The Medical Frigate (V)
VB7-L-hindsight.gif	VB7-L-hindsight-pre.gif	Hindsight (V)
VB7-L-ihopeshesallright.gif	VB7-L-ihopeshesallright-pre.gif	I Hope She's All Right (V)
VB7-L-luckyshot.gif	VB7-L-luckyshot-pre.gif	Lucky Shot (V)
VB7-L-lukeskywalkerrebelhero.gif	VB7-L-lukeskywalkerrebelhero-pre.gif	Luke Skywalker, Rebel Hero
VB7-L-luketrustme.gif	VB7-L-luketrustme-pre.gif	Luke, Trust Me
VB7-L-macewindumasteroftheorder.gif	VB7-L-macewindumasteroftheorder-pre.gif	Mace Windu, Master Of The Order
VB7-L-macewindumasteroftheorderai.gif	VB7-L-macewindumasteroftheorderai-pre.gif	Mace Windu, Master Of The Order (AI)
VB7-L-massassibasesentry.gif	VB7-L-massassibasesentry-pre.gif	Massassi Base Sentry
VB7-L-masterkenobi.gif	VB7-L-masterkenobi-pre.gif	Master Kenobi (Virtual Block 7)
VB7-L-motivator.gif	VB7-L-motivator-pre.gif	Motivator
VB7-L-ohhesnotdeadnotyet.gif	VB7-L-ohhesnotdeadnotyet-pre.gif	Oh, He's Not Dead, Not Yet
VB7-L-planetaryshield.gif	VB7-L-planetaryshield-pre.gif	Planetary Shiel
VB7-L-planetdefenderioncannon.gif	VB7-L-planetdefenderioncannon-pre.gif	Planet Defender Ion Cannon (V)
VB7-L-princessleialostscion.gif	VB7-L-princessleialostscion-pre.gif	Princess Leia, Lost Scion
VB7-L-r2d2subversivedroid.gif	VB7-L-r2d2subversivedroid-pre.gif	R2-D2, Subversive Droid
VB7-L-rahmkotablindjedi.gif	VB7-L-rahmkotablindjedi-pre.gif	Rahm Kota, Blind Jedi
VB7-L-rebelaces.gif	VB7-L-rebelaces-pre.gif	Rebel Aces
VB7-L-rebelgunrunner.gif	VB7-L-rebelgunrunner-pre.gif	Rebel Gunrunner
VB7-L-rebelsacrifice.gif	VB7-L-rebelsacrifice-pre.gif	Rebel Sacrifice
VB7-L-rebelstriketeam.gif	VB7-L-rebelstriketeam-pre.gif	Rebel Strike Team (V) / Garrison Destroyed (V)
VB7-L-red3.gif	VB7-L-red3-pre.gif	Red 3 (V)
VB7-L-restorefreedomtothegalaxy.gif	VB7-L-restorefreedomtothegalaxy-pre.gif	Restore Freedom To The Galaxy (Virtual Block 7)
VB7-L-roche.gif	VB7-L-roche-pre.gif	Roche (V)
VB7-L-rogueinsertion.gif	VB7-L-rogueinsertion-pre.gif	Rogue Insertion
VB7-L-roguesquadrontactics.gif	VB7-L-roguesquadrontactics-pre.gif	Rogue Squadron Tactics
VB7-L-runlukerun.gif	VB7-L-runlukerun-pre.gif	Run Luke, Run! (V)
VB7-L-sfoils.gif	VB7-L-sfoils-pre.gif	S-foils (V)
VB7-L-tarffulwookieeinsurgent.gif	VB7-L-tarffulwookieeinsurgent-pre.gif	Tarfful, Wookiee Insurgent
VB7-L-tatooineobiwanshut.gif	VB7-L-tatooineobiwanshut-pre.gif	Tatooine: Obi-Wan's Hut (V) (Virtual Block 7)
VB7-L-temporaryfoothold.gif	VB7-L-temporaryfoothold-pre.gif	Temporary Foothold
VB7-L-tennumb.gif	VB7-L-tennumb-pre.gif	Ten Numb (V)
VB7-L-thecamp.gif	VB7-L-thecamp-pre.gif	The Camp (V)
VB7-L-theshieldisdown.gif	VB7-L-theshieldisdown-pre.gif	The Shield Is Down! (V) (Virtual Block 7)
VB7-L-tychocelchu.gif	VB7-L-tychocelchu-pre.gif	Tycho Celchu (V) (Virtual Block 7)
VB7-L-usetheforce.gif	VB7-L-usetheforce-pre.gif	Use The Force
VB7-L-wedgeantilleslegendaryrogue.gif	VB7-L-wedgeantilleslegendaryrogue-pre.gif	Virtual Block 7
VB7-L-wesjansonrogueveteran.gif	VB7-L-wesjansonrogueveteran-pre.gif	Virtual Block 7
VB7-L-yavin4.gif	VB7-L-yavin4-pre.gif	Virtual Block 7
VB7-L-yubyubcommander.gif	VB7-L-yubyubcommander-pre.gif	Virtual Block 7
VB8-D-abyssinornament.gif	VB8-D-abyssinornament-pre.gif	Abyssin Ornament (V)
VB8-D-assassinsblasterrifle.gif	VB8-D-assassinsblasterrifle-pre.gif	Assassin's Blaster Rifle
VB8-D-atatcommander.gif	VB8-D-atatcommander-pre.gif	AT-AT Commander
VB8-D-aurrasingdeadlyassassin.gif	VB8-D-aurrasingdeadlyassassin-pre.gif	Aurra Sing, Deadly Assassin
VB8-D-banemalarspiceaddict.gif	VB8-D-banemalarspiceaddict-pre.gif	Bane Malar, Spice Addict
VB8-D-bespin.gif	VB8-D-bespin-pre.gif	Bespin (V) (Dark)
VB8-D-bobafettpreparedhunter.gif	VB8-D-bobafettpreparedhunter-pre.gif	Boba Fett, Prepared Hunter
VB8-D-bosskwithmortargun.gif	VB8-D-bosskwithmortargun-pre.gif	Bossk With Mortar Gun (V)
VB8-D-carbonitechamberconsole.gif	VB8-D-carbonitechamberconsole-pre.gif	Carbonite Chamber Console (V) (Dark)
VB8-D-chevin.gif	VB8-D-chevin-pre.gif	Chevin (V)
VB8-D-cloudcitysecuritytower.gif	VB8-D-cloudcitysecuritytower-pre.gif	Cloud City: Security Tower (V) (Dark)
VB8-D-contractkillers.gif	VB8-D-contractkillers-pre.gif	Contract Killers / Feared Throughout The Galaxy
VB8-D-coruscantcasino.gif	VB8-D-coruscantcasino-pre.gif	Coruscant: Casino
VB8-D-coruscantsubcitylair.gif	VB8-D-coruscantsubcitylair-pre.gif	Coruscant: Sub City Lair
VB8-D-deathmarkandhuttbounty.gif	VB8-D-deathmarkandhuttbounty-pre.gif	Death Mark & •Hutt Bounty
VB8-D-denofthieves&specialdelivery.gif	VB8-D-denofthieves&specialdelivery-pre.gif	Den Of Thieves & •Special Delivery
VB8-D-fearedthroughoutthegalaxy.gif	VB8-D-fearedthroughoutthegalaxy-pre.gif	Contract Killers / Feared Throughout The Galaxy
VB8-D-giveyourselftothedarkside.gif	VB8-D-giveyourselftothedarkside-pre.gif	Give Yourself To The Dark Side
VB8-D-greedowithblasterpistol.gif	VB8-D-greedowithblasterpistol-pre.gif	Greedo with Blaster Pistol
VB8-D-healwayswins.gif	VB8-D-healwayswins-pre.gif	He Always Wins!
VB8-D-hothmainpowergenerators.gif	VB8-D-hothmainpowergenerators-pre.gif	Hoth: Main Power Generators (1st Marker) (V) (Dark)
VB8-D-ig2000.gif	VB8-D-ig2000-pre.gif	IG-2000 (V)
VB8-D-indenturedtotheempire.gif	VB8-D-indenturedtotheempire-pre.gif	Virtual Block 8
VB8-D-jangofetttheassassin.gif	VB8-D-jangofetttheassassin-pre.gif	Jango Fett, The Assassin
VB8-D-jangofetttheassassinai.gif	VB8-D-jangofetttheassassinai-pre.gif	Jango Fett, The Assassin (AI)
VB8-D-jetpack.gif	VB8-D-jetpack-pre.gif	Jet Pack (V)
VB8-D-joinusordie.gif	VB8-D-joinusordie-pre.gif	Join Us Or Die
VB8-D-kashyyykskyhookplatform.gif	VB8-D-kashyyykskyhookplatform-pre.gif	Kashyyyk: Skyhook Platform
VB8-D-ketmalissshadowkiller.gif	VB8-D-ketmalissshadowkiller-pre.gif	Ket Maliss, Shadow Killer
VB8-D-ladyvalarian.gif	VB8-D-ladyvalarian-pre.gif	Lady Valarian
VB8-D-luuke.gif	VB8-D-luuke-pre.gif	Luuke
VB8-D-marajadeslightsaber.gif	VB8-D-marajadeslightsaber-pre.gif	Mara Jade's Lightsaber (V)
VB8-D-mercenarypilot.gif	VB8-D-mercenarypilot-pre.gif	Mercenary Pilot (V)
VB8-D-onthehunt.gif	VB8-D-onthehunt-pre.gif	On The Hunt
VB8-D-oom9.gif	VB8-D-oom9-pre.gif	OOM-9 (V)
VB8-D-rtichweei.gif	VB8-D-rtichweei-pre.gif	R'tic H'weei (Dark)
VB8-D-salaciouscrumb.gif	VB8-D-salaciouscrumb-pre.gif	Salacious Crumb (V) (Dark)
VB8-D-sarlacc.gif	VB8-D-sarlacc-pre.gif	Sarlacc (V)
VB8-D-sithfury&endthisdestructiveconflict.gif	VB8-D-sithfury&endthisdestructiveconflict-pre.gif	Sith Fury & End This Destructive Conflict
VB8-D-slaveisymboloffear.gif	VB8-D-slaveisymboloffear-pre.gif	Slave I, Symbol Of Fear (Dark)
VB8-D-sonicbombardment.gif	VB8-D-sonicbombardment-pre.gif	Sonic Bombardment (V) (Dark)
VB8-D-spaceportdockingbay.gif	VB8-D-spaceportdockingbay-pre.gif	Spaceport Docking Bay (V)
VB8-D-tatooineimperialvanguardcamp.gif	VB8-D-tatooineimperialvanguardcamp-pre.gif	Tatooine: Imperial Vanguard Camp
VB8-D-tatooinewattosjunkyard.gif	VB8-D-tatooinewattosjunkyard-pre.gif	Tatooine: Watto's Junkyard (V)
VB8-D-theinnercircle.gif	VB8-D-theinnercircle-pre.gif	The Inner Circle
VB8-D-themodalnodesommnibox.gif	VB8-D-themodalnodesommnibox-pre.gif	The Modal Nodes' Ommni Box
VB8-D-vigo.gif	VB8-D-vigo-pre.gif	Vigo (V) (Dark)
VB8-D-wellguarded.gif	VB8-D-wellguarded-pre.gif	Virtual Block 8
VB8-D-wookieeslavingoperation.gif	VB8-D-wookieeslavingoperation-pre.gif	Virtual Block 8
VB8-D-wookieesubjugation.gif	VB8-D-wookieesubjugation-pre.gif	Virtual Block 8
VB8-D-youllbedead!.gif	VB8-D-youllbedead!-pre.gif	Virtual Block 8
VB8-D-youmaystartyourlanding.gif	VB8-D-youmaystartyourlanding-pre.gif	Virtual Block 8
VB8-D-youswindledme.gif	VB8-D-youswindledme-pre.gif	Virtual Block 8
VB8-L-aaylasecura.gif	VB8-L-aaylasecura-pre.gif	Aayla Secura (Virtual Block 8)
VB8-L-agoodblasteratyourside.gif	VB8-L-agoodblasteratyourside-pre.gif	A Good Blaster At Your Side (Virtual Block 8)
VB8-L-allmyurchinsandcloudcitycelebration.gif	VB8-L-allmyurchinsandcloudcitycelebration-pre.gif	All My Urchins & •Cloud City Celebration
VB8-L-anakinsolo.gif	VB8-L-anakinsolo-pre.gif	Anakin Solo
VB8-L-aremoteplanet.gif	VB8-L-aremoteplanet-pre.gif	A Remote Planet (V) (Virtual Block 8)
VB8-L-blackmarketblaster.gif	VB8-L-blackmarketblaster-pre.gif	Black Market Blaster
VB8-L-captainverrack.gif	VB8-L-captainverrack-pre.gif	Captain Verrack (V)
VB8-L-chewbaccawalkingcarpet.gif	VB8-L-chewbaccawalkingcarpet-pre.gif	Chewbacca, Walking Carpet
VB8-L-cloudcityblaster.gif	VB8-L-cloudcityblaster-pre.gif	Cloud City Blaster (V)
VB8-L-corellianslip.gif	VB8-L-corellianslip-pre.gif	Corellian Slip (V) (Virtual Block 8)
VB8-L-eitherwayyouwin.gif	VB8-L-eitherwayyouwin-pre.gif	Either Way, You Win (V) (Virtual Block 8)
VB8-L-errantventure.gif	VB8-L-errantventure-pre.gif	Errant Venture
VB8-L-errantventureai.gif	VB8-L-errantventureai-pre.gif	Errant Venture (AI)
VB8-L-foundsomeoneyouhave&higherground.gif	VB8-L-foundsomeoneyouhave&higherground-pre.gif	Found Someone You Have & Higher Ground
VB8-L-guardianslightsaber.gif	VB8-L-guardianslightsaber-pre.gif	Guardian's Lightsaber
VB8-L-hansblastersouncivilized.gif	VB8-L-hansblastersouncivilized-pre.gif	Han's Blaster, So Uncivilized
VB8-L-hansoloinnocentscoundrel.gif	VB8-L-hansoloinnocentscoundrel-pre.gif	Han Solo, Innocent Scoundrel
VB8-L-hetnkik.gif	VB8-L-hetnkik-pre.gif	Het Nkik (V)
VB8-L-hothechocorridor.gif	VB8-L-hothechocorridor-pre.gif	Hoth: Echo Corridor (v)
VB8-L-iknowthatlaugh.gif	VB8-L-iknowthatlaugh-pre.gif	I Know That Laugh
VB8-L-imperialnavigationcharts.gif	VB8-L-imperialnavigationcharts-pre.gif	Imperial Navigation Charts
VB8-L-infiltration.gif	VB8-L-infiltration-pre.gif	Infiltration / Unlikely Allies
VB8-L-jawaiongun.gif	VB8-L-jawaiongun-pre.gif	Jawa Ion Gun (V)
VB8-L-kesselrun.gif	VB8-L-kesselrun-pre.gif	Kessel Run (V) (Virtual Block 8)
VB8-L-kylekatarn.gif	VB8-L-kylekatarn-pre.gif	Kyle Katarn
VB8-L-kylekatarnai.gif	VB8-L-kylekatarnai-pre.gif	Kyle Katarn (AI)
VB8-L-kylekatarnsblasterrifle.gif	VB8-L-kylekatarnsblasterrifle-pre.gif	Kyle Katarn's Blaster Rifle
VB8-L-ladyluck.gif	VB8-L-ladyluck-pre.gif	Lady Luck
VB8-L-landocalrissianunlikelyhero.gif	VB8-L-landocalrissianunlikelyhero-pre.gif	Lando Calrissian, Unlikely Hero
VB8-L-leesubsirln.gif	VB8-L-leesubsirln-pre.gif	Leesub Sirln (V) (Virtual Block 8)
VB8-L-lojenella.gif	VB8-L-lojenella-pre.gif	Loje Nella (V)
VB8-L-narshaddaa.gif	VB8-L-narshaddaa-pre.gif	Nar Shaddaa (Virtual Block 8)
VB8-L-narshaddaascoundrelsrest.gif	VB8-L-narshaddaascoundrelsrest-pre.gif	Nar Shaddaa: Scoundrel's Rest
VB8-L-narshaddaaundercity.gif	VB8-L-narshaddaaundercity-pre.gif	Nar Shaddaa: Undercity
VB8-L-narshaddaaundercitystreet.gif	VB8-L-narshaddaaundercitystreet-pre.gif	Nar Shaddaa: Undercity Street
VB8-L-outofnowhere.gif	VB8-L-outofnowhere-pre.gif	Out Of Nowhere (V)
VB8-L-palaceraider.gif	VB8-L-palaceraider-pre.gif	Palace Raider (V) (Virtual Block 8)
VB8-L-r3poarthreepio.gif	VB8-L-r3poarthreepio-pre.gif	R-3PO (Ar-Threepio) (V) (Virtual Block 8)
VB8-L-rebelcellrefugeequarter.gif	VB8-L-rebelcellrefugeequarter-pre.gif	Rebel Cell - Refugee Quarter
VB8-L-redeemedapprentice.gif	VB8-L-redeemedapprentice-pre.gif	Redeemed Apprentice
VB8-L-rennek.gif	VB8-L-rennek-pre.gif	Rennek (V)
VB8-L-rughug.gif	VB8-L-rughug-pre.gif	Rug Hug (V)
VB8-L-scoundrelsbravado.gif	VB8-L-scoundrelsbravado-pre.gif	Scoundrel's Bravado
VB8-L-scoundrelscharm.gif	VB8-L-scoundrelscharm-pre.gif	Scoundrel's Charm
VB8-L-scoundrelsingenuity.gif	VB8-L-scoundrelsingenuity-pre.gif	Scoundrel's Ingenuity
VB8-L-scoundrelsluck.gif	VB8-L-scoundrelsluck-pre.gif	Scoundrel's Luck
VB8-L-sergeantedian.gif	VB8-L-sergeantedian-pre.gif	Sergeant Edian (V)
VB8-L-supremechancellorvalorum.gif	VB8-L-supremechancellorvalorum-pre.gif	Supreme Chancellor Valorum (V)
VB8-L-supremechancellorvalorumai.gif	VB8-L-supremechancellorvalorumai-pre.gif	Supreme Chancellor Valorum (V) (AI)
VB8-L-tatooinecantina.gif	VB8-L-tatooinecantina-pre.gif	Tatooine: Cantina (V) (Virtual Block 8)
VB8-L-tatooinejawacamp.gif	VB8-L-tatooinejawacamp-pre.gif	Tatooine: Jawa Camp (V) (Virtual Block 8)
VB8-L-trooperutrismtoc.gif	VB8-L-trooperutrismtoc-pre.gif	Trooper Utris M'toc (V)
VB8-L-underjabbasprotection.gif	VB8-L-underjabbasprotection-pre.gif	Under Jabba's Protection
VB8-L-underworldcontactsandunchartedsettlements.gif	VB8-L-underworldcontactsandunchartedsettlements-pre.gif	Underworld Contacts & •Uncharted Settlements
VB8-L-unlikelyallies.gif	VB8-L-unlikelyallies-pre.gif	Infiltration / Unlikely Allies
VB8-L-uutkik.gif	VB8-L-uutkik-pre.gif	Uutkik (V)
VB8-L-vilmarhvilliegrahrk.gif	VB8-L-vilmarhvilliegrahrk-pre.gif	Vilmarh 'Villie' Grahrk
VB8-L-yavin4massassiwarroom.gif	VB8-L-yavin4massassiwarroom-pre.gif	Virtual Block 8
VB8-L-youwilltakemetojabbanow.gif	VB8-L-youwilltakemetojabbanow-pre.gif	Virtual Block 8
VB9-D-arenaexecution.gif	VB9-D-arenaexecution-pre.gif	Arena Execution
VB9-D-arenapillars.gif	VB9-D-arenapillars-pre.gif	Arena Pillars
VB9-D-atwarwithitself.gif	VB9-D-atwarwithitself-pre.gif	Separatist Uprising / At War With Itself
VB9-D-b2superbattledroid.gif	VB9-D-b2superbattledroid-pre.gif	B2 Super Battle Droid
VB9-D-beginlandingyourtroops&thedarkpath.gif	VB9-D-beginlandingyourtroops&thedarkpath-pre.gif	Begin Landing Your Troops & The Dark Path
VB9-D-captainkhurgee.gif	VB9-D-captainkhurgee-pre.gif	Captain Khurgee (V) (Dark)
VB9-D-countdooku.gif	VB9-D-countdooku-pre.gif	Count Dooku (Dark)
VB9-D-defenseofmuunilinst.gif	VB9-D-defenseofmuunilinst-pre.gif	Defense Of Muunilinst
VB9-D-dookuslightsaber.gif	VB9-D-dookuslightsaber-pre.gif	Dooku's Lightsaber (Dark)
VB9-D-dookussolarsailer.gif	VB9-D-dookussolarsailer-pre.gif	Dooku's Solar Sailer
VB9-D-droideka.gif	VB9-D-droideka-pre.gif	Droideka (Dark)
VB9-D-dsd1dwarfspiderdroid.gif	VB9-D-dsd1dwarfspiderdroid-pre.gif	DSD1 Dwarf Spider Droid
VB9-D-durge.gif	VB9-D-durge-pre.gif	Durge
VB9-D-durgesnovaswordfighter.gif	VB9-D-durgesnovaswordfighter-pre.gif	Durge's NovaSword Fighter
VB9-D-everythingisgoingasplanned.gif	VB9-D-everythingisgoingasplanned-pre.gif	Everything Is Going As Planned
VB9-D-executormeditationchamber.gif	VB9-D-executormeditationchamber-pre.gif	Executor: Meditation Chamber (V)
VB9-D-fanbladestarfighter.gif	VB9-D-fanbladestarfighter-pre.gif	Fanblade Starfighter
VB9-D-geonosis.gif	VB9-D-geonosis-pre.gif	Geonosis (Dark)
VB9-D-geonosisdockingbay.gif	VB9-D-geonosisdockingbay-pre.gif	Geonosis: Docking Bay (Dark)
VB9-D-geonosispetranakiarena.gif	VB9-D-geonosispetranakiarena-pre.gif	Geonosis: Petranaki Arena (Dark)
VB9-D-geonosisrockyplains.gif	VB9-D-geonosisrockyplains-pre.gif	Geonosis: Rocky Plains (Dark)
VB9-D-geonosissepartistcouncilroom.gif	VB9-D-geonosissepartistcouncilroom-pre.gif	Geonosis: Separatist Council Room
VB9-D-ig227hailfiredroidtank.gif	VB9-D-ig227hailfiredroidtank-pre.gif	IG-227 'Hailfire' Droid Tank
VB9-D-ihaveyounow.gif	VB9-D-ihaveyounow-pre.gif	I Have You Now (V) (Dark)
VB9-D-joinme.gif	VB9-D-joinme-pre.gif	Join Me! (V)
VB9-D-maulscape.gif	VB9-D-maulscape-pre.gif	Maul's Cape
VB9-D-muunilinst.gif	VB9-D-muunilinst-pre.gif	Muunilinst (Dark)
VB9-D-muunilinstbankingclanheadquarters.gif	VB9-D-muunilinstbankingclanheadquarters-pre.gif	Muunilinst: Banking Clan Headquarters
VB9-D-muunilinstcityofharnaidan.gif	VB9-D-muunilinstcityofharnaidan-pre.gif	Muunilinst: City Of Harnaidan (Dark)
VB9-D-muunilinstdockingbay.gif	VB9-D-muunilinstdockingbay-pre.gif	Muunilinst: Docking Bay (Dark)
VB9-D-muunilinstseparatistcommandcenter.gif	VB9-D-muunilinstseparatistcommandcenter-pre.gif	Muunilinst: Separatist Command Center
VB9-D-nutegunray.gif	VB9-D-nutegunray-pre.gif	Nute Gunray (V) (Dark)
VB9-D-ominousrumors.gif	VB9-D-ominousrumors-pre.gif	Ominous Rumors (V) (Dark)
VB9-D-rallytoourcause.gif	VB9-D-rallytoourcause-pre.gif	Rally To Our Cause
VB9-D-satepestage.gif	VB9-D-satepestage-pre.gif	Sate Pestage
VB9-D-separatistuprising.gif	VB9-D-separatistuprising-pre.gif	Separatist Uprising / At War With Itself
VB9-D-tatooineimperialoutpost.gif	VB9-D-tatooineimperialoutpost-pre.gif	Tatooine: Imperial Outpost
VB9-D-toonbucktoora.gif	VB9-D-toonbucktoora-pre.gif	Toonbuck Toora (V)
VB9-D-warhasbegun.gif	VB9-D-warhasbegun-pre.gif	Virtual Block 9
VB9-L-acclamatorclassassaultship.gif	VB9-L-acclamatorclassassaultship-pre.gif	Acclamator-Class Assault Ship (Virtual Block 9)
VB9-L-aggressivenegotiations.gif	VB9-L-aggressivenegotiations-pre.gif	Republic At War / Aggressive Negotiations
VB9-L-agrandarmyoftherepublic.gif	VB9-L-agrandarmyoftherepublic-pre.gif	A Grand Army Of The Republic
VB9-L-anakinskywalkerpadawanlearner.gif	VB9-L-anakinskywalkerpadawanlearner-pre.gif	Anakin Skywalker, Padawan Learner (Virtual Block 9)
VB9-L-assaultonmuunilinst.gif	VB9-L-assaultonmuunilinst-pre.gif	Assault On Muunilinst
VB9-L-atrt.gif	VB9-L-atrt-pre.gif	AT-RT
VB9-L-atte.gif	VB9-L-atte-pre.gif	AT-TE
VB9-L-azureangel.gif	VB9-L-azureangel-pre.gif	Azure Angel (Virtual Block 9)
VB9-L-beguntheclonewarhas.gif	VB9-L-beguntheclonewarhas-pre.gif	Begun, The Clone War Has
VB9-L-blasterrifle.gif	VB9-L-blasterrifle-pre.gif	Blaster Rifle (V) (Virtual Block 9)
VB9-L-boushh.gif	VB9-L-boushh-pre.gif	Boushh (V) (Virtual Block 9)
VB9-L-captainrex501stlegion.gif	VB9-L-captainrex501stlegion-pre.gif	Captain Rex, 501st Legion (Virtual Block 9)
VB9-L-cloneinfantrysquad.gif	VB9-L-cloneinfantrysquad-pre.gif	Clone Infantry Squad
VB9-L-clonesniper.gif	VB9-L-clonesniper-pre.gif	Clone Sniper
VB9-L-clonespecialist.gif	VB9-L-clonespecialist-pre.gif	Clone Specialist
VB9-L-cloningcylinders.gif	VB9-L-cloningcylinders-pre.gif	Cloning Cylinders (Virtual Block 9)
VB9-L-commanderadartallon.gif	VB9-L-commanderadartallon-pre.gif	Commander Adar Tallon
VB9-L-commandercody.gif	VB9-L-commandercody-pre.gif	Commander Cody (Virtual Block 9)
VB9-L-dexterjettster ai.gif	VB9-L-dexterjettster ai-pre.gif	Dexter Jettster (AI)
VB9-L-dexterjettster.gif	VB9-L-dexterjettster-pre.gif	Dexter Jettster (Virtual Block 9)
VB9-L-dorme.gif	VB9-L-dorme-pre.gif	Dorme (Virtual Block 9)
VB9-L-foulmoudama.gif	VB9-L-foulmoudama-pre.gif	Foul Moudama
VB9-L-generalairencracken.gif	VB9-L-generalairencracken-pre.gif	General Airen Cracken (Virtual Block 9)
VB9-L-generalbeliblis.gif	VB9-L-generalbeliblis-pre.gif	General Bel Iblis
VB9-L-geonosisdockingbay.gif	VB9-L-geonosisdockingbay-pre.gif	Geonosis: Docking Bay
VB9-L-geonosisforwardcommandcenter.gif	VB9-L-geonosisforwardcommandcenter-pre.gif	Geonosis: Forward Command Center
VB9-L-geonosispetranakiarena.gif	VB9-L-geonosispetranakiarena-pre.gif	Geonosis: Petranaki Arena
VB9-L-geonosisrockyplains.gif	VB9-L-geonosisrockyplains-pre.gif	Geonosis: Rocky Plains
VB9-L-huntdownthedarkacolyte.gif	VB9-L-huntdownthedarkacolyte-pre.gif	Hunt Down The Dark Acolyte
VB9-L-jainasolo.gif	VB9-L-jainasolo-pre.gif	Jaina Solo
VB9-L-janorswithblasterpistol.gif	VB9-L-janorswithblasterpistol-pre.gif	Jan Ors With Blaster Pistol
VB9-L-leebo.gif	VB9-L-leebo-pre.gif	Leebo
VB9-L-lowaltitudeassaulttransport.gif	VB9-L-lowaltitudeassaulttransport-pre.gif	Low-Altitude Assault Transport
VB9-L-majorhaashn.gif	VB9-L-majorhaashn-pre.gif	Major Haash'n (V)
VB9-L-mandalorianmishapjedimindtrick.gif	VB9-L-mandalorianmishapjedimindtrick-pre.gif	Mandalorian Mishap & •Jedi Mind Trick
VB9-L-maxrebo.gif	VB9-L-maxrebo-pre.gif	Max Rebo (V)
VB9-L-muchtolearnyoustillhave.gif	VB9-L-muchtolearnyoustillhave-pre.gif	Much to Learn, You Still Have
VB9-L-muunilinst.gif	VB9-L-muunilinst-pre.gif	Muunilinst
VB9-L-muunilinstcityofharnaidan.gif	VB9-L-muunilinstcityofharnaidan-pre.gif	Muunilinst: City Of Harnaidan
VB9-L-muunilinstdockingbay.gif	VB9-L-muunilinstdockingbay-pre.gif	Muunilinst: Docking Bay
VB9-L-muunilinstharnaidanplains.gif	VB9-L-muunilinstharnaidanplains-pre.gif	Muunilinst: Harnaidan Plains
VB9-L-muunilinstrepubliclandingsite.gif	VB9-L-muunilinstrepubliclandingsite-pre.gif	Muunilinst: Republic Landing Site
VB9-L-niennunbsullustansmuggler.gif	VB9-L-niennunbsullustansmuggler-pre.gif	Nien Nunb, Sullustan Smuggler (Virtual Block 9)
VB9-L-republicatwar.gif	VB9-L-republicatwar-pre.gif	Republic At War / Aggressive Negotiations
VB9-L-republicgunshipwing.gif	VB9-L-republicgunshipwing-pre.gif	Republic Gunship Wing
VB9-L-rescueongeonosis.gif	VB9-L-rescueongeonosis-pre.gif	Rescue On Geonosis
VB9-L-thedarksideisgrowing.gif	VB9-L-thedarksideisgrowing-pre.gif	The Dark Side is Growing
VB9-L-thisismorelikeit.gif	VB9-L-thisismorelikeit-pre.gif	This Is More Like It (V)
VB9-L-voolvifmonn.gif	VB9-L-voolvifmonn-pre.gif	Virtual Block 9
VB9-L-whataboutthatblueone.gif	VB9-L-whataboutthatblueone-pre.gif	Virtual Block 9
VS1-Later-Assault-Rifle.gif	VB1-D-assaultrifle-pre.gif	Assault Rifle (V)
VS1-Later-Black-2.gif	VB1-D-black2-pre.gif	Black 2 (V) (Dark)
VS1-Later-Blaster-Rack.gif	VB1-D-blasterrack-pre.gif	Blaster Rack (V) (Dark)
VS1-Later-Bo-Shek.gif	VB1-L-boshek-pre.gif	BoShek (V)
VS1-Later-Darth-Vader.gif	VB1-D-darthvader-pre.gif	Darth Vader (V) (Dark)
VS1-Later-Fusion-Generator-Supply-Tanks-DS.gif	VB1-D-fusiongeneratorsupplytanks-pre.gif	Fusion Generator Supply Tanks (V) (Dark)
VS1-Later-Fusion-Generator-Supply-Tanks-LS.gif	VB1-L-fusiongeneratorsupplytanks-pre.gif	Fusion Generator Supply Tanks (V)
VS1-Later-Gold-1.gif	VB1-L-gold1-pre.gif	Gold 1 (V)
VS1-Later-Hans-Heavy-Blaster-Pistol.gif	VB1-L-hansheavyblasterpistol-pre.gif	Han's Heavy Blaster Pistol (V) (Virtual Block 1)
VS1-Later-Luke-Skywalker.gif	VB1-L-lukeskywalker-pre.gif	Luke Skywalker (V) (Virtual Block 1)
VS1-Later-Prophetess.gif	VB1-D-prophetess-pre.gif	Prophetess (V)
VS1-Later-Saitorr-Kal-Fas.gif	VB1-L-saitorrkalfas-pre.gif	Sai'torr Kal Fas (V) (Virtual Block 1)
VS1O-set-symbol.png	VS1-Legacy-set-symbol.png	Virtual Set 1 (Original)
VSh-D-abyss.gif	VSh-D-abyss-pre.gif	Abyss (V)
VSh-D-afterher.gif	VSh-D-afterher-pre.gif	After Her! (V)
VSh-D-auselessgesture.gif	VSh-D-auselessgesture-pre.gif	A Useless Gesture (V)
VSh-D-deathstarsentry.gif	VSh-D-deathstarsentry-pre.gif	Death Star Sentry (V)
VSh-D-dotheyhaveacodeclearance.gif	VSh-D-dotheyhaveacodeclearance-pre.gif	Do They Have A Code Clearance? (V)
VSh-D-dotheyhaveacodeclearancev.gif	VSh-D-dotheyhaveacodeclearancev-pre.gif	Do They Have A Code Clearance? (Coruscant) (V)
VSh-D-fanfare.gif	VSh-D-fanfare-pre.gif	Fanfare (V) (Dark)
VSh-D-fanfaretatooine.gif	VSh-D-fanfaretatooine-pre.gif	Fanfare (Tatooine) (V) (Dark)
VSh-D-firepower.gif	VSh-D-firepower-pre.gif	Firepower (V)
VSh-D-ifindyourlackoffaithdisturbing.gif	VSh-D-ifindyourlackoffaithdisturbing-pre.gif	I Find Your Lack Of Faith Disturbing (V)
VSh-D-imperialdetention.gif	VSh-D-imperialdetention-pre.gif	Imperial Detention
VSh-D-leavethemtome.gif	VSh-D-leavethemtome-pre.gif	Leave Them To Me (V)
VSh-D-leavethemtomev.gif	VSh-D-leavethemtomev-pre.gif	Leave Them To Me (Death Star II) (V)
VSh-D-noescape.gif	VSh-D-noescape-pre.gif	No Escape (V) (Dark)
VSh-D-noescapev.gif	VSh-D-noescapev-pre.gif	No Escape (Premium) (V)
VSh-D-reactorterminal.gif	VSh-D-reactorterminal-pre.gif	Reactor Terminal (V)
VSh-D-wellletfateadecidehuh.gif	VSh-D-wellletfateadecidehuh-pre.gif	Virtual Shields
VSh-D-youcannothideforever.gif	VSh-D-youcannothideforever-pre.gif	Virtual Shields
VSh-D-youcannothideforeverv.gif	VSh-D-youcannothideforeverv-pre.gif	Virtual Shields
VSh-L-affectmind.gif	VSh-L-affectmind-pre.gif	Affect Mind (V)
VSh-L-chasm.gif	VSh-L-chasm-pre.gif	Chasm (V)
VSh-L-dontdothatagain.gif	VSh-L-dontdothatagain-pre.gif	Don't Do That Again (V) (Virtual Shields)
VSh-L-dontdothatagaintatooine.gif	VSh-L-dontdothatagaintatooine-pre.gif	Don't Do That Again (Tatooine) (V) (Virtual Shields)
VSh-L-hecangoabouthisbusiness.gif	VSh-L-hecangoabouthisbusiness-pre.gif	He Can Go About His Business (V)
VSh-L-letskeepalittleoptimismhere.gif	VSh-L-letskeepalittleoptimismhere-pre.gif	Let's Keep A Little Optimism Here (V) (Virtual Shields)
VSh-L-letskeepalittleoptimismherev.gif	VSh-L-letskeepalittleoptimismherev-pre.gif	Let's Keep A Little Optimism Here (Death Star II) (V) (Virtual Shields)
VSh-L-ouneeta.gif	VSh-L-ouneeta-pre.gif	Ounee Ta (V) (Virtual Shields)
VSh-L-ouneetav.gif	VSh-L-ouneetav-pre.gif	Ounee Ta (Premium) (V)
VSh-L-planetarydefenses.gif	VSh-L-planetarydefenses-pre.gif	Planetary Defenses (V) (Virtual Shields)
VSh-L-simpletricksandnonsense.gif	VSh-L-simpletricksandnonsense-pre.gif	Simple Tricks And Nonsense (Virtual Shields)
VSh-L-theprofessor.gif	VSh-L-theprofessor-pre.gif	The Professor (V)
VSh-L-thereisanother.gif	VSh-L-thereisanother-pre.gif	There is Another
VSh-L-trafficcontrol.gif	VSh-L-trafficcontrol-pre.gif	Traffic Control (V)
VSh-L-weaponsdisplay.gif	VSh-L-weaponsdisplay-pre.gif	Virtual Shields
VSh-L-yavinsentry.gif	VSh-L-yavinsentry-pre.gif	Virtual Shields
VSh-L-yourinsightservesyouwell.gif	VSh-L-yourinsightservesyouwell-pre.gif	Virtual Shields
VSh-L-yourinsightservesyouwellv.gif	VSh-L-yourinsightservesyouwellv-pre.gif	Virtual Shields
VeaseyDS-ROps.txt	2020-worlds-d1-VeaseyDS-ROps.txt	2020 Worlds John Veasey DS ROps
VeaseyLS-Legend.txt	2020-worlds-d1-VeaseyLS-Legend.txt	2020 Worlds John Veasey LS Legend
Vincent Rossi Worlds DS DS2TR SSA.txt	2022-worlds-Vincent Rossi Worlds DS DS2TR SSA.txt	2022 Worlds Vincent Rossi DS DS2TR SSA
Vincent Rossi Worlds LS Quimmuning.txt	2022-worlds-Vincent Rossi Worlds LS Quimmuning.txt	2022 Worlds Vincent Rossi LS Quimmuning
Walseth (2022) RotS 2.txt	2022-nats-d1-Walseth (2022) RotS 2.txt	2022 US Nationals Mark Walseth DS RotS 2
Walseth (2022) Y4-Ops 3.txt	2022-nats-d1-Walseth (2022) Y4-Ops 3.txt	2022 US Nationals Mark Walseth LS Y4-Ops 3
Wayne Cullen Communing- Yoda.txt	2022-mpc-Wayne Cullen Communing- Yoda.txt	2022 MPC Wayne Cullen LS Communing- Yoda
WinkelhausDS-CCT.txt	2020-worlds-d1-WinkelhausDS-CCT.txt	2020 Worlds Bastian Winkelhaus DS CCT
WinkelhausDay2DS-CCT.txt	2020-worlds-d2-WinkelhausDay2DS-CCT.txt	2020 Worlds Day 2 Bastian Winkelhaus DS CCT
WinkelhausDay2LS-Legend.txt	2020-worlds-d2-WinkelhausDay2LS-Legend.txt	2020 Worlds Day 2 Bastian Winkelhaus LS Legend
WinkelhausDay3DS-BespinCRv.txt	2020-worlds-d3-WinkelhausDay3DS-BespinCRv.txt	2020 Worlds Day 3 Bastian Winkelhaus DS BespinCRv
WinkelhausDay3LS-Legend.txt	2020-worlds-d3-WinkelhausDay3LS-Legend.txt	2020 Worlds Day 3 Bastian Winkelhaus LS Legend
WinkelhausLS-Legend.txt	2020-worlds-d1-WinkelhausLS-Legend.txt	2020 Worlds Bastian Winkelhaus LS Legend
Winston Plunkett DARK.txt	2022-mpc-Winston Plunkett DARK.txt	2022 MPC Winston Plunkett DS list
Winston Plunkett LIGHT.txt	2022-mpc-Winston Plunkett LIGHT.txt	2022 MPC Winston Plunkett LS list
Wirfs 23 OCS T16 LS WYS.txt	2023-ocs-Wirfs 23 OCS T16 LS WYS.txt	2023 OCS Top 16 Wirfs 23 OCS T16 LS WYS
Wirfs 23OCS T16 DS ISB.txt	2023-ocs-Wirfs 23OCS T16 DS ISB.txt	2023 OCS Top 16 Wirfs 23OCS T16 DS ISB
Wirfs 23OCS T8 DS SYCFA.txt	2023-ocs-Wirfs 23OCS T8 DS SYCFA.txt	2023 OCS Top 8 Wirfs 23OCS T8 DS SYCFA
Wirfs 23OCS T8 LS QMC.txt	2023-ocs-Wirfs 23OCS T8 LS QMC.txt	2023 OCS Top 8 Wirfs 23OCS T8 LS QMC
WirfsDS-HDv.txt	2020-worlds-d1-WirfsDS-HDv.txt	2020 Worlds Chris Wirfs DS HDv
WirfsDay2DS-CCT.txt	2020-worlds-d2-WirfsDay2DS-CCT.txt	2020 Worlds Day 2 Chris Wirfs DS CCT
WirfsDay2LS-WYS.txt	2020-worlds-d2-WirfsDay2LS-WYS.txt	2020 Worlds Day 2 Chris Wirfs LS WYS
WirfsLS-WYS.txt	2020-worlds-d1-WirfsLS-WYS.txt	2020 Worlds Chris Wirfs LS WYS
Woods CPv Mother Generals.txt	2022-mpc-Woods CPv Mother Generals.txt	2022 MPC David Woods DS CPv Mother Generals
WoodsDS-DathSSA.txt	2020-worlds-d1-WoodsDS-DathSSA.txt	2020 Worlds David Woods DS DathSSA
WoodsLS-Legend.txt	2020-worlds-d1-WoodsLS-Legend.txt	2020 Worlds David Woods LS Legend
YooDS TDIGWATT (1).txt	2022-nats-d1-YooDS TDIGWATT (1).txt	2022 US Nationals Yoo DS TDIGWATT
YooLS Yoda Communing.txt	2022-nats-d1-YooLS Yoda Communing.txt	2022 US Nationals Yoo LS Yoda Communing
