1998-worlds-p1.png	1998-worlds-p1.png	image/png	143818
1998-worlds-p4.png	1998-worlds-p4.png	image/png	331844
1998-commandcard-p1.png	1998-commandcard-p1.png	image/png	186672
2007_Worlds_Day_1.pdf	2007_Worlds_Day_1.pdf	application/pdf	561361
2007_Worlds_Day_1_p02_Sean_McGrath_DS.png	2007_Worlds_Day_1_p02_Sean_McGrath_DS.png	image/png	133045
2007_Worlds_Day_1_p01_Sean_McGrath_LS.png	2007_Worlds_Day_1_p01_Sean_McGrath_LS.png	image/png	145026
2007_Worlds_Day_1_p03_Adam_Howland_DS.png	2007_Worlds_Day_1_p03_Adam_Howland_DS.png	image/png	115597
2007_Worlds_Day_1_p04_Adam_Howland_LS.png	2007_Worlds_Day_1_p04_Adam_Howland_LS.png	image/png	109309
2007_Worlds_Day_1_p07_Jim_Beyer_LS.png	2007_Worlds_Day_1_p07_Jim_Beyer_LS.png	image/png	95239
2007_Worlds_Day_1_p05_Brady_Moore_LS.png	2007_Worlds_Day_1_p05_Brady_Moore_LS.png	image/png	127241
2007_Worlds_Day_1_p10_Mark_Neumann_DS.png	2007_Worlds_Day_1_p10_Mark_Neumann_DS.png	image/png	129202
2007_Worlds_Day_1_p09_Mark_Neumann_LS.png	2007_Worlds_Day_1_p09_Mark_Neumann_LS.png	image/png	107373
2007_Worlds_Day_1_p06_Brady_Moore_DS.png	2007_Worlds_Day_1_p06_Brady_Moore_DS.png	image/png	119221
2007_Worlds_Day_1_p11_Jeffrey_Johns_LS.png	2007_Worlds_Day_1_p11_Jeffrey_Johns_LS.png	image/png	95498
2007_Worlds_Day_1_p08_Jim_Beyer_DS.png	2007_Worlds_Day_1_p08_Jim_Beyer_DS.png	image/png	96730
2007_Worlds_Day_2.pdf	2007_Worlds_Day_2.pdf	application/pdf	3408541
2007_Worlds_Day_1_p12_Jeffrey_Johns_DS.png	2007_Worlds_Day_1_p12_Jeffrey_Johns_DS.png	image/png	92386
2007_Worlds_Day_2_p04_Ryan_French_DS.png	2007_Worlds_Day_2_p04_Ryan_French_DS.png	image/png	148024
2007_Worlds_Day_2_p03_Ryan_French_LS.png	2007_Worlds_Day_2_p03_Ryan_French_LS.png	image/png	131889
2007_Worlds_Day_2_p06_Dirk_Friedrichs_DS.png	2007_Worlds_Day_2_p06_Dirk_Friedrichs_DS.png	image/png	112020
2007_Worlds_Day_2_p08_Michael_Gemme_LS.png	2007_Worlds_Day_2_p08_Michael_Gemme_LS.png	image/png	116871
2007_Worlds_Day_2_p05_Dirk_Friedrichs_LS.png	2007_Worlds_Day_2_p05_Dirk_Friedrichs_LS.png	image/png	122031
2007_Worlds_Day_2_p09_Joseph_Graham_LS.png	2007_Worlds_Day_2_p09_Joseph_Graham_LS.png	image/png	121597
2007_Worlds_Day_2_p11_Tom_Hollingsworth_LS.png	2007_Worlds_Day_2_p11_Tom_Hollingsworth_LS.png	image/png	109482
2007_Worlds_Day_2_p07_Michael_Gemme_DS.png	2007_Worlds_Day_2_p07_Michael_Gemme_DS.png	image/png	112379
2007_Worlds_Day_2_p13_Adam_Howland_LS.png	2007_Worlds_Day_2_p13_Adam_Howland_LS.png	image/png	129374
2007_Worlds_Day_2_p12_Tom_Hollingsworth_DS.png	2007_Worlds_Day_2_p12_Tom_Hollingsworth_DS.png	image/png	112972
2007_Worlds_Day_2_p15_Brian_Hunter_LS.png	2007_Worlds_Day_2_p15_Brian_Hunter_LS.png	image/png	116138
2007_Worlds_Day_2_p14_Adam_Howland_DS.png	2007_Worlds_Day_2_p14_Adam_Howland_DS.png	image/png	121401
2007_Worlds_Day_2_p17_Turd_Ferguson_LS.png	2007_Worlds_Day_2_p17_Turd_Ferguson_LS.png	image/png	131446
2007_Worlds_Day_2_p10_Joseph_Graham_DS.png	2007_Worlds_Day_2_p10_Joseph_Graham_DS.png	image/png	118369
2007_Worlds_Day_2_p18_Turd_Ferguson_DS.png	2007_Worlds_Day_2_p18_Turd_Ferguson_DS.png	image/png	112725
2007_Worlds_Day_2_p16_Brian_Hunter_DS.png	2007_Worlds_Day_2_p16_Brian_Hunter_DS.png	image/png	106172
2007_Worlds_Day_2_p19_Jeffrey_Johns_LS.png	2007_Worlds_Day_2_p19_Jeffrey_Johns_LS.png	image/png	114093
2007_Worlds_Day_2_p20_Jeffrey_Johns_DS.png	2007_Worlds_Day_2_p20_Jeffrey_Johns_DS.png	image/png	103170
2007_Worlds_Day_2_p22_Garrett_Larson_DS.png	2007_Worlds_Day_2_p22_Garrett_Larson_DS.png	image/png	111294
2007_Worlds_Day_2_p21_Garrett_Larson_LS.png	2007_Worlds_Day_2_p21_Garrett_Larson_LS.png	image/png	118330
2007_Worlds_Day_2_p23_Thomas_E._Whatley_LS.png	2007_Worlds_Day_2_p23_Thomas_E._Whatley_LS.png	image/png	123586
2007_Worlds_Day_2_p24_Thomas_E._Whatley_DS.png	2007_Worlds_Day_2_p24_Thomas_E._Whatley_DS.png	image/png	114638
2007_Worlds_Day_2_p26_Pat_Jurgens_LS.png	2007_Worlds_Day_2_p26_Pat_Jurgens_LS.png	image/png	106874
2007_Worlds_Day_2_p25_Phil_Johnson_DS.png	2007_Worlds_Day_2_p25_Phil_Johnson_DS.png	image/png	108197
2007_Worlds_Day_2_p27_Chris_Thompson_DS.png	2007_Worlds_Day_2_p27_Chris_Thompson_DS.png	image/png	139113
2007_Worlds_Day_2_p30_Phillip_Aasen_DS.png	2007_Worlds_Day_2_p30_Phillip_Aasen_DS.png	image/png	156018
2007_Worlds_Day_2_p29_Phillip_Aasen_LS.png	2007_Worlds_Day_2_p29_Phillip_Aasen_LS.png	image/png	143817
2007_Worlds_Day_2_p28_Chris_Thompson_LS.png	2007_Worlds_Day_2_p28_Chris_Thompson_LS.png	image/png	126916
2007_Worlds_Day_2_p32_Jacob_Adams_LS.png	2007_Worlds_Day_2_p32_Jacob_Adams_LS.png	image/png	135322
2007_Worlds_Day_2_p35_Jonny_Chu_DS.png	2007_Worlds_Day_2_p35_Jonny_Chu_DS.png	image/png	118664
2007_Worlds_Day_2_p34_Jonny_Chu_LS.png	2007_Worlds_Day_2_p34_Jonny_Chu_LS.png	image/png	113789
2007_Worlds_Day_2_p36_Angelo_Consoli_DS.png	2007_Worlds_Day_2_p36_Angelo_Consoli_DS.png	image/png	133145
2007_Worlds_Day_2_p33_James_Booker_DS.png	2007_Worlds_Day_2_p33_James_Booker_DS.png	image/png	129074
2007_Worlds_Day_2_p31_Jacob_Adams_DS.png	2007_Worlds_Day_2_p31_Jacob_Adams_DS.png	image/png	132730
2007_Worlds_Day_2_p38_Justin_Desai_LS.png	2007_Worlds_Day_2_p38_Justin_Desai_LS.png	image/png	128152
2007_Worlds_Day_2_p37_Angelo_Consoli_LS.png	2007_Worlds_Day_2_p37_Angelo_Consoli_LS.png	image/png	131395
2007_Worlds_Day_2_p39_Justin_Desai_DS.png	2007_Worlds_Day_2_p39_Justin_Desai_DS.png	image/png	119787
2007_Worlds_Day_2_p40_Michael_Richards_DS.png	2007_Worlds_Day_2_p40_Michael_Richards_DS.png	image/png	142220
2007_Worlds_Day_2_p42_Brandon_Schele_DS.png	2007_Worlds_Day_2_p42_Brandon_Schele_DS.png	image/png	106694
2007_Worlds_Day_2_p43_Brandon_Schele_LS.png	2007_Worlds_Day_2_p43_Brandon_Schele_LS.png	image/png	114331
2007_Worlds_Day_2_p48_Greg_Shaw_DS.png	2007_Worlds_Day_2_p48_Greg_Shaw_DS.png	image/png	116444
2007_Worlds_Day_2_p41_Michael_Richards_LS.png	2007_Worlds_Day_2_p41_Michael_Richards_LS.png	image/png	137769
2007_Worlds_Day_2_p45_Sibille_Schöntauf_LS.png	2007_Worlds_Day_2_p45_Sibille_Schöntauf_LS.png	image/png	133364
2007_Worlds_Day_2_p46_Kevin_Shannon_LS.png	2007_Worlds_Day_2_p46_Kevin_Shannon_LS.png	image/png	154054
2007_Worlds_Day_2_p47_Kevin_Shannon_DS.png	2007_Worlds_Day_2_p47_Kevin_Shannon_DS.png	image/png	137836
2007_Worlds_Day_2_p44_Sibille_Schöntauf_DS.png	2007_Worlds_Day_2_p44_Sibille_Schöntauf_DS.png	image/png	124245
2007_Worlds_Day_2_p54_Micah_Wooten_DS.png	2007_Worlds_Day_2_p54_Micah_Wooten_DS.png	image/png	86386
2007_Worlds_Day_2_p53_Micah_Wooten_LS.png	2007_Worlds_Day_2_p53_Micah_Wooten_LS.png	image/png	82841
2007_Worlds_Day_2_p49_Greg_Shaw_LS.png	2007_Worlds_Day_2_p49_Greg_Shaw_LS.png	image/png	121792
2007_Worlds_Day_2_p50_Tim_Simon_LS.png	2007_Worlds_Day_2_p50_Tim_Simon_LS.png	image/png	114661
2007_Worlds_Day_2_p51_Tim_Simon_DS.png	2007_Worlds_Day_2_p51_Tim_Simon_DS.png	image/png	102539
2007_Worlds_Day_2_p55_Bill_Kafer_LS.png	2007_Worlds_Day_2_p55_Bill_Kafer_LS.png	image/png	105870
2007_Worlds_Day_2_p52_Neil_Smith_LS.png	2007_Worlds_Day_2_p52_Neil_Smith_LS.png	image/png	122714
2007_Worlds_Day_2_p56_Bill_Kafer_DS.png	2007_Worlds_Day_2_p56_Bill_Kafer_DS.png	image/png	94243
2007_Worlds_Day_2_p57_Steven_Lewis_LS.png	2007_Worlds_Day_2_p57_Steven_Lewis_LS.png	image/png	125911
2007_Worlds_Day_2_p58_Steven_Lewis_DS.png	2007_Worlds_Day_2_p58_Steven_Lewis_DS.png	image/png	115577
2007_Worlds_Day_2_p59_Warren_Maruschak_LS.png	2007_Worlds_Day_2_p59_Warren_Maruschak_LS.png	image/png	135468
2007_Worlds_Day_2_p60_Warren_Maruschak_DS.png	2007_Worlds_Day_2_p60_Warren_Maruschak_DS.png	image/png	121576
2007_Worlds_Day_2_p62_Ryan_Mason_DS.png	2007_Worlds_Day_2_p62_Ryan_Mason_DS.png	image/png	148011
2007_Worlds_Day_2_p61_Ryan_Mason_LS.png	2007_Worlds_Day_2_p61_Ryan_Mason_LS.png	image/png	151323
2007_Worlds_Day_2_p63_David_McCune_LS.png	2007_Worlds_Day_2_p63_David_McCune_LS.png	image/png	141935
2007_Worlds_Day_2_p64_David_McCune_DS.png	2007_Worlds_Day_2_p64_David_McCune_DS.png	image/png	129672
2007_Worlds_Day_2_p68_Chris_Menzel_LS.png	2007_Worlds_Day_2_p68_Chris_Menzel_LS.png	image/png	97689
2007_Worlds_Day_2_p65_Sean_McGrath_DS.png	2007_Worlds_Day_2_p65_Sean_McGrath_DS.png	image/png	138541
2007_Worlds_Day_2_p66_Sean_McGrath_LS.png	2007_Worlds_Day_2_p66_Sean_McGrath_LS.png	image/png	146192
2007_Worlds_Day_2_p67_Chris_Menzel_DS.png	2007_Worlds_Day_2_p67_Chris_Menzel_DS.png	image/png	121626
2007_Worlds_Day_2_p70_J.W._Miller_DS.png	2007_Worlds_Day_2_p70_J.W._Miller_DS.png	image/png	134487
2007_Worlds_Day_2_p69_J.W._Miller_LS.png	2007_Worlds_Day_2_p69_J.W._Miller_LS.png	image/png	144332
2007_Worlds_Day_2_p71_Brady_Moore_LS.png	2007_Worlds_Day_2_p71_Brady_Moore_LS.png	image/png	140276
2007_Worlds_Day_2_p72_Brady_Moore_DS.png	2007_Worlds_Day_2_p72_Brady_Moore_DS.png	image/png	140108
2007_Worlds_Day_2_p73_Joe_Olson_LS.png	2007_Worlds_Day_2_p73_Joe_Olson_LS.png	image/png	54879
2007_Worlds_Day_2_p74_Joe_Olson_DS.png	2007_Worlds_Day_2_p74_Joe_Olson_DS.png	image/png	58031
2007_Worlds_Day_2_p76_Mark_Peterson_DS.png	2007_Worlds_Day_2_p76_Mark_Peterson_DS.png	image/png	138800
2007_Worlds_Day_2_p75_Mark_Peterson_LS.png	2007_Worlds_Day_2_p75_Mark_Peterson_LS.png	image/png	128375
2007_Worlds_Day_2_p77_Michael_Pistone_DS.png	2007_Worlds_Day_2_p77_Michael_Pistone_DS.png	image/png	116965
2007_Worlds_Day_2_p78_Michael_Pistone_LS.png	2007_Worlds_Day_2_p78_Michael_Pistone_LS.png	image/png	135583
2007_Worlds_Day_3_p01_Jonny_Chu_DS.png	2007_Worlds_Day_3_p01_Jonny_Chu_DS.png	image/png	660559
2007_Worlds_Day_3_p03_Brad_Eier_LS.png	2007_Worlds_Day_3_p03_Brad_Eier_LS.png	image/png	129403
2007_Worlds_Day_3_p05_Brad_Eier_DS.png	2007_Worlds_Day_3_p05_Brad_Eier_DS.png	image/png	182057
2007_Worlds_Day_3_p07_Michael_Gemme_DS.png	2007_Worlds_Day_3_p07_Michael_Gemme_DS.png	image/png	388061
2007_Worlds_Day_3_p08_Michael_Gemme_LS.png	2007_Worlds_Day_3_p08_Michael_Gemme_LS.png	image/png	402246
2007_Worlds_Day_3_p02_Jonny_Chu_LS.png	2007_Worlds_Day_3_p02_Jonny_Chu_LS.png	image/png	688221
2007_Worlds_Day_3.pdf	2007_Worlds_Day_3.pdf	application/pdf	25023038
2007_Worlds_Day_3_p14_Mike_Honsho_DS.png	2007_Worlds_Day_3_p14_Mike_Honsho_DS.png	image/png	415220
2007_Worlds_Day_3_p11_Angelo_Consoli_DS.png	2007_Worlds_Day_3_p11_Angelo_Consoli_DS.png	image/png	395205
2007_Worlds_Day_3_p16_Tom_Hollingsworth_LS.png	2007_Worlds_Day_3_p16_Tom_Hollingsworth_LS.png	image/png	467282
2007_Worlds_Day_3_p13_Brian_Hunter_LS.png	2007_Worlds_Day_3_p13_Brian_Hunter_LS.png	image/png	381994
2007_Worlds_Day_3_p10_Justin_Desai_LS.png	2007_Worlds_Day_3_p10_Justin_Desai_LS.png	image/png	430414
2007_Worlds_Day_3_p09_Justin_Desai_DS.png	2007_Worlds_Day_3_p09_Justin_Desai_DS.png	image/png	419286
2007_Worlds_Day_3_p12_Brian_Hunter_DS.png	2007_Worlds_Day_3_p12_Brian_Hunter_DS.png	image/png	417083
2007_Worlds_Day_3_p15_Mike_Honsho_LS.png	2007_Worlds_Day_3_p15_Mike_Honsho_LS.png	image/png	402929
2007_Worlds_Team_p04_Team_Awesome_DS.png	2007_Worlds_Team_p04_Team_Awesome_DS.png	image/png	117698
2007_Worlds_Team_p05_Team_Awesome_LS.png	2007_Worlds_Team_p05_Team_Awesome_LS.png	image/png	103342
2007_Worlds_Team_p02_Mark_Peterson_DS.png	2007_Worlds_Team_p02_Mark_Peterson_DS.png	image/png	131373
2007_Worlds_Team_p01_Brian_Hunter_LS.png	2007_Worlds_Team_p01_Brian_Hunter_LS.png	image/png	122796
2007_Worlds_Team_p03_Turd_Ferguson_LS.png	2007_Worlds_Team_p03_Turd_Ferguson_LS.png	image/png	145175
2007_Worlds_Day_3_p18_Angelo_Consoli_LS.png	2007_Worlds_Day_3_p18_Angelo_Consoli_LS.png	image/png	429473
2007_Worlds_Day_3_p17_Tom_Hollingsworth_DS.png	2007_Worlds_Day_3_p17_Tom_Hollingsworth_DS.png	image/png	384113
2007_Worlds_Team_p06_Warren_Maruschak_LS.png	2007_Worlds_Team_p06_Warren_Maruschak_LS.png	image/png	133710
2007_Worlds_Team_p11_Chris_Menzel_DS.png	2007_Worlds_Team_p11_Chris_Menzel_DS.png	image/png	78355
2007_Worlds_Team_p10_Dirk_Friedrichs_LS.png	2007_Worlds_Team_p10_Dirk_Friedrichs_LS.png	image/png	105968
2007_Worlds_Team_p09_PMJ_DS.png	2007_Worlds_Team_p09_PMJ_DS.png	image/png	111621
2007_Worlds_Team_p08_Justin_Carulli_LS.png	2007_Worlds_Team_p08_Justin_Carulli_LS.png	image/png	120897
2007_Worlds_Team_p07_Ryan_Mason_DS.png	2007_Worlds_Team_p07_Ryan_Mason_DS.png	image/png	152444
2007_Worlds_Team_p12_Sibille_Schontauf_LS.png	2007_Worlds_Team_p12_Sibille_Schontauf_LS.png	image/png	122616
2007_Worlds_Team_p13_Angelo_Consoli_DS.png	2007_Worlds_Team_p13_Angelo_Consoli_DS.png	image/png	121406
2007_Worlds_Team_p14_Kevin_Shannon_LS.png	2007_Worlds_Team_p14_Kevin_Shannon_LS.png	image/png	120415
2007_Worlds_Team_p18_Bill_Kafer_LS.png	2007_Worlds_Team_p18_Bill_Kafer_LS.png	image/png	95069
2007_Worlds_Team_p15_David_McCune_LS.png	2007_Worlds_Team_p15_David_McCune_LS.png	image/png	131486
2007_Worlds_Team_p19_JW_Miller_LS.png	2007_Worlds_Team_p19_JW_Miller_LS.png	image/png	133182
2007_Worlds_Team_p17_Greg_Shaw_DS.png	2007_Worlds_Team_p17_Greg_Shaw_DS.png	image/png	121670
2007_Worlds_Team_p16_Nate_Albright_DS.png	2007_Worlds_Team_p16_Nate_Albright_DS.png	image/png	134678
2007_Worlds_Team_p20_Michael_Richards_DS.png	2007_Worlds_Team_p20_Michael_Richards_DS.png	image/png	120404
2007_Worlds_Team_p21_Joseph_Graham_DS.png	2007_Worlds_Team_p21_Joseph_Graham_DS.png	image/png	119895
2007_Worlds_Team_p22_Thomas_Whatley_LS.png	2007_Worlds_Team_p22_Thomas_Whatley_LS.png	image/png	128060
2007_Worlds_Team_p23_Steven_Lewis_DS.png	2007_Worlds_Team_p23_Steven_Lewis_DS.png	image/png	117777
2007_Worlds_Team_p24_Micah_Wooten_DS.png	2007_Worlds_Team_p24_Micah_Wooten_DS.png	image/png	117748
2007_Worlds_Team_p25_Lee_Edwards_DS.png	2007_Worlds_Team_p25_Lee_Edwards_DS.png	image/png	110138
2007_Worlds_Team_p26_Jonny_Chu_LS.png	2007_Worlds_Team_p26_Jonny_Chu_LS.png	image/png	106372
2007_Worlds_Team_p28_Michael_Gemme_LS.png	2007_Worlds_Team_p28_Michael_Gemme_LS.png	image/png	123014
2007_Worlds_Team_p27_Justin_Desai_DS.png	2007_Worlds_Team_p27_Justin_Desai_DS.png	image/png	125767
2007_Worlds_Team_p29_Brian_Bippus_LS.png	2007_Worlds_Team_p29_Brian_Bippus_LS.png	image/png	106083
2008-worlds-d1-p1.png	2008-worlds-d1-p1.png	image/png	465591
2008_Worlds_Day_1_p01_Warren_Maruschak_DS.png	2008_Worlds_Day_1_p01_Warren_Maruschak_DS.png	image/png	238460
2008_Worlds_Day_1_p03_Jason_Jenkins_DS.png	2008_Worlds_Day_1_p03_Jason_Jenkins_DS.png	image/png	193976
2008_Worlds_Day_1_p04_Jason_Jenkins_LS.png	2008_Worlds_Day_1_p04_Jason_Jenkins_LS.png	image/png	152002
2008_Worlds_Day_1_p02_Warren_Maruschak_LS.png	2008_Worlds_Day_1_p02_Warren_Maruschak_LS.png	image/png	233134
2008_Worlds_Day_1_p05_Jim_Radloff_DS.png	2008_Worlds_Day_1_p05_Jim_Radloff_DS.png	image/png	227830
2008_Worlds_Day_1_p06_Jim_Radloff_LS.png	2008_Worlds_Day_1_p06_Jim_Radloff_LS.png	image/png	223756
2008_Worlds_Day_1.pdf	2008_Worlds_Day_1.pdf	application/pdf	3059713
2008_Worlds_Day_1_p07_Thomas_Whaley_DS.png	2008_Worlds_Day_1_p07_Thomas_Whaley_DS.png	image/png	237974
2008_Worlds_Day_1_p09_David_McCune_DS.png	2008_Worlds_Day_1_p09_David_McCune_DS.png	image/png	222016
2008_Worlds_Day_1_p11_John_Anderson_DS.png	2008_Worlds_Day_1_p11_John_Anderson_DS.png	image/png	227202
2008_Worlds_Day_1_p10_David_McCune_LS.png	2008_Worlds_Day_1_p10_David_McCune_LS.png	image/png	214123
2008_Worlds_Day_1_p12_John_Anderson_LS.png	2008_Worlds_Day_1_p12_John_Anderson_LS.png	image/png	220208
2008_Worlds_Day_1_p13_Matt_Sherrington_DS.png	2008_Worlds_Day_1_p13_Matt_Sherrington_DS.png	image/png	252414
2008_Worlds_Day_1_p14_Matt_Sherrington_LS.png	2008_Worlds_Day_1_p14_Matt_Sherrington_LS.png	image/png	259341
2008_Worlds_Day_1_p15_Robert_J_Johnson_DS.png	2008_Worlds_Day_1_p15_Robert_J_Johnson_DS.png	image/png	283800
2008_Worlds_Day_1_p16_Robert_J_Johnson_LS.png	2008_Worlds_Day_1_p16_Robert_J_Johnson_LS.png	image/png	286933
2008_Worlds_Day_1_p17_Brady_Moore_DS.png	2008_Worlds_Day_1_p17_Brady_Moore_DS.png	image/png	220987
2008_Worlds_Day_1_p08_Thomas_Whaley_LS.png	2008_Worlds_Day_1_p08_Thomas_Whaley_LS.png	image/png	230024
2008_Worlds_Day_1_p18_Brady_Moore_LS.png	2008_Worlds_Day_1_p18_Brady_Moore_LS.png	image/png	215641
2008_Worlds_Day_1_p20_Justin_Kaufman_DS.png	2008_Worlds_Day_1_p20_Justin_Kaufman_DS.png	image/png	213495
2008_Worlds_Day_1_p19_Justin_Kaufman_LS.png	2008_Worlds_Day_1_p19_Justin_Kaufman_LS.png	image/png	206995
2008_Worlds_Day_1_p21_Mark_Peterson_DS.png	2008_Worlds_Day_1_p21_Mark_Peterson_DS.png	image/png	204581
2008_Worlds_Day_1_p22_Mark_Peterson_LS.png	2008_Worlds_Day_1_p22_Mark_Peterson_LS.png	image/png	202141
2008_Worlds_Day_1_p23_Shawn_Banwell_DS.png	2008_Worlds_Day_1_p23_Shawn_Banwell_DS.png	image/png	206765
2008_Worlds_Day_1_p25_Sean_Miller_LS.png	2008_Worlds_Day_1_p25_Sean_Miller_LS.png	image/png	143101
2008_Worlds_Day_1_p26_Sean_Miller_DS.png	2008_Worlds_Day_1_p26_Sean_Miller_DS.png	image/png	143617
2008_Worlds_Day_1_p24_Shawn_Banwell_LS.png	2008_Worlds_Day_1_p24_Shawn_Banwell_LS.png	image/png	225301
2008_Worlds_Day_1_p27_Brandon_Brist_LS.png	2008_Worlds_Day_1_p27_Brandon_Brist_LS.png	image/png	266803
2008_Worlds_Day_1_p28_Brandon_Brist_DS.png	2008_Worlds_Day_1_p28_Brandon_Brist_DS.png	image/png	265660
2008_Worlds_Day_1_p29_Peter_Davis_LS.png	2008_Worlds_Day_1_p29_Peter_Davis_LS.png	image/png	196487
2008_Worlds_Day_1_p30_Peter_Davis_DS.png	2008_Worlds_Day_1_p30_Peter_Davis_DS.png	image/png	193101
2008_Worlds_Day_1_p31_Alden_Peterson_DS.png	2008_Worlds_Day_1_p31_Alden_Peterson_DS.png	image/png	215326
2008_Worlds_Day_1_p32_Alden_Peterson_LS.png	2008_Worlds_Day_1_p32_Alden_Peterson_LS.png	image/png	223371
2008_Worlds_Day_2_p001_Chris_Wirs_DS.png	2008_Worlds_Day_2_p001_Chris_Wirs_DS.png	image/png	96461
2008_Worlds_Day_1_p33_Markey_DS.png	2008_Worlds_Day_1_p33_Markey_DS.png	image/png	241024
2008_Worlds_Day_1_p34_Walseth_LS.png	2008_Worlds_Day_1_p34_Walseth_LS.png	image/png	255252
2008_Worlds_Day_2_p002_Chris_Wirs_LS.png	2008_Worlds_Day_2_p002_Chris_Wirs_LS.png	image/png	196180
2008_Worlds_Day_2_p004_Master_Hooky_LS.png	2008_Worlds_Day_2_p004_Master_Hooky_LS.png	image/png	203763
2008_Worlds_Day_2_p003_Master_Hooky_DS.png	2008_Worlds_Day_2_p003_Master_Hooky_DS.png	image/png	210781
2008_Worlds_Day_2_p006_Kevin_Shannon_LS.png	2008_Worlds_Day_2_p006_Kevin_Shannon_LS.png	image/png	280753
2008_Worlds_Day_2_p009_Mike_Damboise_LS.png	2008_Worlds_Day_2_p009_Mike_Damboise_LS.png	image/png	192045
2008_Worlds_Day_2_p007_Aaron_Nelson_DS.png	2008_Worlds_Day_2_p007_Aaron_Nelson_DS.png	image/png	292934
2008_Worlds_Day_2_p008_Aaron_Nelson_LS.png	2008_Worlds_Day_2_p008_Aaron_Nelson_LS.png	image/png	288842
2008_Worlds_Day_2_p005_Kevin_Shannon_DS.png	2008_Worlds_Day_2_p005_Kevin_Shannon_DS.png	image/png	289520
2008_Worlds_Day_2_p010_Mike_Damboise_DS.png	2008_Worlds_Day_2_p010_Mike_Damboise_DS.png	image/png	206380
2008_Worlds_Day_2_p011_Kyle_Krueger_DS.png	2008_Worlds_Day_2_p011_Kyle_Krueger_DS.png	image/png	184236
2008_Worlds_Day_2_p012_Kyle_Krueger_LS.png	2008_Worlds_Day_2_p012_Kyle_Krueger_LS.png	image/png	195195
2008_Worlds_Day_2_p014_Mike_French_LS.png	2008_Worlds_Day_2_p014_Mike_French_LS.png	image/png	214531
2008_Worlds_Day_2_p013_Mike_French_DS.png	2008_Worlds_Day_2_p013_Mike_French_DS.png	image/png	217059
2008_Worlds_Day_2_p015_Alden_Peterson_LS.png	2008_Worlds_Day_2_p015_Alden_Peterson_LS.png	image/png	218917
2008_Worlds_Day_2_p016_Alden_Peterson_DS.png	2008_Worlds_Day_2_p016_Alden_Peterson_DS.png	image/png	220177
2008_Worlds_Day_2_p018_Greg_Shaw_DS.png	2008_Worlds_Day_2_p018_Greg_Shaw_DS.png	image/png	192588
2008_Worlds_Day_2_p017_Greg_Shaw_LS.png	2008_Worlds_Day_2_p017_Greg_Shaw_LS.png	image/png	199435
2008_Worlds_Day_2_p020_Mark_Walseth_DS.png	2008_Worlds_Day_2_p020_Mark_Walseth_DS.png	image/png	212094
2008_Worlds_Day_2_p019_Mark_Walrath_LS.png	2008_Worlds_Day_2_p019_Mark_Walrath_LS.png	image/png	250403
2008_Worlds_Day_2_p023_Joe_Olson_DS.png	2008_Worlds_Day_2_p023_Joe_Olson_DS.png	image/png	91317
2008_Worlds_Day_2_p021_Sean_Miller_DS.png	2008_Worlds_Day_2_p021_Sean_Miller_DS.png	image/png	151558
2008_Worlds_Day_2_p022_Sean_Miller_LS.png	2008_Worlds_Day_2_p022_Sean_Miller_LS.png	image/png	143397
2008_Worlds_Day_2_p024_Joe_Olson_LS.png	2008_Worlds_Day_2_p024_Joe_Olson_LS.png	image/png	102000
2008_Worlds_Day_2.pdf	2008_Worlds_Day_2.pdf	application/pdf	10219644
2008_Worlds_Day_2_p030_Brian_Hunter_LS.png	2008_Worlds_Day_2_p030_Brian_Hunter_LS.png	image/png	204543
2008_Worlds_Day_2_p031_Jake_Nelson_LS.png	2008_Worlds_Day_2_p031_Jake_Nelson_LS.png	image/png	135781
2008_Worlds_Day_2_p032_Jake_Nelson_DS.png	2008_Worlds_Day_2_p032_Jake_Nelson_DS.png	image/png	135659
2008_Worlds_Day_2_p025_Jesse_Reynolds_LS.png	2008_Worlds_Day_2_p025_Jesse_Reynolds_LS.png	image/png	198875
2008_Worlds_Day_2_p026_Jesse_Reynolds_DS.png	2008_Worlds_Day_2_p026_Jesse_Reynolds_DS.png	image/png	227336
2008_Worlds_Day_2_p029_Brian_Hunter_DS.png	2008_Worlds_Day_2_p029_Brian_Hunter_DS.png	image/png	197485
2008_Worlds_Day_2_p034_John_Veasey_DS.png	2008_Worlds_Day_2_p034_John_Veasey_DS.png	image/png	240366
2008_Worlds_Day_2_p037_Blake_Huffman_DS.png	2008_Worlds_Day_2_p037_Blake_Huffman_DS.png	image/png	195901
2008_Worlds_Day_2_p035_John_Veasey_LS.png	2008_Worlds_Day_2_p035_John_Veasey_LS.png	image/png	224597
2008_Worlds_Day_2_p036_Matt_Sherrington_LS.png	2008_Worlds_Day_2_p036_Matt_Sherrington_LS.png	image/png	247915
2008_Worlds_Day_2_p038_Blake_Huffman_LS.png	2008_Worlds_Day_2_p038_Blake_Huffman_LS.png	image/png	210689
2008_Worlds_Day_2_p027_Ryan_French_DS.png	2008_Worlds_Day_2_p027_Ryan_French_DS.png	image/png	237259
2008_Worlds_Day_2_p028_Ryan_French_LS.png	2008_Worlds_Day_2_p028_Ryan_French_LS.png	image/png	235696
2008_Worlds_Day_2_p033_Warren_Maruschak_DS.png	2008_Worlds_Day_2_p033_Warren_Maruschak_DS.png	image/png	215905
2008_Worlds_Day_2_p040_Garrett_Larson_DS.png	2008_Worlds_Day_2_p040_Garrett_Larson_DS.png	image/png	148788
2008_Worlds_Day_2_p039_Garrett_Larson_LS.png	2008_Worlds_Day_2_p039_Garrett_Larson_LS.png	image/png	163726
2008_Worlds_Day_2_p041_Scott_Lingrell_DS.png	2008_Worlds_Day_2_p041_Scott_Lingrell_DS.png	image/png	205527
2008_Worlds_Day_2_p042_Scott_Lingrell_LS.png	2008_Worlds_Day_2_p042_Scott_Lingrell_LS.png	image/png	204345
2008_Worlds_Day_2_p043_CLG_DS.png	2008_Worlds_Day_2_p043_CLG_DS.png	image/png	228156
2008_Worlds_Day_2_p044_CLG_LS.png	2008_Worlds_Day_2_p044_CLG_LS.png	image/png	218101
2008_Worlds_Day_2_p045_Peter_Jacobson_LS.png	2008_Worlds_Day_2_p045_Peter_Jacobson_LS.png	image/png	232701
2008_Worlds_Day_2_p046_Mark_Peterson_LS.png	2008_Worlds_Day_2_p046_Mark_Peterson_LS.png	image/png	215415
2008_Worlds_Day_2_p049_Jim_Li_LS.png	2008_Worlds_Day_2_p049_Jim_Li_LS.png	image/png	129710
2008_Worlds_Day_2_p048_Jim_Li_DS.png	2008_Worlds_Day_2_p048_Jim_Li_DS.png	image/png	133241
2008_Worlds_Day_2_p047_Mark_Peterson_DS.png	2008_Worlds_Day_2_p047_Mark_Peterson_DS.png	image/png	202266
2008_Worlds_Day_2_p050_Warren_Maruschak_LS.png	2008_Worlds_Day_2_p050_Warren_Maruschak_LS.png	image/png	233021
2008_Worlds_Day_2_p051_Petr_Jacobson_DS.png	2008_Worlds_Day_2_p051_Petr_Jacobson_DS.png	image/png	228325
2008_Worlds_Day_2_p053_Ryan_Reid_DS.png	2008_Worlds_Day_2_p053_Ryan_Reid_DS.png	image/png	245327
2008_Worlds_Day_2_p052_Ryan_Reid_LS.png	2008_Worlds_Day_2_p052_Ryan_Reid_LS.png	image/png	252131
2008_Worlds_Day_2_p054_James_Booker_DS.png	2008_Worlds_Day_2_p054_James_Booker_DS.png	image/png	238149
2008_Worlds_Day_2_p057_Steve_Harpster_LS.png	2008_Worlds_Day_2_p057_Steve_Harpster_LS.png	image/png	222668
2008_Worlds_Day_2_p056_Steve_Harpster_DS.png	2008_Worlds_Day_2_p056_Steve_Harpster_DS.png	image/png	232426
2008_Worlds_Day_2_p058_Steve_Baroni_LS.png	2008_Worlds_Day_2_p058_Steve_Baroni_LS.png	image/png	122861
2008_Worlds_Day_2_p055_James_Booker_LS.png	2008_Worlds_Day_2_p055_James_Booker_LS.png	image/png	257005
2008_Worlds_Day_2_p059_Steve_Baroni_DS.png	2008_Worlds_Day_2_p059_Steve_Baroni_DS.png	image/png	127182
2008_Worlds_Day_2_p060_Ryan_Mason_DS.png	2008_Worlds_Day_2_p060_Ryan_Mason_DS.png	image/png	230533
2008_Worlds_Day_2_p061_Ryan_Mason_LS.png	2008_Worlds_Day_2_p061_Ryan_Mason_LS.png	image/png	282396
2008_Worlds_Day_2_p062_Tyler_Vantilburg_LS.png	2008_Worlds_Day_2_p062_Tyler_Vantilburg_LS.png	image/png	259849
2008_Worlds_Day_2_p066_Tom_Hollingsworth_LS.png	2008_Worlds_Day_2_p066_Tom_Hollingsworth_LS.png	image/png	191841
2008_Worlds_Day_2_p063_Tyler_Vantilburg_DS.png	2008_Worlds_Day_2_p063_Tyler_Vantilburg_DS.png	image/png	255729
2008_Worlds_Day_2_p064_Brian_Herold_DS.png	2008_Worlds_Day_2_p064_Brian_Herold_DS.png	image/png	256333
2008_Worlds_Day_2_p065_Brian_Herold_LS.png	2008_Worlds_Day_2_p065_Brian_Herold_LS.png	image/png	259530
2008_Worlds_Day_2_p067_Tom_Hollingsworth_DS.png	2008_Worlds_Day_2_p067_Tom_Hollingsworth_DS.png	image/png	191456
2008_Worlds_Day_2_p068_David_McCune_DS.png	2008_Worlds_Day_2_p068_David_McCune_DS.png	image/png	210868
2008_Worlds_Day_2_p069_David_McCune_LS.png	2008_Worlds_Day_2_p069_David_McCune_LS.png	image/png	214402
2008_Worlds_Day_2_p072_Bryan_Batdorf_DS.png	2008_Worlds_Day_2_p072_Bryan_Batdorf_DS.png	image/png	213654
2008_Worlds_Day_2_p070_Allen_Gaible_DS.png	2008_Worlds_Day_2_p070_Allen_Gaible_DS.png	image/png	211810
2008_Worlds_Day_2_p074_Buddy_Walters.png	2008_Worlds_Day_2_p074_Buddy_Walters.png	image/png	111873
2008_Worlds_Day_2_p071_Allen_Gaible_LS.png	2008_Worlds_Day_2_p071_Allen_Gaible_LS.png	image/png	239883
2008_Worlds_Day_2_p073_Bryan_Batdorf_LS.png	2008_Worlds_Day_2_p073_Bryan_Batdorf_LS.png	image/png	218025
2008_Worlds_Day_2_p075_Bill_Kafer_DS.png	2008_Worlds_Day_2_p075_Bill_Kafer_DS.png	image/png	181384
2008_Worlds_Day_2_p076_Bill_Kafer_LS.png	2008_Worlds_Day_2_p076_Bill_Kafer_LS.png	image/png	180137
2008_Worlds_Day_2_p077_Chris_Fanchi_LS.png	2008_Worlds_Day_2_p077_Chris_Fanchi_LS.png	image/png	201791
2008_Worlds_Day_2_p078_Chris_Fanchi_DS.png	2008_Worlds_Day_2_p078_Chris_Fanchi_DS.png	image/png	206741
2008_Worlds_Day_2_p079_James_Barnes_DS.png	2008_Worlds_Day_2_p079_James_Barnes_DS.png	image/png	200962
2008_Worlds_Day_2_p080_James_Barnes_LS.png	2008_Worlds_Day_2_p080_James_Barnes_LS.png	image/png	189110
2008_Worlds_Day_2_p081_Rick_Zuchowski_DS.png	2008_Worlds_Day_2_p081_Rick_Zuchowski_DS.png	image/png	241905
2008_Worlds_Day_2_p083_Brady_Moore_LS.png	2008_Worlds_Day_2_p083_Brady_Moore_LS.png	image/png	210471
2008_Worlds_Day_2_p082_Rick_Zuchowski_LS.png	2008_Worlds_Day_2_p082_Rick_Zuchowski_LS.png	image/png	232534
2008_Worlds_Day_2_p085_Brian_Fried_LS.png	2008_Worlds_Day_2_p085_Brian_Fried_LS.png	image/png	203919
2008_Worlds_Day_2_p084_Brady_Moore_DS.png	2008_Worlds_Day_2_p084_Brady_Moore_DS.png	image/png	219501
2008_Worlds_Day_2_p086_Brian_Fried_DS.png	2008_Worlds_Day_2_p086_Brian_Fried_DS.png	image/png	200126
2008_Worlds_Day_2_p088_Bobby_Hilburn_LS.png	2008_Worlds_Day_2_p088_Bobby_Hilburn_LS.png	image/png	186206
2008_Worlds_Day_2_p087_Bobby_Hilburn_DS.png	2008_Worlds_Day_2_p087_Bobby_Hilburn_DS.png	image/png	235217
2008_Worlds_Day_2_p089_Casey_Anis_LS.png	2008_Worlds_Day_2_p089_Casey_Anis_LS.png	image/png	177199
2008_Worlds_Day_2_p090_Casey_Anis_DS.png	2008_Worlds_Day_2_p090_Casey_Anis_DS.png	image/png	154517
2008_Worlds_Day_2_p091_Matt_Sherrington_DS.png	2008_Worlds_Day_2_p091_Matt_Sherrington_DS.png	image/png	247716
2008_Worlds_Day_2_p093_John_Chu_LS.png	2008_Worlds_Day_2_p093_John_Chu_LS.png	image/png	197779
2008_Worlds_Day_2_p092_John_Chu_DS.png	2008_Worlds_Day_2_p092_John_Chu_DS.png	image/png	216414
2008_Worlds_Day_2_p094_Michael_P._Stone_LS.png	2008_Worlds_Day_2_p094_Michael_P._Stone_LS.png	image/png	206156
2008_Worlds_Day_2_p096_Jan_Westergaard_LS.png	2008_Worlds_Day_2_p096_Jan_Westergaard_LS.png	image/png	237097
2008_Worlds_Day_2_p098_Justin_Desai_DS.png	2008_Worlds_Day_2_p098_Justin_Desai_DS.png	image/png	213981
2008_Worlds_Day_2_p095_Michael_Pistone_DS.png	2008_Worlds_Day_2_p095_Michael_Pistone_DS.png	image/png	259474
2008_Worlds_Day_2_p097_Jan_Westergaard_DS.png	2008_Worlds_Day_2_p097_Jan_Westergaard_DS.png	image/png	235903
2008_Worlds_Day_2_p100_Mike_Gemme_LS.png	2008_Worlds_Day_2_p100_Mike_Gemme_LS.png	image/png	180291
2008_Worlds_Day_2_p099_Justin_Desai_LS.png	2008_Worlds_Day_2_p099_Justin_Desai_LS.png	image/png	211523
2008_Worlds_Day_2_p101_Mike_Gemme_DS.png	2008_Worlds_Day_2_p101_Mike_Gemme_DS.png	image/png	183948
2008_Worlds_Day_2_p102_Aaron_Groth_LS.png	2008_Worlds_Day_2_p102_Aaron_Groth_LS.png	image/png	213577
2008_Worlds_Day_2_p103_Aaron_Groth_DS.png	2008_Worlds_Day_2_p103_Aaron_Groth_DS.png	image/png	202662
2008_Worlds_Day_2_p105_Michael_Raveling_LS.png	2008_Worlds_Day_2_p105_Michael_Raveling_LS.png	image/png	267085
2008_Worlds_Day_2_p104_Michael_Raveling_DS.png	2008_Worlds_Day_2_p104_Michael_Raveling_DS.png	image/png	291759
2008_Worlds_Day_2_p106_Ian_Westergaard_DS.png	2008_Worlds_Day_2_p106_Ian_Westergaard_DS.png	image/png	227631
2008_Worlds_Day_2_p107_Tom_Frafjord_LS.png	2008_Worlds_Day_2_p107_Tom_Frafjord_LS.png	image/png	223566
2008_Worlds_Day_2_p108_Michael_Richards_DS.png	2008_Worlds_Day_2_p108_Michael_Richards_DS.png	image/png	229420
2008_Worlds_Day_2_p109_Michael_Richards_LS.png	2008_Worlds_Day_2_p109_Michael_Richards_LS.png	image/png	227979
2008_Worlds_Day_2_p110_Jonathan_Murray_DS.png	2008_Worlds_Day_2_p110_Jonathan_Murray_DS.png	image/png	220584
2008_Worlds_Day_2_p111_Jonathan_Murray_LS.png	2008_Worlds_Day_2_p111_Jonathan_Murray_LS.png	image/png	216153
2008_Worlds_Day_2_p112_Brad_Eier_LS.png	2008_Worlds_Day_2_p112_Brad_Eier_LS.png	image/png	243792
2008_Worlds_Day_2_p114_Peter_Fratjord_LS.png	2008_Worlds_Day_2_p114_Peter_Fratjord_LS.png	image/png	170391
2008_Worlds_Day_2_p113_Brad_Eier_DS.png	2008_Worlds_Day_2_p113_Brad_Eier_DS.png	image/png	241409
2008_Worlds_Day_2_p115_Peter_Fratjord_DS.png	2008_Worlds_Day_2_p115_Peter_Fratjord_DS.png	image/png	182114
2008_Worlds_Day_2_p116_Geoff_Dearing_LS.png	2008_Worlds_Day_2_p116_Geoff_Dearing_LS.png	image/png	193111
2008_Worlds_Day_2_p117_Geoff_Dearing_DS.png	2008_Worlds_Day_2_p117_Geoff_Dearing_DS.png	image/png	189440
2008_Worlds_Day_2_p118_Dan_Tartaglione_LS.png	2008_Worlds_Day_2_p118_Dan_Tartaglione_LS.png	image/png	180868
2008_Worlds_Day_2_p119_Dan_Tartaglione_DS.png	2008_Worlds_Day_2_p119_Dan_Tartaglione_DS.png	image/png	178785
2008_Worlds_Day_3_p01_Steve_Baroni_DS.png	2008_Worlds_Day_3_p01_Steve_Baroni_DS.png	image/png	175592
2008_Worlds_Day_3_p02_Steve_Baroni_LS.png	2008_Worlds_Day_3_p02_Steve_Baroni_LS.png	image/png	173620
2008_Worlds_Day_3_p03_Jonny_Chu_DS.png	2008_Worlds_Day_3_p03_Jonny_Chu_DS.png	image/png	190387
2008_Worlds_Day_3_p04_Jonny_Chu_LS.png	2008_Worlds_Day_3_p04_Jonny_Chu_LS.png	image/png	171280
2008_Worlds_Day_3.pdf	2008_Worlds_Day_3.pdf	application/pdf	1140336
2008_Worlds_Day_3_p07_Tom_Frafjord_DS.png	2008_Worlds_Day_3_p07_Tom_Frafjord_DS.png	image/png	187229
2008_Worlds_Day_3_p12_Brian_Hunter_LS.png	2008_Worlds_Day_3_p12_Brian_Hunter_LS.png	image/png	188024
2008_Worlds_Day_3_p09_Kyle_Krueger_LS.png	2008_Worlds_Day_3_p09_Kyle_Krueger_LS.png	image/png	204069
2008_Worlds_Day_3_p06_Garrett_Larson_DS.png	2008_Worlds_Day_3_p06_Garrett_Larson_DS.png	image/png	142415
2008_Worlds_Day_3_p10_Kyle_Krueger_DS.png	2008_Worlds_Day_3_p10_Kyle_Krueger_DS.png	image/png	203855
2008_Worlds_Day_3_p08_Tom_Frafjord_LS.png	2008_Worlds_Day_3_p08_Tom_Frafjord_LS.png	image/png	199671
2008_Worlds_Day_3_p11_Brian_Hunter_DS.png	2008_Worlds_Day_3_p11_Brian_Hunter_DS.png	image/png	194942
2008_Worlds_Day_3_p05_Garrett_Larson_LS.png	2008_Worlds_Day_3_p05_Garrett_Larson_LS.png	image/png	135994
2008_Worlds_Day_3_p13_Kevin_Shannon_LS.png	2008_Worlds_Day_3_p13_Kevin_Shannon_LS.png	image/png	276772
2008_Worlds_Day_3_p16_Michael_Raveling_DS.png	2008_Worlds_Day_3_p16_Michael_Raveling_DS.png	image/png	261549
2008_Worlds_Team_p01_Allen_Gaible_DS.png	2008_Worlds_Team_p01_Allen_Gaible_DS.png	image/png	223806
2008_Worlds_Day_3_p14_Kevin_Shannon_DS.png	2008_Worlds_Day_3_p14_Kevin_Shannon_DS.png	image/png	264403
2008_Worlds_Team_p03_Blake_Huffman_LS.png	2008_Worlds_Team_p03_Blake_Huffman_LS.png	image/png	189547
2008_Worlds_Team_p02_Bobby_Hilburn_DS.png	2008_Worlds_Team_p02_Bobby_Hilburn_DS.png	image/png	224953
2008_Worlds_Team_p06_Jerry_Chu_LS.png	2008_Worlds_Team_p06_Jerry_Chu_LS.png	image/png	187691
2008_Worlds_Team_p04_Michael_Raveling_DS.png	2008_Worlds_Team_p04_Michael_Raveling_DS.png	image/png	243198
2008_Worlds_Team_p05_Garrett_Larson_LS.png	2008_Worlds_Team_p05_Garrett_Larson_LS.png	image/png	195700
2008_Worlds_Team_p07_Danny_Chu_DS.png	2008_Worlds_Team_p07_Danny_Chu_DS.png	image/png	167078
2008_Worlds_Team_p09_Tom_Frafjord_LS.png	2008_Worlds_Team_p09_Tom_Frafjord_LS.png	image/png	194060
2008_Worlds_Team_p08_S_Willis_DS.png	2008_Worlds_Team_p08_S_Willis_DS.png	image/png	132633
2008_Worlds_Team.pdf	2008_Worlds_Team.pdf	application/pdf	3381065
2008_Worlds_Team_p12_Jim_Li_DS.png	2008_Worlds_Team_p12_Jim_Li_DS.png	image/png	184455
2008_Worlds_Team_p11_Casey_Anis_LS.png	2008_Worlds_Team_p11_Casey_Anis_LS.png	image/png	225334
2008_Worlds_Day_3_p15_Michael_Raveling_LS.png	2008_Worlds_Day_3_p15_Michael_Raveling_LS.png	image/png	284569
2008_Worlds_Team_p13_Aaron_Groth_LS.png	2008_Worlds_Team_p13_Aaron_Groth_LS.png	image/png	247358
2008_Worlds_Team_p15_Chris_Wirs_LS.png	2008_Worlds_Team_p15_Chris_Wirs_LS.png	image/png	239302
2008_Worlds_Team_p14_Geoff_Dearing_DS.png	2008_Worlds_Team_p14_Geoff_Dearing_DS.png	image/png	281786
2008_Worlds_Team_p10_Brian_Fried_DS.png	2008_Worlds_Team_p10_Brian_Fried_DS.png	image/png	194100
2008_Worlds_Team_p18_Scott_Church_LS.png	2008_Worlds_Team_p18_Scott_Church_LS.png	image/png	216869
2008_Worlds_Team_p20_Ryan_French_LS.png	2008_Worlds_Team_p20_Ryan_French_LS.png	image/png	276663
2008_Worlds_Team_p19_Jesse_Reynolds_DS.png	2008_Worlds_Team_p19_Jesse_Reynolds_DS.png	image/png	254842
2008_Worlds_Team_p22_Aaron_Nelson_DS.png	2008_Worlds_Team_p22_Aaron_Nelson_DS.png	image/png	308101
2008_Worlds_Team_p16_Steve_Harpster_DS.png	2008_Worlds_Team_p16_Steve_Harpster_DS.png	image/png	293148
2008_Worlds_Team_p17_Bryan_Batdorf_LS.png	2008_Worlds_Team_p17_Bryan_Batdorf_LS.png	image/png	240095
2008_Worlds_Team_p21_Noah_DS.png	2008_Worlds_Team_p21_Noah_DS.png	image/png	198497
2008_Worlds_Team_p23_Dan_Tartaglione_DS.png	2008_Worlds_Team_p23_Dan_Tartaglione_DS.png	image/png	200762
2008_Worlds_Team_p24_James_Booker_LS.png	2008_Worlds_Team_p24_James_Booker_LS.png	image/png	232029
2008_Worlds_Team_p25_Steve_Brown_DS.png	2008_Worlds_Team_p25_Steve_Brown_DS.png	image/png	115668
2008_Worlds_Team_p28_Scott_Lingrell_DS.png	2008_Worlds_Team_p28_Scott_Lingrell_DS.png	image/png	193763
2008_Worlds_Team_p30_Bill_Kafer_DS.png	2008_Worlds_Team_p30_Bill_Kafer_DS.png	image/png	174643
2008_Worlds_Team_p26_Ejer_LS.png	2008_Worlds_Team_p26_Ejer_LS.png	image/png	237621
2008_Worlds_Team_p31_James_Barnes_DS.png	2008_Worlds_Team_p31_James_Barnes_DS.png	image/png	210204
2008_Worlds_Team_p29_Greg_Shaw_LS.png	2008_Worlds_Team_p29_Greg_Shaw_LS.png	image/png	190134
2008_Worlds_Team_p27_Ian_Westergaard_LS.png	2008_Worlds_Team_p27_Ian_Westergaard_LS.png	image/png	223164
2008_Worlds_Team_p33_Brian_Hunter_DS.png	2008_Worlds_Team_p33_Brian_Hunter_DS.png	image/png	187165
2008_Worlds_Team_p32_Michael_Richards_LS.png	2008_Worlds_Team_p32_Michael_Richards_LS.png	image/png	221289
2008_Worlds_Team_p35_Peter_Fratjord_DS.png	2008_Worlds_Team_p35_Peter_Fratjord_DS.png	image/png	189778
2008_Worlds_Team_p37_Luke_N._LS.png	2008_Worlds_Team_p37_Luke_N._LS.png	image/png	142618
2008_Worlds_Team_p36_John_Veasey_DS.png	2008_Worlds_Team_p36_John_Veasey_DS.png	image/png	219307
2008_Worlds_Team_p34_Tom_Hollingworth_LS.png	2008_Worlds_Team_p34_Tom_Hollingworth_LS.png	image/png	203424
2008_Worlds_Team_p38_Peter_Jacobson_LS.png	2008_Worlds_Team_p38_Peter_Jacobson_LS.png	image/png	250191
2008_Worlds_Team_p39_Mike_Gemme_DS.png	2008_Worlds_Team_p39_Mike_Gemme_DS.png	image/png	137637
2008_Worlds_Team_p40_Justin_Desai_LS.png	2008_Worlds_Team_p40_Justin_Desai_LS.png	image/png	221696
2008_Worlds_Team_p41_Threat_Level_Beige_LS.png	2008_Worlds_Team_p41_Threat_Level_Beige_LS.png	image/png	268962
2009_Worlds_Day_2_p01_Barry_Alperstein_LS.png	2009_Worlds_Day_2_p01_Barry_Alperstein_LS.png	image/png	317208
2009_Worlds_Day_2_p02_Barry_Alperstein_DS.png	2009_Worlds_Day_2_p02_Barry_Alperstein_DS.png	image/png	333242
2009_Worlds_Day_2_p05_James_Barnes_DS.png	2009_Worlds_Day_2_p05_James_Barnes_DS.png	image/png	258519
2009_Worlds_Day_2_p04_John_Anderson_DS.png	2009_Worlds_Day_2_p04_John_Anderson_DS.png	image/png	299978
2009_Worlds_Day_2_p03_John_Anderson_LS.png	2009_Worlds_Day_2_p03_John_Anderson_LS.png	image/png	331695
2009_Worlds_Day_2_p07_Steve_Bevan_LS.png	2009_Worlds_Day_2_p07_Steve_Bevan_LS.png	image/png	280681
2009_Worlds_Day_2_p08_Steve_Bevan_DS.png	2009_Worlds_Day_2_p08_Steve_Bevan_DS.png	image/png	264987
2009_Worlds_Day_2_p09_James_Booker_DS.png	2009_Worlds_Day_2_p09_James_Booker_DS.png	image/png	246923
2009_Worlds_Day_2_p06_James_Barnes_LS.png	2009_Worlds_Day_2_p06_James_Barnes_LS.png	image/png	260481
2009_Worlds_Day_2_p100_Greg_Shaw_DS.png	2009_Worlds_Day_2_p100_Greg_Shaw_DS.png	image/png	283498
2009_Worlds_Day_2_p102_Shannon_DS.png	2009_Worlds_Day_2_p102_Shannon_DS.png	image/png	310531
2009_Worlds_Day_2_p103_Shannon_LS.png	2009_Worlds_Day_2_p103_Shannon_LS.png	image/png	298756
2009_Worlds_Day_2_p105_Matthew_Sokol_DS.png	2009_Worlds_Day_2_p105_Matthew_Sokol_DS.png	image/png	229196
2009_Worlds_Day_2_p106_Chris_Twiss_DS.png	2009_Worlds_Day_2_p106_Chris_Twiss_DS.png	image/png	316053
2009_Worlds_Day_2_p104_Matthew_Sokol_LS.png	2009_Worlds_Day_2_p104_Matthew_Sokol_LS.png	image/png	245779
2009_Worlds_Day_2_p107_Chris_Twiss_LS.png	2009_Worlds_Day_2_p107_Chris_Twiss_LS.png	image/png	270431
2009_Worlds_Day_2_p108_John_Veasey_LS.png	2009_Worlds_Day_2_p108_John_Veasey_LS.png	image/png	280476
2009_Worlds_Day_2_p101_Greg_Shaw_LS.png	2009_Worlds_Day_2_p101_Greg_Shaw_LS.png	image/png	267079
2009_Worlds_Day_2_p111_Chris_Westergaard_LS.png	2009_Worlds_Day_2_p111_Chris_Westergaard_LS.png	image/png	235746
2009_Worlds_Day_2_p109_John_Veasey_DS.png	2009_Worlds_Day_2_p109_John_Veasey_DS.png	image/png	318368
2009_Worlds_Day_2_p112_Ian_W._LS.png	2009_Worlds_Day_2_p112_Ian_W._LS.png	image/png	284965
2009_Worlds_Day_2_p113_Ian_W._DS.png	2009_Worlds_Day_2_p113_Ian_W._DS.png	image/png	313894
2009_Worlds_Day_2_p110_Chris_Westergaard_DS.png	2009_Worlds_Day_2_p110_Chris_Westergaard_DS.png	image/png	253543
2009_Worlds_Day_2_p114_Chris_Wirth_LS.png	2009_Worlds_Day_2_p114_Chris_Wirth_LS.png	image/png	297084
2009_Worlds_Day_2_p115_Chris_Wirth_DS.png	2009_Worlds_Day_2_p115_Chris_Wirth_DS.png	image/png	278304
2009_Worlds_Day_2_p13_Jonny_Chu_DS.png	2009_Worlds_Day_2_p13_Jonny_Chu_DS.png	image/png	258771
2009_Worlds_Day_2_p12_Fezz_the_DOG_DS.png	2009_Worlds_Day_2_p12_Fezz_the_DOG_DS.png	image/png	284091
2009_Worlds_Day_2_p14_Jonny_Chu_LS.png	2009_Worlds_Day_2_p14_Jonny_Chu_LS.png	image/png	251512
2009_Worlds_Day_2_p15_Andrew_Clark_LS.png	2009_Worlds_Day_2_p15_Andrew_Clark_LS.png	image/png	354711
2009_Worlds_Day_2_p11_Fezz_the_DOG_LS.png	2009_Worlds_Day_2_p11_Fezz_the_DOG_LS.png	image/png	281290
2009_Worlds_Day_2_p18_Geoff_Dearing_DS.png	2009_Worlds_Day_2_p18_Geoff_Dearing_DS.png	image/png	278022
2009_Worlds_Day_2_p17_Geoff_Dearing_LS.png	2009_Worlds_Day_2_p17_Geoff_Dearing_LS.png	image/png	303661
2009_Worlds_Day_2_p19_Justin_Desai_LS.png	2009_Worlds_Day_2_p19_Justin_Desai_LS.png	image/png	277058
2009_Worlds_Day_2_p16_Andrew_Clark_DS.png	2009_Worlds_Day_2_p16_Andrew_Clark_DS.png	image/png	303200
2009_Worlds_Day_2_p20_Justin_Desai_DS.png	2009_Worlds_Day_2_p20_Justin_Desai_DS.png	image/png	290122
2009_Worlds_Day_2_p22_Noah_Dockendorf_DS.png	2009_Worlds_Day_2_p22_Noah_Dockendorf_DS.png	image/png	311315
2009_Worlds_Day_2_p21_Noah_Dockendorf_LS.png	2009_Worlds_Day_2_p21_Noah_Dockendorf_LS.png	image/png	248877
2009_Worlds_Day_2_p23_Lee_Edwards_DS.png	2009_Worlds_Day_2_p23_Lee_Edwards_DS.png	image/png	281647
2009_Worlds_Day_2_p24_Lee_Edwards_LS.png	2009_Worlds_Day_2_p24_Lee_Edwards_LS.png	image/png	278287
2009_Worlds_Day_2_p25_Chris_Fanchi_LS.png	2009_Worlds_Day_2_p25_Chris_Fanchi_LS.png	image/png	264833
2009_Worlds_Day_2_p26_Chris_Fanchi_DS.png	2009_Worlds_Day_2_p26_Chris_Fanchi_DS.png	image/png	309257
2009_Worlds_Day_2_p10_James_Booker_LS.png	2009_Worlds_Day_2_p10_James_Booker_LS.png	image/png	666844
2009_Worlds_Day_2_p28_Wyatt_Fox_LS.png	2009_Worlds_Day_2_p28_Wyatt_Fox_LS.png	image/png	340397
2009_Worlds_Day_2_p27_Wyatt_Fox_DS.png	2009_Worlds_Day_2_p27_Wyatt_Fox_DS.png	image/png	333084
2009_Worlds_Day_2_p29_Hot_Rod_DS.png	2009_Worlds_Day_2_p29_Hot_Rod_DS.png	image/png	631982
2009_Worlds_Day_2.pdf	2009_Worlds_Day_2.pdf	application/pdf	10405853
2009_Worlds_Day_2_p40_Chris_Gogolen_LS.png	2009_Worlds_Day_2_p40_Chris_Gogolen_LS.png	image/png	304234
2009_Worlds_Day_2_p42_Matthew_Gauntley_DS.png	2009_Worlds_Day_2_p42_Matthew_Gauntley_DS.png	image/png	279651
2009_Worlds_Day_2_p38_M_Glenn_DS.png	2009_Worlds_Day_2_p38_M_Glenn_DS.png	image/png	270045
2009_Worlds_Day_2_p41_Chris_Gogolen_DS.png	2009_Worlds_Day_2_p41_Chris_Gogolen_DS.png	image/png	309916
2009_Worlds_Day_2_p39_M_Glenn_LS.png	2009_Worlds_Day_2_p39_M_Glenn_LS.png	image/png	258239
2009_Worlds_Day_2_p31_Mike_French_DS.png	2009_Worlds_Day_2_p31_Mike_French_DS.png	image/png	267911
2009_Worlds_Day_2_p43_Matthew_Gauntley_LS.png	2009_Worlds_Day_2_p43_Matthew_Gauntley_LS.png	image/png	285161
2009_Worlds_Day_2_p30_Hot_Rod_LS.png	2009_Worlds_Day_2_p30_Hot_Rod_LS.png	image/png	681860
2009_Worlds_Day_2_p45_Joseph_Graham_LS.png	2009_Worlds_Day_2_p45_Joseph_Graham_LS.png	image/png	260752
2009_Worlds_Day_2_p44_Joseph_Graham_DS.png	2009_Worlds_Day_2_p44_Joseph_Graham_DS.png	image/png	255433
2009_Worlds_Day_2_p46_Steve_Harpster_DS.png	2009_Worlds_Day_2_p46_Steve_Harpster_DS.png	image/png	292505
2009_Worlds_Day_2_p47_Steve_Harpster_LS.png	2009_Worlds_Day_2_p47_Steve_Harpster_LS.png	image/png	281345
2009_Worlds_Day_2_p48_Jerry_Heine_DS.png	2009_Worlds_Day_2_p48_Jerry_Heine_DS.png	image/png	291896
2009_Worlds_Day_2_p49_Jerry_Heine_LS.png	2009_Worlds_Day_2_p49_Jerry_Heine_LS.png	image/png	288460
2009_Worlds_Day_2_p50_Brian_Herold_DS.png	2009_Worlds_Day_2_p50_Brian_Herold_DS.png	image/png	326538
2009_Worlds_Day_2_p51_Brian_Herold_LS.png	2009_Worlds_Day_2_p51_Brian_Herold_LS.png	image/png	342751
2009_Worlds_Day_2_p53_Brian_Hunter_LS.png	2009_Worlds_Day_2_p53_Brian_Hunter_LS.png	image/png	286918
2009_Worlds_Day_2_p52_Brian_Hunter_DS.png	2009_Worlds_Day_2_p52_Brian_Hunter_DS.png	image/png	237521
2009_Worlds_Day_2_p55_Matt_Jones_LS.png	2009_Worlds_Day_2_p55_Matt_Jones_LS.png	image/png	315356
2009_Worlds_Day_2_p54_Nick_Jones_DS.png	2009_Worlds_Day_2_p54_Nick_Jones_DS.png	image/png	320773
2009_Worlds_Day_2_p58_Dan_Kim_LS.png	2009_Worlds_Day_2_p58_Dan_Kim_LS.png	image/png	307719
2009_Worlds_Day_2_p57_Bill_Kafer_LS.png	2009_Worlds_Day_2_p57_Bill_Kafer_LS.png	image/png	241545
2009_Worlds_Day_2_p56_Bill_Kafer_DS.png	2009_Worlds_Day_2_p56_Bill_Kafer_DS.png	image/png	262310
2009_Worlds_Day_2_p59_Dan_Kim_DS.png	2009_Worlds_Day_2_p59_Dan_Kim_DS.png	image/png	266570
2009_Worlds_Day_2_p62_Jarad_K_LS.png	2009_Worlds_Day_2_p62_Jarad_K_LS.png	image/png	196346
2009_Worlds_Day_2_p63_Jarad_K_DS.png	2009_Worlds_Day_2_p63_Jarad_K_DS.png	image/png	180008
2009_Worlds_Day_2_p60_Aaron_Kingery_LS.png	2009_Worlds_Day_2_p60_Aaron_Kingery_LS.png	image/png	295636
2009_Worlds_Day_2_p71_Scott_Lingrell_LS.png	2009_Worlds_Day_2_p71_Scott_Lingrell_LS.png	image/png	250122
2009_Worlds_Day_2_p70_Garrett_Larson_LS.png	2009_Worlds_Day_2_p70_Garrett_Larson_LS.png	image/png	269454
2009_Worlds_Day_2_p69_Garrett_Larson_DS.png	2009_Worlds_Day_2_p69_Garrett_Larson_DS.png	image/png	278498
2009_Worlds_Day_2_p61_Aaron_Kingery_DS.png	2009_Worlds_Day_2_p61_Aaron_Kingery_DS.png	image/png	304241
2009_Worlds_Day_2_p72_Scott_Lingrell_DS.png	2009_Worlds_Day_2_p72_Scott_Lingrell_DS.png	image/png	209527
2009_Worlds_Day_2_p73_Dave_McCord_LS.png	2009_Worlds_Day_2_p73_Dave_McCord_LS.png	image/png	289632
2009_Worlds_Day_2_p74_Dave_McCord_DS.png	2009_Worlds_Day_2_p74_Dave_McCord_DS.png	image/png	270656
2009_Worlds_Day_2_p77_Kyle_Miller_LS.png	2009_Worlds_Day_2_p77_Kyle_Miller_LS.png	image/png	280906
2009_Worlds_Day_2_p76_Thomas_McCord_DS.png	2009_Worlds_Day_2_p76_Thomas_McCord_DS.png	image/png	253142
2009_Worlds_Day_2_p78_Kyle_Miller_DS.png	2009_Worlds_Day_2_p78_Kyle_Miller_DS.png	image/png	263052
2009_Worlds_Day_2_p80_Justin_Montgomery_LS.png	2009_Worlds_Day_2_p80_Justin_Montgomery_LS.png	image/png	290928
2009_Worlds_Day_2_p79_Justin_Montgomery_DS.png	2009_Worlds_Day_2_p79_Justin_Montgomery_DS.png	image/png	302118
2009_Worlds_Day_2_p75_Thomas_McCord_LS.png	2009_Worlds_Day_2_p75_Thomas_McCord_LS.png	image/png	314979
2009_Worlds_Day_2_p81_Aaron_Nelson_DS.png	2009_Worlds_Day_2_p81_Aaron_Nelson_DS.png	image/png	293326
2009_Worlds_Day_2_p82_Aaron_Nelson_LS.png	2009_Worlds_Day_2_p82_Aaron_Nelson_LS.png	image/png	329976
2009_Worlds_Day_2_p88_Mark_Peterson_DS.png	2009_Worlds_Day_2_p88_Mark_Peterson_DS.png	image/png	361687
2009_Worlds_Day_2_p89_Mark_Peterson_LS.png	2009_Worlds_Day_2_p89_Mark_Peterson_LS.png	image/png	300479
2009_Worlds_Day_2_p91_Joe_Pinto_DS.png	2009_Worlds_Day_2_p91_Joe_Pinto_DS.png	image/png	282299
2009_Worlds_Day_2_p92_Michael_Richards_DS.png	2009_Worlds_Day_2_p92_Michael_Richards_DS.png	image/png	266819
2009_Worlds_Day_2_p90_Joe_Pinto_LS.png	2009_Worlds_Day_2_p90_Joe_Pinto_LS.png	image/png	280607
2009_Worlds_Day_2_p93_Michael_Richards_LS.png	2009_Worlds_Day_2_p93_Michael_Richards_LS.png	image/png	324012
2009_Worlds_Day_2_p94_Chris_Schoenthal_LS.png	2009_Worlds_Day_2_p94_Chris_Schoenthal_LS.png	image/png	331558
2009_Worlds_Day_3_p01_Jonny_Chu_DS.png	2009_Worlds_Day_3_p01_Jonny_Chu_DS.png	image/png	207974
2009_Worlds_Day_2_p95_Chris_Schoenthal_DS.png	2009_Worlds_Day_2_p95_Chris_Schoenthal_DS.png	image/png	310973
2009_Worlds_Day_2_p96_Paul_Schumann_LS.png	2009_Worlds_Day_2_p96_Paul_Schumann_LS.png	image/png	303322
2009_Worlds_Day_2_p98_Thomas_Schumann_DS.png	2009_Worlds_Day_2_p98_Thomas_Schumann_DS.png	image/png	306710
2009_Worlds_Day_2_p97_Paul_Schumann_DS.png	2009_Worlds_Day_2_p97_Paul_Schumann_DS.png	image/png	341775
2009_Worlds_Day_2_p99_Thomas_Schumann_LS.png	2009_Worlds_Day_2_p99_Thomas_Schumann_LS.png	image/png	367546
2009_Worlds_Day_3.pdf	2009_Worlds_Day_3.pdf	application/pdf	1223775
2009_Worlds_Day_3_p02_Jonny_Chu_LS.png	2009_Worlds_Day_3_p02_Jonny_Chu_LS.png	image/png	202807
2009_Worlds_Day_3_p07_Brian_Hunter_LS.png	2009_Worlds_Day_3_p07_Brian_Hunter_LS.png	image/png	196510
2009_Worlds_Day_3_p08_Brian_Hunter_DS.png	2009_Worlds_Day_3_p08_Brian_Hunter_DS.png	image/png	192179
2009_Worlds_Day_3_p06_Mike_Gerome_LS.png	2009_Worlds_Day_3_p06_Mike_Gerome_LS.png	image/png	213389
2009_Worlds_Day_3_p09_Aaron_Nelson_DS.png	2009_Worlds_Day_3_p09_Aaron_Nelson_DS.png	image/png	214284
2009_Worlds_Day_3_p05_Mike_Gerome_DS.png	2009_Worlds_Day_3_p05_Mike_Gerome_DS.png	image/png	200086
2009_Worlds_Day_3_p04_Justin_Desai_LS.png	2009_Worlds_Day_3_p04_Justin_Desai_LS.png	image/png	214633
2009_Worlds_Day_3_p03_Justin_Desai_DS.png	2009_Worlds_Day_3_p03_Justin_Desai_DS.png	image/png	217862
2009_Worlds_Day_3_p10_Aaron_Nelson_LS.png	2009_Worlds_Day_3_p10_Aaron_Nelson_LS.png	image/png	230182
2009_Worlds_Day_3_p16_Matthew_Sokol_DS.png	2009_Worlds_Day_3_p16_Matthew_Sokol_DS.png	image/png	211432
2009_Worlds_Day_3_p15_Matthew_Sokol_LS.png	2009_Worlds_Day_3_p15_Matthew_Sokol_LS.png	image/png	175821
2009_Worlds_Day_3_p17_Ian_W._DS.png	2009_Worlds_Day_3_p17_Ian_W._DS.png	image/png	234594
2009_Worlds_Day_3_p18_Ian_W._LS.png	2009_Worlds_Day_3_p18_Ian_W._LS.png	image/png	190382
2009_Worlds_Team_p01_Mike_Richards_DS.png	2009_Worlds_Team_p01_Mike_Richards_DS.png	image/png	1692848
2009_Worlds_Team.pdf	2009_Worlds_Team.pdf	application/pdf	4578299
2009_Worlds_Team_p02_James_Barnes_LS.png	2009_Worlds_Team_p02_James_Barnes_LS.png	image/png	1640382
2009_Worlds_Team_p03_Adam_Nelson_DS.png	2009_Worlds_Team_p03_Adam_Nelson_DS.png	image/png	1721550
2009_Worlds_Team_p04_Shannon_LS.png	2009_Worlds_Team_p04_Shannon_LS.png	image/png	1538163
2009_Worlds_Team_p05_M_Glenn_LS.png	2009_Worlds_Team_p05_M_Glenn_LS.png	image/png	1597601
2009_Worlds_Team_p06_Justin_Desai_DS.png	2009_Worlds_Team_p06_Justin_Desai_DS.png	image/png	1543841
2009_Worlds_Team_p07_Chris_Gogolen_DS.png	2009_Worlds_Team_p07_Chris_Gogolen_DS.png	image/png	1572567
2009_Worlds_Team_p08_Scott_Lingrell_LS.png	2009_Worlds_Team_p08_Scott_Lingrell_LS.png	image/png	1528243
2009_Worlds_Team_p10_Bill_Kafer_DS.png	2009_Worlds_Team_p10_Bill_Kafer_DS.png	image/png	1505327
2009_Worlds_Team_p11_Brian_Herold_DS.png	2009_Worlds_Team_p11_Brian_Herold_DS.png	image/png	1765262
2009_Worlds_Team_p13_Shane_Punklord_DS.png	2009_Worlds_Team_p13_Shane_Punklord_DS.png	image/png	1605142
2009_Worlds_Team_p09_Greg_Shaw_LS.png	2009_Worlds_Team_p09_Greg_Shaw_LS.png	image/png	1574221
2009_Worlds_Team_p12_Garrett_Larson_LS.png	2009_Worlds_Team_p12_Garrett_Larson_LS.png	image/png	1666309
2009_Worlds_Team_p15_Chris_Fanchi_DS.png	2009_Worlds_Team_p15_Chris_Fanchi_DS.png	image/png	1604845
2009_Worlds_Team_p14_Hank_Mardukas_LS.png	2009_Worlds_Team_p14_Hank_Mardukas_LS.png	image/png	1767372
2009_Worlds_Team_p16_Joseph_Graham_LS.png	2009_Worlds_Team_p16_Joseph_Graham_LS.png	image/png	1638900
2009_Worlds_Team_p17_John_Sonneburg_LS.png	2009_Worlds_Team_p17_John_Sonneburg_LS.png	image/png	1603676
2009_Worlds_Team_p18_Brandon_Schele_DS.png	2009_Worlds_Team_p18_Brandon_Schele_DS.png	image/png	1733641
2009_Worlds_Team_p20_John_Veasey_LS.png	2009_Worlds_Team_p20_John_Veasey_LS.png	image/png	1599732
2009_Worlds_Team_p21_SAN_LS.png	2009_Worlds_Team_p21_SAN_LS.png	image/png	1807960
2009_Worlds_Team_p19_Mark_Peterson_DS.png	2009_Worlds_Team_p19_Mark_Peterson_DS.png	image/png	1732840
2010_Worlds_Day_2_p02_Barry_Alperstein_LS.png	2010_Worlds_Day_2_p02_Barry_Alperstein_LS.png	image/png	106345
2010_Worlds_Day_2_p03_John_Anderson_DS.png	2010_Worlds_Day_2_p03_John_Anderson_DS.png	image/png	100203
2010_Worlds_Day_2_p04_John_Anderson_LS.png	2010_Worlds_Day_2_p04_John_Anderson_LS.png	image/png	98414
2010_Worlds_Day_2_p09_James_Barnes_DS.png	2010_Worlds_Day_2_p09_James_Barnes_DS.png	image/png	87694
2010_Worlds_Day_2.pdf	2010_Worlds_Day_2.pdf	application/pdf	7694697
2010_Worlds_Day_2_p07_Vikram_Bali_DS.png	2010_Worlds_Day_2_p07_Vikram_Bali_DS.png	image/png	105010
2010_Worlds_Day_2_p08_Vikram_Bali_LS.png	2010_Worlds_Day_2_p08_Vikram_Bali_LS.png	image/png	106823
2010_Worlds_Day_2_p101_Greg_Shaw_DS.png	2010_Worlds_Day_2_p101_Greg_Shaw_DS.png	image/png	98895
2010_Worlds_Day_2_p104_R_Smith_LS.png	2010_Worlds_Day_2_p104_R_Smith_LS.png	image/png	88880
2010_Worlds_Day_2_p113_John_Veasey_DS.png	2010_Worlds_Day_2_p113_John_Veasey_DS.png	image/png	82550
2010_Worlds_Day_2_p109_Chris_Twiss_DS.png	2010_Worlds_Day_2_p109_Chris_Twiss_DS.png	image/png	86487
2010_Worlds_Day_2_p110_Chris_Twiss_LS.png	2010_Worlds_Day_2_p110_Chris_Twiss_LS.png	image/png	88034
2010_Worlds_Day_2_p111_Mike_Tomashewski_DS.png	2010_Worlds_Day_2_p111_Mike_Tomashewski_DS.png	image/png	82208
2010_Worlds_Day_2_p10_James_Barnes_LS.png	2010_Worlds_Day_2_p10_James_Barnes_LS.png	image/png	77476
2010_Worlds_Day_2_p105_Matthew_Sokol_DS.png	2010_Worlds_Day_2_p105_Matthew_Sokol_DS.png	image/png	83992
2010_Worlds_Day_2_p119_Chris_Wirfs_DS.png	2010_Worlds_Day_2_p119_Chris_Wirfs_DS.png	image/png	96829
2010_Worlds_Day_2_p11_Steve_Baroni_DS.png	2010_Worlds_Day_2_p11_Steve_Baroni_DS.png	image/png	112716
2010_Worlds_Day_2_p122_Rick_Zuchowski_DS.png	2010_Worlds_Day_2_p122_Rick_Zuchowski_DS.png	image/png	91765
2010_Worlds_Day_2_p21_Scott_Church_DS.png	2010_Worlds_Day_2_p21_Scott_Church_DS.png	image/png	62864
2010_Worlds_Day_2_p13_Paul_Bansal_DS.png	2010_Worlds_Day_2_p13_Paul_Bansal_DS.png	image/png	92642
2010_Worlds_Day_2_p18_Justin_Carulli_LS.png	2010_Worlds_Day_2_p18_Justin_Carulli_LS.png	image/png	96000
2010_Worlds_Day_2_p14_Paul_Bansal_LS.png	2010_Worlds_Day_2_p14_Paul_Bansal_LS.png	image/png	90926
2010_Worlds_Day_2_p12_Steve_Baroni_LS.png	2010_Worlds_Day_2_p12_Steve_Baroni_LS.png	image/png	105902
2010_Worlds_Day_2_p15_Ben_Brummett_DS.png	2010_Worlds_Day_2_p15_Ben_Brummett_DS.png	image/png	105789
2010_Worlds_Day_2_p16_Ben_Brummett_LS.png	2010_Worlds_Day_2_p16_Ben_Brummett_LS.png	image/png	103101
2010_Worlds_Day_2_p24_Nick_Culpepper_LS.png	2010_Worlds_Day_2_p24_Nick_Culpepper_LS.png	image/png	87318
2010_Worlds_Day_2_p22_Scott_Church_LS.png	2010_Worlds_Day_2_p22_Scott_Church_LS.png	image/png	68427
2010_Worlds_Day_2_p23_Nick_Culpepper_DS.png	2010_Worlds_Day_2_p23_Nick_Culpepper_DS.png	image/png	86703
2010_Worlds_Day_2_p25_Mike_Hardinge_DS.png	2010_Worlds_Day_2_p25_Mike_Hardinge_DS.png	image/png	88895
2010_Worlds_Day_2_p31_Brian_Fred_DS.png	2010_Worlds_Day_2_p31_Brian_Fred_DS.png	image/png	89050
2010_Worlds_Day_2_p37_Allen_Gaible_DS.png	2010_Worlds_Day_2_p37_Allen_Gaible_DS.png	image/png	88075
2010_Worlds_Day_2_p38_Allen_Gaible_LS.png	2010_Worlds_Day_2_p38_Allen_Gaible_LS.png	image/png	91426
2010_Worlds_Day_2_p27_Justin_Desai_DS.png	2010_Worlds_Day_2_p27_Justin_Desai_DS.png	image/png	109922
2010_Worlds_Day_2_p41_Matthew_Gountis_DS.png	2010_Worlds_Day_2_p41_Matthew_Gountis_DS.png	image/png	68806
2010_Worlds_Day_2_p39_Chris_Gogolen_DS.png	2010_Worlds_Day_2_p39_Chris_Gogolen_DS.png	image/png	80363
2010_Worlds_Day_2_p40_Chris_Gogolen_LS.png	2010_Worlds_Day_2_p40_Chris_Gogolen_LS.png	image/png	84339
2010_Worlds_Day_2_p42_Matthew_Gountis_LS.png	2010_Worlds_Day_2_p42_Matthew_Gountis_LS.png	image/png	70696
2010_Worlds_Day_2_p47_Greg_Hodur_DS.png	2010_Worlds_Day_2_p47_Greg_Hodur_DS.png	image/png	91134
2010_Worlds_Day_2_p48_Greg_Hodur_LS.png	2010_Worlds_Day_2_p48_Greg_Hodur_LS.png	image/png	90179
2010_Worlds_Day_2_p55_Bill_Kafer_DS.png	2010_Worlds_Day_2_p55_Bill_Kafer_DS.png	image/png	69696
2010_Worlds_Day_2_p57_Mike_Kessler_DS.png	2010_Worlds_Day_2_p57_Mike_Kessler_DS.png	image/png	87669
2010_Worlds_Day_2_p63_Aaron_Kingery_DS.png	2010_Worlds_Day_2_p63_Aaron_Kingery_DS.png	image/png	84315
2010_Worlds_Day_2_p64_Aaron_Kingery_LS.png	2010_Worlds_Day_2_p64_Aaron_Kingery_LS.png	image/png	85784
2010_Worlds_Day_2_p67_Kyle_Krueger_DS.png	2010_Worlds_Day_2_p67_Kyle_Krueger_DS.png	image/png	91353
2010_Worlds_Day_2_p70_Cole_Lepine_LS.png	2010_Worlds_Day_2_p70_Cole_Lepine_LS.png	image/png	96635
2010_Worlds_Day_2_p69_Cole_Lepine_DS.png	2010_Worlds_Day_2_p69_Cole_Lepine_DS.png	image/png	92504
2010_Worlds_Day_2_p75_Justin_Montgomery_DS.png	2010_Worlds_Day_2_p75_Justin_Montgomery_DS.png	image/png	60116
2010_Worlds_Day_2_p74_Scott_Lingrell_LS.png	2010_Worlds_Day_2_p74_Scott_Lingrell_LS.png	image/png	63985
2010_Worlds_Day_2_p77_Andrew_Morris_DS.png	2010_Worlds_Day_2_p77_Andrew_Morris_DS.png	image/png	83645
2010_Worlds_Day_2_p78_Andrew_Morris_LS.png	2010_Worlds_Day_2_p78_Andrew_Morris_LS.png	image/png	93139
2010_Worlds_Day_2_p79_Jonathan_Murray_DS.png	2010_Worlds_Day_2_p79_Jonathan_Murray_DS.png	image/png	92111
2010_Worlds_Day_2_p81_Alex_O'Shea_DS.png	2010_Worlds_Day_2_p81_Alex_O'Shea_DS.png	image/png	85085
2010_Worlds_Day_2_p97_Paul_Schumann_DS.png	2010_Worlds_Day_2_p97_Paul_Schumann_DS.png	image/png	89024
2010_Worlds_Day_2_p89_Michael_Pistone_DS.png	2010_Worlds_Day_2_p89_Michael_Pistone_DS.png	image/png	87030
2010_Worlds_Day_2_p80_Jonathan_Murray_LS.png	2010_Worlds_Day_2_p80_Jonathan_Murray_LS.png	image/png	91492
2010_Worlds_Day_2_p98_Paul_Schumann_LS.png	2010_Worlds_Day_2_p98_Paul_Schumann_LS.png	image/png	107456
2010_Worlds_Day_2_p82_Alex_O'Shea_LS.png	2010_Worlds_Day_2_p82_Alex_O'Shea_LS.png	image/png	84271
2010_Worlds_Day_3_p01_Steve_Baroni_LS.png	2010_Worlds_Day_3_p01_Steve_Baroni_LS.png	image/png	171401
2010_Worlds_Day_3_p03_Jonny_Chu_LS.png	2010_Worlds_Day_3_p03_Jonny_Chu_LS.png	image/png	467031
2010_Worlds_Day_3_p06_Justin_Desai_DS.png	2010_Worlds_Day_3_p06_Justin_Desai_DS.png	image/png	513399
2010_Worlds_Day_3.pdf	2010_Worlds_Day_3.pdf	application/pdf	998868
2010_Worlds_Day_3_p07_Dan_Kim_LS.png	2010_Worlds_Day_3_p07_Dan_Kim_LS.png	image/png	617998
2010_Worlds_Day_3_p09_Aaron_Kingery_LS.png	2010_Worlds_Day_3_p09_Aaron_Kingery_LS.png	image/png	431805
2010_Worlds_Day_3_p10_Aaron_Kingery_DS.png	2010_Worlds_Day_3_p10_Aaron_Kingery_DS.png	image/png	173232
2010_Worlds_Day_3_p04_Jonny_Chu_DS.png	2010_Worlds_Day_3_p04_Jonny_Chu_DS.png	image/png	452050
2010_Worlds_Day_3_p13_Matthew_Sokol_LS.png	2010_Worlds_Day_3_p13_Matthew_Sokol_LS.png	image/png	415479
2010_Worlds_Day_3_p14_Matthew_Sokol_DS.png	2010_Worlds_Day_3_p14_Matthew_Sokol_DS.png	image/png	402090
2010_Worlds_Day_3_p15_Chris_Twiss_LS.png	2010_Worlds_Day_3_p15_Chris_Twiss_LS.png	image/png	483285
2011_Worlds_Day_2_Aaron_Kingery_DS_Spice_Mine_Operations.png	2011_Worlds_Day_2_Aaron_Kingery_DS_Spice_Mine_Operations.png	image/png	188395
2010_Worlds_Day_3_p16_Chris_Terwilliger_DS.png	2010_Worlds_Day_3_p16_Chris_Terwilliger_DS.png	image/png	467182
2011_Worlds_Day_2_Aaron_Kingery_LS_Hidden_Base.png	2011_Worlds_Day_2_Aaron_Kingery_LS_Hidden_Base.png	image/png	167889
2011_Worlds_Day_2_Aaron_Nelson_DS_Hunt_Down.png	2011_Worlds_Day_2_Aaron_Nelson_DS_Hunt_Down.png	image/png	145308
2011_Worlds_Day_2_Aaron_Nelson_LS_Profit.png	2011_Worlds_Day_2_Aaron_Nelson_LS_Profit.png	image/png	150387
2010_Worlds_Day_3_p05_Justin_Desai_LS.png	2010_Worlds_Day_3_p05_Justin_Desai_LS.png	image/png	514055
2010_Worlds_Day_3_p08_Dan_Kim_DS.png	2010_Worlds_Day_3_p08_Dan_Kim_DS.png	image/png	651218
2011_Worlds_Day_2_Adam_Beauchamp_LS_Communing.png	2011_Worlds_Day_2_Adam_Beauchamp_LS_Communing.png	image/png	164570
2011_Worlds_Day_2_Adam_Beauchamp_DS_Imperial_Occupation.png	2011_Worlds_Day_2_Adam_Beauchamp_DS_Imperial_Occupation.png	image/png	166552
2011_Worlds_Day_2_Adam_Howland_DS_Ralltiir_Operations.png	2011_Worlds_Day_2_Adam_Howland_DS_Ralltiir_Operations.png	image/png	175794
2011_Worlds_Day_2_Adam_Howland_LS_Quiet_Mining_Colony.png	2011_Worlds_Day_2_Adam_Howland_LS_Quiet_Mining_Colony.png	image/png	178956
2011_Worlds_Day_2_Alex_O'Shea_DS_Come_Here_You_Big_Coward.png	2011_Worlds_Day_2_Alex_O'Shea_DS_Come_Here_You_Big_Coward.png	image/png	164955
2011_Worlds_Day_2_Alex_O'Shea_LS_Communing.png	2011_Worlds_Day_2_Alex_O'Shea_LS_Communing.png	image/png	172753
2011_Worlds_Day_2_Andrew_Moss_DS_Imperial_Occupation.png	2011_Worlds_Day_2_Andrew_Moss_DS_Imperial_Occupation.png	image/png	155338
2011_Worlds_Day_2_Andrew_Moss_LS_Rebel_Strike_Team.png	2011_Worlds_Day_2_Andrew_Moss_LS_Rebel_Strike_Team.png	image/png	147537
2011_Worlds_Day_2_Angelo_Consoli_DS_Imperial_Entanglements.png	2011_Worlds_Day_2_Angelo_Consoli_DS_Imperial_Entanglements.png	image/png	169490
2011_Worlds_Day_2_Angelo_Consoli_LS_Mind_What_You_Have_Learned.png	2011_Worlds_Day_2_Angelo_Consoli_LS_Mind_What_You_Have_Learned.png	image/png	158378
2011_Worlds_Day_2_Barry_Alperstein_DS_Imperial_Occupation.png	2011_Worlds_Day_2_Barry_Alperstein_DS_Imperial_Occupation.png	image/png	156070
2011_Worlds_Day_2_Ben_Brummett_DS_Invasion.png	2011_Worlds_Day_2_Ben_Brummett_DS_Invasion.png	image/png	163987
2011_Worlds_Day_2_Barry_Alperstein_LS_Communing.png	2011_Worlds_Day_2_Barry_Alperstein_LS_Communing.png	image/png	161304
2011_Worlds_Day_2.pdf	2011_Worlds_Day_2.pdf	application/pdf	12222572
2011_Worlds_Day_2_Bill_Kafer_DS_Hunt_Down_And_Destroy_The_Jedi.png	2011_Worlds_Day_2_Bill_Kafer_DS_Hunt_Down_And_Destroy_The_Jedi.png	image/png	145896
2011_Worlds_Day_2_Ben_Brummett_LS_Anger,_Fear,_Aggression.png	2011_Worlds_Day_2_Ben_Brummett_LS_Anger,_Fear,_Aggression.png	image/png	168564
2011_Worlds_Day_2_Bill_Kafer_LS_Anger,_Fear,_Aggression.png	2011_Worlds_Day_2_Bill_Kafer_LS_Anger,_Fear,_Aggression.png	image/png	146211
2011_Worlds_Day_2_Brian_Herold_DS_Imperial_Occupation.png	2011_Worlds_Day_2_Brian_Herold_DS_Imperial_Occupation.png	image/png	168492
2011_Worlds_Day_2_Brian_Herold_LS_Center_Of_Tyranny.png	2011_Worlds_Day_2_Brian_Herold_LS_Center_Of_Tyranny.png	image/png	175692
2011_Worlds_Day_2_Brian_Hollingsworth_DS_Spice_Mine_Operations.png	2011_Worlds_Day_2_Brian_Hollingsworth_DS_Spice_Mine_Operations.png	image/png	160238
2011_Worlds_Day_2_Brian_Hollingsworth_LS_Quiet_Mining_Colony.png	2011_Worlds_Day_2_Brian_Hollingsworth_LS_Quiet_Mining_Colony.png	image/png	161978
2011_Worlds_Day_2_Caleb_Foth_DS_Imperial_Occupation.png	2011_Worlds_Day_2_Caleb_Foth_DS_Imperial_Occupation.png	image/png	164599
2011_Worlds_Day_2_Caleb_Foth_LS_Mind_What_You_Have_Learned.png	2011_Worlds_Day_2_Caleb_Foth_LS_Mind_What_You_Have_Learned.png	image/png	167564
2011_Worlds_Day_2_Chris_Gogolen_DS_Hunt_Down_And_Destroy_The_Jedi.png	2011_Worlds_Day_2_Chris_Gogolen_DS_Hunt_Down_And_Destroy_The_Jedi.png	image/png	166437
2011_Worlds_Day_2_Chris_Gogolen_LS_Watch_Your_Step.png	2011_Worlds_Day_2_Chris_Gogolen_LS_Watch_Your_Step.png	image/png	150818
2011_Worlds_Day_2_Chris_Menzel_DS_Hunt_Down_And_Destroy_The_Jedi.png	2011_Worlds_Day_2_Chris_Menzel_DS_Hunt_Down_And_Destroy_The_Jedi.png	image/png	113674
2011_Worlds_Day_2_Chris_Menzel_LS_Mind_What_You_Have_Learned.png	2011_Worlds_Day_2_Chris_Menzel_LS_Mind_What_You_Have_Learned.png	image/png	126005
2011_Worlds_Day_2_Chris_Schoenthal_LS_Communing.png	2011_Worlds_Day_2_Chris_Schoenthal_LS_Communing.png	image/png	161007
2011_Worlds_Day_2_Chris_Schoenthal_DS_Hunt_Down_And_Destroy_The_Jedi.png	2011_Worlds_Day_2_Chris_Schoenthal_DS_Hunt_Down_And_Destroy_The_Jedi.png	image/png	161379
2011_Worlds_Day_2_Chris_Terwilliger_DS_Spice_Mine_Operations.png	2011_Worlds_Day_2_Chris_Terwilliger_DS_Spice_Mine_Operations.png	image/png	193162
2011_Worlds_Day_2_Chris_Terwilliger_LS_Center_Of_Tyranny.png	2011_Worlds_Day_2_Chris_Terwilliger_LS_Center_Of_Tyranny.png	image/png	181512
2011_Worlds_Day_2_Christopher_Bennett_DS_Set_Your_Course_For_Alderaan.png	2011_Worlds_Day_2_Christopher_Bennett_DS_Set_Your_Course_For_Alderaan.png	image/png	154725
2011_Worlds_Day_2_Christopher_Bennett_LS_You_Can_Either_Profit_By_This_Or_Be_Destroyed.png	2011_Worlds_Day_2_Christopher_Bennett_LS_You_Can_Either_Profit_By_This_Or_Be_Destroyed.png	image/png	154515
2011_Worlds_Day_2_Cole_Lepine_DS_Ralltiir_Operations.png	2011_Worlds_Day_2_Cole_Lepine_DS_Ralltiir_Operations.png	image/png	156912
2011_Worlds_Day_2_David_Destefanis_LS_We'll_Handle_This.png	2011_Worlds_Day_2_David_Destefanis_LS_We'll_Handle_This.png	image/png	156111
2011_Worlds_Day_2_Jake_Nelson_DS_My_Lord,_Is_That_Legal?.png	2011_Worlds_Day_2_Jake_Nelson_DS_My_Lord,_Is_That_Legal.png	image/png	142308
2011_Worlds_Day_2_David_Mearns_DS_Endor_Operations.png	2011_Worlds_Day_2_David_Mearns_DS_Endor_Operations.png	image/png	159788
2011_Worlds_Day_2_Cole_Lepine_LS_Heading_For_The_Medical_Frigate.png	2011_Worlds_Day_2_Cole_Lepine_LS_Heading_For_The_Medical_Frigate.png	image/png	153288
2011_Worlds_Day_2_Jack_McGuigan_DS_Spice_Mine_Operations.png	2011_Worlds_Day_2_Jack_McGuigan_DS_Spice_Mine_Operations.png	image/png	183004
2011_Worlds_Day_2_Greg_Shaw_DS_Hunt_Down_And_Destroy_The_Jedi.png	2011_Worlds_Day_2_Greg_Shaw_DS_Hunt_Down_And_Destroy_The_Jedi.png	image/png	176827
2011_Worlds_Day_2_Greg_Shaw_LS_Yavin_4_Massassi_Throne_Room.png	2011_Worlds_Day_2_Greg_Shaw_LS_Yavin_4_Massassi_Throne_Room.png	image/png	175081
2011_Worlds_Day_2_Emerson_Sklar_LS_Center_Of_Tyranny.png	2011_Worlds_Day_2_Emerson_Sklar_LS_Center_Of_Tyranny.png	image/png	167670
2011_Worlds_Day_2_Jake_Nelson_LS_Quiet_Mining_Colony.png	2011_Worlds_Day_2_Jake_Nelson_LS_Quiet_Mining_Colony.png	image/png	143584
2011_Worlds_Day_2_Jan_Westergard_LS_Plead_My_Case_To_The_Senate.png	2011_Worlds_Day_2_Jan_Westergard_LS_Plead_My_Case_To_The_Senate.png	image/png	139406
2011_Worlds_Day_2_John_Anderson_LS_Center_Of_Tyranny.png	2011_Worlds_Day_2_John_Anderson_LS_Center_Of_Tyranny.png	image/png	177710
2011_Worlds_Day_2_Joe_Orthner_LS_Careful_Planning.png	2011_Worlds_Day_2_Joe_Orthner_LS_Careful_Planning.png	image/png	193796
2011_Worlds_Day_2_Jonathan_Murray_LS_Plead_My_Case_To_The_Senate.png	2011_Worlds_Day_2_Jonathan_Murray_LS_Plead_My_Case_To_The_Senate.png	image/png	172112
2011_Worlds_Day_2_Jonathan_Murray_DS_Imperial_Occupation.png	2011_Worlds_Day_2_Jonathan_Murray_DS_Imperial_Occupation.png	image/png	182092
2011_Worlds_Day_2_Joe_Orthner_DS_Court_Of_The_Vile_Gangster.png	2011_Worlds_Day_2_Joe_Orthner_DS_Court_Of_The_Vile_Gangster.png	image/png	179315
2011_Worlds_Day_2_John_Anderson_DS_Endor_Operations.png	2011_Worlds_Day_2_John_Anderson_DS_Endor_Operations.png	image/png	177450
2011_Worlds_Day_2_Jonny_Chu_LS_Hidden_Base.png	2011_Worlds_Day_2_Jonny_Chu_LS_Hidden_Base.png	image/png	159737
2011_Worlds_Day_2_Josh_Mack_LS_Communing.png	2011_Worlds_Day_2_Josh_Mack_LS_Communing.png	image/png	178697
2011_Worlds_Day_2_Justin_Desai_DS_Hunt_Down.png	2011_Worlds_Day_2_Justin_Desai_DS_Hunt_Down.png	image/png	185275
2011_Worlds_Day_2_K._Brown_DS_Imperial_Occupation.png	2011_Worlds_Day_2_K._Brown_DS_Imperial_Occupation.png	image/png	151634
2011_Worlds_Day_2_Justin_Desai_LS_Plead_My_Case.png	2011_Worlds_Day_2_Justin_Desai_LS_Plead_My_Case.png	image/png	171368
2011_Worlds_Day_2_K._Brown_LS_Plead_My_Case_To_The_Senate.png	2011_Worlds_Day_2_K._Brown_LS_Plead_My_Case_To_The_Senate.png	image/png	150822
2011_Worlds_Day_2_Jonny_Chu_DS_Kessel.png	2011_Worlds_Day_2_Jonny_Chu_DS_Kessel.png	image/png	163749
2011_Worlds_Day_2_Kevin_Shannon_DS_Hunt_Down.png	2011_Worlds_Day_2_Kevin_Shannon_DS_Hunt_Down.png	image/png	191996
2011_Worlds_Day_2_Kevin_Shannon_LS_Communing.png	2011_Worlds_Day_2_Kevin_Shannon_LS_Communing.png	image/png	177590
2011_Worlds_Day_2_Matthew_Harrison-Trainor_LS_You_Can_Either_Profit_By_This_Or_Be_Destroyed.png	2011_Worlds_Day_2_Matthew_Harrison-Trainor_LS_You_Can_Either_Profit_By_This_Or_Be_Destroyed.png	image/png	164121
2011_Worlds_Day_2_Matt_Sherrington_DS_Imperial_Occupation.png	2011_Worlds_Day_2_Matt_Sherrington_DS_Imperial_Occupation.png	image/png	167326
2011_Worlds_Day_2_Michael_Pistone_DS_Ralltiir_Operations.png	2011_Worlds_Day_2_Michael_Pistone_DS_Ralltiir_Operations.png	image/png	188424
2011_Worlds_Day_2_Matthew_Harrison-Trainor_DS_Ralltiir_Operations.png	2011_Worlds_Day_2_Matthew_Harrison-Trainor_DS_Ralltiir_Operations.png	image/png	165667
2011_Worlds_Day_2_Mike_D'Ambroise_DS_ISB_Operations.png	2011_Worlds_Day_2_Mike_D'Ambroise_DS_ISB_Operations.png	image/png	183119
2011_Worlds_Day_2_Mike_D'Ambroise_LS_Communing.png	2011_Worlds_Day_2_Mike_D'Ambroise_LS_Communing.png	image/png	189368
2011_Worlds_Day_2_Mike_Kessling_DS_Imperial_Occupation.png	2011_Worlds_Day_2_Mike_Kessling_DS_Imperial_Occupation.png	image/png	164701
2011_Worlds_Day_2_Mike_Kessling_LS_Plead_My_Case_To_The_Senate.png	2011_Worlds_Day_2_Mike_Kessling_LS_Plead_My_Case_To_The_Senate.png	image/png	161093
2011_Worlds_Day_2_PMJ_DS_Ralltiir_Operations.png	2011_Worlds_Day_2_PMJ_DS_Ralltiir_Operations.png	image/png	152387
2011_Worlds_Day_2_PMJ_LS_You_Can_Either_Profit_By_This_Or_Be_Destroyed.png	2011_Worlds_Day_2_PMJ_LS_You_Can_Either_Profit_By_This_Or_Be_Destroyed.png	image/png	154511
2011_Worlds_Day_2_Paul_Bansal_LS_Communing.png	2011_Worlds_Day_2_Paul_Bansal_LS_Communing.png	image/png	174752
2011_Worlds_Day_2_Reid_Smith_DS_A_Stunning_Move.png	2011_Worlds_Day_2_Reid_Smith_DS_A_Stunning_Move.png	image/png	162841
2011_Worlds_Day_2_Reid_Smith_LS_Communing.png	2011_Worlds_Day_2_Reid_Smith_LS_Communing.png	image/png	166190
2011_Worlds_Day_2_Robbie_Hendon_DS_A_Stunning_Move.png	2011_Worlds_Day_2_Robbie_Hendon_DS_A_Stunning_Move.png	image/png	200963
2011_Worlds_Day_2_Ryan_Freeman_DS_Ralltiir_Operations.png	2011_Worlds_Day_2_Ryan_Freeman_DS_Ralltiir_Operations.png	image/png	164491
2011_Worlds_Day_2_Sam_Marlow_DS_Set_Your_Course_For_Alderaan.png	2011_Worlds_Day_2_Sam_Marlow_DS_Set_Your_Course_For_Alderaan.png	image/png	161536
2011_Worlds_Day_2_Ryan_Freeman_LS_There_Is_Good_In_Him.png	2011_Worlds_Day_2_Ryan_Freeman_LS_There_Is_Good_In_Him.png	image/png	165447
2011_Worlds_Day_2_Robbie_Hendon_LS_You_Can_Either_Profit_By_This_Or_Be_Destroyed.png	2011_Worlds_Day_2_Robbie_Hendon_LS_You_Can_Either_Profit_By_This_Or_Be_Destroyed.png	image/png	194044
2011_Worlds_Day_2_Sam_Marlow_LS_It_Is_The_Future_You_See.png	2011_Worlds_Day_2_Sam_Marlow_LS_It_Is_The_Future_You_See.png	image/png	185433
2011_Worlds_Day_2_Paul_Bansal_DS_A_Stunning_Move.png	2011_Worlds_Day_2_Paul_Bansal_DS_A_Stunning_Move.png	image/png	179240
2011_Worlds_Day_2_Scott_Lingrell_DS_Agents_Of_Black_Sun.png	2011_Worlds_Day_2_Scott_Lingrell_DS_Agents_Of_Black_Sun.png	image/png	146320
2011_Worlds_Day_2_Scott_Lingrell_LS_Anger,_Fear,_Aggression.png	2011_Worlds_Day_2_Scott_Lingrell_LS_Anger,_Fear,_Aggression.png	image/png	142457
2011_Worlds_Day_2_Seth_Acree_DS_Imperial_Occupation.png	2011_Worlds_Day_2_Seth_Acree_DS_Imperial_Occupation.png	image/png	159649
2011_Worlds_Day_2_Seth_Acree_LS_You_Can_Either_Profit_By_This_Or_Be_Destroyed.png	2011_Worlds_Day_2_Seth_Acree_LS_You_Can_Either_Profit_By_This_Or_Be_Destroyed.png	image/png	163874
2011_Worlds_Day_2_Steve_Baroni_LS_HFTMF.png	2011_Worlds_Day_2_Steve_Baroni_LS_HFTMF.png	image/png	152628
2011_Worlds_Day_2_Steve_Baroni_DS_Hunt_Down.png	2011_Worlds_Day_2_Steve_Baroni_DS_Hunt_Down.png	image/png	156212
2011_Worlds_Day_2_Stephen_Munger_DS_A_Stunning_Move.png	2011_Worlds_Day_2_Stephen_Munger_DS_A_Stunning_Move.png	image/png	196008
2011_Worlds_Day_2_Steve_Baroni_LS_TIGIH.png	2011_Worlds_Day_2_Steve_Baroni_LS_TIGIH.png	image/png	152628
2011_Worlds_Day_2_Steve_Harpster_DS_Ralltiir_Operations.png	2011_Worlds_Day_2_Steve_Harpster_DS_Ralltiir_Operations.png	image/png	182764
2011_Worlds_Day_2_Steve_Harpster_LS_You_Can_Either_Profit_By_This_Or_Be_Destroyed.png	2011_Worlds_Day_2_Steve_Harpster_LS_You_Can_Either_Profit_By_This_Or_Be_Destroyed.png	image/png	183282
2011_Worlds_Day_2_Tom_Haid_LS_Mind_What_You_Have_Learned.png	2011_Worlds_Day_2_Tom_Haid_LS_Mind_What_You_Have_Learned.png	image/png	186585
2011_Worlds_Day_2_Tony_G_DS_Set_Your_Course_For_Alderaan.png	2011_Worlds_Day_2_Tony_G_DS_Set_Your_Course_For_Alderaan.png	image/png	149058
2011_Worlds_Day_2_Walseth_DS_Imperial_Occupation.png	2011_Worlds_Day_2_Walseth_DS_Imperial_Occupation.png	image/png	146746
2011_Worlds_Day_2_Tony_G_LS_Plead_My_Case_To_The_Senate.png	2011_Worlds_Day_2_Tony_G_LS_Plead_My_Case_To_The_Senate.png	image/png	149606
2011_Worlds_Day_2_Walseth_LS_Careful_Planning.png	2011_Worlds_Day_2_Walseth_LS_Careful_Planning.png	image/png	148466
2011_Worlds_Day_3_Aaron_Nelson_DS_Kessel.png	2011_Worlds_Day_3_Aaron_Nelson_DS_Kessel.png	image/png	1786303
2011_Worlds_Day_3_Aaron_Nelson_LS_Watch_Your_Step.png	2011_Worlds_Day_3_Aaron_Nelson_LS_Watch_Your_Step.png	image/png	1783365
2011_Worlds_Day_3_Chris_Terwilliger_DS_Spice_Mine_Operations.png	2011_Worlds_Day_3_Chris_Terwilliger_DS_Spice_Mine_Operations.png	image/png	731289
2011_Worlds_Day_3_Chris_Terwilliger_LS_Center_Of_Tyranny.png	2011_Worlds_Day_3_Chris_Terwilliger_LS_Center_Of_Tyranny.png	image/png	2593885
2011_Worlds_Day_3_Brian_Herold_LS_Center_Of_Tyranny.png	2011_Worlds_Day_3_Brian_Herold_LS_Center_Of_Tyranny.png	image/png	3354394
2011_Worlds_Day_3_Brian_Herold_DS_Imperial_Occupation.png	2011_Worlds_Day_3_Brian_Herold_DS_Imperial_Occupation.png	image/png	3209410
2011_Worlds_Day_3_Jonny_Chu_DS_Endor_Operations.png	2011_Worlds_Day_3_Jonny_Chu_DS_Endor_Operations.png	image/png	2161779
2011_Worlds_Day_3_Jonny_Chu_LS_Anger,_Fear,_Aggression.png	2011_Worlds_Day_3_Jonny_Chu_LS_Anger,_Fear,_Aggression.png	image/png	2091472
2011_Worlds_Day_3_Justin_Desai_DS_Hunt_Down_And_Destroy_The_Jedi.png	2011_Worlds_Day_3_Justin_Desai_DS_Hunt_Down_And_Destroy_The_Jedi.png	image/png	2432749
2011_Worlds_Day_3_Justin_Desai_LS_It_Is_The_Future_You_See.png	2011_Worlds_Day_3_Justin_Desai_LS_It_Is_The_Future_You_See.png	image/png	2462471
2011_Worlds_Day_3_Kevin_Shannon_DS_Hunt_Down_And_Destroy_The_Jedi.png	2011_Worlds_Day_3_Kevin_Shannon_DS_Hunt_Down_And_Destroy_The_Jedi.png	image/png	1814790
2011_Worlds_Day_3_Reid_Smith_LS_Watch_Your_Step.png	2011_Worlds_Day_3_Reid_Smith_LS_Watch_Your_Step.png	image/png	2148223
2011_Worlds_Day_3_Kevin_Shannon_LS_Heading_For_The_Medical_Frigate.png	2011_Worlds_Day_3_Kevin_Shannon_LS_Heading_For_The_Medical_Frigate.png	image/png	1864622
2011_Worlds_Day_3_Reid_Smith_DS_A_Stunning_Move.png	2011_Worlds_Day_3_Reid_Smith_DS_A_Stunning_Move.png	image/png	2196585
2011_Worlds_Day_3_Steve_Baroni_DS_My_Lord,_Is_That_Legal?.png	2011_Worlds_Day_3_Steve_Baroni_DS_My_Lord,_Is_That_Legal.png	image/png	2283775
2011_Worlds_Day_3.pdf	2011_Worlds_Day_3.pdf	application/pdf	12159280
2011_Worlds_Day_3_Steve_Baroni_LS_There_Is_Good_In_Him.png	2011_Worlds_Day_3_Steve_Baroni_LS_There_Is_Good_In_Him.png	image/png	2323835
2012_Alderaan_Regionals_Anthony_Massung_DS.png	2012_Alderaan_Regionals_Anthony_Massung_DS.png	image/png	1772431
2012_Alderaan_Regionals.pdf	2012_Alderaan_Regionals.pdf	application/pdf	5310438
2012_Alderaan_Regionals_Bill_Kafer_DS.png	2012_Alderaan_Regionals_Bill_Kafer_DS.png	image/png	1557924
2012_Alderaan_Regionals_Anthony_Massung_LS.png	2012_Alderaan_Regionals_Anthony_Massung_LS.png	image/png	1710465
2012_Alderaan_Regionals_Bill_Kafer_LS.png	2012_Alderaan_Regionals_Bill_Kafer_LS.png	image/png	1332943
2012_Alderaan_Regionals_Chris_Schoenthal_DS.png	2012_Alderaan_Regionals_Chris_Schoenthal_DS.png	image/png	1628014
2012_Alderaan_Regionals_Chris_Schoenthal_LS.png	2012_Alderaan_Regionals_Chris_Schoenthal_LS.png	image/png	1657236
2012_Alderaan_Regionals_Clayton_Atkin_DS.png	2012_Alderaan_Regionals_Clayton_Atkin_DS.png	image/png	1610972
2012_Alderaan_Regionals_Clayton_Atkin_LS.png	2012_Alderaan_Regionals_Clayton_Atkin_LS.png	image/png	1749136
2012_Alderaan_Regionals_Ganden_Yanaga_DS.png	2012_Alderaan_Regionals_Ganden_Yanaga_DS.png	image/png	1772589
2012_Alderaan_Regionals_Ganden_Yanaga_LS.png	2012_Alderaan_Regionals_Ganden_Yanaga_LS.png	image/png	1869851
2012_Bespin_Regionals_Brandon_Brist_DS.png	2012_Bespin_Regionals_Brandon_Brist_DS.png	image/png	1456717
2012_Bespin_Regionals_Brian_Herold_DS.png	2012_Bespin_Regionals_Brian_Herold_DS.png	image/png	848174
2012_Bespin_Regionals_Brian_Herold_LS.png	2012_Bespin_Regionals_Brian_Herold_LS.png	image/png	906390
2012_Bespin_Regionals_Calvin_Kurten_DS.png	2012_Bespin_Regionals_Calvin_Kurten_DS.png	image/png	1441774
2012_Bespin_Regionals_Charlie_Arlandson_LS.png	2012_Bespin_Regionals_Charlie_Arlandson_LS.png	image/png	1544305
2012_Bespin_Regionals_Calvin_Kurten_LS.png	2012_Bespin_Regionals_Calvin_Kurten_LS.png	image/png	1166641
2012_Bespin_Regionals_Charlie_Arlandson_DS.png	2012_Bespin_Regionals_Charlie_Arlandson_DS.png	image/png	1508545
2012_Bespin_Regionals_Conrad_Simmering_DS.png	2012_Bespin_Regionals_Conrad_Simmering_DS.png	image/png	1394117
2012_Bespin_Regionals.pdf	2012_Bespin_Regionals.pdf	application/pdf	13457284
2012_Bespin_Regionals_Cooleo_DS.png	2012_Bespin_Regionals_Cooleo_DS.png	image/png	1488034
2012_Bespin_Regionals_Conrad_Simmering_LS.png	2012_Bespin_Regionals_Conrad_Simmering_LS.png	image/png	1238861
2012_Bespin_Regionals_Cooleo_LS.png	2012_Bespin_Regionals_Cooleo_LS.png	image/png	1541299
2012_Bespin_Regionals_John_Anderson_DS.png	2012_Bespin_Regionals_John_Anderson_DS.png	image/png	1176950
2012_Bespin_Regionals_Jim_Li_DS.png	2012_Bespin_Regionals_Jim_Li_DS.png	image/png	1446755
2012_Bespin_Regionals_Jake_Nelson_LS.png	2012_Bespin_Regionals_Jake_Nelson_LS.png	image/png	1390464
2012_Bespin_Regionals_John_Anderson_LS.png	2012_Bespin_Regionals_John_Anderson_LS.png	image/png	1158148
2012_Bespin_Regionals_Jake_Nelson_DS.png	2012_Bespin_Regionals_Jake_Nelson_DS.png	image/png	1386528
2012_Bespin_Regionals_Mark_Peterson_DS.png	2012_Bespin_Regionals_Mark_Peterson_DS.png	image/png	1873862
2012_Bespin_Regionals_Mark_Peterson_LS.png	2012_Bespin_Regionals_Mark_Peterson_LS.png	image/png	1907228
2012_Bespin_Regionals_Jim_Li_LS.png	2012_Bespin_Regionals_Jim_Li_LS.png	image/png	1446154
2012_Bespin_Regionals_Mitch_Nieland_LS.png	2012_Bespin_Regionals_Mitch_Nieland_LS.png	image/png	427929
2012_Bespin_Regionals_Mitch_Nieland_DS.png	2012_Bespin_Regionals_Mitch_Nieland_DS.png	image/png	1179982
2012_Bespin_Regionals_Mark_Walseth_LS.png	2012_Bespin_Regionals_Mark_Walseth_LS.png	image/png	1265047
2012_Bespin_Regionals_Matt_Hanson_DS.png	2012_Bespin_Regionals_Matt_Hanson_DS.png	image/png	1427843
2012_Bespin_Regionals_Mike_DS.png	2012_Bespin_Regionals_Mike_DS.png	image/png	1611691
2012_Bespin_Regionals_Matt_Hanson_LS.png	2012_Bespin_Regionals_Matt_Hanson_LS.png	image/png	1478672
2012_Bespin_Regionals_Mark_Walseth_DS.png	2012_Bespin_Regionals_Mark_Walseth_DS.png	image/png	1263229
2012_Bespin_Regionals_Nick_Rambo_DS.png	2012_Bespin_Regionals_Nick_Rambo_DS.png	image/png	421065
2012_Match_Play_Championship_Day_1_Aaron_Kinsey_DS.png	2012_Match_Play_Championship_Day_1_Aaron_Kinsey_DS.png	image/png	696439
2012_Bespin_Regionals_Morgan_Dwyer_LS.png	2012_Bespin_Regionals_Morgan_Dwyer_LS.png	image/png	1736107
2012_Bespin_Regionals_Scott_Morgan_DS.png	2012_Bespin_Regionals_Scott_Morgan_DS.png	image/png	1439094
2012_Bespin_Regionals_Scott_Morgan_LS.png	2012_Bespin_Regionals_Scott_Morgan_LS.png	image/png	1397555
2012_Bespin_Regionals_Morgan_Dwyer_DS.png	2012_Bespin_Regionals_Morgan_Dwyer_DS.png	image/png	1726409
2012_Match_Play_Championship_Day_1_Aaron_Kinsey_LS.png	2012_Match_Play_Championship_Day_1_Aaron_Kinsey_LS.png	image/png	721951
2012_Match_Play_Championship_Day_1.pdf	2012_Match_Play_Championship_Day_1.pdf	application/pdf	11561006
2012_Match_Play_Championship_Day_1_Adam_Howland_DS.png	2012_Match_Play_Championship_Day_1_Adam_Howland_DS.png	image/png	742038
2012_Bespin_Regionals_Nick_Rambo_LS.png	2012_Bespin_Regionals_Nick_Rambo_LS.png	image/png	311903
2012_Match_Play_Championship_Day_1_Aaron_Nelson_LS.png	2012_Match_Play_Championship_Day_1_Aaron_Nelson_LS.png	image/png	1684008
2012_Match_Play_Championship_Day_1_Adam_Howland_LS.png	2012_Match_Play_Championship_Day_1_Adam_Howland_LS.png	image/png	573116
2012_Match_Play_Championship_Day_1_Aaron_Nelson_DS.png	2012_Match_Play_Championship_Day_1_Aaron_Nelson_DS.png	image/png	1722259
2012_Match_Play_Championship_Day_1_Alex_W_DS.png	2012_Match_Play_Championship_Day_1_Alex_W_DS.png	image/png	673123
2012_Match_Play_Championship_Day_1_Alex_W_LS.png	2012_Match_Play_Championship_Day_1_Alex_W_LS.png	image/png	657995
2012_Match_Play_Championship_Day_1_Amar_Banger_DS.png	2012_Match_Play_Championship_Day_1_Amar_Banger_DS.png	image/png	525687
2012_Match_Play_Championship_Day_1_Amar_Banger_LS.png	2012_Match_Play_Championship_Day_1_Amar_Banger_LS.png	image/png	519500
2012_Match_Play_Championship_Day_1_Andrew_Bollentino_DS.png	2012_Match_Play_Championship_Day_1_Andrew_Bollentino_DS.png	image/png	716889
2012_Match_Play_Championship_Day_1_Barry_Alperstein_DS.png	2012_Match_Play_Championship_Day_1_Barry_Alperstein_DS.png	image/png	770182
2012_Match_Play_Championship_Day_1_Andrew_Bollentino_LS.png	2012_Match_Play_Championship_Day_1_Andrew_Bollentino_LS.png	image/png	745202
2012_Match_Play_Championship_Day_1_Barry_Alperstein_LS.png	2012_Match_Play_Championship_Day_1_Barry_Alperstein_LS.png	image/png	716045
2012_Match_Play_Championship_Day_1_Ben_Brummett_DS.png	2012_Match_Play_Championship_Day_1_Ben_Brummett_DS.png	image/png	809664
2012_Match_Play_Championship_Day_1_Ben_Brummett_LS.png	2012_Match_Play_Championship_Day_1_Ben_Brummett_LS.png	image/png	849820
2012_Match_Play_Championship_Day_1_Brad_Eier_LS.png	2012_Match_Play_Championship_Day_1_Brad_Eier_LS.png	image/png	614276
2012_Match_Play_Championship_Day_1_Brian_Brodsky_DS.png	2012_Match_Play_Championship_Day_1_Brian_Brodsky_DS.png	image/png	636935
2012_Match_Play_Championship_Day_1_Brian_Brodsky_LS.png	2012_Match_Play_Championship_Day_1_Brian_Brodsky_LS.png	image/png	638871
2012_Match_Play_Championship_Day_1_Brian_Field_DS.png	2012_Match_Play_Championship_Day_1_Brian_Field_DS.png	image/png	1773133
2012_Match_Play_Championship_Day_1_Brian_Herold_DS.png	2012_Match_Play_Championship_Day_1_Brian_Herold_DS.png	image/png	636758
2012_Match_Play_Championship_Day_1_Brian_Field_LS.png	2012_Match_Play_Championship_Day_1_Brian_Field_LS.png	image/png	1632706
2012_Match_Play_Championship_Day_1_Brad_Eier_DS.png	2012_Match_Play_Championship_Day_1_Brad_Eier_DS.png	image/png	558770
2012_Match_Play_Championship_Day_1_Brian_Hollingworth_DS.png	2012_Match_Play_Championship_Day_1_Brian_Hollingworth_DS.png	image/png	663842
2012_Match_Play_Championship_Day_1_Brian_Herold_LS.png	2012_Match_Play_Championship_Day_1_Brian_Herold_LS.png	image/png	618443
2012_Match_Play_Championship_Day_1_Brian_Hollingworth_LS.png	2012_Match_Play_Championship_Day_1_Brian_Hollingworth_LS.png	image/png	670733
2012_Match_Play_Championship_Day_1_Brian_Terwilliger_DS.png	2012_Match_Play_Championship_Day_1_Brian_Terwilliger_DS.png	image/png	1838773
2012_Match_Play_Championship_Day_1_Brian_Terwilliger_LS.png	2012_Match_Play_Championship_Day_1_Brian_Terwilliger_LS.png	image/png	1719425
2012_Match_Play_Championship_Day_1_Caleb_Foth_DS.png	2012_Match_Play_Championship_Day_1_Caleb_Foth_DS.png	image/png	1679988
2012_Match_Play_Championship_Day_1_Caleb_Foth_LS.png	2012_Match_Play_Championship_Day_1_Caleb_Foth_LS.png	image/png	1700644
2012_Match_Play_Championship_Day_1_Carl_Buck_LS.png	2012_Match_Play_Championship_Day_1_Carl_Buck_LS.png	image/png	751316
2012_Match_Play_Championship_Day_1_Casey_Anis_DS.png	2012_Match_Play_Championship_Day_1_Casey_Anis_DS.png	image/png	738187
2012_Match_Play_Championship_Day_1_Casey_Anis_LS.png	2012_Match_Play_Championship_Day_1_Casey_Anis_LS.png	image/png	371545
2012_Match_Play_Championship_Day_1_Carl_Buck_DS.png	2012_Match_Play_Championship_Day_1_Carl_Buck_DS.png	image/png	756820
2012_Match_Play_Championship_Day_1_Chris_Gogolen_DS.png	2012_Match_Play_Championship_Day_1_Chris_Gogolen_DS.png	image/png	696445
2012_Match_Play_Championship_Day_1_Chris_Erwin_LS.png	2012_Match_Play_Championship_Day_1_Chris_Erwin_LS.png	image/png	1718191
2012_Match_Play_Championship_Day_1_Chris_Gogolen_LS.png	2012_Match_Play_Championship_Day_1_Chris_Gogolen_LS.png	image/png	733878
2012_Match_Play_Championship_Day_1_Chris_Kelly_DS.png	2012_Match_Play_Championship_Day_1_Chris_Kelly_DS.png	image/png	454832
2012_Match_Play_Championship_Day_1_Chris_O'Hare_DS.png	2012_Match_Play_Championship_Day_1_Chris_O'Hare_DS.png	image/png	799896
2012_Match_Play_Championship_Day_1_Chris_Kelly_LS.png	2012_Match_Play_Championship_Day_1_Chris_Kelly_LS.png	image/png	462955
2012_Match_Play_Championship_Day_1_Chris_Schoenthal_DS.png	2012_Match_Play_Championship_Day_1_Chris_Schoenthal_DS.png	image/png	831223
2012_Match_Play_Championship_Day_1_Chris_Schoenthal_LS.png	2012_Match_Play_Championship_Day_1_Chris_Schoenthal_LS.png	image/png	731065
2012_Match_Play_Championship_Day_1_Chris_Terwilliger_DS.png	2012_Match_Play_Championship_Day_1_Chris_Terwilliger_DS.png	image/png	693235
2012_Match_Play_Championship_Day_1_Chris_Terwilliger_LS.png	2012_Match_Play_Championship_Day_1_Chris_Terwilliger_LS.png	image/png	778533
2012_Match_Play_Championship_Day_1_Chris_Erwin_DS.png	2012_Match_Play_Championship_Day_1_Chris_Erwin_DS.png	image/png	1715969
2012_Match_Play_Championship_Day_1_Chris_Westergard_LS.png	2012_Match_Play_Championship_Day_1_Chris_Westergard_LS.png	image/png	734200
2012_Match_Play_Championship_Day_1_Chris_Westergard_DS.png	2012_Match_Play_Championship_Day_1_Chris_Westergard_DS.png	image/png	786085
2012_Match_Play_Championship_Day_1_Chris_Wirfs_DS.png	2012_Match_Play_Championship_Day_1_Chris_Wirfs_DS.png	image/png	830883
2012_Match_Play_Championship_Day_1_Chris_Wirfs_LS.png	2012_Match_Play_Championship_Day_1_Chris_Wirfs_LS.png	image/png	883473
2012_Match_Play_Championship_Day_1_Chuck_Finley_LS.png	2012_Match_Play_Championship_Day_1_Chuck_Finley_LS.png	image/png	690037
2012_Match_Play_Championship_Day_1_Chuck_Finley_DS.png	2012_Match_Play_Championship_Day_1_Chuck_Finley_DS.png	image/png	714551
2012_Match_Play_Championship_Day_1_Clayton_Atkin_DS.png	2012_Match_Play_Championship_Day_1_Clayton_Atkin_DS.png	image/png	813425
2012_Match_Play_Championship_Day_1_Cole_Lepine_DS.png	2012_Match_Play_Championship_Day_1_Cole_Lepine_DS.png	image/png	522234
2012_Match_Play_Championship_Day_1_Cole_Lepine_LS.png	2012_Match_Play_Championship_Day_1_Cole_Lepine_LS.png	image/png	492787
2012_Match_Play_Championship_Day_1_Dalton_DS.png	2012_Match_Play_Championship_Day_1_Dalton_DS.png	image/png	749055
2012_Match_Play_Championship_Day_1_Greg_Hodur_DS.png	2012_Match_Play_Championship_Day_1_Greg_Hodur_DS.png	image/png	577900
2012_Match_Play_Championship_Day_1_Dalton_LS.png	2012_Match_Play_Championship_Day_1_Dalton_LS.png	image/png	796487
2012_Match_Play_Championship_Day_1_Chris_O'Hare_LS.png	2012_Match_Play_Championship_Day_1_Chris_O'Hare_LS.png	image/png	853261
2012_Match_Play_Championship_Day_1_Clayton_Atkin_LS.png	2012_Match_Play_Championship_Day_1_Clayton_Atkin_LS.png	image/png	812037
2012_Match_Play_Championship_Day_1_Greg_Hodur_LS.png	2012_Match_Play_Championship_Day_1_Greg_Hodur_LS.png	image/png	644555
2012_Match_Play_Championship_Day_1_Greg_Shaw_DS.png	2012_Match_Play_Championship_Day_1_Greg_Shaw_DS.png	image/png	1840797
2012_Match_Play_Championship_Day_1_Greg_Shaw_LS.png	2012_Match_Play_Championship_Day_1_Greg_Shaw_LS.png	image/png	1668556
2012_Match_Play_Championship_Day_1_Hayes_Hunter_DS.png	2012_Match_Play_Championship_Day_1_Hayes_Hunter_DS.png	image/png	749971
2012_Match_Play_Championship_Day_1_James_Booker_DS.png	2012_Match_Play_Championship_Day_1_James_Booker_DS.png	image/png	403347
2012_Match_Play_Championship_Day_1_Hayes_Hunter_LS.png	2012_Match_Play_Championship_Day_1_Hayes_Hunter_LS.png	image/png	762290
2012_Match_Play_Championship_Day_1_Jared_DS.png	2012_Match_Play_Championship_Day_1_Jared_DS.png	image/png	331125
2012_Match_Play_Championship_Day_1_James_Booker_LS.png	2012_Match_Play_Championship_Day_1_James_Booker_LS.png	image/png	483998
2012_Match_Play_Championship_Day_1_Jared_LS.png	2012_Match_Play_Championship_Day_1_Jared_LS.png	image/png	333051
2012_Match_Play_Championship_Day_1_Joe_Pinto_DS.png	2012_Match_Play_Championship_Day_1_Joe_Pinto_DS.png	image/png	336930
2012_Match_Play_Championship_Day_1_Joe_Pinto_LS.png	2012_Match_Play_Championship_Day_1_Joe_Pinto_LS.png	image/png	317601
2012_Match_Play_Championship_Day_1_John_Anderson_LS.png	2012_Match_Play_Championship_Day_1_John_Anderson_LS.png	image/png	600828
2012_Match_Play_Championship_Day_1_John_Anderson_DS.png	2012_Match_Play_Championship_Day_1_John_Anderson_DS.png	image/png	613290
2012_Match_Play_Championship_Day_1_John_Veasey_DS.png	2012_Match_Play_Championship_Day_1_John_Veasey_DS.png	image/png	713525
2012_Match_Play_Championship_Day_1_John_Veasey_LS.png	2012_Match_Play_Championship_Day_1_John_Veasey_LS.png	image/png	771730
2012_Match_Play_Championship_Day_1_Jonny_Chu_DS.png	2012_Match_Play_Championship_Day_1_Jonny_Chu_DS.png	image/png	1722242
2012_Match_Play_Championship_Day_1_Jonny_Chu_LS.png	2012_Match_Play_Championship_Day_1_Jonny_Chu_LS.png	image/png	1733713
2012_Match_Play_Championship_Day_1_Josh_Mack_DS.png	2012_Match_Play_Championship_Day_1_Josh_Mack_DS.png	image/png	673039
2012_Match_Play_Championship_Day_1_Josh_Mack_LS.png	2012_Match_Play_Championship_Day_1_Josh_Mack_LS.png	image/png	665565
2012_Match_Play_Championship_Day_1_Justin_Montgomery_LS.png	2012_Match_Play_Championship_Day_1_Justin_Montgomery_LS.png	image/png	272762
2012_Match_Play_Championship_Day_1_Kyle_Krueger_DS.png	2012_Match_Play_Championship_Day_1_Kyle_Krueger_DS.png	image/png	555413
2012_Match_Play_Championship_Day_1_Kyle_Krueger_LS.png	2012_Match_Play_Championship_Day_1_Kyle_Krueger_LS.png	image/png	548576
2012_Match_Play_Championship_Day_1_Justin_Carulli_LS.png	2012_Match_Play_Championship_Day_1_Justin_Carulli_LS.png	image/png	734116
2012_Match_Play_Championship_Day_1_Justin_Carulli_DS.png	2012_Match_Play_Championship_Day_1_Justin_Carulli_DS.png	image/png	674253
2012_Match_Play_Championship_Day_1_Justin_Montgomery_DS.png	2012_Match_Play_Championship_Day_1_Justin_Montgomery_DS.png	image/png	352921
2012_Match_Play_Championship_Day_1_Kevin_Shannon_DS.png	2012_Match_Play_Championship_Day_1_Kevin_Shannon_DS.png	image/png	1816969
2012_Match_Play_Championship_Day_1_Marty_Terwilliger_DS.png	2012_Match_Play_Championship_Day_1_Marty_Terwilliger_DS.png	image/png	759810
2012_Match_Play_Championship_Day_1_Matt_Gombos_LS.png	2012_Match_Play_Championship_Day_1_Matt_Gombos_LS.png	image/png	714498
2012_Match_Play_Championship_Day_1_Matt_Gombos_DS.png	2012_Match_Play_Championship_Day_1_Matt_Gombos_DS.png	image/png	885829
2012_Match_Play_Championship_Day_1_Matt_Jourdan_LS.png	2012_Match_Play_Championship_Day_1_Matt_Jourdan_LS.png	image/png	481325
2012_Match_Play_Championship_Day_1_Matt_Jourdan_DS.png	2012_Match_Play_Championship_Day_1_Matt_Jourdan_DS.png	image/png	708129
2012_Match_Play_Championship_Day_1_Marty_Terwilliger_LS.png	2012_Match_Play_Championship_Day_1_Marty_Terwilliger_LS.png	image/png	797461
2012_Match_Play_Championship_Day_1_Matt_Thornton_LS.png	2012_Match_Play_Championship_Day_1_Matt_Thornton_LS.png	image/png	684648
2012_Match_Play_Championship_Day_1_Matt_Thornton_DS.png	2012_Match_Play_Championship_Day_1_Matt_Thornton_DS.png	image/png	665283
2012_Match_Play_Championship_Day_1_Matt_Sokol_DS.png	2012_Match_Play_Championship_Day_1_Matt_Sokol_DS.png	image/png	1707531
2012_Match_Play_Championship_Day_1_Kevin_Shannon_LS.png	2012_Match_Play_Championship_Day_1_Kevin_Shannon_LS.png	image/png	1775652
2012_Match_Play_Championship_Day_1_Michael_Thomas_DS.png	2012_Match_Play_Championship_Day_1_Michael_Thomas_DS.png	image/png	823248
2012_Match_Play_Championship_Day_1_Matthew_Harrison-Trainor_DS.png	2012_Match_Play_Championship_Day_1_Matthew_Harrison-Trainor_DS.png	image/png	1465270
2012_Match_Play_Championship_Day_1_Matthew_Harrison-Trainor_LS.png	2012_Match_Play_Championship_Day_1_Matthew_Harrison-Trainor_LS.png	image/png	1425464
2012_Match_Play_Championship_Day_1_Matt_Sokol_LS.png	2012_Match_Play_Championship_Day_1_Matt_Sokol_LS.png	image/png	1694183
2012_Match_Play_Championship_Day_1_Mike_Kessling_DS.png	2012_Match_Play_Championship_Day_1_Mike_Kessling_DS.png	image/png	392033
2012_Match_Play_Championship_Day_1_Mike_Kessling_LS.png	2012_Match_Play_Championship_Day_1_Mike_Kessling_LS.png	image/png	390984
2012_Match_Play_Championship_Day_1_Mike_Gemme_DS.png	2012_Match_Play_Championship_Day_1_Mike_Gemme_DS.png	image/png	731478
2012_Match_Play_Championship_Day_1_Mike_Gemme_LS.png	2012_Match_Play_Championship_Day_1_Mike_Gemme_LS.png	image/png	705569
2012_Match_Play_Championship_Day_1_Michael_Thomas_LS.png	2012_Match_Play_Championship_Day_1_Michael_Thomas_LS.png	image/png	816969
2012_Match_Play_Championship_Day_1_Mike_Pistone_DS.png	2012_Match_Play_Championship_Day_1_Mike_Pistone_DS.png	image/png	855149
2012_Match_Play_Championship_Day_1_Mike_Pistone_LS.png	2012_Match_Play_Championship_Day_1_Mike_Pistone_LS.png	image/png	875953
2012_Match_Play_Championship_Day_1_Mike_Richards_DS.png	2012_Match_Play_Championship_Day_1_Mike_Richards_DS.png	image/png	712275
2012_Match_Play_Championship_Day_1_Nicholas_Amato_DS.png	2012_Match_Play_Championship_Day_1_Nicholas_Amato_DS.png	image/png	716768
2012_Match_Play_Championship_Day_1_Mike_Richards_LS.png	2012_Match_Play_Championship_Day_1_Mike_Richards_LS.png	image/png	724210
2012_Match_Play_Championship_Day_1_Nicholas_Amato_LS.png	2012_Match_Play_Championship_Day_1_Nicholas_Amato_LS.png	image/png	738285
2012_Match_Play_Championship_Day_1_PMT_DS.png	2012_Match_Play_Championship_Day_1_PMT_DS.png	image/png	704547
2012_Match_Play_Championship_Day_1_Patrick_Ziagos_DS.png	2012_Match_Play_Championship_Day_1_Patrick_Ziagos_DS.png	image/png	378760
2012_Match_Play_Championship_Day_1_PMT_LS.png	2012_Match_Play_Championship_Day_1_PMT_LS.png	image/png	710233
2012_Match_Play_Championship_Day_1_Patrick_Ziagos_LS.png	2012_Match_Play_Championship_Day_1_Patrick_Ziagos_LS.png	image/png	359402
2012_Match_Play_Championship_Day_1_Pete_Srodoski_DS.png	2012_Match_Play_Championship_Day_1_Pete_Srodoski_DS.png	image/png	781120
2012_Match_Play_Championship_Day_1_Philippe_Dubreuil_DS.png	2012_Match_Play_Championship_Day_1_Philippe_Dubreuil_DS.png	image/png	746827
2012_Match_Play_Championship_Day_1_Philippe_Dubreuil_LS.png	2012_Match_Play_Championship_Day_1_Philippe_Dubreuil_LS.png	image/png	756948
2012_Match_Play_Championship_Day_1_Pete_Srodoski_LS.png	2012_Match_Play_Championship_Day_1_Pete_Srodoski_LS.png	image/png	753085
2012_Match_Play_Championship_Day_1_Pierre_Dubreuil_LS.png	2012_Match_Play_Championship_Day_1_Pierre_Dubreuil_LS.png	image/png	811814
2012_Match_Play_Championship_Day_1_Reid_Smith_DS.png	2012_Match_Play_Championship_Day_1_Reid_Smith_DS.png	image/png	699279
2012_Match_Play_Championship_Day_1_Pierre_Dubreuil_DS.png	2012_Match_Play_Championship_Day_1_Pierre_Dubreuil_DS.png	image/png	721601
2012_Match_Play_Championship_Day_1_Reid_Smith_LS.png	2012_Match_Play_Championship_Day_1_Reid_Smith_LS.png	image/png	670954
2012_Match_Play_Championship_Day_1_Roy_Bordier_DS.png	2012_Match_Play_Championship_Day_1_Roy_Bordier_DS.png	image/png	771439
2012_Match_Play_Championship_Day_1_SAN_DS.png	2012_Match_Play_Championship_Day_1_SAN_DS.png	image/png	722641
2012_Match_Play_Championship_Day_1_Roy_Bordier_LS.png	2012_Match_Play_Championship_Day_1_Roy_Bordier_LS.png	image/png	806132
2012_Match_Play_Championship_Day_1_Sam_Marlow_LS.png	2012_Match_Play_Championship_Day_1_Sam_Marlow_LS.png	image/png	770929
2012_Match_Play_Championship_Day_1_Sam_Marlow_DS.png	2012_Match_Play_Championship_Day_1_Sam_Marlow_DS.png	image/png	732876
2012_Match_Play_Championship_Day_1_Scott_Lingrell_LS.png	2012_Match_Play_Championship_Day_1_Scott_Lingrell_LS.png	image/png	1640317
2012_Match_Play_Championship_Day_1_Steve_Baroni_LS.png	2012_Match_Play_Championship_Day_1_Steve_Baroni_LS.png	image/png	1781117
2012_Match_Play_Championship_Day_1_Steve_Baroni_DS.png	2012_Match_Play_Championship_Day_1_Steve_Baroni_DS.png	image/png	1814163
2012_Match_Play_Championship_Day_1_Thomas_Graham_DS.png	2012_Match_Play_Championship_Day_1_Thomas_Graham_DS.png	image/png	678972
2012_Match_Play_Championship_Day_1_Thomas_Graham_LS.png	2012_Match_Play_Championship_Day_1_Thomas_Graham_LS.png	image/png	712655
2012_Match_Play_Championship_Day_1_Steve_Skilton_DS.png	2012_Match_Play_Championship_Day_1_Steve_Skilton_DS.png	image/png	679548
2012_Match_Play_Championship_Day_1_SAN_LS.png	2012_Match_Play_Championship_Day_1_SAN_LS.png	image/png	755490
2012_Match_Play_Championship_Day_1_Tim_Murray_DS.png	2012_Match_Play_Championship_Day_1_Tim_Murray_DS.png	image/png	714777
2012_Match_Play_Championship_Day_1_Tony_Garcia_LS.png	2012_Match_Play_Championship_Day_1_Tony_Garcia_LS.png	image/png	702785
2012_Match_Play_Championship_Day_1_Tim_Murray_LS.png	2012_Match_Play_Championship_Day_1_Tim_Murray_LS.png	image/png	661168
2012_Match_Play_Championship_Day_1_Tony_Garcia_DS.png	2012_Match_Play_Championship_Day_1_Tony_Garcia_DS.png	image/png	647008
2012_Match_Play_Championship_Day_1_Unknown_Player_DS.png	2012_Match_Play_Championship_Day_1_Unknown_Player_DS.png	image/png	775716
2012_Match_Play_Championship_Day_1_Scott_Lingrell_DS.png	2012_Match_Play_Championship_Day_1_Scott_Lingrell_DS.png	image/png	1667411
2012_Match_Play_Championship_Day_1_Steve_Skilton_LS.png	2012_Match_Play_Championship_Day_1_Steve_Skilton_LS.png	image/png	708757
2012_Match_Play_Championship_Day_1_Unknown_Player_LS.png	2012_Match_Play_Championship_Day_1_Unknown_Player_LS.png	image/png	770743
2012_Match_Play_Championship_Day_1_Vikram_Bali_LS.png	2012_Match_Play_Championship_Day_1_Vikram_Bali_LS.png	image/png	556124
2012_Match_Play_Championship_Day_1_Steve_Harpster_LS.png	2012_Match_Play_Championship_Day_1_Steve_Harpster_LS.png	image/png	1816386
2012_Match_Play_Championship_Day_1_Vikram_Bali_DS.png	2012_Match_Play_Championship_Day_1_Vikram_Bali_DS.png	image/png	592424
2012_Match_Play_Championship_Day_1_Wayne_Cullen_DS.png	2012_Match_Play_Championship_Day_1_Wayne_Cullen_DS.png	image/png	635959
2012_Match_Play_Championship_Day_1_Wayne_Cullen_LS.png	2012_Match_Play_Championship_Day_1_Wayne_Cullen_LS.png	image/png	696131
2012_Match_Play_Championship_Day_1_light_frank_DS.png	2012_Match_Play_Championship_Day_1_light_frank_DS.png	image/png	349784
2012_Match_Play_Championship_Day_1_Wojciech_Jankowski_LS.png	2012_Match_Play_Championship_Day_1_Wojciech_Jankowski_LS.png	image/png	765450
2012_Match_Play_Championship_Day_1_light_frank_LS.png	2012_Match_Play_Championship_Day_1_light_frank_LS.png	image/png	343345
2012_Match_Play_Championship_Day_1_Steve_Harpster_DS.png	2012_Match_Play_Championship_Day_1_Steve_Harpster_DS.png	image/png	1818887
2012_Match_Play_Championship_Day_1_Wojciech_Jankowski_DS.png	2012_Match_Play_Championship_Day_1_Wojciech_Jankowski_DS.png	image/png	723281
2012_Match_Play_Championship_Day_2_Aaron_Nelson_DS.png	2012_Match_Play_Championship_Day_2_Aaron_Nelson_DS.png	image/png	2176223
2012_Match_Play_Championship_Day_2_Aaron_Nelson_LS.png	2012_Match_Play_Championship_Day_2_Aaron_Nelson_LS.png	image/png	2307636
2012_Match_Play_Championship_Day_2_Cole_Lepine_DS.png	2012_Match_Play_Championship_Day_2_Cole_Lepine_DS.png	image/png	456763
2012_Match_Play_Championship_Day_2_Brian_Fred_DS.png	2012_Match_Play_Championship_Day_2_Brian_Fred_DS.png	image/png	2406612
2012_Match_Play_Championship_Day_2_Cole_Lepine_LS.png	2012_Match_Play_Championship_Day_2_Cole_Lepine_LS.png	image/png	482866
2012_Match_Play_Championship_Day_2_Brian_Fred_LS.png	2012_Match_Play_Championship_Day_2_Brian_Fred_LS.png	image/png	2286667
2012_Match_Play_Championship_Day_2.pdf	2012_Match_Play_Championship_Day_2.pdf	application/pdf	2867031
2012_Match_Play_Championship_Day_2_Greg_Shaw_DS.png	2012_Match_Play_Championship_Day_2_Greg_Shaw_DS.png	image/png	2399878
2012_Match_Play_Championship_Day_2_Greg_Shaw_LS.png	2012_Match_Play_Championship_Day_2_Greg_Shaw_LS.png	image/png	2487625
2012_Match_Play_Championship_Day_2_Jonny_Chu_DS.png	2012_Match_Play_Championship_Day_2_Jonny_Chu_DS.png	image/png	2115451
2012_Match_Play_Championship_Day_2_Steve_Baroni_DS.png	2012_Match_Play_Championship_Day_2_Steve_Baroni_DS.png	image/png	521856
2012_Match_Play_Championship_Day_2_Kevin_Shannon_DS.png	2012_Match_Play_Championship_Day_2_Kevin_Shannon_DS.png	image/png	2265040
2012_Match_Play_Championship_Day_2_Jonny_Chu_LS.png	2012_Match_Play_Championship_Day_2_Jonny_Chu_LS.png	image/png	2113477
2012_Match_Play_Championship_Day_2_Kevin_Shannon_LS.png	2012_Match_Play_Championship_Day_2_Kevin_Shannon_LS.png	image/png	2294710
2012_Match_Play_Championship_Day_2_Steve_Harpster_DS.png	2012_Match_Play_Championship_Day_2_Steve_Harpster_DS.png	image/png	2348286
2012_Texas_Mini_Worlds_Day_1_Amar_Banger_DS.png	2012_Texas_Mini_Worlds_Day_1_Amar_Banger_DS.png	image/png	1824119
2012_Texas_Mini_Worlds_Day_1_Amar_Banger_LS.png	2012_Texas_Mini_Worlds_Day_1_Amar_Banger_LS.png	image/png	1792134
2012_Texas_Mini_Worlds_Day_1.pdf	2012_Texas_Mini_Worlds_Day_1.pdf	application/pdf	4710167
2012_Texas_Mini_Worlds_Day_1_Brian_Herold_LS.png	2012_Texas_Mini_Worlds_Day_1_Brian_Herold_LS.png	image/png	2808389
2012_Texas_Mini_Worlds_Day_1_Charley_Joe_DS.png	2012_Texas_Mini_Worlds_Day_1_Charley_Joe_DS.png	image/png	2941342
2012_Texas_Mini_Worlds_Day_1_Evan_Kirkpatrick_DS.png	2012_Texas_Mini_Worlds_Day_1_Evan_Kirkpatrick_DS.png	image/png	1148525
2012_Texas_Mini_Worlds_Day_1_Charley_Joe_LS.png	2012_Texas_Mini_Worlds_Day_1_Charley_Joe_LS.png	image/png	2608295
2012_Texas_Mini_Worlds_Day_1_Evan_Kirkpatrick_LS.png	2012_Texas_Mini_Worlds_Day_1_Evan_Kirkpatrick_LS.png	image/png	1148550
2012_Texas_Mini_Worlds_Day_1_Brian_Herold_DS.png	2012_Texas_Mini_Worlds_Day_1_Brian_Herold_DS.png	image/png	2766167
2012_Texas_Mini_Worlds_Day_1_Greg_Shaw_DS.png	2012_Texas_Mini_Worlds_Day_1_Greg_Shaw_DS.png	image/png	2835476
2012_Match_Play_Championship_Day_2_Steve_Harpster_LS.png	2012_Match_Play_Championship_Day_2_Steve_Harpster_LS.png	image/png	2265749
2012_Texas_Mini_Worlds_Day_1_John_Veasey_DS.png	2012_Texas_Mini_Worlds_Day_1_John_Veasey_DS.png	image/png	674144
2012_Texas_Mini_Worlds_Day_1_James_Barnes_LS.png	2012_Texas_Mini_Worlds_Day_1_James_Barnes_LS.png	image/png	1136981
2012_Texas_Mini_Worlds_Day_1_James_Barnes_DS.png	2012_Texas_Mini_Worlds_Day_1_James_Barnes_DS.png	image/png	1064139
2012_Texas_Mini_Worlds_Day_1_Jeremy_Gardner_LS.png	2012_Texas_Mini_Worlds_Day_1_Jeremy_Gardner_LS.png	image/png	1469338
2012_Texas_Mini_Worlds_Day_1_Jeremy_Gardner_DS.png	2012_Texas_Mini_Worlds_Day_1_Jeremy_Gardner_DS.png	image/png	1506569
2012_Texas_Mini_Worlds_Day_1_John_Anderson_LS.png	2012_Texas_Mini_Worlds_Day_1_John_Anderson_LS.png	image/png	2662744
2012_Texas_Mini_Worlds_Day_1_Greg_Shaw_LS.png	2012_Texas_Mini_Worlds_Day_1_Greg_Shaw_LS.png	image/png	2772915
2012_Texas_Mini_Worlds_Day_1_John_Anderson_DS.png	2012_Texas_Mini_Worlds_Day_1_John_Anderson_DS.png	image/png	2734522
2012_Texas_Mini_Worlds_Day_1_Matt_Lush_DS.png	2012_Texas_Mini_Worlds_Day_1_Matt_Lush_DS.png	image/png	1178204
2012_Texas_Mini_Worlds_Day_1_Matt_Lush_LS.png	2012_Texas_Mini_Worlds_Day_1_Matt_Lush_LS.png	image/png	1198524
2012_Texas_Mini_Worlds_Day_1_Nick_Reisch_DS.png	2012_Texas_Mini_Worlds_Day_1_Nick_Reisch_DS.png	image/png	1060495
2012_Texas_Mini_Worlds_Day_1_Mike_Richards_LS.png	2012_Texas_Mini_Worlds_Day_1_Mike_Richards_LS.png	image/png	2351084
2012_Texas_Mini_Worlds_Day_1_Mike_Richards_DS.png	2012_Texas_Mini_Worlds_Day_1_Mike_Richards_DS.png	image/png	2480942
2012_Texas_Mini_Worlds_Day_1_Robbie_Hendon_DS.png	2012_Texas_Mini_Worlds_Day_1_Robbie_Hendon_DS.png	image/png	1440161
2012_Texas_Mini_Worlds_Day_1_Nick_Reisch_LS.png	2012_Texas_Mini_Worlds_Day_1_Nick_Reisch_LS.png	image/png	1061970
2012_Texas_Mini_Worlds_Day_1_John_Veasey_LS.png	2012_Texas_Mini_Worlds_Day_1_John_Veasey_LS.png	image/png	866683
2012_Texas_Mini_Worlds_Day_1_Robbie_Hendon_LS.png	2012_Texas_Mini_Worlds_Day_1_Robbie_Hendon_LS.png	image/png	1266783
2012_Texas_Mini_Worlds_Day_1_Scott_Lingrell_DS.png	2012_Texas_Mini_Worlds_Day_1_Scott_Lingrell_DS.png	image/png	2231739
2012_Texas_Mini_Worlds_Day_1_Scott_Lingrell_LS.png	2012_Texas_Mini_Worlds_Day_1_Scott_Lingrell_LS.png	image/png	2295287
2012_Texas_Mini_Worlds_Day_2.pdf	2012_Texas_Mini_Worlds_Day_2.pdf	application/pdf	1129469
2012_Texas_Mini_Worlds_Day_1_Steve_Skilton_DS.png	2012_Texas_Mini_Worlds_Day_1_Steve_Skilton_DS.png	image/png	2774514
2012_Texas_Mini_Worlds_Day_2_Greg_Shaw_DS.png	2012_Texas_Mini_Worlds_Day_2_Greg_Shaw_DS.png	image/png	980684
2012_Texas_Mini_Worlds_Day_2_Brian_Herold_DS.png	2012_Texas_Mini_Worlds_Day_2_Brian_Herold_DS.png	image/png	1935405
2012_Texas_Mini_Worlds_Day_2_Brian_Herold_LS.png	2012_Texas_Mini_Worlds_Day_2_Brian_Herold_LS.png	image/png	2688066
2012_Texas_Mini_Worlds_Day_2_James_Barnes_DS.png	2012_Texas_Mini_Worlds_Day_2_James_Barnes_DS.png	image/png	454285
2012_Texas_Mini_Worlds_Day_2_James_Barnes_LS.png	2012_Texas_Mini_Worlds_Day_2_James_Barnes_LS.png	image/png	467453
2012_Texas_Mini_Worlds_Day_2_John_Anderson_DS.png	2012_Texas_Mini_Worlds_Day_2_John_Anderson_DS.png	image/png	1590046
2012_Texas_Mini_Worlds_Day_2_Greg_Shaw_LS.png	2012_Texas_Mini_Worlds_Day_2_Greg_Shaw_LS.png	image/png	1528060
2012_Texas_Mini_Worlds_Day_2_Matt_Lush_DS.png	2012_Texas_Mini_Worlds_Day_2_Matt_Lush_DS.png	image/png	485534
2012_Texas_Mini_Worlds_Day_2_John_Anderson_LS.png	2012_Texas_Mini_Worlds_Day_2_John_Anderson_LS.png	image/png	1550819
2012_Texas_Mini_Worlds_Day_2_Matt_Lush_LS.png	2012_Texas_Mini_Worlds_Day_2_Matt_Lush_LS.png	image/png	486097
2012_Texas_Mini_Worlds_Day_2_Mike_Richards_DS.png	2012_Texas_Mini_Worlds_Day_2_Mike_Richards_DS.png	image/png	1430658
2012_Texas_Mini_Worlds_Day_2_Robbie_Hendon_LS.png	2012_Texas_Mini_Worlds_Day_2_Robbie_Hendon_LS.png	image/png	540096
2012_Texas_Mini_Worlds_Day_2_Mike_Richards_LS.png	2012_Texas_Mini_Worlds_Day_2_Mike_Richards_LS.png	image/png	1710251
2012_Texas_Mini_Worlds_Day_2_Scott_Lingrell_DS.png	2012_Texas_Mini_Worlds_Day_2_Scott_Lingrell_DS.png	image/png	1900093
2012_Texas_Mini_Worlds_Day_2_Scott_Lingrell_LS.png	2012_Texas_Mini_Worlds_Day_2_Scott_Lingrell_LS.png	image/png	1868186
2012_Texas_Mini_Worlds_Day_2_Robbie_Hendon_DS.png	2012_Texas_Mini_Worlds_Day_2_Robbie_Hendon_DS.png	image/png	464829
2012_US_Nationals_Day_1_Angelo_Consoli_DS.png	2012_US_Nationals_Day_1_Angelo_Consoli_DS.png	image/png	338588
2012_US_Nationals_Day_1_Alden_Peterson_LS.png	2012_US_Nationals_Day_1_Alden_Peterson_LS.png	image/png	1651969
2012_US_Nationals_Day_1_Angelo_Consoli_LS.png	2012_US_Nationals_Day_1_Angelo_Consoli_LS.png	image/png	326799
2012_US_Nationals_Day_1_Brady_DS.png	2012_US_Nationals_Day_1_Brady_DS.png	image/png	852186
2012_US_Nationals_Day_1_Brady_LS.png	2012_US_Nationals_Day_1_Brady_LS.png	image/png	805604
2012_US_Nationals_Day_1_Brandon_Burgt_DS.png	2012_US_Nationals_Day_1_Brandon_Burgt_DS.png	image/png	1023837
2012_US_Nationals_Day_1_Brian_Herold_DS.png	2012_US_Nationals_Day_1_Brian_Herold_DS.png	image/png	1290976
2012_US_Nationals_Day_1_Alden_Peterson_DS.png	2012_US_Nationals_Day_1_Alden_Peterson_DS.png	image/png	1609315
2012_US_Nationals_Day_1_Brandon_Burgt_LS.png	2012_US_Nationals_Day_1_Brandon_Burgt_LS.png	image/png	1159620
2012_Texas_Mini_Worlds_Day_1_Steve_Skilton_LS.png	2012_Texas_Mini_Worlds_Day_1_Steve_Skilton_LS.png	image/png	2876625
2012_US_Nationals_Day_1_Brian_Herold_LS.png	2012_US_Nationals_Day_1_Brian_Herold_LS.png	image/png	1265644
2012_US_Nationals_Day_1_Aaron_Nelson_LS.png	2012_US_Nationals_Day_1_Aaron_Nelson_LS.png	image/png	1673375
2012_US_Nationals_Day_1_Bryan_McCune_DS.png	2012_US_Nationals_Day_1_Bryan_McCune_DS.png	image/png	2066545
2012_US_Nationals_Day_1_Calvin_Kurten_LS.png	2012_US_Nationals_Day_1_Calvin_Kurten_LS.png	image/png	1242385
2012_US_Nationals_Day_1_Calvin_Kurten_DS.png	2012_US_Nationals_Day_1_Calvin_Kurten_DS.png	image/png	1253572
2012_US_Nationals_Day_1_Chris_Haglund_DS.png	2012_US_Nationals_Day_1_Chris_Haglund_DS.png	image/png	468663
2012_US_Nationals_Day_1_Chris_Haglund_LS.png	2012_US_Nationals_Day_1_Chris_Haglund_LS.png	image/png	468663
2012_US_Nationals_Day_1_Bryan_McCune_LS.png	2012_US_Nationals_Day_1_Bryan_McCune_LS.png	image/png	1991252
2012_US_Nationals_Day_1_Chris_Schoenthal_DS.png	2012_US_Nationals_Day_1_Chris_Schoenthal_DS.png	image/png	1806407
2012_US_Nationals_Day_1_Conrad_Simmering_DS.png	2012_US_Nationals_Day_1_Conrad_Simmering_DS.png	image/png	1473936
2012_US_Nationals_Day_1_Conrad_Simmering_LS.png	2012_US_Nationals_Day_1_Conrad_Simmering_LS.png	image/png	1439625
2012_US_Nationals_Day_1_Cooleo_DS.png	2012_US_Nationals_Day_1_Cooleo_DS.png	image/png	1555118
2012_US_Nationals_Day_1_Cooleo_LS.png	2012_US_Nationals_Day_1_Cooleo_LS.png	image/png	1482445
2012_US_Nationals_Day_1_Devin_Aue_DS.png	2012_US_Nationals_Day_1_Devin_Aue_DS.png	image/png	1977418
2012_US_Nationals_Day_1_Devin_Aue_LS.png	2012_US_Nationals_Day_1_Devin_Aue_LS.png	image/png	2018769
2012_US_Nationals_Day_1_Fernando_DS.png	2012_US_Nationals_Day_1_Fernando_DS.png	image/png	1674283
2012_US_Nationals_Day_1_Chris_Schoenthal_LS.png	2012_US_Nationals_Day_1_Chris_Schoenthal_LS.png	image/png	1883020
2012_US_Nationals_Day_1_George_DS.png	2012_US_Nationals_Day_1_George_DS.png	image/png	1248936
2012_US_Nationals_Day_1_Fernando_LS.png	2012_US_Nationals_Day_1_Fernando_LS.png	image/png	1545433
2012_US_Nationals_Day_1_George_LS.png	2012_US_Nationals_Day_1_George_LS.png	image/png	1246411
2012_US_Nationals_Day_1_Grant_B_LS.png	2012_US_Nationals_Day_1_Grant_B_LS.png	image/png	1057029
2012_US_Nationals_Day_1_Grant_B_DS.png	2012_US_Nationals_Day_1_Grant_B_DS.png	image/png	1028996
2012_US_Nationals_Day_1_Hayes_Hunter_DS.png	2012_US_Nationals_Day_1_Hayes_Hunter_DS.png	image/png	301193
2012_US_Nationals_Day_1_Hayes_Hunter_LS.png	2012_US_Nationals_Day_1_Hayes_Hunter_LS.png	image/png	310190
2012_US_Nationals_Day_1_Jake_Nelson_DS.png	2012_US_Nationals_Day_1_Jake_Nelson_DS.png	image/png	1076923
2012_US_Nationals_Day_1_Jake_Nelson_LS.png	2012_US_Nationals_Day_1_Jake_Nelson_LS.png	image/png	1081869
2012_US_Nationals_Day_1_Jake_Pietruszewski_DS.png	2012_US_Nationals_Day_1_Jake_Pietruszewski_DS.png	image/png	1585928
2012_US_Nationals_Day_1_Jake_Pietruszewski_LS.png	2012_US_Nationals_Day_1_Jake_Pietruszewski_LS.png	image/png	1653580
2012_US_Nationals_Day_1_Jan_B_DS.png	2012_US_Nationals_Day_1_Jan_B_DS.png	image/png	1410346
2012_US_Nationals_Day_1_Jan_B_LS.png	2012_US_Nationals_Day_1_Jan_B_LS.png	image/png	1104093
2012_US_Nationals_Day_1_Jeeps_DS.png	2012_US_Nationals_Day_1_Jeeps_DS.png	image/png	1200526
2012_US_Nationals_Day_1_Jeeps_LS.png	2012_US_Nationals_Day_1_Jeeps_LS.png	image/png	1191387
2012_US_Nationals_Day_1.pdf	2012_US_Nationals_Day_1.pdf	application/pdf	25738091
2012_US_Nationals_Day_1_Jess_Ojala_DS.png	2012_US_Nationals_Day_1_Jess_Ojala_DS.png	image/png	1299820
2012_US_Nationals_Day_1_Jess_Ojala_LS.png	2012_US_Nationals_Day_1_Jess_Ojala_LS.png	image/png	1467906
2012_US_Nationals_Day_1_Jessica_Echeverria_DS.png	2012_US_Nationals_Day_1_Jessica_Echeverria_DS.png	image/png	2026450
2012_US_Nationals_Day_1_Jessica_Echeverria_LS.png	2012_US_Nationals_Day_1_Jessica_Echeverria_LS.png	image/png	1851019
2012_US_Nationals_Day_1_John_Anderson_DS.png	2012_US_Nationals_Day_1_John_Anderson_DS.png	image/png	1416733
2012_US_Nationals_Day_1_John_Anderson_LS.png	2012_US_Nationals_Day_1_John_Anderson_LS.png	image/png	1472290
2012_US_Nationals_Day_1_John_Veasey_LS.png	2012_US_Nationals_Day_1_John_Veasey_LS.png	image/png	339317
2012_US_Nationals_Day_1_John_Veasey_DS.png	2012_US_Nationals_Day_1_John_Veasey_DS.png	image/png	321529
2012_US_Nationals_Day_1_Kevin_Shannon_DS.png	2012_US_Nationals_Day_1_Kevin_Shannon_DS.png	image/png	1379391
2012_US_Nationals_Day_1_Kevin_Shannon_LS.png	2012_US_Nationals_Day_1_Kevin_Shannon_LS.png	image/png	1435495
2012_US_Nationals_Day_1_Marc_Hanson_DS.png	2012_US_Nationals_Day_1_Marc_Hanson_DS.png	image/png	534360
2012_US_Nationals_Day_1_Leo_Molitor_DS.png	2012_US_Nationals_Day_1_Leo_Molitor_DS.png	image/png	965746
2012_US_Nationals_Day_1_Marc_Hanson_LS.png	2012_US_Nationals_Day_1_Marc_Hanson_LS.png	image/png	517968
2012_US_Nationals_Day_1_Leo_Molitor_LS.png	2012_US_Nationals_Day_1_Leo_Molitor_LS.png	image/png	1102507
2012_US_Nationals_Day_1_Mark_Peterson_DS.png	2012_US_Nationals_Day_1_Mark_Peterson_DS.png	image/png	1936703
2012_US_Nationals_Day_1_Mark_Peterson_LS.png	2012_US_Nationals_Day_1_Mark_Peterson_LS.png	image/png	1981493
2012_US_Nationals_Day_1_Mark_Walseth_DS.png	2012_US_Nationals_Day_1_Mark_Walseth_DS.png	image/png	879250
2012_US_Nationals_Day_1_Mark_Walseth_LS.png	2012_US_Nationals_Day_1_Mark_Walseth_LS.png	image/png	884097
2012_US_Nationals_Day_1_Matt_Hanson_DS.png	2012_US_Nationals_Day_1_Matt_Hanson_DS.png	image/png	1314978
2012_US_Nationals_Day_1_Matt_Hanson_LS.png	2012_US_Nationals_Day_1_Matt_Hanson_LS.png	image/png	1273788
2012_US_Nationals_Day_1_Matthew_Ulstad_DS.png	2012_US_Nationals_Day_1_Matthew_Ulstad_DS.png	image/png	59001
2012_US_Nationals_Day_1_Matthew_Ulstad_LS.png	2012_US_Nationals_Day_1_Matthew_Ulstad_LS.png	image/png	388438
2012_US_Nationals_Day_1_Mitch_Nieland_LS.png	2012_US_Nationals_Day_1_Mitch_Nieland_LS.png	image/png	1214108
2012_US_Nationals_Day_1_Matt_Scott_LS.png	2012_US_Nationals_Day_1_Matt_Scott_LS.png	image/png	1708912
2012_US_Nationals_Day_1_Nick_Olson_LS.png	2012_US_Nationals_Day_1_Nick_Olson_LS.png	image/png	1644744
2012_US_Nationals_Day_1_Mitch_Nieland_DS.png	2012_US_Nationals_Day_1_Mitch_Nieland_DS.png	image/png	1211953
2012_US_Nationals_Day_1_Nick_Olson_DS.png	2012_US_Nationals_Day_1_Nick_Olson_DS.png	image/png	1724757
2012_US_Nationals_Day_1_Matt_Scott_DS.png	2012_US_Nationals_Day_1_Matt_Scott_DS.png	image/png	1654905
2012_US_Nationals_Day_1_Nick_Rambo_DS.png	2012_US_Nationals_Day_1_Nick_Rambo_DS.png	image/png	1375041
2012_US_Nationals_Day_1_Nick_Rambo_LS.png	2012_US_Nationals_Day_1_Nick_Rambo_LS.png	image/png	1354272
2012_US_Nationals_Day_1_Orlie_Martin_LS.png	2012_US_Nationals_Day_1_Orlie_Martin_LS.png	image/png	1239946
2012_US_Nationals_Day_1_Orlie_Martin_DS.png	2012_US_Nationals_Day_1_Orlie_Martin_DS.png	image/png	1232114
2012_US_Nationals_Day_1_Nick_Swedal_DS.png	2012_US_Nationals_Day_1_Nick_Swedal_DS.png	image/png	1510527
2012_US_Nationals_Day_1_Peter_Grouty_DS.png	2012_US_Nationals_Day_1_Peter_Grouty_DS.png	image/png	1767591
2012_US_Nationals_Day_1_Peter_Grouty_LS.png	2012_US_Nationals_Day_1_Peter_Grouty_LS.png	image/png	1775671
2012_US_Nationals_Day_1_Nick_Swedal_LS.png	2012_US_Nationals_Day_1_Nick_Swedal_LS.png	image/png	1519400
2012_US_Nationals_Day_1_Scott_Morgan_DS.png	2012_US_Nationals_Day_1_Scott_Morgan_DS.png	image/png	1477825
2012_US_Nationals_Day_1_Unknown_Player_DS.png	2012_US_Nationals_Day_1_Unknown_Player_DS.png	image/png	570715
2012_US_Nationals_Day_1_Unknown_Player_LS.png	2012_US_Nationals_Day_1_Unknown_Player_LS.png	image/png	480981
2012_US_Nationals_Day_1_Tom_Frafjord_DS.png	2012_US_Nationals_Day_1_Tom_Frafjord_DS.png	image/png	1983730
2012_US_Nationals_Day_1_Zach_Stenerson_DS.png	2012_US_Nationals_Day_1_Zach_Stenerson_DS.png	image/png	1323683
2012_US_Nationals_Day_1_Tom_Frafjord_LS.png	2012_US_Nationals_Day_1_Tom_Frafjord_LS.png	image/png	1972047
2012_US_Nationals_Day_1_Zach_Stenerson_LS.png	2012_US_Nationals_Day_1_Zach_Stenerson_LS.png	image/png	1327845
2012_US_Nationals_Day_1_Scott_Morgan_LS.png	2012_US_Nationals_Day_1_Scott_Morgan_LS.png	image/png	1469377
2012_US_Nationals_Day_2_Aaron_Nelson_LS.png	2012_US_Nationals_Day_2_Aaron_Nelson_LS.png	image/png	2481743
2012_US_Nationals_Day_2_Angelo_Consoli_DS.png	2012_US_Nationals_Day_2_Angelo_Consoli_DS.png	image/png	1794884
2012_US_Nationals_Day_2_Brian_Herold_LS.png	2012_US_Nationals_Day_2_Brian_Herold_LS.png	image/png	2501633
2012_US_Nationals_Day_2.pdf	2012_US_Nationals_Day_2.pdf	application/pdf	9763826
2012_US_Nationals_Day_2_Aaron_Nelson_DS.png	2012_US_Nationals_Day_2_Aaron_Nelson_DS.png	image/png	2510838
2012_US_Nationals_Day_2_Angelo_Consoli_LS.png	2012_US_Nationals_Day_2_Angelo_Consoli_LS.png	image/png	2552661
2012_US_Nationals_Day_2_Brian_Herold_DS.png	2012_US_Nationals_Day_2_Brian_Herold_DS.png	image/png	2500474
2012_US_Nationals_Day_2_Jake_Nelson_DS.png	2012_US_Nationals_Day_2_Jake_Nelson_DS.png	image/png	2540358
2012_US_Nationals_Day_2_Jake_Nelson_LS.png	2012_US_Nationals_Day_2_Jake_Nelson_LS.png	image/png	2640580
2012_US_Nationals_Day_2_Kevin_Shannon_DS.png	2012_US_Nationals_Day_2_Kevin_Shannon_DS.png	image/png	2037122
2012_US_Nationals_Day_2_Kevin_Shannon_LS.png	2012_US_Nationals_Day_2_Kevin_Shannon_LS.png	image/png	2418149
2012_US_Nationals_Day_2_Tom_Frafjord_LS.png	2012_US_Nationals_Day_2_Tom_Frafjord_LS.png	image/png	3102624
2012_US_Nationals_Day_2_Tom_Frafjord_DS.png	2012_US_Nationals_Day_2_Tom_Frafjord_DS.png	image/png	2964281
2012_Worlds_Day_2_Angelo_Consoli_DS_A_Stunning_Move.png	2012_Worlds_Day_2_Angelo_Consoli_DS_A_Stunning_Move.png	image/png	2143965
2012_Worlds_Day_2_Brian_Herold_DS_Contract_Killers.png	2012_Worlds_Day_2_Brian_Herold_DS_Contract_Killers.png	image/png	1640512
2012_Worlds_Day_2_Angelo_Consoli_LS_You_Can_Either_Profit_By_This.png	2012_Worlds_Day_2_Angelo_Consoli_LS_You_Can_Either_Profit_By_This.png	image/png	2068779
2012_Worlds_Day_2_Benjamin_Jakob_LS_We'll_Handle_This.png	2012_Worlds_Day_2_Benjamin_Jakob_LS_We'll_Handle_This.png	image/png	3531098
2012_Worlds_Day_2_Casper_DS_Imperial_Occupation.png	2012_Worlds_Day_2_Casper_DS_Imperial_Occupation.png	image/png	1517536
2012_Worlds_Day_2_Casper_LS_Yavin_4.png	2012_Worlds_Day_2_Casper_LS_Yavin_4.png	image/png	1501759
2012_Worlds_Day_2_Brian_Herold_LS_Infiltration.png	2012_Worlds_Day_2_Brian_Herold_LS_Infiltration.png	image/png	1753232
2012_Worlds_Day_2_Darren_Pilbeam_DS_Spice_Mine_Operations.png	2012_Worlds_Day_2_Darren_Pilbeam_DS_Spice_Mine_Operations.png	image/png	1096181
2012_Worlds_Day_2_Darren_Pilbeam_LS_Infiltration.png	2012_Worlds_Day_2_Darren_Pilbeam_LS_Infiltration.png	image/png	1116092
2012_Worlds_Day_2_Dennis_Hes_DS_Contract_Killers.png	2012_Worlds_Day_2_Dennis_Hes_DS_Contract_Killers.png	image/png	2282445
2012_Worlds_Day_2_Dennis_Hes_LS_Rescue_The_Princess.png	2012_Worlds_Day_2_Dennis_Hes_LS_Rescue_The_Princess.png	image/png	2292309
2012_Worlds_Day_2_Dirk_Friedrichs_DS_Imperial_Entanglements.png	2012_Worlds_Day_2_Dirk_Friedrichs_DS_Imperial_Entanglements.png	image/png	1936658
2012_Worlds_Day_2_Dirk_Friedrichs_LS_We'll_Handle_This.png	2012_Worlds_Day_2_Dirk_Friedrichs_LS_We'll_Handle_This.png	image/png	2023699
2012_Worlds_Day_2_Dennis_Schwarz_LS_Watch_Your_Step.png	2012_Worlds_Day_2_Dennis_Schwarz_LS_Watch_Your_Step.png	image/png	2080084
2012_Worlds_Day_2_Dennis_Schwarz_DS_A_Stunning_Move.png	2012_Worlds_Day_2_Dennis_Schwarz_DS_A_Stunning_Move.png	image/png	2107220
2012_Worlds_Day_2_Dirk_Pommerenke_DS_My_Lord_Is_That_Legal.png	2012_Worlds_Day_2_Dirk_Pommerenke_DS_My_Lord_Is_That_Legal.png	image/png	1873490
2012_Worlds_Day_2_Benjamin_Jakob_DS_Hunt_Down_And_Destroy_The_Jedi.png	2012_Worlds_Day_2_Benjamin_Jakob_DS_Hunt_Down_And_Destroy_The_Jedi.png	image/png	3542952
2012_Worlds_Day_2_Don_Price_DS_Endor_Operations.png	2012_Worlds_Day_2_Don_Price_DS_Endor_Operations.png	image/png	2193709
2012_Worlds_Day_2_Don_Price_LS_Infiltration.png	2012_Worlds_Day_2_Don_Price_LS_Infiltration.png	image/png	2281777
2012_Worlds_Day_2_Emil_Wallin_LS_There_Is_Good_In_Him.png	2012_Worlds_Day_2_Emil_Wallin_LS_There_Is_Good_In_Him.png	image/png	2056384
2012_Worlds_Day_2_Emil_Wallin_DS_Spice_Mine_Operations.png	2012_Worlds_Day_2_Emil_Wallin_DS_Spice_Mine_Operations.png	image/png	2179367
2012_Worlds_Day_2_Enno_Haede_LS_Communing.png	2012_Worlds_Day_2_Enno_Haede_LS_Communing.png	image/png	1392326
2012_Worlds_Day_2_Gregor_Karlstrom_DS_Ralltiir_Operations.png	2012_Worlds_Day_2_Gregor_Karlstrom_DS_Ralltiir_Operations.png	image/png	491883
2012_Worlds_Day_2_Gdv12_DS_Hunt_Down_And_Destroy.png	2012_Worlds_Day_2_Gdv12_DS_Hunt_Down_And_Destroy.png	image/png	1548012
2012_Worlds_Day_2_Gregor_Karlstrom_LS_Tatooine:_Slave_Quarters.png	2012_Worlds_Day_2_Gregor_Karlstrom_LS_Tatooine__Slave_Quarters.png	image/png	2045983
2012_Worlds_Day_2_Enno_Haede_DS_A_Stunning_Move.png	2012_Worlds_Day_2_Enno_Haede_DS_A_Stunning_Move.png	image/png	1479906
2012_Worlds_Day_2_Gunnar_Brandén_DS_Death_Star:_War_Room.png	2012_Worlds_Day_2_Gunnar_Brandén_DS_Death_Star__War_Room.png	image/png	2241319
2012_Worlds_Day_2_Gunnar_Brandén_LS_The_Hyperdrive_Generator's_Gone.png	2012_Worlds_Day_2_Gunnar_Brandén_LS_The_Hyperdrive_Generator's_Gone.png	image/png	2280528
2012_Worlds_Day_2_Dirk_Pommerenke_LS_Rebel_Strike_Team.png	2012_Worlds_Day_2_Dirk_Pommerenke_LS_Rebel_Strike_Team.png	image/png	1828755
2012_Worlds_Day_2_Henry_Killenzway_LS_We'll_Handle_This.png	2012_Worlds_Day_2_Henry_Killenzway_LS_We'll_Handle_This.png	image/png	2482186
2012_Worlds_Day_2_Henry_Killenzway_DS_Court_Of_The_Vile_Gangster.png	2012_Worlds_Day_2_Henry_Killenzway_DS_Court_Of_The_Vile_Gangster.png	image/png	2644709
2012_Worlds_Day_2_Javier_Barrio_DS_Spice_Mine_Operations.png	2012_Worlds_Day_2_Javier_Barrio_DS_Spice_Mine_Operations.png	image/png	1765216
2012_Worlds_Day_2_Javier_Barrio_LS_Mind_What_You_Have_Learned.png	2012_Worlds_Day_2_Javier_Barrio_LS_Mind_What_You_Have_Learned.png	image/png	1966743
2012_Worlds_Day_2_Jerome_Nitschke_DS_Hunt_Down_And_Destroy.png	2012_Worlds_Day_2_Jerome_Nitschke_DS_Hunt_Down_And_Destroy.png	image/png	1162916
2012_Worlds_Day_2_Jesper_DS_Let_Them_Make_The_First_Move.png	2012_Worlds_Day_2_Jesper_DS_Let_Them_Make_The_First_Move.png	image/png	2182380
2012_Worlds_Day_2_Jesper_LS_Infiltration.png	2012_Worlds_Day_2_Jesper_LS_Infiltration.png	image/png	2233290
2012_Worlds_Day_2_John_Anson_DS_Contract_Killers.png	2012_Worlds_Day_2_John_Anson_DS_Contract_Killers.png	image/png	2198653
2012_Worlds_Day_2_John_Anson_LS_Infiltration.png	2012_Worlds_Day_2_John_Anson_LS_Infiltration.png	image/png	2133628
2012_Worlds_Day_2_John_Versey_DS_Agents_Of_Black_Sun.png	2012_Worlds_Day_2_John_Versey_DS_Agents_Of_Black_Sun.png	image/png	1391454
2012_Worlds_Day_2_John_Moorley_LS_Yavin_4:_Massassi_Throne_Room.png	2012_Worlds_Day_2_John_Moorley_LS_Yavin_4__Massassi_Throne_Room.png	image/png	2278051
2012_Worlds_Day_2_John_Versey_LS_Kashyyyk.png	2012_Worlds_Day_2_John_Versey_LS_Kashyyyk.png	image/png	1384481
2012_Worlds_Day_2_Jon_Benkert_Holtet_LS_Communing.png	2012_Worlds_Day_2_Jon_Benkert_Holtet_LS_Communing.png	image/png	2381546
2012_Worlds_Day_2_Jon_Benkert_Holtet_DS_Endor_Operations.png	2012_Worlds_Day_2_Jon_Benkert_Holtet_DS_Endor_Operations.png	image/png	2305748
2012_Worlds_Day_2_Jonas_Jakubowski_DS_Endor_Operations.png	2012_Worlds_Day_2_Jonas_Jakubowski_DS_Endor_Operations.png	image/png	2271878
2012_Worlds_Day_2_Jonas_Jakubowski_LS_Rebel_Strike_Team.png	2012_Worlds_Day_2_Jonas_Jakubowski_LS_Rebel_Strike_Team.png	image/png	2369374
2012_Worlds_Day_2_John_Moorley_DS_Hunt_Down_And_Destroy_The_Jedi.png	2012_Worlds_Day_2_John_Moorley_DS_Hunt_Down_And_Destroy_The_Jedi.png	image/png	2347864
2012_Worlds_Day_2_Julian_Fuss_LS_We'll_Handle_This.png	2012_Worlds_Day_2_Julian_Fuss_LS_We'll_Handle_This.png	image/png	2146653
2012_Worlds_Day_2_Kent_Larsen_DS_Set_Your_Course_For_Alderaan.png	2012_Worlds_Day_2_Kent_Larsen_DS_Set_Your_Course_For_Alderaan.png	image/png	1925608
2012_Worlds_Day_2_Jerome_Nitschke_LS_Rebel_Strike_Team.png	2012_Worlds_Day_2_Jerome_Nitschke_LS_Rebel_Strike_Team.png	image/png	1105212
2012_Worlds_Day_2.pdf	2012_Worlds_Day_2.pdf	application/pdf	32090112
2012_Worlds_Day_2_Kevin_Jaar_LS_Yoda's_Hut.png	2012_Worlds_Day_2_Kevin_Jaar_LS_Yoda's_Hut.png	image/png	2119025
2012_Worlds_Day_2_Kevin_Jaar_DS_Spice_Mine_Operations.png	2012_Worlds_Day_2_Kevin_Jaar_DS_Spice_Mine_Operations.png	image/png	2147567
2012_Worlds_Day_2_Kristoffer_Basse_Hedlund_DS_Endor_Operations.png	2012_Worlds_Day_2_Kristoffer_Basse_Hedlund_DS_Endor_Operations.png	image/png	2072137
2012_Worlds_Day_2_Kristoffer_Basse_Hedlund_LS_Center_Of_Tyranny.png	2012_Worlds_Day_2_Kristoffer_Basse_Hedlund_LS_Center_Of_Tyranny.png	image/png	2105658
2012_Worlds_Day_2_Kent_Larsen_LS_Plead_My_Case_To_The_Senate.png	2012_Worlds_Day_2_Kent_Larsen_LS_Plead_My_Case_To_The_Senate.png	image/png	2025599
2012_Worlds_Day_2_Marc_Nickels_DS_Bring_Him_Before_Me.png	2012_Worlds_Day_2_Marc_Nickels_DS_Bring_Him_Before_Me.png	image/png	2095236
2012_Worlds_Day_2_Marc_Nickels_LS_Local_Uprising.png	2012_Worlds_Day_2_Marc_Nickels_LS_Local_Uprising.png	image/png	1514245
2012_Worlds_Day_2_Massimiliano_Colussi_DS_Set_Your_Course_For_Alderaan.png	2012_Worlds_Day_2_Massimiliano_Colussi_DS_Set_Your_Course_For_Alderaan.png	image/png	2036875
2012_Worlds_Day_2_Massimiliano_Colussi_LS_We'll_Handle_This.png	2012_Worlds_Day_2_Massimiliano_Colussi_LS_We'll_Handle_This.png	image/png	2067084
2012_Worlds_Day_2_Markin_Tegeler_LS_Watch_Your_Step.png	2012_Worlds_Day_2_Markin_Tegeler_LS_Watch_Your_Step.png	image/png	3743408
2012_Worlds_Day_2_Michael_Richards_DS_Contract_Killers.png	2012_Worlds_Day_2_Michael_Richards_DS_Contract_Killers.png	image/png	1559560
2012_Worlds_Day_2_Michael_Erisman_DS_My_Lord,_Is_That_Legal?.png	2012_Worlds_Day_2_Michael_Erisman_DS_My_Lord,_Is_That_Legal.png	image/png	2242793
2012_Worlds_Day_2_Michael_Erisman_LS_Master_Kenobi.png	2012_Worlds_Day_2_Michael_Erisman_LS_Master_Kenobi.png	image/png	2179036
2012_Worlds_Day_2_Nico_Oster_DS_Spice_Mine_Operations.png	2012_Worlds_Day_2_Nico_Oster_DS_Spice_Mine_Operations.png	image/png	360490
2012_Worlds_Day_2_Nico_Oster_LS_Infiltration.png	2012_Worlds_Day_2_Nico_Oster_LS_Infiltration.png	image/png	701544
2012_Worlds_Day_2_Nico_Sauer_LS_Watch_Your_Step.png	2012_Worlds_Day_2_Nico_Sauer_LS_Watch_Your_Step.png	image/png	687831
2012_Worlds_Day_2_Nico_Sauer_DS_A_Stunning_Move.png	2012_Worlds_Day_2_Nico_Sauer_DS_A_Stunning_Move.png	image/png	801593
2012_Worlds_Day_2_Morten_Iversen_DS_Imperial_Occupation.png	2012_Worlds_Day_2_Morten_Iversen_DS_Imperial_Occupation.png	image/png	2340710
2012_Worlds_Day_2_Nico_Kreidl_LS_Watch_Your_Step.png	2012_Worlds_Day_2_Nico_Kreidl_LS_Watch_Your_Step.png	image/png	2369686
2012_Worlds_Day_2_Morten_Iversen_LS_You_Can_Either_Profit_By_This.png	2012_Worlds_Day_2_Morten_Iversen_LS_You_Can_Either_Profit_By_This.png	image/png	2422088
2012_Worlds_Day_2_Nico_Kreidl_DS_Ralltiir_Operations.png	2012_Worlds_Day_2_Nico_Kreidl_DS_Ralltiir_Operations.png	image/png	2379613
2012_Worlds_Day_2_Pär_Birgander_LS_Restore_it,_NOW!.png	2012_Worlds_Day_2_Pär_Birgander_LS_Restore_it,_NOW!.png	image/png	991486
2012_Worlds_Day_2_Pär_Birgander_DS_Spice_Mine_Operations.png	2012_Worlds_Day_2_Pär_Birgander_DS_Spice_Mine_Operations.png	image/png	1122587
2012_Worlds_Day_2_Paul_McPherson_DS_A_Stunning_Move.png	2012_Worlds_Day_2_Paul_McPherson_DS_A_Stunning_Move.png	image/png	2294047
2012_Worlds_Day_2_Rasmus_LS_We_Have_A_Plan.png	2012_Worlds_Day_2_Rasmus_LS_We_Have_A_Plan.png	image/png	1964080
2012_Worlds_Day_2_Paul_McPherson_LS_Watch_Your_Step.png	2012_Worlds_Day_2_Paul_McPherson_LS_Watch_Your_Step.png	image/png	2401689
2012_Worlds_Day_2_Rasmus_DS_Agents_Of_Black_Sun.png	2012_Worlds_Day_2_Rasmus_DS_Agents_Of_Black_Sun.png	image/png	1787338
2012_Worlds_Day_2_Stefaan_Lambrecht_DS_Hunt_Down_And_Destroy_The_Jedi.png	2012_Worlds_Day_2_Stefaan_Lambrecht_DS_Hunt_Down_And_Destroy_The_Jedi.png	image/png	468448
2012_Worlds_Day_2_Stefaan_Lambrecht_LS_Rebel_Strike_Team.png	2012_Worlds_Day_2_Stefaan_Lambrecht_LS_Rebel_Strike_Team.png	image/png	453206
2012_Worlds_Day_2_Smukke_Kristian_LS_Yavin_4.png	2012_Worlds_Day_2_Smukke_Kristian_LS_Yavin_4.png	image/png	2242721
2012_Worlds_Day_2_Stephan_de_Vos_LS_Center_Of_Tyranny.png	2012_Worlds_Day_2_Stephan_de_Vos_LS_Center_Of_Tyranny.png	image/png	2268717
2012_Worlds_Day_2_Stefan_Drever_LS_Yavin_4_Massassi_Throne_Room.png	2012_Worlds_Day_2_Stefan_Drever_LS_Yavin_4_Massassi_Throne_Room.png	image/png	2405664
2012_Worlds_Day_2_Tamas_Papp_DS_Spice_Mine_Operations.png	2012_Worlds_Day_2_Tamas_Papp_DS_Spice_Mine_Operations.png	image/png	2392270
2012_Worlds_Day_2_Stephan_de_Vos_DS_Hunt_Down_And_Destroy_The_Jedi.png	2012_Worlds_Day_2_Stephan_de_Vos_DS_Hunt_Down_And_Destroy_The_Jedi.png	image/png	2116390
2012_Worlds_Day_2_Rolf_Wachsmuth_LS_Communing.png	2012_Worlds_Day_2_Rolf_Wachsmuth_LS_Communing.png	image/png	2166399
2012_Worlds_Day_2_Rolf_Wachsmuth_DS_Hunt_Down_And_Destroy_The_Jedi.png	2012_Worlds_Day_2_Rolf_Wachsmuth_DS_Hunt_Down_And_Destroy_The_Jedi.png	image/png	2197662
2012_Worlds_Day_2_Thomas_Whalen_DS_My_Lord_Is_That_Legal.png	2012_Worlds_Day_2_Thomas_Whalen_DS_My_Lord_Is_That_Legal.png	image/png	2297431
2012_Worlds_Day_2_Tamas_Papp_LS_Infiltration.png	2012_Worlds_Day_2_Tamas_Papp_LS_Infiltration.png	image/png	2275230
2012_Worlds_Day_2_Thomas_Whalen_LS_Plead_My_Case.png	2012_Worlds_Day_2_Thomas_Whalen_LS_Plead_My_Case.png	image/png	2528909
2012_Worlds_Day_2_Tobias_Buhler_LS_Watch_Your_Step.png	2012_Worlds_Day_2_Tobias_Buhler_LS_Watch_Your_Step.png	image/png	2183275
2012_Yavin_4_Regionals_Alex_Klimenko_DS.png	2012_Yavin_4_Regionals_Alex_Klimenko_DS.png	image/png	297435
2012_Worlds_Day_2_Ziemowit_Skwara_LS_Watch_Your_Step.png	2012_Worlds_Day_2_Ziemowit_Skwara_LS_Watch_Your_Step.png	image/png	2707277
2012_Yavin_4_Regionals_Alex_Klimenko_LS.png	2012_Yavin_4_Regionals_Alex_Klimenko_LS.png	image/png	302021
2012_Yavin_4_Regionals_Ben_Brummett_DS.png	2012_Yavin_4_Regionals_Ben_Brummett_DS.png	image/png	1507835
2012_Yavin_4_Regionals_Bentley_Boyd_DS.png	2012_Yavin_4_Regionals_Bentley_Boyd_DS.png	image/png	1761215
2012_Yavin_4_Regionals_Chris_Westergard_DS.png	2012_Yavin_4_Regionals_Chris_Westergard_DS.png	image/png	1306685
2012_Worlds_Day_2_Smukke_Kristian_DS_Endor_Operations.png	2012_Worlds_Day_2_Smukke_Kristian_DS_Endor_Operations.png	image/png	2180396
2012_Worlds_Day_2_Ziemowit_Skwara_DS_Ralltiir_Operations.png	2012_Worlds_Day_2_Ziemowit_Skwara_DS_Ralltiir_Operations.png	image/png	2714475
2012_Worlds_Day_2_Stefan_Drever_DS_Hunt_Down_And_Destroy_The_Jedi.png	2012_Worlds_Day_2_Stefan_Drever_DS_Hunt_Down_And_Destroy_The_Jedi.png	image/png	2322618
2012_Yavin_4_Regionals_Chris_Westergard_LS.png	2012_Yavin_4_Regionals_Chris_Westergard_LS.png	image/png	1315648
2012_Yavin_4_Regionals_Greg_Shaw_DS.png	2012_Yavin_4_Regionals_Greg_Shaw_DS.png	image/png	1201701
2012_Worlds_Day_2_Tobias_Buhler_DS_Agents_Of_Black_Sun.png	2012_Worlds_Day_2_Tobias_Buhler_DS_Agents_Of_Black_Sun.png	image/png	2177638
2012_Yavin_4_Regionals_Bentley_Boyd_LS.png	2012_Yavin_4_Regionals_Bentley_Boyd_LS.png	image/png	1722837
2012_Yavin_4_Regionals_Joe_Orthner_DS.png	2012_Yavin_4_Regionals_Joe_Orthner_DS.png	image/png	1432230
2012_Yavin_4_Regionals_Greg_Shaw_LS.png	2012_Yavin_4_Regionals_Greg_Shaw_LS.png	image/png	1133764
2012_Yavin_4_Regionals_Joe_Orthner_LS.png	2012_Yavin_4_Regionals_Joe_Orthner_LS.png	image/png	1568771
2012_Yavin_4_Regionals_Matt_Schmaltz_DS.png	2012_Yavin_4_Regionals_Matt_Schmaltz_DS.png	image/png	1248138
2012_Yavin_4_Regionals_Matt_Schmaltz_LS.png	2012_Yavin_4_Regionals_Matt_Schmaltz_LS.png	image/png	1217589
2012_Yavin_4_Regionals_Michael_Klimenko_DS.png	2012_Yavin_4_Regionals_Michael_Klimenko_DS.png	image/png	1169738
2012_Yavin_4_Regionals_Scott_DS.png	2012_Yavin_4_Regionals_Scott_DS.png	image/png	617598
2012_Yavin_4_Regionals_Michael_Klimenko_LS.png	2012_Yavin_4_Regionals_Michael_Klimenko_LS.png	image/png	1190429
2012_Yavin_4_Regionals_Steve_Skilton_DS.png	2012_Yavin_4_Regionals_Steve_Skilton_DS.png	image/png	333726
2012_Yavin_4_Regionals_Scott_LS.png	2012_Yavin_4_Regionals_Scott_LS.png	image/png	611596
2012_Yavin_4_Regionals_Steve_Skilton_LS.png	2012_Yavin_4_Regionals_Steve_Skilton_LS.png	image/png	345221
2012_Yavin_4_Regionals_Ben_Brummett_LS.png	2012_Yavin_4_Regionals_Ben_Brummett_LS.png	image/png	1539827
2012_Yavin_4_Regionals_Tim_Murray_DS.png	2012_Yavin_4_Regionals_Tim_Murray_DS.png	image/png	1378599
2012_Yavin_4_Regionals_Tim_Murray_LS.png	2012_Yavin_4_Regionals_Tim_Murray_LS.png	image/png	1340599
2012_Yavin_4_Regionals_Vincent_Rossi_DS.png	2012_Yavin_4_Regionals_Vincent_Rossi_DS.png	image/png	187057
2012_Yavin_4_Regionals_Vikram_Bali_DS.png	2012_Yavin_4_Regionals_Vikram_Bali_DS.png	image/png	977216
2012_Yavin_4_Regionals_Tom_Haid_DS.png	2012_Yavin_4_Regionals_Tom_Haid_DS.png	image/png	1316083
2012_Yavin_4_Regionals_Vincent_Rossi_LS.png	2012_Yavin_4_Regionals_Vincent_Rossi_LS.png	image/png	200110
2012_Yavin_4_Regionals_Vikram_Bali_LS.png	2012_Yavin_4_Regionals_Vikram_Bali_LS.png	image/png	1018253
2012_Yavin_4_Regionals_Tom_Haid_LS.png	2012_Yavin_4_Regionals_Tom_Haid_LS.png	image/png	1367502
2013_Alderaan_Regionals_p02_Matthew_Harrison-Trainor_DS.png	2013_Alderaan_Regionals_p02_Matthew_Harrison-Trainor_DS.png	image/png	201407
2013_Alderaan_Regionals_p01_Matthew_Harrison-Trainor_LS.png	2013_Alderaan_Regionals_p01_Matthew_Harrison-Trainor_LS.png	image/png	188960
2013_Alderaan_Regionals_p04_Tom_DS.png	2013_Alderaan_Regionals_p04_Tom_DS.png	image/png	211726
2013_Alderaan_Regionals_p03_Tom_LS.png	2013_Alderaan_Regionals_p03_Tom_LS.png	image/png	209881
2013_Alderaan_Regionals_p08_Kevin_Shannon_LS.png	2013_Alderaan_Regionals_p08_Kevin_Shannon_LS.png	image/png	197585
2013_Alderaan_Regionals_p07_Kevin_Shannon_DS.png	2013_Alderaan_Regionals_p07_Kevin_Shannon_DS.png	image/png	204201
2013_Alderaan_Regionals_p14_Chris_Menzel_DS.png	2013_Alderaan_Regionals_p14_Chris_Menzel_DS.png	image/png	114164
2013_Alderaan_Regionals_p13_Chris_Menzel_LS.png	2013_Alderaan_Regionals_p13_Chris_Menzel_LS.png	image/png	102748
2013_Alderaan_Regionals_p09_Clayton_Atkin_DS.png	2013_Alderaan_Regionals_p09_Clayton_Atkin_DS.png	image/png	251786
2013_Alderaan_Regionals_p10_Clayton_Atkin_LS.png	2013_Alderaan_Regionals_p10_Clayton_Atkin_LS.png	image/png	250764
2013_Alderaan_Regionals_p11_Ryan_Jellison_LS.png	2013_Alderaan_Regionals_p11_Ryan_Jellison_LS.png	image/png	236817
2013_Alderaan_Regionals_p12_Ryan_Jellison_DS.png	2013_Alderaan_Regionals_p12_Ryan_Jellison_DS.png	image/png	242553
2013_Alderaan_Regionals_p15_Ganden_Yanaga_DS.png	2013_Alderaan_Regionals_p15_Ganden_Yanaga_DS.png	image/png	204670
2013_Alderaan_Regionals_p16_Ganden_Yanaga_LS.png	2013_Alderaan_Regionals_p16_Ganden_Yanaga_LS.png	image/png	204949
2013_Alderaan_Regionals_p18_Bren_Derlin_DS.png	2013_Alderaan_Regionals_p18_Bren_Derlin_DS.png	image/png	243042
2013_Alderaan_Regionals_p17_Bren_Derlin_LS.png	2013_Alderaan_Regionals_p17_Bren_Derlin_LS.png	image/png	246091
2013_Alderaan_Regionals_p22_Chris_Schoenthal_DS.png	2013_Alderaan_Regionals_p22_Chris_Schoenthal_DS.png	image/png	177172
2013_Alderaan_Regionals_p21_Chris_Schoenthal_LS.png	2013_Alderaan_Regionals_p21_Chris_Schoenthal_LS.png	image/png	243901
2013_Alderaan_Regionals_p23_Anthony_Massung_LS.png	2013_Alderaan_Regionals_p23_Anthony_Massung_LS.png	image/png	81887
2013_Alderaan_Regionals_p25_Nathan_DS.png	2013_Alderaan_Regionals_p25_Nathan_DS.png	image/png	194551
2013_Alderaan_Regionals_p26_Nathan_LS.png	2013_Alderaan_Regionals_p26_Nathan_LS.png	image/png	203535
2013_Alderaan_Regionals_p27_Roy_McCarthy_LS.png	2013_Alderaan_Regionals_p27_Roy_McCarthy_LS.png	image/png	201444
2013_Alderaan_Regionals_p24_Anthony_Massung_DS.png	2013_Alderaan_Regionals_p24_Anthony_Massung_DS.png	image/png	209840
2013_Alderaan_Regionals_p28_Roy_McCarthy_DS.png	2013_Alderaan_Regionals_p28_Roy_McCarthy_DS.png	image/png	196345
2013_Match_Play_Championship_p01_Barry_Alperstein_LS.png	2013_Match_Play_Championship_p01_Barry_Alperstein_LS.png	image/png	110448
2013_Match_Play_Championship_p04_Nicholas_Amato_DS.png	2013_Match_Play_Championship_p04_Nicholas_Amato_DS.png	image/png	106136
2013_Match_Play_Championship_p02_Barry_Alperstein_DS.png	2013_Match_Play_Championship_p02_Barry_Alperstein_DS.png	image/png	107439
2013_Match_Play_Championship_p03_Nicholas_Amato_LS.png	2013_Match_Play_Championship_p03_Nicholas_Amato_LS.png	image/png	104204
2013_Match_Play_Championship_p05_John_Anderson_DS.png	2013_Match_Play_Championship_p05_John_Anderson_DS.png	image/png	108178
2012_Yavin_4_Regionals.pdf	2012_Yavin_4_Regionals.pdf	application/pdf	6304452
2013_Match_Play_Championship_p07_Casey_Anis_DS.png	2013_Match_Play_Championship_p07_Casey_Anis_DS.png	image/png	69662
2013_Match_Play_Championship_p08_Casey_Anis_LS.png	2013_Match_Play_Championship_p08_Casey_Anis_LS.png	image/png	69548
2013_Match_Play_Championship_p100_Mike_Tomashewski_DS.png	2013_Match_Play_Championship_p100_Mike_Tomashewski_DS.png	image/png	94842
2013_Match_Play_Championship_p09_Amar_Banger_LS.png	2013_Match_Play_Championship_p09_Amar_Banger_LS.png	image/png	67324
2013_Match_Play_Championship_p06_John_Anderson_LS.png	2013_Match_Play_Championship_p06_John_Anderson_LS.png	image/png	117156
2013_Match_Play_Championship_p101_Mauer_LS.png	2013_Match_Play_Championship_p101_Mauer_LS.png	image/png	95229
2013_Match_Play_Championship_p103_John_Veasey_LS.png	2013_Match_Play_Championship_p103_John_Veasey_LS.png	image/png	93881
2013_Match_Play_Championship_p102_Mauer_DS.png	2013_Match_Play_Championship_p102_Mauer_DS.png	image/png	101855
2013_Alderaan_Regionals.pdf	2013_Alderaan_Regionals.pdf	application/pdf	9237174
2013_Match_Play_Championship.pdf	2013_Match_Play_Championship.pdf	application/pdf	8527472
2013_Match_Play_Championship_p10_Amar_Banger_DS.png	2013_Match_Play_Championship_p10_Amar_Banger_DS.png	image/png	66938
2013_Match_Play_Championship_p108_SAN_DS.png	2013_Match_Play_Championship_p108_SAN_DS.png	image/png	94207
2013_Match_Play_Championship_p107_SAN_LS.png	2013_Match_Play_Championship_p107_SAN_LS.png	image/png	91631
2013_Match_Play_Championship_p104_John_Veasey_DS.png	2013_Match_Play_Championship_p104_John_Veasey_DS.png	image/png	98330
2013_Match_Play_Championship_p110_Micah_Wall_DS.png	2013_Match_Play_Championship_p110_Micah_Wall_DS.png	image/png	103770
2013_Match_Play_Championship_p105_Chris_Westergard_LS.png	2013_Match_Play_Championship_p105_Chris_Westergard_LS.png	image/png	104854
2013_Match_Play_Championship_p109_Micah_Wall_LS.png	2013_Match_Play_Championship_p109_Micah_Wall_LS.png	image/png	105510
2013_Match_Play_Championship_p106_Chris_Westergard_DS.png	2013_Match_Play_Championship_p106_Chris_Westergard_DS.png	image/png	101232
2013_Match_Play_Championship_p114_Alex_W_DS.png	2013_Match_Play_Championship_p114_Alex_W_DS.png	image/png	81546
2013_Match_Play_Championship_p113_Alex_W_LS.png	2013_Match_Play_Championship_p113_Alex_W_LS.png	image/png	86912
2013_Match_Play_Championship_p112_Steve_Wall_LS.png	2013_Match_Play_Championship_p112_Steve_Wall_LS.png	image/png	95559
2013_Match_Play_Championship_p111_Steve_Wall_DS.png	2013_Match_Play_Championship_p111_Steve_Wall_DS.png	image/png	102347
2013_Match_Play_Championship_p11_Steve_Baroni_LS.png	2013_Match_Play_Championship_p11_Steve_Baroni_LS.png	image/png	96852
2013_Match_Play_Championship_p115_WIRFS_DS.png	2013_Match_Play_Championship_p115_WIRFS_DS.png	image/png	103724
2013_Match_Play_Championship_p12_Steve_Baroni_DS.png	2013_Match_Play_Championship_p12_Steve_Baroni_DS.png	image/png	100726
2013_Match_Play_Championship_p116_WIRFS_LS.png	2013_Match_Play_Championship_p116_WIRFS_LS.png	image/png	114119
2013_Match_Play_Championship_p14_Andrew_Bollentino_LS.png	2013_Match_Play_Championship_p14_Andrew_Bollentino_LS.png	image/png	94107
2013_Match_Play_Championship_p13_Andrew_Bollentino_DS.png	2013_Match_Play_Championship_p13_Andrew_Bollentino_DS.png	image/png	91915
2013_Match_Play_Championship_p18_Keith_Brown_DS.png	2013_Match_Play_Championship_p18_Keith_Brown_DS.png	image/png	41297
2013_Match_Play_Championship_p17_Keith_Brown_LS.png	2013_Match_Play_Championship_p17_Keith_Brown_LS.png	image/png	43665
2013_Match_Play_Championship_p15_Brian_Brodsky_LS.png	2013_Match_Play_Championship_p15_Brian_Brodsky_LS.png	image/png	106815
2013_Match_Play_Championship_p16_Brian_Brodsky_DS.png	2013_Match_Play_Championship_p16_Brian_Brodsky_DS.png	image/png	115446
2013_Match_Play_Championship_p19_Carl_Buck_LS.png	2013_Match_Play_Championship_p19_Carl_Buck_LS.png	image/png	100906
2013_Match_Play_Championship_p20_Carl_Buck_DS.png	2013_Match_Play_Championship_p20_Carl_Buck_DS.png	image/png	104876
2013_Match_Play_Championship_p22_Matt_Carulli_LS.png	2013_Match_Play_Championship_p22_Matt_Carulli_LS.png	image/png	106620
2013_Match_Play_Championship_p21_Matt_Carulli_DS.png	2013_Match_Play_Championship_p21_Matt_Carulli_DS.png	image/png	114278
2013_Match_Play_Championship_p25_Wayne_Cullen_DS.png	2013_Match_Play_Championship_p25_Wayne_Cullen_DS.png	image/png	88796
2013_Match_Play_Championship_p26_Wayne_Cullen_LS.png	2013_Match_Play_Championship_p26_Wayne_Cullen_LS.png	image/png	94460
2013_Match_Play_Championship_p23_Justin_Carulli_DS.png	2013_Match_Play_Championship_p23_Justin_Carulli_DS.png	image/png	112345
2013_Match_Play_Championship_p24_Justin_Carulli_LS.png	2013_Match_Play_Championship_p24_Justin_Carulli_LS.png	image/png	111275
2013_Match_Play_Championship_p27_Mike_D'Ambrosio_DS.png	2013_Match_Play_Championship_p27_Mike_D'Ambrosio_DS.png	image/png	101199
2013_Match_Play_Championship_p28_Mike_D'Ambrosio_LS.png	2013_Match_Play_Championship_p28_Mike_D'Ambrosio_LS.png	image/png	110780
2013_Match_Play_Championship_p31_Tony_G_LS.png	2013_Match_Play_Championship_p31_Tony_G_LS.png	image/png	94090
2013_Match_Play_Championship_p30_Matt_Fink_DS.png	2013_Match_Play_Championship_p30_Matt_Fink_DS.png	image/png	98516
2013_Match_Play_Championship_p32_Tony_G_DS.png	2013_Match_Play_Championship_p32_Tony_G_DS.png	image/png	92116
2013_Match_Play_Championship_p29_Matt_Fink_LS.png	2013_Match_Play_Championship_p29_Matt_Fink_LS.png	image/png	100094
2013_Match_Play_Championship_p33_Jeremy_G_DS.png	2013_Match_Play_Championship_p33_Jeremy_G_DS.png	image/png	107159
2013_Match_Play_Championship_p35_Gogolen_LS.png	2013_Match_Play_Championship_p35_Gogolen_LS.png	image/png	46094
2013_Match_Play_Championship_p34_Jeremy_G_LS.png	2013_Match_Play_Championship_p34_Jeremy_G_LS.png	image/png	106149
2013_Match_Play_Championship_p36_Gogolen_DS.png	2013_Match_Play_Championship_p36_Gogolen_DS.png	image/png	45930
2013_Match_Play_Championship_p40_Matthew_Harrison-Trainor_LS.png	2013_Match_Play_Championship_p40_Matthew_Harrison-Trainor_LS.png	image/png	84526
2013_Match_Play_Championship_p39_Matthew_Harrison-Trainor_DS.png	2013_Match_Play_Championship_p39_Matthew_Harrison-Trainor_DS.png	image/png	89676
2013_Match_Play_Championship_p37_HARPSTER_LS.png	2013_Match_Play_Championship_p37_HARPSTER_LS.png	image/png	105707
2013_Match_Play_Championship_p38_HARPSTER_DS.png	2013_Match_Play_Championship_p38_HARPSTER_DS.png	image/png	100806
2013_Match_Play_Championship_p42_Jerry_Heine_LS.png	2013_Match_Play_Championship_p42_Jerry_Heine_LS.png	image/png	97496
2013_Match_Play_Championship_p41_Jerry_Heine_DS.png	2013_Match_Play_Championship_p41_Jerry_Heine_DS.png	image/png	99757
2013_Match_Play_Championship_p44_Brian_Herold_DS.png	2013_Match_Play_Championship_p44_Brian_Herold_DS.png	image/png	142878
2013_Match_Play_Championship_p43_Brian_Herold_LS.png	2013_Match_Play_Championship_p43_Brian_Herold_LS.png	image/png	146875
2013_Match_Play_Championship_p45_Brian_Hunter_LS.png	2013_Match_Play_Championship_p45_Brian_Hunter_LS.png	image/png	99504
2013_Match_Play_Championship_p46_Brian_Hunter_DS.png	2013_Match_Play_Championship_p46_Brian_Hunter_DS.png	image/png	101525
2013_Match_Play_Championship_p47_Stephen_Kin_LS.png	2013_Match_Play_Championship_p47_Stephen_Kin_LS.png	image/png	108740
2013_Match_Play_Championship_p48_Stephen_Kin_DS.png	2013_Match_Play_Championship_p48_Stephen_Kin_DS.png	image/png	105105
2013_Match_Play_Championship_p49_Aaron_Kinser_LS.png	2013_Match_Play_Championship_p49_Aaron_Kinser_LS.png	image/png	106830
2013_Match_Play_Championship_p50_Aaron_Kinser_DS.png	2013_Match_Play_Championship_p50_Aaron_Kinser_DS.png	image/png	109629
2013_Match_Play_Championship_p51_Jared_DS.png	2013_Match_Play_Championship_p51_Jared_DS.png	image/png	41341
2013_Match_Play_Championship_p52_Jared_LS.png	2013_Match_Play_Championship_p52_Jared_LS.png	image/png	43316
2013_Match_Play_Championship_p53_Tuan_Le_DS.png	2013_Match_Play_Championship_p53_Tuan_Le_DS.png	image/png	97786
2013_Match_Play_Championship_p54_Tuan_Le_LS.png	2013_Match_Play_Championship_p54_Tuan_Le_LS.png	image/png	92810
2013_Match_Play_Championship_p55_Cole_Lepine_DS.png	2013_Match_Play_Championship_p55_Cole_Lepine_DS.png	image/png	94697
2013_Match_Play_Championship_p56_Cole_Lepine_LS.png	2013_Match_Play_Championship_p56_Cole_Lepine_LS.png	image/png	87808
2013_Match_Play_Championship_p57_Scott_Lingrell_DS.png	2013_Match_Play_Championship_p57_Scott_Lingrell_DS.png	image/png	89028
2013_Match_Play_Championship_p58_Scott_Lingrell_LS.png	2013_Match_Play_Championship_p58_Scott_Lingrell_LS.png	image/png	91132
2013_Match_Play_Championship_p59_Josh_Mack_DS.png	2013_Match_Play_Championship_p59_Josh_Mack_DS.png	image/png	95762
2013_Match_Play_Championship_p60_Josh_Mack_LS.png	2013_Match_Play_Championship_p60_Josh_Mack_LS.png	image/png	103688
2013_Match_Play_Championship_p61_Sam_Marlow_DS.png	2013_Match_Play_Championship_p61_Sam_Marlow_DS.png	image/png	109211
2013_Match_Play_Championship_p62_Sam_Marlow_LS.png	2013_Match_Play_Championship_p62_Sam_Marlow_LS.png	image/png	109485
2013_Match_Play_Championship_p63_Aaron_Nelson_LS.png	2013_Match_Play_Championship_p63_Aaron_Nelson_LS.png	image/png	104115
2013_Match_Play_Championship_p64_Aaron_Nelson_DS.png	2013_Match_Play_Championship_p64_Aaron_Nelson_DS.png	image/png	114109
2013_Match_Play_Championship_p65_Cuong_Nguyen_DS.png	2013_Match_Play_Championship_p65_Cuong_Nguyen_DS.png	image/png	107191
2013_Match_Play_Championship_p66_Cuong_Nguyen_LS.png	2013_Match_Play_Championship_p66_Cuong_Nguyen_LS.png	image/png	104621
2013_Match_Play_Championship_p68_Chris_O'Hara_LS.png	2013_Match_Play_Championship_p68_Chris_O'Hara_LS.png	image/png	97244
2013_Match_Play_Championship_p67_Chris_O'Hara_DS.png	2013_Match_Play_Championship_p67_Chris_O'Hara_DS.png	image/png	99617
2013_Match_Play_Championship_p71_Joe_Pinto_LS.png	2013_Match_Play_Championship_p71_Joe_Pinto_LS.png	image/png	95456
2013_Match_Play_Championship_p72_Joe_Pinto_DS.png	2013_Match_Play_Championship_p72_Joe_Pinto_DS.png	image/png	96557
2013_Match_Play_Championship_p69_Matt_Paragano_DS.png	2013_Match_Play_Championship_p69_Matt_Paragano_DS.png	image/png	121216
2013_Match_Play_Championship_p70_Matt_Paragano_LS.png	2013_Match_Play_Championship_p70_Matt_Paragano_LS.png	image/png	115586
2013_Match_Play_Championship_p76_Nick_Reisch_DS.png	2013_Match_Play_Championship_p76_Nick_Reisch_DS.png	image/png	44387
2013_Match_Play_Championship_p75_Nick_Reisch_LS.png	2013_Match_Play_Championship_p75_Nick_Reisch_LS.png	image/png	46786
2013_Match_Play_Championship_p73_Pistone_LS.png	2013_Match_Play_Championship_p73_Pistone_LS.png	image/png	108195
2013_Match_Play_Championship_p74_Pistone_DS.png	2013_Match_Play_Championship_p74_Pistone_DS.png	image/png	112118
2013_Match_Play_Championship_p83_Rustin_Sharer_DS.png	2013_Match_Play_Championship_p83_Rustin_Sharer_DS.png	image/png	82114
2013_Match_Play_Championship_p78_Mike_Richards_DS.png	2013_Match_Play_Championship_p78_Mike_Richards_DS.png	image/png	118486
2013_Match_Play_Championship_p77_Mike_Richards_LS.png	2013_Match_Play_Championship_p77_Mike_Richards_LS.png	image/png	121339
2013_Match_Play_Championship_p80_Schwartz_DS.png	2013_Match_Play_Championship_p80_Schwartz_DS.png	image/png	103528
2013_Match_Play_Championship_p79_Schwartz_LS.png	2013_Match_Play_Championship_p79_Schwartz_LS.png	image/png	105450
2013_Match_Play_Championship_p84_Rustin_Sharer_LS.png	2013_Match_Play_Championship_p84_Rustin_Sharer_LS.png	image/png	78234
2013_Match_Play_Championship_p82_Shannon_LS.png	2013_Match_Play_Championship_p82_Shannon_LS.png	image/png	113574
2013_Match_Play_Championship_p81_Shannon_DS.png	2013_Match_Play_Championship_p81_Shannon_DS.png	image/png	115961
2013_Match_Play_Championship_p89_Smith_DS.png	2013_Match_Play_Championship_p89_Smith_DS.png	image/png	94520
2013_Match_Play_Championship_p88_Steve_S._DS.png	2013_Match_Play_Championship_p88_Steve_S._DS.png	image/png	92997
2013_Match_Play_Championship_p90_Smith_LS.png	2013_Match_Play_Championship_p90_Smith_LS.png	image/png	93721
2013_Match_Play_Championship_p87_Steve_S._LS.png	2013_Match_Play_Championship_p87_Steve_S._LS.png	image/png	94051
2013_Match_Play_Championship_p92_Sokol_DS.png	2013_Match_Play_Championship_p92_Sokol_DS.png	image/png	93733
2013_Match_Play_Championship_p91_Sokol_LS.png	2013_Match_Play_Championship_p91_Sokol_LS.png	image/png	92176
2013_Match_Play_Championship_p85_Greg_Shaw_DS.png	2013_Match_Play_Championship_p85_Greg_Shaw_DS.png	image/png	104269
2013_Match_Play_Championship_p86_Greg_Shaw_LS.png	2013_Match_Play_Championship_p86_Greg_Shaw_LS.png	image/png	103983
2013_Match_Play_Championship_p94_Peter_Tenneson_DS.png	2013_Match_Play_Championship_p94_Peter_Tenneson_DS.png	image/png	96147
2013_Match_Play_Championship_p93_Peter_Tenneson_LS.png	2013_Match_Play_Championship_p93_Peter_Tenneson_LS.png	image/png	101773
2013_Match_Play_Championship_p96_BTwigg_LS.png	2013_Match_Play_Championship_p96_BTwigg_LS.png	image/png	103055
2013_Match_Play_Championship_p95_BTwigg_DS.png	2013_Match_Play_Championship_p95_BTwigg_DS.png	image/png	103969
2013_Match_Play_Championship_p98_Michael_Thomas_DS.png	2013_Match_Play_Championship_p98_Michael_Thomas_DS.png	image/png	98465
2013_Match_Play_Championship_p99_Mike_Tomashewski_LS.png	2013_Match_Play_Championship_p99_Mike_Tomashewski_LS.png	image/png	97180
2013_Match_Play_Championship_p97_Michael_Thomas_LS.png	2013_Match_Play_Championship_p97_Michael_Thomas_LS.png	image/png	105555
2013_SoCal_Grand_Prix_Day_1_p04_Gabe_DS.png	2013_SoCal_Grand_Prix_Day_1_p04_Gabe_DS.png	image/png	379718
2013_SoCal_Grand_Prix_Day_1_p02_Phil_Aasen_DS.png	2013_SoCal_Grand_Prix_Day_1_p02_Phil_Aasen_DS.png	image/png	271069
2013_SoCal_Grand_Prix_Day_1_p03_Gabe_LS.png	2013_SoCal_Grand_Prix_Day_1_p03_Gabe_LS.png	image/png	375329
2013_SoCal_Grand_Prix_Day_1_p01_Phil_Aasen_LS.png	2013_SoCal_Grand_Prix_Day_1_p01_Phil_Aasen_LS.png	image/png	261695
2013_SoCal_Grand_Prix_Day_1.pdf	2013_SoCal_Grand_Prix_Day_1.pdf	application/pdf	4137912
2013_SoCal_Grand_Prix_Day_1_p06_John_Anderson_DS.png	2013_SoCal_Grand_Prix_Day_1_p06_John_Anderson_DS.png	image/png	389091
2013_SoCal_Grand_Prix_Day_1_p05_John_Anderson_LS.png	2013_SoCal_Grand_Prix_Day_1_p05_John_Anderson_LS.png	image/png	428952
2013_SoCal_Grand_Prix_Day_1_p07_Clayton_Atkin_LS.png	2013_SoCal_Grand_Prix_Day_1_p07_Clayton_Atkin_LS.png	image/png	235088
2013_SoCal_Grand_Prix_Day_1_p08_Clayton_Atkin_DS.png	2013_SoCal_Grand_Prix_Day_1_p08_Clayton_Atkin_DS.png	image/png	231067
2013_SoCal_Grand_Prix_Day_1_p09_Steve_Brentson_LS.png	2013_SoCal_Grand_Prix_Day_1_p09_Steve_Brentson_LS.png	image/png	222626
2013_SoCal_Grand_Prix_Day_1_p11_Brian_Fred_LS.png	2013_SoCal_Grand_Prix_Day_1_p11_Brian_Fred_LS.png	image/png	243813
2013_SoCal_Grand_Prix_Day_1_p10_Steve_Brentson_DS.png	2013_SoCal_Grand_Prix_Day_1_p10_Steve_Brentson_DS.png	image/png	225530
2013_SoCal_Grand_Prix_Day_1_p12_Brian_Fred_DS.png	2013_SoCal_Grand_Prix_Day_1_p12_Brian_Fred_DS.png	image/png	231927
2013_SoCal_Grand_Prix_Day_1_p16_Matthew_Harrison-Trainor_LS.png	2013_SoCal_Grand_Prix_Day_1_p16_Matthew_Harrison-Trainor_LS.png	image/png	59439
2013_SoCal_Grand_Prix_Day_1_p15_Matthew_Harrison-Trainor_LS.png	2013_SoCal_Grand_Prix_Day_1_p15_Matthew_Harrison-Trainor_LS.png	image/png	192827
2013_SoCal_Grand_Prix_Day_1_p18_Matthew_Harrison-Trainor_DS.png	2013_SoCal_Grand_Prix_Day_1_p18_Matthew_Harrison-Trainor_DS.png	image/png	57064
2013_SoCal_Grand_Prix_Day_1_p13_Steve_Harpster_LS.png	2013_SoCal_Grand_Prix_Day_1_p13_Steve_Harpster_LS.png	image/png	230544
2013_SoCal_Grand_Prix_Day_1_p14_Steve_Harpster_DS.png	2013_SoCal_Grand_Prix_Day_1_p14_Steve_Harpster_DS.png	image/png	245499
2013_SoCal_Grand_Prix_Day_1_p17_Matthew_Harrison-Trainor_DS.png	2013_SoCal_Grand_Prix_Day_1_p17_Matthew_Harrison-Trainor_DS.png	image/png	199836
2013_SoCal_Grand_Prix_Day_1_p19_Brian_Herold_LS.png	2013_SoCal_Grand_Prix_Day_1_p19_Brian_Herold_LS.png	image/png	313683
2013_SoCal_Grand_Prix_Day_1_p22_Tom_DS.png	2013_SoCal_Grand_Prix_Day_1_p22_Tom_DS.png	image/png	208068
2013_SoCal_Grand_Prix_Day_1_p20_Brian_Herold_DS.png	2013_SoCal_Grand_Prix_Day_1_p20_Brian_Herold_DS.png	image/png	323656
2013_SoCal_Grand_Prix_Day_1_p23_Bill_LS.png	2013_SoCal_Grand_Prix_Day_1_p23_Bill_LS.png	image/png	192389
2013_SoCal_Grand_Prix_Day_1_p24_Bill_DS.png	2013_SoCal_Grand_Prix_Day_1_p24_Bill_DS.png	image/png	193057
2013_SoCal_Grand_Prix_Day_1_p21_Tom_LS.png	2013_SoCal_Grand_Prix_Day_1_p21_Tom_LS.png	image/png	225169
2013_SoCal_Grand_Prix_Day_1_p25_Josh_LS.png	2013_SoCal_Grand_Prix_Day_1_p25_Josh_LS.png	image/png	260858
2013_SoCal_Grand_Prix_Day_1_p26_Josh_DS.png	2013_SoCal_Grand_Prix_Day_1_p26_Josh_DS.png	image/png	264740
2013_SoCal_Grand_Prix_Day_1_p27_Anthony_Massung_LS.png	2013_SoCal_Grand_Prix_Day_1_p27_Anthony_Massung_LS.png	image/png	415582
2013_SoCal_Grand_Prix_Day_1_p30_Joe_Olson_DS.png	2013_SoCal_Grand_Prix_Day_1_p30_Joe_Olson_DS.png	image/png	142900
2013_SoCal_Grand_Prix_Day_1_p28_Anthony_Massung_DS.png	2013_SoCal_Grand_Prix_Day_1_p28_Anthony_Massung_DS.png	image/png	396365
2013_SoCal_Grand_Prix_Day_1_p29_Joe_Olson_LS.png	2013_SoCal_Grand_Prix_Day_1_p29_Joe_Olson_LS.png	image/png	235821
2013_SoCal_Grand_Prix_Day_1_p31_Kevin_Shannon_LS.png	2013_SoCal_Grand_Prix_Day_1_p31_Kevin_Shannon_LS.png	image/png	231735
2013_SoCal_Grand_Prix_Day_1_p32_Kevin_Shannon_DS.png	2013_SoCal_Grand_Prix_Day_1_p32_Kevin_Shannon_DS.png	image/png	216734
2013_SoCal_Grand_Prix_Day_1_p33_Greg_Shaw_LS.png	2013_SoCal_Grand_Prix_Day_1_p33_Greg_Shaw_LS.png	image/png	225583
2013_SoCal_Grand_Prix_Day_1_p35_Steve_Skilton_LS.png	2013_SoCal_Grand_Prix_Day_1_p35_Steve_Skilton_LS.png	image/png	194773
2013_SoCal_Grand_Prix_Day_1_p34_Greg_Shaw_DS.png	2013_SoCal_Grand_Prix_Day_1_p34_Greg_Shaw_DS.png	image/png	234771
2013_SoCal_Grand_Prix_Day_1_p36_Steve_Skilton_DS.png	2013_SoCal_Grand_Prix_Day_1_p36_Steve_Skilton_DS.png	image/png	197986
2013_SoCal_Grand_Prix_Day_1_p39_Matt_Thornton_LS.png	2013_SoCal_Grand_Prix_Day_1_p39_Matt_Thornton_LS.png	image/png	213575
2013_SoCal_Grand_Prix_Day_1_p40_Matt_Thornton_DS.png	2013_SoCal_Grand_Prix_Day_1_p40_Matt_Thornton_DS.png	image/png	214382
2013_SoCal_Grand_Prix_Day_1_p37_Reid_Smith_LS.png	2013_SoCal_Grand_Prix_Day_1_p37_Reid_Smith_LS.png	image/png	223406
2013_SoCal_Grand_Prix_Day_1_p38_Reid_Smith_DS.png	2013_SoCal_Grand_Prix_Day_1_p38_Reid_Smith_DS.png	image/png	218177
2013_SoCal_Grand_Prix_Day_1_p41_Nathan_LS.png	2013_SoCal_Grand_Prix_Day_1_p41_Nathan_LS.png	image/png	400195
2013_SoCal_Grand_Prix_Day_1_p42_Nathan_DS.png	2013_SoCal_Grand_Prix_Day_1_p42_Nathan_DS.png	image/png	239114
2013_SoCal_Grand_Prix_Day_1_p43_Jan_Westergard_LS.png	2013_SoCal_Grand_Prix_Day_1_p43_Jan_Westergard_LS.png	image/png	240996
2013_SoCal_Grand_Prix_Day_1_p44_Jan_Westergard_DS.png	2013_SoCal_Grand_Prix_Day_1_p44_Jan_Westergard_DS.png	image/png	97830
2013_SoCal_Grand_Prix_Day_1_p45_Ganden_Yanaga_LS.png	2013_SoCal_Grand_Prix_Day_1_p45_Ganden_Yanaga_LS.png	image/png	224303
2013_SoCal_Grand_Prix_Day_1_p46_Ganden_Yanaga_DS.png	2013_SoCal_Grand_Prix_Day_1_p46_Ganden_Yanaga_DS.png	image/png	231868
2013_SoCal_Grand_Prix_Day_2_p01_Clayton_Atkin_LS.png	2013_SoCal_Grand_Prix_Day_2_p01_Clayton_Atkin_LS.png	image/png	180618
2013_SoCal_Grand_Prix_Day_2_p03_Matthew_Harrison-Trainor_LS.png	2013_SoCal_Grand_Prix_Day_2_p03_Matthew_Harrison-Trainor_LS.png	image/png	93557
2013_SoCal_Grand_Prix_Day_2_p02_Clayton_Atkin_DS.png	2013_SoCal_Grand_Prix_Day_2_p02_Clayton_Atkin_DS.png	image/png	175099
2013_SoCal_Grand_Prix_Day_2_p05_Matthew_Harrison-Trainor_DS.png	2013_SoCal_Grand_Prix_Day_2_p05_Matthew_Harrison-Trainor_DS.png	image/png	117419
2013_SoCal_Grand_Prix_Day_2.pdf	2013_SoCal_Grand_Prix_Day_2.pdf	application/pdf	1851853
2013_SoCal_Grand_Prix_Day_2_p04_Matthew_Harrison-Trainor_DS.png	2013_SoCal_Grand_Prix_Day_2_p04_Matthew_Harrison-Trainor_DS.png	image/png	170880
2013_SoCal_Grand_Prix_Day_2_p06_Reid_Smith_LS.png	2013_SoCal_Grand_Prix_Day_2_p06_Reid_Smith_LS.png	image/png	243597
2013_SoCal_Grand_Prix_Day_2_p07_Reid_Smith_DS.png	2013_SoCal_Grand_Prix_Day_2_p07_Reid_Smith_DS.png	image/png	244974
2013_SoCal_Grand_Prix_Day_2_p08_Kevin_Shannon_LS.png	2013_SoCal_Grand_Prix_Day_2_p08_Kevin_Shannon_LS.png	image/png	249234
2013_SoCal_Grand_Prix_Day_2_p09_Kevin_Shannon_DS.png	2013_SoCal_Grand_Prix_Day_2_p09_Kevin_Shannon_DS.png	image/png	251123
2013_Texas_Mini_Worlds_Day_1_p01_Nick_Reisch_DS.png	2013_Texas_Mini_Worlds_Day_1_p01_Nick_Reisch_DS.png	image/png	105320
2013_Texas_Mini_Worlds_Day_1_p02_Nick_Reisch_LS.png	2013_Texas_Mini_Worlds_Day_1_p02_Nick_Reisch_LS.png	image/png	142945
2013_Texas_Mini_Worlds_Day_1_p03_Aaron_Nelson_LS.png	2013_Texas_Mini_Worlds_Day_1_p03_Aaron_Nelson_LS.png	image/png	438095
2013_Texas_Mini_Worlds_Day_1.pdf	2013_Texas_Mini_Worlds_Day_1.pdf	application/pdf	8355164
2013_Texas_Mini_Worlds_Day_1_p05_Robbie_Hendon_LS.png	2013_Texas_Mini_Worlds_Day_1_p05_Robbie_Hendon_LS.png	image/png	400070
2013_Texas_Mini_Worlds_Day_1_p06_Robbie_Hendon_DS.png	2013_Texas_Mini_Worlds_Day_1_p06_Robbie_Hendon_DS.png	image/png	400302
2013_Texas_Mini_Worlds_Day_1_p04_Aaron_Nelson_DS.png	2013_Texas_Mini_Worlds_Day_1_p04_Aaron_Nelson_DS.png	image/png	448559
2013_Texas_Mini_Worlds_Day_1_p07_Greg_Shaw_DS.png	2013_Texas_Mini_Worlds_Day_1_p07_Greg_Shaw_DS.png	image/png	361108
2013_Texas_Mini_Worlds_Day_1_p09_Greg_Shaw_DS.png	2013_Texas_Mini_Worlds_Day_1_p09_Greg_Shaw_DS.png	image/png	409196
2013_Texas_Mini_Worlds_Day_1_p10_Greg_Shaw_LS.png	2013_Texas_Mini_Worlds_Day_1_p10_Greg_Shaw_LS.png	image/png	419077
2013_Texas_Mini_Worlds_Day_1_p13_Mike_Richards_LS.png	2013_Texas_Mini_Worlds_Day_1_p13_Mike_Richards_LS.png	image/png	28904
2013_Texas_Mini_Worlds_Day_1_p11_Mike_Richards_DS.png	2013_Texas_Mini_Worlds_Day_1_p11_Mike_Richards_DS.png	image/png	361309
2013_Texas_Mini_Worlds_Day_1_p12_Mike_Richards_LS.png	2013_Texas_Mini_Worlds_Day_1_p12_Mike_Richards_LS.png	image/png	96465
2013_Texas_Mini_Worlds_Day_1_p14_Steve_Baroni_DS.png	2013_Texas_Mini_Worlds_Day_1_p14_Steve_Baroni_DS.png	image/png	403812
2013_Texas_Mini_Worlds_Day_1_p18_Evan_Kirkpatrick_LS.png	2013_Texas_Mini_Worlds_Day_1_p18_Evan_Kirkpatrick_LS.png	image/png	62836
2013_Texas_Mini_Worlds_Day_1_p15_Steve_Baroni_LS.png	2013_Texas_Mini_Worlds_Day_1_p15_Steve_Baroni_LS.png	image/png	407022
2013_Texas_Mini_Worlds_Day_1_p16_Bobby_Hilbun_DS.png	2013_Texas_Mini_Worlds_Day_1_p16_Bobby_Hilbun_DS.png	image/png	478106
2013_Texas_Mini_Worlds_Day_1_p19_Evan_Kirkpatrick_DS.png	2013_Texas_Mini_Worlds_Day_1_p19_Evan_Kirkpatrick_DS.png	image/png	78427
2013_Texas_Mini_Worlds_Day_1_p17_Bobby_Hilbun_LS.png	2013_Texas_Mini_Worlds_Day_1_p17_Bobby_Hilbun_LS.png	image/png	446193
2013_Texas_Mini_Worlds_Day_1_p20_JW_Millet_LS.png	2013_Texas_Mini_Worlds_Day_1_p20_JW_Millet_LS.png	image/png	434510
2013_Texas_Mini_Worlds_Day_1_p21_JW_Millet_DS.png	2013_Texas_Mini_Worlds_Day_1_p21_JW_Millet_DS.png	image/png	430685
2013_Texas_Mini_Worlds_Day_1_p22_James_Barnes_LS.png	2013_Texas_Mini_Worlds_Day_1_p22_James_Barnes_LS.png	image/png	77547
2013_Texas_Mini_Worlds_Day_1_p23_James_Barnes_DS.png	2013_Texas_Mini_Worlds_Day_1_p23_James_Barnes_DS.png	image/png	81816
2013_Texas_Mini_Worlds_Day_1_p24_Steve_Skilton_LS.png	2013_Texas_Mini_Worlds_Day_1_p24_Steve_Skilton_LS.png	image/png	408966
2013_Texas_Mini_Worlds_Day_1_p25_Steve_Izzo_DS.png	2013_Texas_Mini_Worlds_Day_1_p25_Steve_Izzo_DS.png	image/png	427777
2013_Texas_Mini_Worlds_Day_1_p26_Brian_Herold_LS.png	2013_Texas_Mini_Worlds_Day_1_p26_Brian_Herold_LS.png	image/png	479048
2013_Texas_Mini_Worlds_Day_1_p27_Brian_Herold_DS.png	2013_Texas_Mini_Worlds_Day_1_p27_Brian_Herold_DS.png	image/png	441271
2013_Texas_Mini_Worlds_Day_1_p29_Blake_Huffman_LS.png	2013_Texas_Mini_Worlds_Day_1_p29_Blake_Huffman_LS.png	image/png	426919
2013_Texas_Mini_Worlds_Day_1_p28_Blake_Huffman_DS.png	2013_Texas_Mini_Worlds_Day_1_p28_Blake_Huffman_DS.png	image/png	471521
2013_Texas_Mini_Worlds_Day_1_p30_John_Anderson_DS.png	2013_Texas_Mini_Worlds_Day_1_p30_John_Anderson_DS.png	image/png	473878
2013_Texas_Mini_Worlds_Day_1_p31_John_Anderson_LS.png	2013_Texas_Mini_Worlds_Day_1_p31_John_Anderson_LS.png	image/png	418316
2013_Texas_Mini_Worlds_Day_1_p33_Barry_Alperstein_LS.png	2013_Texas_Mini_Worlds_Day_1_p33_Barry_Alperstein_LS.png	image/png	405172
2013_Texas_Mini_Worlds_Day_1_p36_Allen_Gamble_DS.png	2013_Texas_Mini_Worlds_Day_1_p36_Allen_Gamble_DS.png	image/png	95824
2013_Texas_Mini_Worlds_Day_1_p32_Barry_Alperstein_DS.png	2013_Texas_Mini_Worlds_Day_1_p32_Barry_Alperstein_DS.png	image/png	400581
2013_Texas_Mini_Worlds_Day_1_p34_Amar_Banger_LS.png	2013_Texas_Mini_Worlds_Day_1_p34_Amar_Banger_LS.png	image/png	413223
2013_Texas_Mini_Worlds_Day_1_p37_Allen_Gamble_LS.png	2013_Texas_Mini_Worlds_Day_1_p37_Allen_Gamble_LS.png	image/png	87467
2013_Texas_Mini_Worlds_Day_1_p35_Amar_Banger_DS.png	2013_Texas_Mini_Worlds_Day_1_p35_Amar_Banger_DS.png	image/png	448878
2013_Texas_Mini_Worlds_Day_1_p39_Olaf_Schroeder_LS.png	2013_Texas_Mini_Worlds_Day_1_p39_Olaf_Schroeder_LS.png	image/png	486850
2013_Texas_Mini_Worlds_Day_1_p38_Olaf_Schroeder_DS.png	2013_Texas_Mini_Worlds_Day_1_p38_Olaf_Schroeder_DS.png	image/png	536536
2013_Texas_Mini_Worlds_Day_1_p40_Matt_Wehner_LS.png	2013_Texas_Mini_Worlds_Day_1_p40_Matt_Wehner_LS.png	image/png	171442
2013_Worlds_Day_1_p01_Stephen_Cellucci_LS.png	2013_Worlds_Day_1_p01_Stephen_Cellucci_LS.png	image/png	53964
2013_Worlds_Day_1_p02_Stephen_Cellucci_DS.png	2013_Worlds_Day_1_p02_Stephen_Cellucci_DS.png	image/png	118639
2013_Worlds_Day_1_p06_Ross_Littauer_LS.png	2013_Worlds_Day_1_p06_Ross_Littauer_LS.png	image/png	116302
2013_Worlds_Day_1_p03_Jeremy_Gardner_LS.png	2013_Worlds_Day_1_p03_Jeremy_Gardner_LS.png	image/png	116882
2013_Worlds_Day_1_p04_Jeremy_Gardner_DS.png	2013_Worlds_Day_1_p04_Jeremy_Gardner_DS.png	image/png	115265
2013_Worlds_Day_1_p05_Ross_Littauer_DS.png	2013_Worlds_Day_1_p05_Ross_Littauer_DS.png	image/png	111577
2013_Texas_Mini_Worlds_Day_1_p41_Matt_Wehner_DS.png	2013_Texas_Mini_Worlds_Day_1_p41_Matt_Wehner_DS.png	image/png	185166
2013_Worlds_Day_1.pdf	2013_Worlds_Day_1.pdf	application/pdf	655488
2013_Worlds_Day_1_p07_Aaron_Kia_DS.png	2013_Worlds_Day_1_p07_Aaron_Kia_DS.png	image/png	105025
2013_Worlds_Day_1_p10_Drew_Powers_DS.png	2013_Worlds_Day_1_p10_Drew_Powers_DS.png	image/png	103526
2013_Worlds_Day_1_p09_Drew_Powers_LS.png	2013_Worlds_Day_1_p09_Drew_Powers_LS.png	image/png	105069
2013_Worlds_Day_1_p12_Nathan_Way_DS.png	2013_Worlds_Day_1_p12_Nathan_Way_DS.png	image/png	115661
2013_Worlds_Day_1_p11_Nathan_Way_LS.png	2013_Worlds_Day_1_p11_Nathan_Way_LS.png	image/png	121732
2013_Worlds_Day_1_p08_Aaron_Kia_LS.png	2013_Worlds_Day_1_p08_Aaron_Kia_LS.png	image/png	118318
2013_Worlds_Day_2_p01_Seth_Acree_DS.png	2013_Worlds_Day_2_p01_Seth_Acree_DS.png	image/png	110449
2013_Worlds_Day_2_p02_Seth_Acree_LS.png	2013_Worlds_Day_2_p02_Seth_Acree_LS.png	image/png	113233
2013_Worlds_Day_2_p07_Casey_Anis_LS.png	2013_Worlds_Day_2_p07_Casey_Anis_LS.png	image/png	44231
2013_Worlds_Day_2_p03_Barry_Alperstein_DS.png	2013_Worlds_Day_2_p03_Barry_Alperstein_DS.png	image/png	126346
2013_Worlds_Day_2_p05_John_Anderson_LS.png	2013_Worlds_Day_2_p05_John_Anderson_LS.png	image/png	124189
2013_Worlds_Day_2_p06_John_Anderson_DS.png	2013_Worlds_Day_2_p06_John_Anderson_DS.png	image/png	118909
2013_Worlds_Day_2_p04_Barry_Alperstein_LS.png	2013_Worlds_Day_2_p04_Barry_Alperstein_LS.png	image/png	126190
2013_Worlds_Day_2_p08_Casey_Anis_DS.png	2013_Worlds_Day_2_p08_Casey_Anis_DS.png	image/png	46680
2013_Worlds_Day_2_p09_Charles_Arlandson_LS.png	2013_Worlds_Day_2_p09_Charles_Arlandson_LS.png	image/png	129247
2013_Worlds_Day_2_p100_VeeZ_LS.png	2013_Worlds_Day_2_p100_VeeZ_LS.png	image/png	139308
2013_Worlds_Day_2_p104_Nathan_Way_DS.png	2013_Worlds_Day_2_p104_Nathan_Way_DS.png	image/png	71540
2013_Worlds_Day_2_p101_Micah_Wall_DS.png	2013_Worlds_Day_2_p101_Micah_Wall_DS.png	image/png	113204
2013_Worlds_Day_2.pdf	2013_Worlds_Day_2.pdf	application/pdf	7251676
2013_Worlds_Day_2_p103_Nathan_Wall_LS.png	2013_Worlds_Day_2_p103_Nathan_Wall_LS.png	image/png	123392
2013_Worlds_Day_2_p102_Micah_Wall_LS.png	2013_Worlds_Day_2_p102_Micah_Wall_LS.png	image/png	126403
2013_Worlds_Day_2_p105_Stu_Wall_LS.png	2013_Worlds_Day_2_p105_Stu_Wall_LS.png	image/png	107435
2013_Worlds_Day_2_p106_Stu_Wall_DS.png	2013_Worlds_Day_2_p106_Stu_Wall_DS.png	image/png	109254
2013_Worlds_Day_2_p107_Emil_Wallin_LS.png	2013_Worlds_Day_2_p107_Emil_Wallin_LS.png	image/png	154052
2013_Worlds_Day_2_p110_Walseth_LS.png	2013_Worlds_Day_2_p110_Walseth_LS.png	image/png	93277
2013_Worlds_Day_2_p109_Walseth_DS.png	2013_Worlds_Day_2_p109_Walseth_DS.png	image/png	95090
2013_Worlds_Day_2_p108_Emil_Wallin_DS.png	2013_Worlds_Day_2_p108_Emil_Wallin_DS.png	image/png	152294
2013_Worlds_Day_2_p10_Charles_Arlandson_DS.png	2013_Worlds_Day_2_p10_Charles_Arlandson_DS.png	image/png	129665
2013_Worlds_Day_2_p111_Ryan_Washeleski_DS.png	2013_Worlds_Day_2_p111_Ryan_Washeleski_DS.png	image/png	121306
2013_Worlds_Day_2_p112_Ryan_Washeleski_LS.png	2013_Worlds_Day_2_p112_Ryan_Washeleski_LS.png	image/png	116332
2013_Worlds_Day_2_p113_Chris_Westergard_LS.png	2013_Worlds_Day_2_p113_Chris_Westergard_LS.png	image/png	129416
2013_Worlds_Day_2_p116_Thomas_Whaley_DS.png	2013_Worlds_Day_2_p116_Thomas_Whaley_DS.png	image/png	118970
2013_Worlds_Day_2_p115_Thomas_Whaley_LS.png	2013_Worlds_Day_2_p115_Thomas_Whaley_LS.png	image/png	121878
2013_Worlds_Day_2_p118_Chris_Wirfs_LS.png	2013_Worlds_Day_2_p118_Chris_Wirfs_LS.png	image/png	135886
2013_Worlds_Day_2_p11_Vikram_Bali_DS.png	2013_Worlds_Day_2_p11_Vikram_Bali_DS.png	image/png	109950
2013_Worlds_Day_2_p117_Chris_Wirfs_DS.png	2013_Worlds_Day_2_p117_Chris_Wirfs_DS.png	image/png	133482
2013_Worlds_Day_2_p12_Vikram_Bali_LS.png	2013_Worlds_Day_2_p12_Vikram_Bali_LS.png	image/png	103517
2013_Worlds_Day_2_p13_Amar_Banger_DS.png	2013_Worlds_Day_2_p13_Amar_Banger_DS.png	image/png	81215
2013_Worlds_Day_2_p14_Amar_Banger_LS.png	2013_Worlds_Day_2_p14_Amar_Banger_LS.png	image/png	84460
2013_Worlds_Day_2_p15_Steve_Baroni_DS.png	2013_Worlds_Day_2_p15_Steve_Baroni_DS.png	image/png	116005
2013_Worlds_Day_2_p16_Steve_Baroni_LS.png	2013_Worlds_Day_2_p16_Steve_Baroni_LS.png	image/png	107130
2013_Worlds_Day_2_p17_Pär_Birgander_DS.png	2013_Worlds_Day_2_p17_Pär_Birgander_DS.png	image/png	141791
2013_Worlds_Day_2_p114_Chris_Westergard_DS.png	2013_Worlds_Day_2_p114_Chris_Westergard_DS.png	image/png	102082
2013_Worlds_Day_2_p19_Brandon_Stern_DS.png	2013_Worlds_Day_2_p19_Brandon_Stern_DS.png	image/png	110215
2013_Worlds_Day_2_p18_Pär_Birgander_LS.png	2013_Worlds_Day_2_p18_Pär_Birgander_LS.png	image/png	140331
2013_Worlds_Day_2_p20_Brandon_Stern_LS.png	2013_Worlds_Day_2_p20_Brandon_Stern_LS.png	image/png	119905
2013_Worlds_Day_2_p22_Victor_G._Brusca_DS.png	2013_Worlds_Day_2_p22_Victor_G._Brusca_DS.png	image/png	126734
2013_Worlds_Day_2_p25_Stephen_Cellucci_DS.png	2013_Worlds_Day_2_p25_Stephen_Cellucci_DS.png	image/png	51833
2013_Worlds_Day_2_p24_Justin_Carulli_LS.png	2013_Worlds_Day_2_p24_Justin_Carulli_LS.png	image/png	170341
2013_Worlds_Day_2_p23_Justin_Carulli_DS.png	2013_Worlds_Day_2_p23_Justin_Carulli_DS.png	image/png	161439
2013_Worlds_Day_2_p26_Jonny_Chu_LS.png	2013_Worlds_Day_2_p26_Jonny_Chu_LS.png	image/png	112935
2013_Worlds_Day_2_p27_Jonny_Chu_DS.png	2013_Worlds_Day_2_p27_Jonny_Chu_DS.png	image/png	118652
2013_Worlds_Day_2_p21_Victor_G._Brusca_LS.png	2013_Worlds_Day_2_p21_Victor_G._Brusca_LS.png	image/png	113707
2013_Worlds_Day_2_p28_Angelo_Consoli_DS.png	2013_Worlds_Day_2_p28_Angelo_Consoli_DS.png	image/png	116987
2013_Worlds_Day_2_p29_Angelo_Consoli_LS.png	2013_Worlds_Day_2_p29_Angelo_Consoli_LS.png	image/png	53049
2013_Worlds_Day_2_p32_Brian_Fred_DS.png	2013_Worlds_Day_2_p32_Brian_Fred_DS.png	image/png	90533
2013_Worlds_Day_2_p30_Justin_Desai_DS.png	2013_Worlds_Day_2_p30_Justin_Desai_DS.png	image/png	140576
2013_Worlds_Day_2_p33_Brian_Fred_LS.png	2013_Worlds_Day_2_p33_Brian_Fred_LS.png	image/png	91813
2013_Worlds_Day_2_p31_Justin_Desai_LS.png	2013_Worlds_Day_2_p31_Justin_Desai_LS.png	image/png	138586
2013_Worlds_Day_2_p34_Jeremy_G_LS.png	2013_Worlds_Day_2_p34_Jeremy_G_LS.png	image/png	108451
2013_Worlds_Day_2_p36_Joe_Giannetti_DS.png	2013_Worlds_Day_2_p36_Joe_Giannetti_DS.png	image/png	109229
2013_Worlds_Day_2_p37_Joe_Giannetti_LS.png	2013_Worlds_Day_2_p37_Joe_Giannetti_LS.png	image/png	121172
2013_Worlds_Day_2_p38_Chris_Gogolen_LS.png	2013_Worlds_Day_2_p38_Chris_Gogolen_LS.png	image/png	104073
2013_Worlds_Day_2_p40_Tom_Haid_LS.png	2013_Worlds_Day_2_p40_Tom_Haid_LS.png	image/png	120571
2013_Worlds_Day_2_p42_Matthew_Harrison-Trainor_LS.png	2013_Worlds_Day_2_p42_Matthew_Harrison-Trainor_LS.png	image/png	102768
2013_Worlds_Day_2_p43_Matthew_Harrison-Trainor_DS.png	2013_Worlds_Day_2_p43_Matthew_Harrison-Trainor_DS.png	image/png	100388
2013_Worlds_Day_2_p39_Chris_Gogolen_DS.png	2013_Worlds_Day_2_p39_Chris_Gogolen_DS.png	image/png	105123
2013_Worlds_Day_2_p41_Tom_Haid_DS.png	2013_Worlds_Day_2_p41_Tom_Haid_DS.png	image/png	129363
2013_Worlds_Day_2_p44_Brian_Herold_LS.png	2013_Worlds_Day_2_p44_Brian_Herold_LS.png	image/png	119638
2013_Worlds_Day_2_p45_Brian_Herold_DS.png	2013_Worlds_Day_2_p45_Brian_Herold_DS.png	image/png	120606
2013_Worlds_Day_2_p46_Tom_H_LS.png	2013_Worlds_Day_2_p46_Tom_H_LS.png	image/png	113620
2013_Worlds_Day_2_p48_Ryan_Jellison_DS.png	2013_Worlds_Day_2_p48_Ryan_Jellison_DS.png	image/png	119622
2013_Worlds_Day_2_p47_Tom_H_DS.png	2013_Worlds_Day_2_p47_Tom_H_DS.png	image/png	124345
2013_Worlds_Day_2_p49_Ryan_Jellison_LS.png	2013_Worlds_Day_2_p49_Ryan_Jellison_LS.png	image/png	125730
2013_Worlds_Day_2_p51_Stephen_Kin_LS.png	2013_Worlds_Day_2_p51_Stephen_Kin_LS.png	image/png	118168
2013_Worlds_Day_2_p50_Stephen_Kin_DS.png	2013_Worlds_Day_2_p50_Stephen_Kin_DS.png	image/png	103548
2013_Worlds_Day_2_p52_Aaron_Kinser_DS.png	2013_Worlds_Day_2_p52_Aaron_Kinser_DS.png	image/png	129425
2013_Worlds_Day_2_p53_Aaron_Kinser_LS.png	2013_Worlds_Day_2_p53_Aaron_Kinser_LS.png	image/png	123045
2013_Worlds_Day_2_p54_Jack_Koswicki_DS.png	2013_Worlds_Day_2_p54_Jack_Koswicki_DS.png	image/png	117853
2013_Worlds_Day_2_p56_Cole_Lepine_LS.png	2013_Worlds_Day_2_p56_Cole_Lepine_LS.png	image/png	110299
2013_Worlds_Day_2_p55_Jack_Koswicki_LS.png	2013_Worlds_Day_2_p55_Jack_Koswicki_LS.png	image/png	119848
2013_Worlds_Day_2_p57_Cole_Lepine_DS.png	2013_Worlds_Day_2_p57_Cole_Lepine_DS.png	image/png	115494
2013_Worlds_Day_2_p60_Ross_Littauer_DS.png	2013_Worlds_Day_2_p60_Ross_Littauer_DS.png	image/png	76670
2013_Worlds_Day_2_p58_Scott_Lingrell_DS.png	2013_Worlds_Day_2_p58_Scott_Lingrell_DS.png	image/png	99809
2013_Worlds_Day_2_p59_Scott_Lingrell_LS.png	2013_Worlds_Day_2_p59_Scott_Lingrell_LS.png	image/png	101306
2013_Worlds_Day_2_p61_Ross_Littauer_LS.png	2013_Worlds_Day_2_p61_Ross_Littauer_LS.png	image/png	112220
2013_Worlds_Day_2_p62_Josh_Mack_LS.png	2013_Worlds_Day_2_p62_Josh_Mack_LS.png	image/png	137970
2013_Worlds_Day_2_p64_Chris_Menzel_DS.png	2013_Worlds_Day_2_p64_Chris_Menzel_DS.png	image/png	60394
2013_Worlds_Day_2_p63_Josh_Mack_DS.png	2013_Worlds_Day_2_p63_Josh_Mack_DS.png	image/png	129053
2013_Worlds_Day_2_p65_Chris_Menzel_LS.png	2013_Worlds_Day_2_p65_Chris_Menzel_LS.png	image/png	68108
2013_Worlds_Day_2_p66_Aaron_Nelson_LS.png	2013_Worlds_Day_2_p66_Aaron_Nelson_LS.png	image/png	123836
2013_Worlds_Day_2_p67_Aaron_Nelson_DS.png	2013_Worlds_Day_2_p67_Aaron_Nelson_DS.png	image/png	130858
2013_Worlds_Day_2_p71_Mitch_Wieland_DS.png	2013_Worlds_Day_2_p71_Mitch_Wieland_DS.png	image/png	121212
2013_Worlds_Day_2_p72_Matt_Paragano_DS.png	2013_Worlds_Day_2_p72_Matt_Paragano_DS.png	image/png	140347
2013_Worlds_Day_2_p70_Mitch_Wieland_LS.png	2013_Worlds_Day_2_p70_Mitch_Wieland_LS.png	image/png	123509
2013_Worlds_Day_2_p69_Jake_Nelson_LS.png	2013_Worlds_Day_2_p69_Jake_Nelson_LS.png	image/png	138469
2013_Worlds_Day_2_p74_Pistone_LS.png	2013_Worlds_Day_2_p74_Pistone_LS.png	image/png	127373
2013_Worlds_Day_2_p73_Matt_Paragano_LS.png	2013_Worlds_Day_2_p73_Matt_Paragano_LS.png	image/png	139027
2013_Worlds_Day_2_p75_Pistone_DS.png	2013_Worlds_Day_2_p75_Pistone_DS.png	image/png	131476
2013_Worlds_Day_2_p76_Drew_Powers_DS.png	2013_Worlds_Day_2_p76_Drew_Powers_DS.png	image/png	68688
2013_Worlds_Day_2_p78_Nick_Reisch_LS.png	2013_Worlds_Day_2_p78_Nick_Reisch_LS.png	image/png	51147
2013_Worlds_Day_2_p77_Drew_Powers_LS.png	2013_Worlds_Day_2_p77_Drew_Powers_LS.png	image/png	71917
2013_Worlds_Day_2_p79_Nick_Reisch_DS.png	2013_Worlds_Day_2_p79_Nick_Reisch_DS.png	image/png	58931
2013_Worlds_Day_2_p80_Mike_Richards_DS.png	2013_Worlds_Day_2_p80_Mike_Richards_DS.png	image/png	131498
2013_Worlds_Day_2_p83_Schwartz_DS.png	2013_Worlds_Day_2_p83_Schwartz_DS.png	image/png	114932
2013_Worlds_Day_2_p81_Mike_Richards_LS.png	2013_Worlds_Day_2_p81_Mike_Richards_LS.png	image/png	124257
2013_Worlds_Day_2_p68_Jake_Nelson_DS.png	2013_Worlds_Day_2_p68_Jake_Nelson_DS.png	image/png	132955
2013_Worlds_Day_2_p84_Schwartz_LS.png	2013_Worlds_Day_2_p84_Schwartz_LS.png	image/png	109353
2013_Worlds_Day_2_p88_Steve_Skilton_LS.png	2013_Worlds_Day_2_p88_Steve_Skilton_LS.png	image/png	102655
2013_Worlds_Day_2_p86_Greg_Shaw_LS.png	2013_Worlds_Day_2_p86_Greg_Shaw_LS.png	image/png	111020
2013_Worlds_Day_2_p85_Greg_Shaw_DS.png	2013_Worlds_Day_2_p85_Greg_Shaw_DS.png	image/png	117713
2013_Worlds_Day_2_p90_RSmith_DS.png	2013_Worlds_Day_2_p90_RSmith_DS.png	image/png	138532
2013_Worlds_Day_2_p89_RSmith_LS.png	2013_Worlds_Day_2_p89_RSmith_LS.png	image/png	136959
2013_Worlds_Day_2_p91_Matt_Sokol_DS.png	2013_Worlds_Day_2_p91_Matt_Sokol_DS.png	image/png	109351
2013_Worlds_Day_2_p92_Matt_Sokol_LS.png	2013_Worlds_Day_2_p92_Matt_Sokol_LS.png	image/png	102992
2013_Worlds_Day_2_p93_Conrad_Simmering_LS.png	2013_Worlds_Day_2_p93_Conrad_Simmering_LS.png	image/png	104724
2013_Worlds_Day_2_p87_Steve_Skilton_DS.png	2013_Worlds_Day_2_p87_Steve_Skilton_DS.png	image/png	104970
2013_Worlds_Day_2_p94_Conrad_Simmering_DS.png	2013_Worlds_Day_2_p94_Conrad_Simmering_DS.png	image/png	111094
2013_Worlds_Day_2_p95_Nicholas_Tobin_DS.png	2013_Worlds_Day_2_p95_Nicholas_Tobin_DS.png	image/png	98782
2013_Worlds_Day_2_p96_Nicholas_Tobin_LS.png	2013_Worlds_Day_2_p96_Nicholas_Tobin_LS.png	image/png	110616
2013_Worlds_Day_2_p99_VeeZ_DS.png	2013_Worlds_Day_2_p99_VeeZ_DS.png	image/png	59599
2013_Worlds_Day_2_p98_Chris_Twigg_DS.png	2013_Worlds_Day_2_p98_Chris_Twigg_DS.png	image/png	113399
2013_Worlds_Day_3_p01_Steve_Baroni_DS.png	2013_Worlds_Day_3_p01_Steve_Baroni_DS.png	image/png	118246
2013_Worlds_Day_2_p97_Chris_Twigg_LS.png	2013_Worlds_Day_2_p97_Chris_Twigg_LS.png	image/png	115753
2013_Worlds_Day_3_p02_Steve_Baroni_LS.png	2013_Worlds_Day_3_p02_Steve_Baroni_LS.png	image/png	106690
2013_Worlds_Day_3_p04_Vikram_Bali_LS.png	2013_Worlds_Day_3_p04_Vikram_Bali_LS.png	image/png	110178
2013_Worlds_Day_3.pdf	2013_Worlds_Day_3.pdf	application/pdf	1040349
2013_Worlds_Day_3_p05_Jonny_Chu_DS.png	2013_Worlds_Day_3_p05_Jonny_Chu_DS.png	image/png	108385
2013_Worlds_Day_3_p06_Jonny_Chu_LS.png	2013_Worlds_Day_3_p06_Jonny_Chu_LS.png	image/png	111943
2013_Worlds_Day_3_p07_Justin_Desai_DS.png	2013_Worlds_Day_3_p07_Justin_Desai_DS.png	image/png	120517
2013_Worlds_Day_3_p08_Justin_Desai_LS.png	2013_Worlds_Day_3_p08_Justin_Desai_LS.png	image/png	127325
2013_Worlds_Day_3_p11_Kevin_Shannon_DS.png	2013_Worlds_Day_3_p11_Kevin_Shannon_DS.png	image/png	127217
2013_Worlds_Day_3_p13_Reid_Smith_LS.png	2013_Worlds_Day_3_p13_Reid_Smith_LS.png	image/png	134532
2013_Worlds_Day_3_p12_Kevin_Shannon_LS.png	2013_Worlds_Day_3_p12_Kevin_Shannon_LS.png	image/png	136112
2013_Worlds_Day_3_p15_Emil_Wallin_LS.png	2013_Worlds_Day_3_p15_Emil_Wallin_LS.png	image/png	98560
2013_Worlds_Day_3_p14_Reid_Smith_DS.png	2013_Worlds_Day_3_p14_Reid_Smith_DS.png	image/png	139935
2013_Worlds_Day_3_p16_Emil_Wallin_DS.png	2013_Worlds_Day_3_p16_Emil_Wallin_DS.png	image/png	80860
2014_Alderaan_Regionals_p02_Ganden_Yanaga_DS.png	2014_Alderaan_Regionals_p02_Ganden_Yanaga_DS.png	image/png	497237
2014_Alderaan_Regionals_p01_Ganden_Yanaga_LS.png	2014_Alderaan_Regionals_p01_Ganden_Yanaga_LS.png	image/png	525460
2014_Alderaan_Regionals_p05_Nathan_LS.png	2014_Alderaan_Regionals_p05_Nathan_LS.png	image/png	144098
2014_Alderaan_Regionals_p06_Nathan_DS.png	2014_Alderaan_Regionals_p06_Nathan_DS.png	image/png	129975
2014_Alderaan_Regionals_p03_Anthony_Massung_LS.png	2014_Alderaan_Regionals_p03_Anthony_Massung_LS.png	image/png	531695
2014_Alderaan_Regionals_p04_Anthony_Massung_DS.png	2014_Alderaan_Regionals_p04_Anthony_Massung_DS.png	image/png	532069
2014_Alderaan_Regionals_p07_Peter_Huderich_LS.png	2014_Alderaan_Regionals_p07_Peter_Huderich_LS.png	image/png	508156
2014_Alderaan_Regionals_p08_Peter_Huderich_DS.png	2014_Alderaan_Regionals_p08_Peter_Huderich_DS.png	image/png	520426
2014_Alderaan_Regionals_p09_Steve_LS.png	2014_Alderaan_Regionals_p09_Steve_LS.png	image/png	520048
2014_Alderaan_Regionals_p13_Roy_McCarthy_LS.png	2014_Alderaan_Regionals_p13_Roy_McCarthy_LS.png	image/png	304711
2014_Alderaan_Regionals.pdf	2014_Alderaan_Regionals.pdf	application/pdf	12729318
2014_Alderaan_Regionals_p14_Roy_McCarthy_DS.png	2014_Alderaan_Regionals_p14_Roy_McCarthy_DS.png	image/png	505398
2014_Alderaan_Regionals_p12_Adam_K_DS.png	2014_Alderaan_Regionals_p12_Adam_K_DS.png	image/png	409650
2014_Alderaan_Regionals_p10_Steve_DS.png	2014_Alderaan_Regionals_p10_Steve_DS.png	image/png	520705
2014_Alderaan_Regionals_p15_Gabe_LS.png	2014_Alderaan_Regionals_p15_Gabe_LS.png	image/png	511939
2014_Alderaan_Regionals_p16_Gabe_DS.png	2014_Alderaan_Regionals_p16_Gabe_DS.png	image/png	527792
2014_Alderaan_Regionals_p17_Jeffrey_W_LS.png	2014_Alderaan_Regionals_p17_Jeffrey_W_LS.png	image/png	461138
2014_Alderaan_Regionals_p11_Adam_K_LS.png	2014_Alderaan_Regionals_p11_Adam_K_LS.png	image/png	393420
2014_Alderaan_Regionals_p18_Jeffrey_W_DS.png	2014_Alderaan_Regionals_p18_Jeffrey_W_DS.png	image/png	487593
2014_Match_Play_Championship_Consolation_Mike_Pistone_DS.png	2014_Match_Play_Championship_Consolation_Mike_Pistone_DS.png	image/png	107729
2014_Alderaan_Regionals_p19_Brandon_LS.png	2014_Alderaan_Regionals_p19_Brandon_LS.png	image/png	524375
2014_Match_Play_Championship_Consolation_Mike_Pistone_LS.png	2014_Match_Play_Championship_Consolation_Mike_Pistone_LS.png	image/png	66249
2014_Match_Play_Championship_Day_1_Aaron_Kingery_LS.png	2014_Match_Play_Championship_Day_1_Aaron_Kingery_LS.png	image/png	529837
2014_Match_Play_Championship_Day_1_Alex_W_DS.png	2014_Match_Play_Championship_Day_1_Alex_W_DS.png	image/png	476748
2014_Match_Play_Championship_Day_1_Alex_W_LS.png	2014_Match_Play_Championship_Day_1_Alex_W_LS.png	image/png	467523
2014_Match_Play_Championship_Day_1_Amar_Banger_DS.png	2014_Match_Play_Championship_Day_1_Amar_Banger_DS.png	image/png	392467
2014_Match_Play_Championship_Day_1.pdf	2014_Match_Play_Championship_Day_1.pdf	application/pdf	5003638
2014_Alderaan_Regionals_p20_Brandon_DS.png	2014_Alderaan_Regionals_p20_Brandon_DS.png	image/png	509350
2014_Match_Play_Championship_Day_1_Barry_Alperstein_DS.png	2014_Match_Play_Championship_Day_1_Barry_Alperstein_DS.png	image/png	52362
2014_Match_Play_Championship_Day_1_Barry_Alperstein_LS.png	2014_Match_Play_Championship_Day_1_Barry_Alperstein_LS.png	image/png	48461
2014_Match_Play_Championship_Day_1_Andrew_Bollentino_DS.png	2014_Match_Play_Championship_Day_1_Andrew_Bollentino_DS.png	image/png	430245
2014_Match_Play_Championship_Day_1_Aaron_Kingery_DS.png	2014_Match_Play_Championship_Day_1_Aaron_Kingery_DS.png	image/png	550153
2014_Match_Play_Championship_Day_1_Andrew_Bollentino_LS.png	2014_Match_Play_Championship_Day_1_Andrew_Bollentino_LS.png	image/png	437924
2014_Match_Play_Championship_Day_1_Brian_Brodsky_DS.png	2014_Match_Play_Championship_Day_1_Brian_Brodsky_DS.png	image/png	582782
2014_Match_Play_Championship_Day_1_Amar_Banger_LS.png	2014_Match_Play_Championship_Day_1_Amar_Banger_LS.png	image/png	383290
2014_Match_Play_Championship_Day_1_Brian_Fred_LS.png	2014_Match_Play_Championship_Day_1_Brian_Fred_LS.png	image/png	502330
2014_Match_Play_Championship_Day_1_Brian_Herold_DS.png	2014_Match_Play_Championship_Day_1_Brian_Herold_DS.png	image/png	536650
2014_Match_Play_Championship_Day_1_Brian_Terwilliger_DS.png	2014_Match_Play_Championship_Day_1_Brian_Terwilliger_DS.png	image/png	533954
2014_Match_Play_Championship_Day_1_Brian_Fred_DS.png	2014_Match_Play_Championship_Day_1_Brian_Fred_DS.png	image/png	504720
2014_Match_Play_Championship_Day_1_Brian_Brodsky_LS.png	2014_Match_Play_Championship_Day_1_Brian_Brodsky_LS.png	image/png	550624
2014_Match_Play_Championship_Day_1_Brian_Herold_LS.png	2014_Match_Play_Championship_Day_1_Brian_Herold_LS.png	image/png	553932
2014_Match_Play_Championship_Day_1_Brian_Terwilliger_LS.png	2014_Match_Play_Championship_Day_1_Brian_Terwilliger_LS.png	image/png	493418
2014_Match_Play_Championship_Day_1_Casey_Anis_DS.png	2014_Match_Play_Championship_Day_1_Casey_Anis_DS.png	image/png	498208
2014_Match_Play_Championship_Day_1_Casey_Anis_LS.png	2014_Match_Play_Championship_Day_1_Casey_Anis_LS.png	image/png	485609
2014_Match_Play_Championship_Day_1_Chris_Gogolen_LS.png	2014_Match_Play_Championship_Day_1_Chris_Gogolen_LS.png	image/png	494703
2014_Match_Play_Championship_Day_1_Chris_Gogolen_DS.png	2014_Match_Play_Championship_Day_1_Chris_Gogolen_DS.png	image/png	497382
2014_Match_Play_Championship_Day_1_Chris_Terwilliger_DS.png	2014_Match_Play_Championship_Day_1_Chris_Terwilliger_DS.png	image/png	485138
2014_Match_Play_Championship_Day_1_Chris_Westergard_DS.png	2014_Match_Play_Championship_Day_1_Chris_Westergard_DS.png	image/png	531047
2014_Match_Play_Championship_Day_1_Chris_Westergard_LS.png	2014_Match_Play_Championship_Day_1_Chris_Westergard_LS.png	image/png	581693
2014_Match_Play_Championship_Day_1_Chris_Terwilliger_LS.png	2014_Match_Play_Championship_Day_1_Chris_Terwilliger_LS.png	image/png	491174
2014_Match_Play_Championship_Day_1_Chris_Wirfs_DS.png	2014_Match_Play_Championship_Day_1_Chris_Wirfs_DS.png	image/png	591418
2014_Match_Play_Championship_Day_1_Clayton_Atkin_DS.png	2014_Match_Play_Championship_Day_1_Clayton_Atkin_DS.png	image/png	550425
2014_Match_Play_Championship_Day_1_Cole_Lepine_DS.png	2014_Match_Play_Championship_Day_1_Cole_Lepine_DS.png	image/png	520143
2014_Match_Play_Championship_Day_1_Clayton_Atkin_LS.png	2014_Match_Play_Championship_Day_1_Clayton_Atkin_LS.png	image/png	565734
2014_Match_Play_Championship_Day_1_Chris_Wirfs_LS.png	2014_Match_Play_Championship_Day_1_Chris_Wirfs_LS.png	image/png	584733
2014_Match_Play_Championship_Day_1_Jarrod_DS.png	2014_Match_Play_Championship_Day_1_Jarrod_DS.png	image/png	270582
2014_Match_Play_Championship_Day_1_Greg_Shaw_LS.png	2014_Match_Play_Championship_Day_1_Greg_Shaw_LS.png	image/png	527746
2014_Match_Play_Championship_Day_1_Greg_Shaw_DS.png	2014_Match_Play_Championship_Day_1_Greg_Shaw_DS.png	image/png	532947
2014_Match_Play_Championship_Day_1_Erich_Hawbaker_LS.png	2014_Match_Play_Championship_Day_1_Erich_Hawbaker_LS.png	image/png	532432
2014_Match_Play_Championship_Day_1_Cole_Lepine_LS.png	2014_Match_Play_Championship_Day_1_Cole_Lepine_LS.png	image/png	506881
2014_Match_Play_Championship_Day_1_Erich_Hawbaker_DS.png	2014_Match_Play_Championship_Day_1_Erich_Hawbaker_DS.png	image/png	543229
2014_Match_Play_Championship_Day_1_Jarrod_LS.png	2014_Match_Play_Championship_Day_1_Jarrod_LS.png	image/png	245547
2014_Match_Play_Championship_Day_1_Jeffrey_Johns_DS.png	2014_Match_Play_Championship_Day_1_Jeffrey_Johns_DS.png	image/png	463317
2014_Match_Play_Championship_Day_1_Jeffrey_Johns_LS.png	2014_Match_Play_Championship_Day_1_Jeffrey_Johns_LS.png	image/png	491411
2014_Match_Play_Championship_Day_1_Joe_G_DS.png	2014_Match_Play_Championship_Day_1_Joe_G_DS.png	image/png	461678
2014_Match_Play_Championship_Day_1_Joe_G_LS.png	2014_Match_Play_Championship_Day_1_Joe_G_LS.png	image/png	480427
2014_Match_Play_Championship_Day_1_Joe_Gagliardi_DS.png	2014_Match_Play_Championship_Day_1_Joe_Gagliardi_DS.png	image/png	548369
2014_Match_Play_Championship_Day_1_Joe_Olson_DS.png	2014_Match_Play_Championship_Day_1_Joe_Olson_DS.png	image/png	348951
2014_Match_Play_Championship_Day_1_Joe_Pinto_DS.png	2014_Match_Play_Championship_Day_1_Joe_Pinto_DS.png	image/png	305258
2014_Match_Play_Championship_Day_1_Joe_Gagliardi_LS.png	2014_Match_Play_Championship_Day_1_Joe_Gagliardi_LS.png	image/png	546178
2014_Match_Play_Championship_Day_1_Joe_Olson_LS.png	2014_Match_Play_Championship_Day_1_Joe_Olson_LS.png	image/png	435319
2014_Match_Play_Championship_Day_1_Joe_Pinto_LS.png	2014_Match_Play_Championship_Day_1_Joe_Pinto_LS.png	image/png	336005
2014_Match_Play_Championship_Day_1_John_Anderson_DS.png	2014_Match_Play_Championship_Day_1_John_Anderson_DS.png	image/png	603435
2014_Match_Play_Championship_Day_1_John_Veasey_LS.png	2014_Match_Play_Championship_Day_1_John_Veasey_LS.png	image/png	648454
2014_Match_Play_Championship_Day_1_John_Anderson_LS.png	2014_Match_Play_Championship_Day_1_John_Anderson_LS.png	image/png	572694
2014_Match_Play_Championship_Day_1_Josh_Mack_DS.png	2014_Match_Play_Championship_Day_1_Josh_Mack_DS.png	image/png	453704
2014_Match_Play_Championship_Day_1_Josh_Mack_LS.png	2014_Match_Play_Championship_Day_1_Josh_Mack_LS.png	image/png	481410
2014_Match_Play_Championship_Day_1_Keith_Brown_LS.png	2014_Match_Play_Championship_Day_1_Keith_Brown_LS.png	image/png	500634
2014_Match_Play_Championship_Day_1_Kevin_Shannon_LS.png	2014_Match_Play_Championship_Day_1_Kevin_Shannon_LS.png	image/png	627576
2014_Match_Play_Championship_Day_1_Kyle_Krueger_LS.png	2014_Match_Play_Championship_Day_1_Kyle_Krueger_LS.png	image/png	481387
2014_Match_Play_Championship_Day_1_Matt_Carulli_LS.png	2014_Match_Play_Championship_Day_1_Matt_Carulli_LS.png	image/png	622695
2014_Match_Play_Championship_Day_1_Matt_Carulli_DS.png	2014_Match_Play_Championship_Day_1_Matt_Carulli_DS.png	image/png	601152
2014_Match_Play_Championship_Day_1_Kevin_Shannon_DS.png	2014_Match_Play_Championship_Day_1_Kevin_Shannon_DS.png	image/png	583639
2014_Match_Play_Championship_Day_1_Kyle_Krueger_DS.png	2014_Match_Play_Championship_Day_1_Kyle_Krueger_DS.png	image/png	476162
2014_Match_Play_Championship_Day_1_Matt_Paragano_DS.png	2014_Match_Play_Championship_Day_1_Matt_Paragano_DS.png	image/png	606272
2014_Match_Play_Championship_Day_1_Matt_Paragano_LS.png	2014_Match_Play_Championship_Day_1_Matt_Paragano_LS.png	image/png	556993
2014_Match_Play_Championship_Day_1_Matt_Schmaltz_DS.png	2014_Match_Play_Championship_Day_1_Matt_Schmaltz_DS.png	image/png	502982
2014_Match_Play_Championship_Day_1_Matt_Sokol_LS.png	2014_Match_Play_Championship_Day_1_Matt_Sokol_LS.png	image/png	524225
2014_Match_Play_Championship_Day_1_Matt_Sokol_DS.png	2014_Match_Play_Championship_Day_1_Matt_Sokol_DS.png	image/png	518579
2014_Match_Play_Championship_Day_1_Matt_Schmaltz_LS.png	2014_Match_Play_Championship_Day_1_Matt_Schmaltz_LS.png	image/png	494637
2014_Match_Play_Championship_Day_1_Matt_Spear_DS.png	2014_Match_Play_Championship_Day_1_Matt_Spear_DS.png	image/png	534671
2014_Match_Play_Championship_Day_1_Matt_Spear_LS.png	2014_Match_Play_Championship_Day_1_Matt_Spear_LS.png	image/png	542347
2014_Match_Play_Championship_Day_1_Matthew_Harrison-Trainor_DS.png	2014_Match_Play_Championship_Day_1_Matthew_Harrison-Trainor_DS.png	image/png	580391
2014_Match_Play_Championship_Day_1_Matthew_Harrison-Trainor_LS.png	2014_Match_Play_Championship_Day_1_Matthew_Harrison-Trainor_LS.png	image/png	543434
2014_Match_Play_Championship_Day_1_Meek_DS.png	2014_Match_Play_Championship_Day_1_Meek_DS.png	image/png	453704
2014_Match_Play_Championship_Day_1_Justin_Carulli_LS.png	2014_Match_Play_Championship_Day_1_Justin_Carulli_LS.png	image/png	529796
2014_Match_Play_Championship_Day_1_Mike_D'Ambrosio_DS.png	2014_Match_Play_Championship_Day_1_Mike_D'Ambrosio_DS.png	image/png	532846
2014_Match_Play_Championship_Day_1_Mike_D'Ambrosio_LS.png	2014_Match_Play_Championship_Day_1_Mike_D'Ambrosio_LS.png	image/png	524097
2014_Match_Play_Championship_Day_1_Keith_Brown_DS.png	2014_Match_Play_Championship_Day_1_Keith_Brown_DS.png	image/png	517260
2014_Match_Play_Championship_Day_1_Mike_Pistone_DS.png	2014_Match_Play_Championship_Day_1_Mike_Pistone_DS.png	image/png	549440
2014_Match_Play_Championship_Day_1_Justin_Carulli_DS.png	2014_Match_Play_Championship_Day_1_Justin_Carulli_DS.png	image/png	580340
2014_Match_Play_Championship_Day_1_Mike_Pistone_LS.png	2014_Match_Play_Championship_Day_1_Mike_Pistone_LS.png	image/png	514517
2014_Match_Play_Championship_Day_1_Nate_Louderback_DS.png	2014_Match_Play_Championship_Day_1_Nate_Louderback_DS.png	image/png	325629
2014_Match_Play_Championship_Day_1_Mike_Richards_DS.png	2014_Match_Play_Championship_Day_1_Mike_Richards_DS.png	image/png	522684
2014_Match_Play_Championship_Day_1_Nate_Louderback_LS.png	2014_Match_Play_Championship_Day_1_Nate_Louderback_LS.png	image/png	319477
2014_Match_Play_Championship_Day_1_Mike_Richards_LS.png	2014_Match_Play_Championship_Day_1_Mike_Richards_LS.png	image/png	538433
2014_Match_Play_Championship_Day_1_Nicholas_Amato_DS.png	2014_Match_Play_Championship_Day_1_Nicholas_Amato_DS.png	image/png	52838
2014_Match_Play_Championship_Day_1_Nicholas_Amato_LS.png	2014_Match_Play_Championship_Day_1_Nicholas_Amato_LS.png	image/png	52384
2014_Match_Play_Championship_Day_1_Nate_Lowderback_DS.png	2014_Match_Play_Championship_Day_1_Nate_Lowderback_DS.png	image/png	325629
2014_Match_Play_Championship_Day_1_Nate_Lowderback_LS.png	2014_Match_Play_Championship_Day_1_Nate_Lowderback_LS.png	image/png	319477
2014_Match_Play_Championship_Day_1_Patrick_Johnson_DS.png	2014_Match_Play_Championship_Day_1_Patrick_Johnson_DS.png	image/png	282766
2014_Match_Play_Championship_Day_1_Patrick_Johnson_LS.png	2014_Match_Play_Championship_Day_1_Patrick_Johnson_LS.png	image/png	306624
2014_Match_Play_Championship_Day_1_Reid_Smith_DS.png	2014_Match_Play_Championship_Day_1_Reid_Smith_DS.png	image/png	547917
2014_Match_Play_Championship_Day_1_Reid_Smith_LS.png	2014_Match_Play_Championship_Day_1_Reid_Smith_LS.png	image/png	554843
2014_Match_Play_Championship_Day_1_Ross_Littauer_LS.png	2014_Match_Play_Championship_Day_1_Ross_Littauer_LS.png	image/png	313629
2014_Match_Play_Championship_Day_1_Ross_Littauer_DS.png	2014_Match_Play_Championship_Day_1_Ross_Littauer_DS.png	image/png	325902
2014_Match_Play_Championship_Day_1_Ryan_Walter_DS.png	2014_Match_Play_Championship_Day_1_Ryan_Walter_DS.png	image/png	463573
2014_Match_Play_Championship_Day_1_Ryan_Walter_LS.png	2014_Match_Play_Championship_Day_1_Ryan_Walter_LS.png	image/png	494218
2014_Match_Play_Championship_Day_1_SAN_DS.png	2014_Match_Play_Championship_Day_1_SAN_DS.png	image/png	505263
2014_Match_Play_Championship_Day_1_SAN_LS.png	2014_Match_Play_Championship_Day_1_SAN_LS.png	image/png	519628
2014_Match_Play_Championship_Day_1_Scott_Lingrell_DS.png	2014_Match_Play_Championship_Day_1_Scott_Lingrell_DS.png	image/png	502482
2014_Match_Play_Championship_Day_1_Scott_Lingrell_LS.png	2014_Match_Play_Championship_Day_1_Scott_Lingrell_LS.png	image/png	522508
2014_Match_Play_Championship_Day_1_Stephen_Cellucci_DS_p34.png	2014_Match_Play_Championship_Day_1_Stephen_Cellucci_DS_p34.png	image/png	110579
2014_Match_Play_Championship_Day_1_Stephen_Cellucci_DS.png	2014_Match_Play_Championship_Day_1_Stephen_Cellucci_DS.png	image/png	219694
2014_Match_Play_Championship_Day_1_Shumaker_LS.png	2014_Match_Play_Championship_Day_1_Shumaker_LS.png	image/png	496615
2014_Match_Play_Championship_Day_1_Stephen_Cellucci_LS.png	2014_Match_Play_Championship_Day_1_Stephen_Cellucci_LS.png	image/png	250637
2014_Match_Play_Championship_Day_1_Stephen_Cellucci_LS_p32.png	2014_Match_Play_Championship_Day_1_Stephen_Cellucci_LS_p32.png	image/png	104848
2014_Match_Play_Championship_Day_1_Shumaker_DS.png	2014_Match_Play_Championship_Day_1_Shumaker_DS.png	image/png	496170
2014_Match_Play_Championship_Day_1_Steve_Baroni_DS.png	2014_Match_Play_Championship_Day_1_Steve_Baroni_DS.png	image/png	468401
2014_Match_Play_Championship_Day_1_Steve_Baroni_LS.png	2014_Match_Play_Championship_Day_1_Steve_Baroni_LS.png	image/png	452136
2014_Match_Play_Championship_Day_1_Steve_Brentson_LS.png	2014_Match_Play_Championship_Day_1_Steve_Brentson_LS.png	image/png	481369
2014_Match_Play_Championship_Day_1_Steve_Brentson_DS.png	2014_Match_Play_Championship_Day_1_Steve_Brentson_DS.png	image/png	538710
2014_Match_Play_Championship_Day_1_Steve_Harpster_DS.png	2014_Match_Play_Championship_Day_1_Steve_Harpster_DS.png	image/png	542998
2014_Match_Play_Championship_Day_1_Steve_Skilton_LS.png	2014_Match_Play_Championship_Day_1_Steve_Skilton_LS.png	image/png	427612
2014_Match_Play_Championship_Day_1_Steve_Harpster_LS.png	2014_Match_Play_Championship_Day_1_Steve_Harpster_LS.png	image/png	514888
2014_Match_Play_Championship_Day_1_Steve_Skilton_DS.png	2014_Match_Play_Championship_Day_1_Steve_Skilton_DS.png	image/png	465666
2014_Match_Play_Championship_Day_1_Tim_Heffner_DS.png	2014_Match_Play_Championship_Day_1_Tim_Heffner_DS.png	image/png	549637
2014_Match_Play_Championship_Day_1_Tim_Heffner_LS.png	2014_Match_Play_Championship_Day_1_Tim_Heffner_LS.png	image/png	559192
2014_Match_Play_Championship_Day_1_Tim_Simon_DS.png	2014_Match_Play_Championship_Day_1_Tim_Simon_DS.png	image/png	537855
2014_Match_Play_Championship_Day_1_Tim_Simon_LS.png	2014_Match_Play_Championship_Day_1_Tim_Simon_LS.png	image/png	504848
2014_Match_Play_Championship_Day_1_Tom_Haid_DS.png	2014_Match_Play_Championship_Day_1_Tom_Haid_DS.png	image/png	471642
2014_Match_Play_Championship_Day_1_Tom_Haid_LS.png	2014_Match_Play_Championship_Day_1_Tom_Haid_LS.png	image/png	471357
2014_Match_Play_Championship_Day_1_Tony_Garcia_DS.png	2014_Match_Play_Championship_Day_1_Tony_Garcia_DS.png	image/png	461678
2014_Match_Play_Championship_Day_1_Tony_Garcia_LS.png	2014_Match_Play_Championship_Day_1_Tony_Garcia_LS.png	image/png	480427
2014_Match_Play_Championship_Day_1_Vikram_Bali_DS.png	2014_Match_Play_Championship_Day_1_Vikram_Bali_DS.png	image/png	165614
2014_Match_Play_Championship_Day_1_Vikram_Bali_DS_p12.png	2014_Match_Play_Championship_Day_1_Vikram_Bali_DS_p12.png	image/png	76182
2014_Match_Play_Championship_Day_1_Vikram_Bali_LS_p14.png	2014_Match_Play_Championship_Day_1_Vikram_Bali_LS_p14.png	image/png	89156
2014_Match_Play_Championship_Day_1_Unknown_Player_DS.png	2014_Match_Play_Championship_Day_1_Unknown_Player_DS.png	image/png	257314
2014_Match_Play_Championship_Day_1_Vikram_Bali_LS.png	2014_Match_Play_Championship_Day_1_Vikram_Bali_LS.png	image/png	165566
2014_Match_Play_Championship_Day_2_Consolation_Chris_Terwilliger_DS.png	2014_Match_Play_Championship_Day_2_Consolation_Chris_Terwilliger_DS.png	image/png	89905
2014_Match_Play_Championship_Day_2_Consolation_Chris_Terwilliger_LS.png	2014_Match_Play_Championship_Day_2_Consolation_Chris_Terwilliger_LS.png	image/png	62882
2014_Match_Play_Championship_Day_2_Consolation_Chris_Wirfs_A.png	2014_Match_Play_Championship_Day_2_Consolation_Chris_Wirfs_A.png	image/png	57400
2014_Match_Play_Championship_Day_2_Consolation_Chris_Wirfs_B.png	2014_Match_Play_Championship_Day_2_Consolation_Chris_Wirfs_B.png	image/png	57002
2014_Match_Play_Championship_Day_1_Wayne_Cullen_DS.png	2014_Match_Play_Championship_Day_1_Wayne_Cullen_DS.png	image/png	455164
2014_Match_Play_Championship_Day_1_Wayne_Cullen_LS.png	2014_Match_Play_Championship_Day_1_Wayne_Cullen_LS.png	image/png	473764
2014_Match_Play_Championship_Day_2_Kevin_Shannon_LS.png	2014_Match_Play_Championship_Day_2_Kevin_Shannon_LS.png	image/png	4989
2014_Match_Play_Championship_Day_2_Kevin_Shannon_DS.png	2014_Match_Play_Championship_Day_2_Kevin_Shannon_DS.png	image/png	8164
2014_Match_Play_Championship_Day_2_Greg_Shaw_LS.png	2014_Match_Play_Championship_Day_2_Greg_Shaw_LS.png	image/png	33039
2014_Match_Play_Championship_Day_2_Consolation_Tim_Simon_LS.png	2014_Match_Play_Championship_Day_2_Consolation_Tim_Simon_LS.png	image/png	96392
2014_Match_Play_Championship_Day_2_Greg_Shaw_DS.png	2014_Match_Play_Championship_Day_2_Greg_Shaw_DS.png	image/png	50074
2014_Match_Play_Championship_Day_2_Consolation_Tim_Simon_DS.png	2014_Match_Play_Championship_Day_2_Consolation_Tim_Simon_DS.png	image/png	60861
2014_Match_Play_Championship_Day_2_Consolation_Mike_Pistone_LS.png	2014_Match_Play_Championship_Day_2_Consolation_Mike_Pistone_LS.png	image/png	66249
2014_Match_Play_Championship_Day_2_Consolation_Mike_Pistone_DS.png	2014_Match_Play_Championship_Day_2_Consolation_Mike_Pistone_DS.png	image/png	107729
2014_Match_Play_Championship_Day_2_Kevin_Shannon_notes_A.png	2014_Match_Play_Championship_Day_2_Kevin_Shannon_notes_A.png	image/png	8164
2014_Match_Play_Championship_Day_2_Kevin_Shannon_notes_B.png	2014_Match_Play_Championship_Day_2_Kevin_Shannon_notes_B.png	image/png	4989
2014_Match_Play_Championship_Day_2_Matthew_Harrison-Trainor_DS.png	2014_Match_Play_Championship_Day_2_Matthew_Harrison-Trainor_DS.png	image/png	51695
2014_Match_Play_Championship_Day_2_Stephen_Cellucci_LS.png	2014_Match_Play_Championship_Day_2_Stephen_Cellucci_LS.png	image/png	35546
2014_Match_Play_Championship_Day_2_Stephen_Cellucci_DS.png	2014_Match_Play_Championship_Day_2_Stephen_Cellucci_DS.png	image/png	62045
2014_Match_Play_Championship_Day_2_Matthew_Harrison-Trainor_LS.png	2014_Match_Play_Championship_Day_2_Matthew_Harrison-Trainor_LS.png	image/png	62474
2014_Texas_Mini_Worlds_Day_1_p01_Olaf_Schroeder_LS.png	2014_Texas_Mini_Worlds_Day_1_p01_Olaf_Schroeder_LS.png	image/png	273123
2014_Texas_Mini_Worlds_Day_1_p02_Olaf_Schroeder_DS.png	2014_Texas_Mini_Worlds_Day_1_p02_Olaf_Schroeder_DS.png	image/png	276382
2014_Texas_Mini_Worlds_Day_1_p03_Steve_Skilton_DS.png	2014_Texas_Mini_Worlds_Day_1_p03_Steve_Skilton_DS.png	image/png	276044
2014_Texas_Mini_Worlds_Day_1_p04_Steve_Skilton_LS.png	2014_Texas_Mini_Worlds_Day_1_p04_Steve_Skilton_LS.png	image/png	266009
2014_Texas_Mini_Worlds_Day_1_p05_Greg_Shaw_DS.png	2014_Texas_Mini_Worlds_Day_1_p05_Greg_Shaw_DS.png	image/png	295173
2014_Texas_Mini_Worlds_Day_1_p07_Nick_Reisch_DS.png	2014_Texas_Mini_Worlds_Day_1_p07_Nick_Reisch_DS.png	image/png	128657
2014_Texas_Mini_Worlds_Day_1.pdf	2014_Texas_Mini_Worlds_Day_1.pdf	application/pdf	6643790
2014_Texas_Mini_Worlds_Day_1_p06_Greg_Shaw_LS.png	2014_Texas_Mini_Worlds_Day_1_p06_Greg_Shaw_LS.png	image/png	289727
2014_Texas_Mini_Worlds_Day_1_p08_Nick_Reisch_LS.png	2014_Texas_Mini_Worlds_Day_1_p08_Nick_Reisch_LS.png	image/png	113726
2014_Texas_Mini_Worlds_Day_1_p10_Jan_Westergard_DS.png	2014_Texas_Mini_Worlds_Day_1_p10_Jan_Westergard_DS.png	image/png	293750
2014_Texas_Mini_Worlds_Day_1_p09_Jan_Westergard_LS.png	2014_Texas_Mini_Worlds_Day_1_p09_Jan_Westergard_LS.png	image/png	296334
2014_Texas_Mini_Worlds_Day_1_p12_Paul_Bonsall_DS.png	2014_Texas_Mini_Worlds_Day_1_p12_Paul_Bonsall_DS.png	image/png	42844
2014_Texas_Mini_Worlds_Day_1_p11_Paul_Bonsall_DS.png	2014_Texas_Mini_Worlds_Day_1_p11_Paul_Bonsall_DS.png	image/png	132732
2014_Texas_Mini_Worlds_Day_1_p13_Chris_Schoenthal_LS.png	2014_Texas_Mini_Worlds_Day_1_p13_Chris_Schoenthal_LS.png	image/png	316142
2014_Texas_Mini_Worlds_Day_1_p14_Chris_Schoenthal_DS.png	2014_Texas_Mini_Worlds_Day_1_p14_Chris_Schoenthal_DS.png	image/png	317678
2014_Texas_Mini_Worlds_Day_1_p15_Ganden_Yanaga_LS.png	2014_Texas_Mini_Worlds_Day_1_p15_Ganden_Yanaga_LS.png	image/png	326467
2014_Texas_Mini_Worlds_Day_1_p16_Ganden_Yanaga_DS.png	2014_Texas_Mini_Worlds_Day_1_p16_Ganden_Yanaga_DS.png	image/png	342322
2014_Texas_Mini_Worlds_Day_1_p18_Kevin_Shannon_DS.png	2014_Texas_Mini_Worlds_Day_1_p18_Kevin_Shannon_DS.png	image/png	336652
2014_Texas_Mini_Worlds_Day_1_p17_Kevin_Shannon_LS.png	2014_Texas_Mini_Worlds_Day_1_p17_Kevin_Shannon_LS.png	image/png	329467
2014_Texas_Mini_Worlds_Day_1_p19_Amar_Banger_DS.png	2014_Texas_Mini_Worlds_Day_1_p19_Amar_Banger_DS.png	image/png	296106
2014_Texas_Mini_Worlds_Day_1_p20_Amar_Banger_LS.png	2014_Texas_Mini_Worlds_Day_1_p20_Amar_Banger_LS.png	image/png	301405
2014_Texas_Mini_Worlds_Day_1_p21_John_Anderson_LS.png	2014_Texas_Mini_Worlds_Day_1_p21_John_Anderson_LS.png	image/png	285950
2014_Texas_Mini_Worlds_Day_1_p22_John_Anderson_DS.png	2014_Texas_Mini_Worlds_Day_1_p22_John_Anderson_DS.png	image/png	287938
2014_Texas_Mini_Worlds_Day_1_p23_康威廉_LS.png	2014_Texas_Mini_Worlds_Day_1_p23_康威廉_LS.png	image/png	243334
2014_Texas_Mini_Worlds_Day_1_p24_康威廉_DS.png	2014_Texas_Mini_Worlds_Day_1_p24_康威廉_DS.png	image/png	243614
2014_Texas_Mini_Worlds_Day_1_p27_James_Barnes_LS.png	2014_Texas_Mini_Worlds_Day_1_p27_James_Barnes_LS.png	image/png	35042
2014_Texas_Mini_Worlds_Day_1_p28_James_Barnes_DS.png	2014_Texas_Mini_Worlds_Day_1_p28_James_Barnes_DS.png	image/png	35725
2014_Texas_Mini_Worlds_Day_1_p25_Mike_Richards_DS.png	2014_Texas_Mini_Worlds_Day_1_p25_Mike_Richards_DS.png	image/png	281814
2014_Texas_Mini_Worlds_Day_1_p26_Mike_Richards_LS.png	2014_Texas_Mini_Worlds_Day_1_p26_Mike_Richards_LS.png	image/png	284106
2014_Texas_Mini_Worlds_Day_1_p29_Olaf_Schroeder_LS.png	2014_Texas_Mini_Worlds_Day_1_p29_Olaf_Schroeder_LS.png	image/png	353691
2014_Texas_Mini_Worlds_Day_1_p30_Olaf_Schroeder_DS.png	2014_Texas_Mini_Worlds_Day_1_p30_Olaf_Schroeder_DS.png	image/png	352552
2014_Texas_Mini_Worlds_Day_1_p31_Thomas_Whaley_LS.png	2014_Texas_Mini_Worlds_Day_1_p31_Thomas_Whaley_LS.png	image/png	307153
2014_Texas_Mini_Worlds_Day_1_p32_Thomas_Whaley_DS.png	2014_Texas_Mini_Worlds_Day_1_p32_Thomas_Whaley_DS.png	image/png	301508
2014_Texas_Mini_Worlds_Day_2_p03_Nick_Reisch_LS.png	2014_Texas_Mini_Worlds_Day_2_p03_Nick_Reisch_LS.png	image/png	121091
2014_Texas_Mini_Worlds_Day_2_p01_Greg_Shaw_LS.png	2014_Texas_Mini_Worlds_Day_2_p01_Greg_Shaw_LS.png	image/png	297222
2014_Texas_Mini_Worlds_Day_2_p02_Greg_Shaw_DS.png	2014_Texas_Mini_Worlds_Day_2_p02_Greg_Shaw_DS.png	image/png	296639
2014_Texas_Mini_Worlds_Day_2.pdf	2014_Texas_Mini_Worlds_Day_2.pdf	application/pdf	3482129
2014_Texas_Mini_Worlds_Day_2_p04_Nick_Reisch_DS.png	2014_Texas_Mini_Worlds_Day_2_p04_Nick_Reisch_DS.png	image/png	122268
2014_Texas_Mini_Worlds_Day_2_p06_Steve_S_LS.png	2014_Texas_Mini_Worlds_Day_2_p06_Steve_S_LS.png	image/png	354145
2014_Texas_Mini_Worlds_Day_2_p07_Ganden_Yanaga_DS.png	2014_Texas_Mini_Worlds_Day_2_p07_Ganden_Yanaga_DS.png	image/png	331883
2014_Texas_Mini_Worlds_Day_2_p09_Olaf_Schroeder_LS.png	2014_Texas_Mini_Worlds_Day_2_p09_Olaf_Schroeder_LS.png	image/png	316986
2014_Texas_Mini_Worlds_Day_2_p08_Ganden_Yanaga_LS.png	2014_Texas_Mini_Worlds_Day_2_p08_Ganden_Yanaga_LS.png	image/png	318549
2014_Texas_Mini_Worlds_Day_2_p10_Olaf_Schroeder_DS.png	2014_Texas_Mini_Worlds_Day_2_p10_Olaf_Schroeder_DS.png	image/png	338569
2014_Texas_Mini_Worlds_Day_2_p05_Steve_S_DS.png	2014_Texas_Mini_Worlds_Day_2_p05_Steve_S_DS.png	image/png	355084
2014_Texas_Mini_Worlds_Day_2_p13_Paul_Bonsall_DS.png	2014_Texas_Mini_Worlds_Day_2_p13_Paul_Bonsall_DS.png	image/png	173674
2014_Texas_Mini_Worlds_Day_2_p15_Paul_Bonsall_LS.png	2014_Texas_Mini_Worlds_Day_2_p15_Paul_Bonsall_LS.png	image/png	143993
2014_US_Nationals_Day_1_p01_Mike_Tomashewski_LS.png	2014_US_Nationals_Day_1_p01_Mike_Tomashewski_LS.png	image/png	37131
2014_US_Nationals_Day_1_p02_Mike_Tomashewski_DS.png	2014_US_Nationals_Day_1_p02_Mike_Tomashewski_DS.png	image/png	39924
2014_US_Nationals_Day_1_p05_Josh_Mack_LS.png	2014_US_Nationals_Day_1_p05_Josh_Mack_LS.png	image/png	160763
2014_US_Nationals_Day_1_p03_Nate_Louderback_LS.png	2014_US_Nationals_Day_1_p03_Nate_Louderback_LS.png	image/png	185289
2014_US_Nationals_Day_1_p07_Matt_Sokol_LS.png	2014_US_Nationals_Day_1_p07_Matt_Sokol_LS.png	image/png	146918
2014_US_Nationals_Day_1_p06_Josh_Mack_DS.png	2014_US_Nationals_Day_1_p06_Josh_Mack_DS.png	image/png	165435
2014_US_Nationals_Day_1_p08_Matt_Sokol_DS.png	2014_US_Nationals_Day_1_p08_Matt_Sokol_DS.png	image/png	147727
2014_US_Nationals_Day_1_p04_Nate_Louderback_DS.png	2014_US_Nationals_Day_1_p04_Nate_Louderback_DS.png	image/png	182423
2014_US_Nationals_Day_1_p09_Mike_D'Ambrosio_DS.png	2014_US_Nationals_Day_1_p09_Mike_D'Ambrosio_DS.png	image/png	156926
2014_US_Nationals_Day_1_p11_Bill_Kafer_LS.png	2014_US_Nationals_Day_1_p11_Bill_Kafer_LS.png	image/png	51854
2014_US_Nationals_Day_1_p12_Bill_Kafer_DS.png	2014_US_Nationals_Day_1_p12_Bill_Kafer_DS.png	image/png	54177
2014_US_Nationals_Day_1_p13_Chris_Terwilliger_DS.png	2014_US_Nationals_Day_1_p13_Chris_Terwilliger_DS.png	image/png	156584
2014_US_Nationals_Day_1_p14_Chris_Terwilliger_LS.png	2014_US_Nationals_Day_1_p14_Chris_Terwilliger_LS.png	image/png	169735
2014_US_Nationals_Day_1_p10_Mike_D'Ambrosio_LS.png	2014_US_Nationals_Day_1_p10_Mike_D'Ambrosio_LS.png	image/png	154968
2014_US_Nationals_Day_1_p15_Matthew_Harrison-Trainor_DS.png	2014_US_Nationals_Day_1_p15_Matthew_Harrison-Trainor_DS.png	image/png	162303
2014_US_Nationals_Day_1_p16_Matthew_Harrison-Trainor_LS.png	2014_US_Nationals_Day_1_p16_Matthew_Harrison-Trainor_LS.png	image/png	162423
2014_US_Nationals_Day_1_p20_Kendall_Halman_LS.png	2014_US_Nationals_Day_1_p20_Kendall_Halman_LS.png	image/png	175493
2014_US_Nationals_Day_1_p19_Kendall_Halman_DS.png	2014_US_Nationals_Day_1_p19_Kendall_Halman_DS.png	image/png	165578
2014_US_Nationals_Day_1_p17_Matt_Carulli_LS.png	2014_US_Nationals_Day_1_p17_Matt_Carulli_LS.png	image/png	185938
2014_US_Nationals_Day_1_p21_Justin_Carulli_LS.png	2014_US_Nationals_Day_1_p21_Justin_Carulli_LS.png	image/png	166611
2014_US_Nationals_Day_1_p22_Justin_Carulli_DS.png	2014_US_Nationals_Day_1_p22_Justin_Carulli_DS.png	image/png	164951
2014_US_Nationals_Day_1_p18_Matt_Carulli_DS.png	2014_US_Nationals_Day_1_p18_Matt_Carulli_DS.png	image/png	182757
2014_US_Nationals_Day_1_p23_Jon_Boy_LS.png	2014_US_Nationals_Day_1_p23_Jon_Boy_LS.png	image/png	180457
2014_US_Nationals_Day_1_p25_Vince_Hutchins_DS.png	2014_US_Nationals_Day_1_p25_Vince_Hutchins_DS.png	image/png	68472
2014_US_Nationals_Day_1_p27_Vince_Hutchins_LS.png	2014_US_Nationals_Day_1_p27_Vince_Hutchins_LS.png	image/png	53019
2014_US_Nationals_Day_1_p28_Reid_Smith_DS.png	2014_US_Nationals_Day_1_p28_Reid_Smith_DS.png	image/png	168370
2014_US_Nationals_Day_1_p30_Brad_Eier_LS.png	2014_US_Nationals_Day_1_p30_Brad_Eier_LS.png	image/png	70251
2014_US_Nationals_Day_1_p24_Jon_Boy_DS.png	2014_US_Nationals_Day_1_p24_Jon_Boy_DS.png	image/png	183827
2014_US_Nationals_Day_1_p31_Brad_Eier_DS.png	2014_US_Nationals_Day_1_p31_Brad_Eier_DS.png	image/png	75521
2014_US_Nationals_Day_1_p29_Reid_Smith_LS.png	2014_US_Nationals_Day_1_p29_Reid_Smith_LS.png	image/png	165922
2014_US_Nationals_Day_2_p01_Matthew_Harrison-Trainor_LS.png	2014_US_Nationals_Day_2_p01_Matthew_Harrison-Trainor_LS.png	image/png	51743
2014_US_Nationals_Day_2_p02_Matthew_Harrison-Trainor_DS.png	2014_US_Nationals_Day_2_p02_Matthew_Harrison-Trainor_DS.png	image/png	52843
2014_US_Nationals_Day_2_p03_Matt_Sokol_LS.png	2014_US_Nationals_Day_2_p03_Matt_Sokol_LS.png	image/png	150715
2014_US_Nationals_Day_2_p04_Matt_Sokol_DS.png	2014_US_Nationals_Day_2_p04_Matt_Sokol_DS.png	image/png	148218
2014_US_Nationals_Day_2_p05_Matt_Carulli_LS.png	2014_US_Nationals_Day_2_p05_Matt_Carulli_LS.png	image/png	136607
2014_US_Nationals_Day_2_p06_Matt_Carulli_DS.png	2014_US_Nationals_Day_2_p06_Matt_Carulli_DS.png	image/png	171836
2014_US_Nationals_Day_2_p07_Chris_Terwilliger_LS.png	2014_US_Nationals_Day_2_p07_Chris_Terwilliger_LS.png	image/png	173021
2014_US_Nationals_Day_2_p08_Chris_Terwilliger_DS.png	2014_US_Nationals_Day_2_p08_Chris_Terwilliger_DS.png	image/png	135224
2014_US_Nationals_Day_2.pdf	2014_US_Nationals_Day_2.pdf	application/pdf	2808397
2014_US_Nationals_Day_1.pdf	2014_US_Nationals_Day_1.pdf	application/pdf	10712746
2014_Worlds_Day_2_Part_1_p02_Paul_Bonsall_DSp2.png	2014_Worlds_Day_2_Part_1_p02_Paul_Bonsall_DSp2.png	image/png	16714
2014_Worlds_Day_2_Part_1_p04_Paul_Bonsall_LSp2.png	2014_Worlds_Day_2_Part_1_p04_Paul_Bonsall_LSp2.png	image/png	15027
2014_Worlds_Day_2_Part_1_p01_Paul_Bonsall_DS.png	2014_Worlds_Day_2_Part_1_p01_Paul_Bonsall_DS.png	image/png	50510
2014_Worlds_Day_2_Part_1_p03_Paul_Bonsall_LS.png	2014_Worlds_Day_2_Part_1_p03_Paul_Bonsall_LS.png	image/png	51320
2014_Worlds_Chris_Terwilliger_Y4.pdf	2014_Worlds_Chris_Terwilliger_Y4.pdf	application/pdf	153521
2014_Worlds_Chris_Terwilliger_Y4.png	2014_Worlds_Chris_Terwilliger_Y4.png	image/png	215341
2014_Worlds_Day_2_Part_1_p05_Keith_Brown_DS.png	2014_Worlds_Day_2_Part_1_p05_Keith_Brown_DS.png	image/png	255614
2014_Worlds_Day_2_Part_1_p06_Keith_Brown_LS.png	2014_Worlds_Day_2_Part_1_p06_Keith_Brown_LS.png	image/png	237352
2014_Worlds_Day_2_Part_1_p09_John_Anderson_LS.png	2014_Worlds_Day_2_Part_1_p09_John_Anderson_LS.png	image/png	153870
2014_Worlds_Day_2_Part_1_p07_Brian_Billetta_DS.png	2014_Worlds_Day_2_Part_1_p07_Brian_Billetta_DS.png	image/png	336764
2014_Worlds_Day_2_Part_1_p08_Brian_Billetta_LS.png	2014_Worlds_Day_2_Part_1_p08_Brian_Billetta_LS.png	image/png	343933
2014_Worlds_Day_2_Part_1_p10_John_Anderson_DS.png	2014_Worlds_Day_2_Part_1_p10_John_Anderson_DS.png	image/png	155890
2014_Worlds_Day_2_Part_1_p11_unnamed_LS.png	2014_Worlds_Day_2_Part_1_p11_unnamed_LS.png	image/png	227355
2014_Worlds_Day_2_Part_1_p12_unnamed_DS.png	2014_Worlds_Day_2_Part_1_p12_unnamed_DS.png	image/png	226650
2014_Worlds_Day_2_Part_1_p15_Casey_Anis_LS.png	2014_Worlds_Day_2_Part_1_p15_Casey_Anis_LS.png	image/png	42925
2014_Worlds_Day_2_Part_1.pdf	2014_Worlds_Day_2_Part_1.pdf	application/pdf	3675916
2014_Worlds_Day_2_Part_1_p16_Casey_Anis_DS.png	2014_Worlds_Day_2_Part_1_p16_Casey_Anis_DS.png	image/png	40566
2014_Worlds_Day_2_Part_1_p17_Matt_Sokol_LS.png	2014_Worlds_Day_2_Part_1_p17_Matt_Sokol_LS.png	image/png	195034
2014_Worlds_Day_2_Part_1_p13_Charles_Arlandson_DS.png	2014_Worlds_Day_2_Part_1_p13_Charles_Arlandson_DS.png	image/png	567667
2014_Worlds_Day_2_Part_1_p14_Charles_Arlandson_LS.png	2014_Worlds_Day_2_Part_1_p14_Charles_Arlandson_LS.png	image/png	630605
2014_Worlds_Day_2_Part_1_p18_Matt_Sokol_DS.png	2014_Worlds_Day_2_Part_1_p18_Matt_Sokol_DS.png	image/png	196225
2014_Worlds_Day_2_Part_1_p19_unnamed_LS.png	2014_Worlds_Day_2_Part_1_p19_unnamed_LS.png	image/png	207804
2014_Worlds_Day_2_Part_1_p20_Vinayum_Bari_DS.png	2014_Worlds_Day_2_Part_1_p20_Vinayum_Bari_DS.png	image/png	211036
2014_Worlds_Day_2_Part_1_p21_Greg_Shaw_DS_Hunt_Down.png	2014_Worlds_Day_2_Part_1_p21_Greg_Shaw_DS_Hunt_Down.png	image/png	308524
2014_Worlds_Day_2_Part_1_p22_Greg_Shaw_LS_Yavin_4.png	2014_Worlds_Day_2_Part_1_p22_Greg_Shaw_LS_Yavin_4.png	image/png	405091
2014_Worlds_Day_2_Part_1_p25_Mike_Stirling_DS.png	2014_Worlds_Day_2_Part_1_p25_Mike_Stirling_DS.png	image/png	164811
2014_Worlds_Day_2_Part_1_p26_unnamed_LS.png	2014_Worlds_Day_2_Part_1_p26_unnamed_LS.png	image/png	161426
2014_Worlds_Day_2_Part_1_p23_Jake_from_State_Farm_LS.png	2014_Worlds_Day_2_Part_1_p23_Jake_from_State_Farm_LS.png	image/png	311811
2014_Worlds_Day_2_Part_1_p24_Jake_from_State_Farm_DS.png	2014_Worlds_Day_2_Part_1_p24_Jake_from_State_Farm_DS.png	image/png	375628
2014_Worlds_Day_2_Part_2.pdf	2014_Worlds_Day_2_Part_2.pdf	application/pdf	2592131
2014_Worlds_Day_2_Part_2_p03_Sean_Miller_LS.png	2014_Worlds_Day_2_Part_2_p03_Sean_Miller_LS.png	image/png	435389
2014_Worlds_Day_2_Part_2_p05_Norman_Lansing_DS.png	2014_Worlds_Day_2_Part_2_p05_Norman_Lansing_DS.png	image/png	155315
2014_Worlds_Day_2_Part_2_p06_Norman_Lansing_LS.png	2014_Worlds_Day_2_Part_2_p06_Norman_Lansing_LS.png	image/png	157913
2014_Worlds_Day_2_Part_2_p01_Mitch_Nieland_LS.png	2014_Worlds_Day_2_Part_2_p01_Mitch_Nieland_LS.png	image/png	558240
2014_Worlds_Day_2_Part_2_p04_Sean_Miller_DS.png	2014_Worlds_Day_2_Part_2_p04_Sean_Miller_DS.png	image/png	356124
2014_Worlds_Day_2_Part_2_p02_Mitch_Nieland_DS.png	2014_Worlds_Day_2_Part_2_p02_Mitch_Nieland_DS.png	image/png	401849
2014_Worlds_Day_2_Part_2_p07_Aaron_Kingery_LS_Hidden_Base.png	2014_Worlds_Day_2_Part_2_p07_Aaron_Kingery_LS_Hidden_Base.png	image/png	240091
2014_Worlds_Day_2_Part_2_p14_Philippe_Dubreuil_LSp2.png	2014_Worlds_Day_2_Part_2_p14_Philippe_Dubreuil_LSp2.png	image/png	9127
2014_Worlds_Day_2_Part_2_p13_Philippe_Dubreuil_LS.png	2014_Worlds_Day_2_Part_2_p13_Philippe_Dubreuil_LS.png	image/png	48659
2014_Worlds_Day_2_Part_2_p15_Philippe_Dubreuil_DS.png	2014_Worlds_Day_2_Part_2_p15_Philippe_Dubreuil_DS.png	image/png	53506
2014_Worlds_Day_2_Part_2_p08_Aaron_Kingery_DS_Separatist_Uprising.png	2014_Worlds_Day_2_Part_2_p08_Aaron_Kingery_DS_Separatist_Uprising.png	image/png	253944
2014_Worlds_Day_2_Part_2_p16_Philippe_Dubreuil_DSp2.png	2014_Worlds_Day_2_Part_2_p16_Philippe_Dubreuil_DSp2.png	image/png	9827
2014_Worlds_Day_2_Part_2_p09_Tom_H_DS.png	2014_Worlds_Day_2_Part_2_p09_Tom_H_DS.png	image/png	223235
2014_Worlds_Day_2_Part_2_p11_Pierre_Dubreuil_DS.png	2014_Worlds_Day_2_Part_2_p11_Pierre_Dubreuil_DS.png	image/png	291787
2014_Worlds_Day_2_Part_2_p10_Tom_H_LS.png	2014_Worlds_Day_2_Part_2_p10_Tom_H_LS.png	image/png	218130
2014_Worlds_Day_2_Part_2_p12_Pierre_Dubreuil_LS.png	2014_Worlds_Day_2_Part_2_p12_Pierre_Dubreuil_LS.png	image/png	255093
2014_Worlds_Day_2_Part_2_p19_Kyle_McLean_LS.png	2014_Worlds_Day_2_Part_2_p19_Kyle_McLean_LS.png	image/png	51766
2014_Worlds_Day_2_Part_2_p17_Angelo_Consoli_DS.png	2014_Worlds_Day_2_Part_2_p17_Angelo_Consoli_DS.png	image/png	151907
2014_Worlds_Day_2_Part_2_p20_Kyle_McLean_DS.png	2014_Worlds_Day_2_Part_2_p20_Kyle_McLean_DS.png	image/png	55416
2014_Worlds_Day_2_Part_2_p22_Chris_Menzel_DS.png	2014_Worlds_Day_2_Part_2_p22_Chris_Menzel_DS.png	image/png	54266
2014_Worlds_Day_2_Part_2_p21_Chris_Menzel_LS.png	2014_Worlds_Day_2_Part_2_p21_Chris_Menzel_LS.png	image/png	57963
2014_Worlds_Day_2_Part_2_p18_Angelo_Consoli_LS.png	2014_Worlds_Day_2_Part_2_p18_Angelo_Consoli_LS.png	image/png	146062
2014_Worlds_Day_2_Part_3_p01_Emil_Wallin_LS.png	2014_Worlds_Day_2_Part_3_p01_Emil_Wallin_LS.png	image/png	508801
2014_Worlds_Day_2_Part_3_p03_Brian_Terwilliger_LS_Hidden_Base.png	2014_Worlds_Day_2_Part_3_p03_Brian_Terwilliger_LS_Hidden_Base.png	image/png	235813
2014_Worlds_Day_2_Part_3.pdf	2014_Worlds_Day_2_Part_3.pdf	application/pdf	2867832
2014_Worlds_Day_2_Part_3_p04_Brian_Terwilliger_DS_Slavers.png	2014_Worlds_Day_2_Part_3_p04_Brian_Terwilliger_DS_Slavers.png	image/png	288106
2014_Worlds_Day_2_Part_3_p05_Mean_Jespar_Mix_LS.png	2014_Worlds_Day_2_Part_3_p05_Mean_Jespar_Mix_LS.png	image/png	227231
2014_Worlds_Day_2_Part_3_p06_Mean_Jespar_Mix_DS.png	2014_Worlds_Day_2_Part_3_p06_Mean_Jespar_Mix_DS.png	image/png	238857
2014_Worlds_Day_2_Part_3_p07_Peter_Tenneson_LS.png	2014_Worlds_Day_2_Part_3_p07_Peter_Tenneson_LS.png	image/png	344062
2014_Worlds_Day_2_Part_3_p08_Peter_Tenneson_DS.png	2014_Worlds_Day_2_Part_3_p08_Peter_Tenneson_DS.png	image/png	362247
2014_Worlds_Day_2_Part_3_p09_Nicholas_Tobin_LS.png	2014_Worlds_Day_2_Part_3_p09_Nicholas_Tobin_LS.png	image/png	187108
2014_Worlds_Day_2_Part_3_p13_Nick_Reisch_DS.png	2014_Worlds_Day_2_Part_3_p13_Nick_Reisch_DS.png	image/png	52847
2014_Worlds_Day_2_Part_3_p14_Nick_Reisch_LS.png	2014_Worlds_Day_2_Part_3_p14_Nick_Reisch_LS.png	image/png	60253
2014_Worlds_Day_2_Part_3_p11_Matthew_Harrison-Trainor_LS.png	2014_Worlds_Day_2_Part_3_p11_Matthew_Harrison-Trainor_LS.png	image/png	208741
2014_Worlds_Day_2_Part_3_p10_Nicholas_Tobin_DS.png	2014_Worlds_Day_2_Part_3_p10_Nicholas_Tobin_DS.png	image/png	217332
2014_Worlds_Day_2_Part_3_p15_Alex_O'Shea_DS.png	2014_Worlds_Day_2_Part_3_p15_Alex_O'Shea_DS.png	image/png	199509
2014_Worlds_Day_2_Part_3_p16_Alex_O'Shea_LS.png	2014_Worlds_Day_2_Part_3_p16_Alex_O'Shea_LS.png	image/png	184929
2014_Worlds_Day_2_Part_3_p12_Matthew_Harrison-Trainor_DS.png	2014_Worlds_Day_2_Part_3_p12_Matthew_Harrison-Trainor_DS.png	image/png	222487
2014_Worlds_Day_2_Part_3_p17_Chris_Terwilliger_LS.png	2014_Worlds_Day_2_Part_3_p17_Chris_Terwilliger_LS.png	image/png	212473
2014_Worlds_Day_3_p02_Chris_Terwilliger_DS.png	2014_Worlds_Day_3_p02_Chris_Terwilliger_DS.png	image/png	192350
2014_Worlds_Day_3_p01_Chris_Terwilliger_DS_Hoth_(V).png	2014_Worlds_Day_3_p01_Chris_Terwilliger_DS_Hoth_(V).png	image/png	260333
2014_Worlds_Day_3_p04_Greg_Shaw_LS.png	2014_Worlds_Day_3_p04_Greg_Shaw_LS.png	image/png	212116
2014_Worlds_Day_3_p01_unnamed_DS_Imperial_Occupation.png	2014_Worlds_Day_3_p01_unnamed_DS_Imperial_Occupation.png	image/png	260333
2014_Worlds_Day_3_p03_Greg_Shaw_DS_Hunt_Down.png	2014_Worlds_Day_3_p03_Greg_Shaw_DS_Hunt_Down.png	image/png	201890
2014_Worlds_Day_3_p06_Matthew_Harrison-Trainor_DS.png	2014_Worlds_Day_3_p06_Matthew_Harrison-Trainor_DS.png	image/png	208740
2014_Worlds_Day_3_p05_Matthew_Harrison-Trainor_LS.png	2014_Worlds_Day_3_p05_Matthew_Harrison-Trainor_LS.png	image/png	214993
2014_Worlds_Day_3_p11_Aaron_Kingery_LS_changes.png	2014_Worlds_Day_3_p11_Aaron_Kingery_LS_changes.png	image/png	120881
2014_Worlds_Day_3_p10_Angelo_Consoli_LS.png	2014_Worlds_Day_3_p10_Angelo_Consoli_LS.png	image/png	322965
2014_Worlds_Day_3_p09_Angelo_Consoli_DS_A_Stunning_Move.png	2014_Worlds_Day_3_p09_Angelo_Consoli_DS_A_Stunning_Move.png	image/png	340001
2014_Worlds_Day_3_p08_Emil_Wallin_DS.png	2014_Worlds_Day_3_p08_Emil_Wallin_DS.png	image/png	493351
2014_Worlds_Day_3_p07_Emil_Wallin_LS.png	2014_Worlds_Day_3_p07_Emil_Wallin_LS.png	image/png	517803
2014_Worlds_Day_3_p12_Aaron_Kingery_DS_changes.png	2014_Worlds_Day_3_p12_Aaron_Kingery_DS_changes.png	image/png	122002
2014_Worlds_Day_3_p13_Brian_Terwilliger_DS_changes.png	2014_Worlds_Day_3_p13_Brian_Terwilliger_DS_changes.png	image/png	146122
2014_Worlds_Day_3_p14_Brian_Terwilliger_LS_changes.png	2014_Worlds_Day_3_p14_Brian_Terwilliger_LS_changes.png	image/png	139419
2014_Worlds_Day_3_p15_Matt_Sokol_LS_Quiet_Mining_Colony.png	2014_Worlds_Day_3_p15_Matt_Sokol_LS_Quiet_Mining_Colony.png	image/png	150451
2014_Worlds_Day_3_p16_Matt_Sokol_DS_Hunt_Down.png	2014_Worlds_Day_3_p16_Matt_Sokol_DS_Hunt_Down.png	image/png	149610
2014_Worlds_Day_3.pdf	2014_Worlds_Day_3.pdf	application/pdf	2646516
2026-Retro-GEMPC-Logo.png	2026-Retro-GEMPC-Logo.png	image/png	275443
ANH-D-advosze-decipher-archive.gif	ANH-D-advosze-decipher-archive.gif	image/gif	62488
ANH-D-astromechshortage-decipher-archive.gif	ANH-D-astromechshortage-decipher-archive.gif	image/gif	120341
ANH-D-besieged-decipher-archive.gif	ANH-D-besieged-decipher-archive.gif	image/gif	117077
ANH-D-besieged.gif	ANH-D-besieged.gif	image/png	300658
ANH-D-astromechshortage.gif	ANH-D-astromechshortage.gif	image/png	306187
ANH-D-bespinmotorsvoidspiderthx1138.gif	ANH-D-bespinmotorsvoidspiderthx1138.gif	image/png	311756
ANH-D-advosze.gif	ANH-D-advosze.gif	image/png	337375
ANH-D-captainkhurgee-decipher-archive.gif	ANH-D-captainkhurgee-decipher-archive.gif	image/gif	117664
ANH-D-commenceprimaryignition.gif	ANH-D-commenceprimaryignition.gif	image/gif	46779
ANH-D-conquest-decipher-archive.gif	ANH-D-conquest-decipher-archive.gif	image/gif	67221
ANH-D-comewithme-decipher-archive.gif	ANH-D-comewithme-decipher-archive.gif	image/gif	109883
ANH-D-black4.gif	ANH-D-black4.gif	image/png	369589
ANH-D-comewithme.gif	ANH-D-comewithme.gif	image/png	313484
ANH-D-black4-decipher-archive.gif	ANH-D-black4-decipher-archive.gif	image/gif	105362
ANH-D-dannikjerriko-decipher-archive.gif	ANH-D-dannikjerriko-decipher-archive.gif	image/gif	65282
ANH-D-danzborin-decipher-archive.gif	ANH-D-danzborin-decipher-archive.gif	image/gif	65537
ANH-D-conquest.gif	ANH-D-conquest.gif	image/png	382484
ANH-D-deathstar.gif	ANH-D-deathstar.gif	image/gif	39819
ANH-D-darkwaters.gif	ANH-D-darkwaters.gif	image/gif	78906
ANH-D-dannikjerriko.gif	ANH-D-dannikjerriko.gif	image/png	375408
ANH-D-danzborin.gif	ANH-D-danzborin.gif	image/png	348881
ANH-D-deathstarconferenceroom.gif	ANH-D-deathstarconferenceroom.gif	image/gif	89023
ANH-D-deathstargunner.gif	ANH-D-deathstargunner.gif	image/gif	47314
ANH-D-captainkhurgee.gif	ANH-D-captainkhurgee.gif	image/png	348839
ANH-D-deathstartractorbeam-decipher-archive.gif	ANH-D-deathstartractorbeam-decipher-archive.gif	image/gif	61876
ANH-D-dianoga.gif	ANH-D-dianoga.gif	image/gif	73125
ANH-D-defel.gif	ANH-D-defel.gif	image/gif	59677
ANH-D-ds614-decipher-archive.gif	ANH-D-ds614-decipher-archive.gif	image/gif	70311
ANH-D-deathstartractorbeam.gif	ANH-D-deathstartractorbeam.gif	image/png	326625
ANH-D-enhancedtielasercannon-decipher-archive.gif	ANH-D-enhancedtielasercannon-decipher-archive.gif	image/gif	61163
ANH-D-evader-decipher-archive.gif	ANH-D-evader-decipher-archive.gif	image/gif	67761
ANH-D-ds614.gif	ANH-D-ds614.gif	image/png	359292
ANH-D-ghhhk-decipher-archive.gif	ANH-D-ghhhk-decipher-archive.gif	image/gif	59860
ANH-D-enhancedtielasercannon.gif	ANH-D-enhancedtielasercannon.gif	image/png	339047
ANH-D-evader.gif	ANH-D-evader.gif	image/png	307034
ANH-D-greedo.gif	ANH-D-greedo.gif	image/gif	65627
ANH-D-ghhhk.gif	ANH-D-ghhhk.gif	image/png	300480
ANH-D-hemdazon.gif	ANH-D-hemdazon.gif	image/gif	55771
ANH-D-hyperwavescan.gif	ANH-D-hyperwavescan.gif	image/gif	48694
ANH-D-imperialcommander.gif	ANH-D-imperialcommander.gif	image/gif	67199
ANH-D-hypo.gif	ANH-D-hypo.gif	image/png	337153
ANH-D-imperialholotable.gif	ANH-D-imperialholotable.gif	image/gif	84092
ANH-D-imontheleader.gif	ANH-D-imontheleader.gif	image/png	293996
ANH-D-imperialjustice.gif	ANH-D-imperialjustice.gif	image/gif	70013
ANH-D-imperialsquadleader.gif	ANH-D-imperialsquadleader.gif	image/png	314603
ANH-D-informant.gif	ANH-D-informant.gif	image/png	291942
ANH-D-kashyyyk.gif	ANH-D-kashyyyk.gif	image/gif	43546
ANH-D-kiffex.gif	ANH-D-kiffex.gif	image/gif	51782
ANH-D-kraytdragonbones.gif	ANH-D-kraytdragonbones.gif	image/gif	57762
ANH-D-ito.gif	ANH-D-ito.gif	image/png	375497
ANH-D-jawablaster.gif	ANH-D-jawablaster.gif	image/png	327678
ANH-D-lasergate.gif	ANH-D-lasergate.gif	image/png	333704
ANH-D-lirincarn-decipher-archive.gif	ANH-D-lirincarn-decipher-archive.gif	image/gif	68426
ANH-D-leiaseeker.gif	ANH-D-leiaseeker.gif	image/png	314832
ANH-D-ltpoltreidum-decipher-archive.gif	ANH-D-ltpoltreidum-decipher-archive.gif	image/gif	70802
ANH-D-ltshannchildsen.gif	ANH-D-ltshannchildsen.gif	image/gif	65484
ANH-D-lirincarn.gif	ANH-D-lirincarn.gif	image/png	350258
ANH-D-magneticsuctiontube-decipher-archive.gif	ANH-D-magneticsuctiontube-decipher-archive.gif	image/gif	57353
ANH-D-ltpoltreidum.gif	ANH-D-ltpoltreidum.gif	image/png	349422
ANH-D-maneuvercheck.gif	ANH-D-maneuvercheck.gif	image/gif	40070
ANH-D-magneticsuctiontube.gif	ANH-D-magneticsuctiontube.gif	image/png	321604
ANH-D-mobqueta1deluxefloater-decipher-archive.gif	ANH-D-mobqueta1deluxefloater-decipher-archive.gif	image/gif	83045
ANH-D-monnok-decipher-archive.gif	ANH-D-monnok-decipher-archive.gif	image/gif	57615
ANH-D-mobqueta1deluxefloater.gif	ANH-D-mobqueta1deluxefloater.gif	image/png	320511
ANH-D-ootagootasolo.gif	ANH-D-ootagootasolo.gif	image/gif	64103
ANH-D-mosep-decipher-archive.gif	ANH-D-mosep-decipher-archive.gif	image/gif	79568
ANH-D-officerevax-decipher-archive.gif	ANH-D-officerevax-decipher-archive.gif	image/gif	71677
ANH-D-ngok.gif	ANH-D-ngok.gif	image/png	298978
ANH-D-monnok.gif	ANH-D-monnok.gif	image/png	297453
ANH-D-programtrap.gif	ANH-D-programtrap.gif	image/png	300698
ANH-D-officerevax.gif	ANH-D-officerevax.gif	image/png	336732
ANH-D-mosep.gif	ANH-D-mosep.gif	image/png	347758
ANH-D-r2q2.gif	ANH-D-r2q2.gif	image/gif	68709
ANH-D-r2q2-decipher-archive.gif	ANH-D-r2q2-decipher-archive.gif	image/gif	66215
ANH-D-r3t6-decipher-archive.gif	ANH-D-r3t6-decipher-archive.gif	image/gif	81993
ANH-D-ralltiir.gif	ANH-D-ralltiir.gif	image/gif	39530
ANH-D-r5a2.gif	ANH-D-r5a2.gif	image/gif	72720
ANH-D-r3t6.gif	ANH-D-r3t6.gif	image/gif	83350
ANH-D-reegesk.gif	ANH-D-reegesk.gif	image/gif	61017
ANH-D-reservepilot.gif	ANH-D-reservepilot.gif	image/gif	97797
ANH-D-retractthebridge.gif	ANH-D-retractthebridge.gif	image/gif	72207
ANH-D-rodian.gif	ANH-D-rodian.gif	image/gif	95133
ANH-D-sandcrawlerdroidjunkheap.gif	ANH-D-sandcrawlerdroidjunkheap.gif	image/gif	71442
ANH-D-sniper.gif	ANH-D-sniper.gif	image/gif	87865
ANH-D-spiceminesofkessel.gif	ANH-D-spiceminesofkessel.gif	image/gif	64355
ANH-D-stunningleader-decipher-archive.gif	ANH-D-stunningleader-decipher-archive.gif	image/gif	71558
ANH-D-stunningleader.gif	ANH-D-stunningleader.gif	image/gif	67836
ANH-D-superlaser.gif	ANH-D-superlaser.gif	image/gif	74250
ANH-D-swillacorey-decipher-archive.gif	ANH-D-swillacorey-decipher-archive.gif	image/gif	70188
ANH-D-swillacorey.gif	ANH-D-swillacorey.gif	image/gif	65496
ANH-D-tatooinebluffs.gif	ANH-D-tatooinebluffs.gif	image/gif	84835
ANH-D-techmor.gif	ANH-D-techmor.gif	image/gif	53312
ANH-D-therellbehelltopay.gif	ANH-D-therellbehelltopay.gif	image/gif	79493
ANH-D-tieassaultsquadron.gif	ANH-D-tieassaultsquadron.gif	image/gif	54161
ANH-D-thisissomerescue.gif	ANH-D-thisissomerescue.gif	image/gif	65849
ANH-D-tentacle.gif	ANH-D-tentacle.gif	image/png	307487
ANH-D-tievanguard-decipher-archive.gif	ANH-D-tievanguard-decipher-archive.gif	image/gif	55163
ANH-D-tractorbeam-decipher-archive.gif	ANH-D-tractorbeam-decipher-archive.gif	image/gif	76089
ANH-D-tractorbeam.gif	ANH-D-tractorbeam.gif	image/gif	96084
ANH-D-trooperdavinfelth.gif	ANH-D-trooperdavinfelth.gif	image/gif	55353
ANH-D-u3po-decipher-archive.gif	ANH-D-u3po-decipher-archive.gif	image/gif	94873
ANH-D-undercover-decipher-archive.gif	ANH-D-undercover-decipher-archive.gif	image/gif	65951
ANH-D-undercover.gif	ANH-D-undercover.gif	image/gif	69320
ANH-D-tievanguard.gif	ANH-D-tievanguard.gif	image/gif	79056
ANH-D-urorrurrr.gif	ANH-D-urorrurrr.gif	image/gif	68161
ANH-D-u3po.gif	ANH-D-u3po.gif	image/png	451852
ANH-D-urorrurrrshuntingrifle-decipher-archive.gif	ANH-D-urorrurrrshuntingrifle-decipher-archive.gif	image/gif	71748
ANH-D-urorrurrrshuntingrifle.gif	ANH-D-urorrurrrshuntingrifle.gif	image/gif	88096
ANH-D-victoryclassstardestroyer.gif	ANH-D-victoryclassstardestroyer.gif	image/gif	61750
ANH-D-wed15l7septoiddroid.gif	ANH-D-wed15l7septoiddroid.gif	image/gif	81483
ANH-D-wehaveaprisoner-decipher-archive.gif	ANH-D-wehaveaprisoner-decipher-archive.gif	image/gif	67662
ANH-D-wehaveaprisoner.gif	ANH-D-wehaveaprisoner.gif	image/gif	70013
ANH-Japanese-pack.png	ANH-Japanese-pack.png	image/png	109377
ANH-Japanese-box-v2.png	ANH-Japanese-box-v2.png	image/png	438677
ANH-Japanese-box.png	ANH-Japanese-box.png	image/png	480093
ANH-L-advancepreparation.gif	ANH-L-advancepreparation.gif	image/gif	110979
ANH-Japanese-rules-supplement-v2.png	ANH-Japanese-rules-supplement-v2.png	image/png	406733
ANH-L-alternativestofighting-decipher-archive.gif	ANH-L-alternativestofighting-decipher-archive.gif	image/gif	96856
ANH-Japanese-rules-supplement.png	ANH-Japanese-rules-supplement.png	image/png	486930
ANH-L-arcona.gif	ANH-L-arcona.gif	image/gif	84452
ANH-L-attackrun-decipher-archive.gif	ANH-L-attackrun-decipher-archive.gif	image/gif	89902
ANH-L-alternativestofighting.gif	ANH-L-alternativestofighting.gif	image/png	431447
ANH-L-attackrun-wb-decipher.gif	ANH-L-attackrun-wb-decipher.gif	image/gif	88259
ANH-L-blastthedoorkid-decipher-archive.gif	ANH-L-blastthedoorkid-decipher-archive.gif	image/gif	151237
ANH-L-bluemilk.gif	ANH-L-bluemilk.gif	image/gif	104131
ANH-L-blastthedoorkid.gif	ANH-L-blastthedoorkid.gif	image/png	410871
ANH-L-attackrun.gif	ANH-L-attackrun.gif	image/png	418997
ANH-L-bowcaster-decipher-archive.gif	ANH-L-bowcaster-decipher-archive.gif	image/gif	153959
ANH-L-brainiac.gif	ANH-L-brainiac.gif	image/gif	90349
ANH-L-cell2187.gif	ANH-L-cell2187.gif	image/gif	94730
ANH-L-chewbacca-decipher-archive.gif	ANH-L-chewbacca-decipher-archive.gif	image/gif	151173
ANH-L-bowcaster.gif	ANH-L-bowcaster.gif	image/png	454741
ANH-L-commanderevramlajaie.gif	ANH-L-commanderevramlajaie.gif	image/gif	92013
ANH-L-clakdorvii.gif	ANH-L-clakdorvii.gif	image/png	192354
ANH-L-chewbacca.gif	ANH-L-chewbacca.gif	image/png	419367
ANH-L-commandervandenwillard-decipher-archive.gif	ANH-L-commandervandenwillard-decipher-archive.gif	image/gif	101895
ANH-L-commencerecharging-decipher-archive.gif	ANH-L-commencerecharging-decipher-archive.gif	image/gif	101139
ANH-L-commandervandenwillard.gif	ANH-L-commandervandenwillard.gif	image/png	421587
ANH-L-corellia-decipher-archive.gif	ANH-L-corellia-decipher-archive.gif	image/gif	58317
ANH-L-corellia.gif	ANH-L-corellia.gif	image/png	207617
ANH-L-corellianslip.gif	ANH-L-corellianslip.gif	image/gif	81665
ANH-L-commencerecharging.gif	ANH-L-commencerecharging.gif	image/png	416706
ANH-L-corellian.gif	ANH-L-corellian.gif	image/gif	99117
ANH-L-dejarikhologameboard.gif	ANH-L-dejarikhologameboard.gif	image/gif	68336
ANH-L-deathstartrench.gif	ANH-L-deathstartrench.gif	image/gif	105599
ANH-L-doikknats.gif	ANH-L-doikknats.gif	image/gif	86250
ANH-L-doubleagent-decipher-archive.gif	ANH-L-doubleagent-decipher-archive.gif	image/gif	98987
ANH-L-ejecteject-decipher-archive.gif	ANH-L-ejecteject-decipher-archive.gif	image/gif	101799
ANH-L-garouflafoe-decipher-archive.gif	ANH-L-garouflafoe-decipher-archive.gif	image/gif	98695
ANH-L-doubleagent.gif	ANH-L-doubleagent.gif	image/png	394828
ANH-L-ejecteject.gif	ANH-L-ejecteject.gif	image/png	394842
ANH-L-fireextinguisher.gif	ANH-L-fireextinguisher.gif	image/png	435315
ANH-L-gold2-decipher-archive.gif	ANH-L-gold2-decipher-archive.gif	image/gif	106002
ANH-L-garouflafoe.gif	ANH-L-garouflafoe.gif	image/png	412682
ANH-L-grapplinghook-decipher-archive.gif	ANH-L-grapplinghook-decipher-archive.gif	image/gif	108099
ANH-L-gold2.gif	ANH-L-gold2.gif	image/png	429890
ANH-L-hunchback.gif	ANH-L-hunchback.gif	image/gif	86871
ANH-L-grimtaash.gif	ANH-L-grimtaash.gif	image/png	393896
ANH-L-hetnkik.gif	ANH-L-hetnkik.gif	image/png	408213
ANH-L-ickabelgont.gif	ANH-L-ickabelgont.gif	image/gif	83835
ANH-L-grapplinghook.gif	ANH-L-grapplinghook.gif	image/png	447942
ANH-L-houjix.gif	ANH-L-houjix.gif	image/png	380446
ANH-L-ihaveaverybadfeelingaboutthis.gif	ANH-L-ihaveaverybadfeelingaboutthis.gif	image/gif	104632
ANH-L-imheretorescueyou.gif	ANH-L-imheretorescueyou.gif	image/png	413518
ANH-L-kashyyyk.gif	ANH-L-kashyyyk.gif	image/gif	54838
ANH-L-incomt16skyhopper.gif	ANH-L-incomt16skyhopper.gif	image/gif	93416
ANH-L-logisticaldelay.gif	ANH-L-logisticaldelay.gif	image/gif	104045
ANH-L-lukeshuntingrifle-decipher-archive.gif	ANH-L-lukeshuntingrifle-decipher-archive.gif	image/gif	106080
ANH-L-lukescape-decipher-archive.gif	ANH-L-lukescape-decipher-archive.gif	image/gif	105004
ANH-L-lukescape.gif	ANH-L-lukescape.gif	image/png	396635
ANH-L-letthewookieewin.gif	ANH-L-letthewookieewin.gif	image/png	444996
ANH-L-jawaiongun.gif	ANH-L-jawaiongun.gif	image/png	446954
ANH-L-magneticsuctiontube-decipher-archive.gif	ANH-L-magneticsuctiontube-decipher-archive.gif	image/gif	95880
ANH-L-mercsunlet-decipher-archive.gif	ANH-L-mercsunlet-decipher-archive.gif	image/gif	96474
ANH-L-lukeshuntingrifle.gif	ANH-L-lukeshuntingrifle.gif	image/png	434523
ANH-L-mottiseeker-decipher-archive.gif	ANH-L-mottiseeker-decipher-archive.gif	image/gif	108778
ANH-L-mercsunlet.gif	ANH-L-mercsunlet.gif	image/png	404275
ANH-L-magneticsuctiontube.gif	ANH-L-magneticsuctiontube.gif	image/png	429844
ANH-L-mottiseeker.gif	ANH-L-mottiseeker.gif	image/png	406084
ANH-L-mhydbinarydroid.gif	ANH-L-mhydbinarydroid.gif	image/png	450917
ANH-L-nalancheel.gif	ANH-L-nalancheel.gif	image/gif	83826
ANH-L-outofcommission.gif	ANH-L-outofcommission.gif	image/gif	90134
ANH-L-quiteamercenary.gif	ANH-L-quiteamercenary.gif	image/gif	103346
ANH-L-r2d2.gif	ANH-L-r2d2.gif	image/gif	95363
ANH-L-r5d4.gif	ANH-L-r5d4.gif	image/gif	93706
ANH-L-ra7.gif	ANH-L-ra7.gif	image/gif	93508
ANH-L-ralltiir.gif	ANH-L-ralltiir.gif	image/gif	51334
ANH-L-rebelcommander.gif	ANH-L-rebelcommander.gif	image/gif	83780
ANH-L-rebelsquadleader-decipher-archive.gif	ANH-L-rebelsquadleader-decipher-archive.gif	image/gif	108493
ANH-L-rebelsquadleader.gif	ANH-L-rebelsquadleader.gif	image/gif	100061
ANH-L-rebeltech-decipher-archive.gif	ANH-L-rebeltech-decipher-archive.gif	image/gif	101586
ANH-L-rebeltech.gif	ANH-L-rebeltech.gif	image/gif	94600
ANH-L-rectenna.gif	ANH-L-rectenna.gif	image/gif	101978
ANH-L-red2.gif	ANH-L-red2.gif	image/gif	90030
ANH-L-red5.gif	ANH-L-red5.gif	image/gif	95031
ANH-L-red6.gif	ANH-L-red6.gif	image/gif	107474
ANH-L-remote.gif	ANH-L-remote.gif	image/gif	112138
ANH-L-roguebantha.gif	ANH-L-roguebantha.gif	image/gif	103216
ANH-L-sandcrawlerloadingbay.gif	ANH-L-sandcrawlerloadingbay.gif	image/gif	96868
ANH-L-saurin.gif	ANH-L-saurin.gif	image/gif	86419
ANH-L-sensorpanel.gif	ANH-L-sensorpanel.gif	image/gif	97199
ANH-L-sabotage.gif	ANH-L-sabotage.gif	image/gif	110824
ANH-L-solomahal.gif	ANH-L-solomahal.gif	image/gif	98990
ANH-L-sw4ioncannon-decipher-archive.gif	ANH-L-sw4ioncannon-decipher-archive.gif	image/gif	98822
ANH-L-sorryaboutthemess.gif	ANH-L-sorryaboutthemess.gif	image/gif	111022
ANH-L-scannertechs.gif	ANH-L-scannertechs.gif	image/gif	99593
ANH-L-sw4ioncannon.gif	ANH-L-sw4ioncannon.gif	image/gif	87248
ANH-L-theyreondantooine.gif	ANH-L-theyreondantooine.gif	image/gif	97986
ANH-L-theyreondantooine-decipher-archive.gif	ANH-L-theyreondantooine-decipher-archive.gif	image/gif	104080
ANH-L-tantiveiv.gif	ANH-L-tantiveiv.gif	image/png	420930
ANH-L-tiree.gif	ANH-L-tiree.gif	image/gif	95974
ANH-L-undercover-decipher-archive.gif	ANH-L-undercover-decipher-archive.gif	image/gif	98518
ANH-L-tzizvvt.gif	ANH-L-tzizvvt.gif	image/gif	86269
ANH-L-undercover.gif	ANH-L-undercover.gif	image/gif	93515
ANH-L-wedgeantilles-decipher-archive.gif	ANH-L-wedgeantilles-decipher-archive.gif	image/gif	95637
ANH-L-wedgeantilles.gif	ANH-L-wedgeantilles.gif	image/gif	101284
ANH-L-whatreyoutryintopushonus.gif	ANH-L-whatreyoutryintopushonus.gif	image/gif	91991
ANH-L-tiree-decipher-archive.gif	ANH-L-tiree-decipher-archive.gif	image/gif	97271
ANH-L-yavin4briefingroom.gif	ANH-L-yavin4briefingroom.gif	image/gif	96443
ANH-L-yavin4massassiruins.gif	ANH-L-yavin4massassiruins.gif	image/gif	92064
ANH-L-wookieeroar.gif	ANH-L-wookieeroar.gif	image/gif	109305
ANH-L-youreallclearkid.gif	ANH-L-youreallclearkid.gif	image/gif	92847
ANH-L-wookieeroar-decipher-archive.gif	ANH-L-wookieeroar-decipher-archive.gif	image/gif	119414
ANH-L-zutton.gif	ANH-L-zutton.gif	image/gif	88268
ANH-L-ywingassaultsquadron.gif	ANH-L-ywingassaultsquadron.gif	image/gif	98414
ANH-Limited-box-v2.png	ANH-Limited-box-v2.png	image/png	305440
ANH-Limited-four-panel-poster-v2.png	ANH-Limited-four-panel-poster-v2.png	image/png	1450391
ANH-Limited-four-panel-poster-back-v2.png	ANH-Limited-four-panel-poster-back-v2.png	image/png	1874310
ANH-Limited-four-panel-poster-back.png	ANH-Limited-four-panel-poster-back.png	image/png	2058626
ANH-Limited-four-panel-poster.png	ANH-Limited-four-panel-poster.png	image/png	1608323
ANH-Limited-ds-rare-sheet.png	ANH-Limited-ds-rare-sheet.png	image/png	6570932
ANH-Limited-pack.png	ANH-Limited-pack.png	image/png	127303
ANH-Limited-box.png	ANH-Limited-box.png	image/png	324641
ANH-Limited-rules-supplement-front.png	ANH-Limited-rules-supplement-front.png	image/png	3732931
ANH-Revised-display-v2.png	ANH-Revised-display-v2.png	image/png	357371
ANH-Revised-display.png	ANH-Revised-display.png	image/png	399108
ANH-Revised-pack.png	ANH-Revised-pack.png	image/png	146816
ANH-Limited-rules-supplement-back.png	ANH-Limited-rules-supplement-back.png	image/png	2502216
ANH-Limited-store-poster.png	ANH-Limited-store-poster.png	image/png	3541031
ANewHope-D-hypo-decipher-archive.gif	ANewHope-D-hypo-decipher-archive.gif	image/gif	54407
ANewHope-D-imontheleader-decipher-archive.gif	ANewHope-D-imontheleader-decipher-archive.gif	image/gif	68280
ANH-Limited-rules-supplement-front-v2.png	ANH-Limited-rules-supplement-front-v2.png	image/png	3692657
ANewHope-D-imperialsquadleader-decipher-archive.gif	ANewHope-D-imperialsquadleader-decipher-archive.gif	image/gif	67341
ANH-Limited-rules-supplement-back-v2.png	ANH-Limited-rules-supplement-back-v2.png	image/png	2477515
ANH-Revised-rules-supplement.png	ANH-Revised-rules-supplement.png	image/png	576247
ANewHope-D-ito-decipher-archive.gif	ANewHope-D-ito-decipher-archive.gif	image/gif	61840
ANewHope-D-programtrap-decipher-archive.gif	ANewHope-D-programtrap-decipher-archive.gif	image/gif	67715
ANewHope-D-jawablaster-decipher-archive.gif	ANewHope-D-jawablaster-decipher-archive.gif	image/gif	70789
ANewHope-L-grimtaash-decipher-archive.gif	ANewHope-L-grimtaash-decipher-archive.gif	image/gif	101734
ANewHope-D-wed1517septoiddroid-decipher-archive.gif	ANewHope-D-wed1517septoiddroid-decipher-archive.gif	image/gif	80833
ANewHope-L-hetnkik-decipher-archive.gif	ANewHope-L-hetnkik-decipher-archive.gif	image/gif	82330
ANewHope-L-houjix-decipher-archive.gif	ANewHope-L-houjix-decipher-archive.gif	image/gif	101186
ANewHope-L-jawaiongun-decipher-archive.gif	ANewHope-L-jawaiongun-decipher-archive.gif	image/gif	115869
ANewHope-L-letthewookieewin-decipher-archive.gif	ANewHope-L-letthewookieewin-decipher-archive.gif	image/gif	112385
AR-diagram-p163.png	AR-diagram-p163.png	image/png	47857
AR-diagram-p164.png	AR-diagram-p164.png	image/png	48189
AR-diagram-p014.png	AR-diagram-p014.png	image/png	356047
AR-cover.png	AR-cover.png	image/png	3324732
ANewHope-L-imheretorescueyou-decipher-archive.gif	ANewHope-L-imheretorescueyou-decipher-archive.gif	image/gif	107787
AR-diagram-p173.png	AR-diagram-p173.png	image/png	42219
AR-diagram-p176.png	AR-diagram-p176.png	image/png	228572
ANH-Limited-ls-rare-sheet-v2.png	ANH-Limited-ls-rare-sheet-v2.png	image/png	6891672
ANH-Limited-ls-rare-sheet.png	ANH-Limited-ls-rare-sheet.png	image/png	7233481
ANH-Limited-ds-rare-sheet-v2.png	ANH-Limited-ds-rare-sheet-v2.png	image/png	6278126
AR-location-p181-4.png	AR-location-p181-4.png	image/png	34972
AR-location-p182-2.png	AR-location-p182-2.png	image/png	32600
AR-location-p181-2.png	AR-location-p181-2.png	image/png	40315
AR-location-p181-3.png	AR-location-p181-3.png	image/png	42629
AR-location-p182-1.png	AR-location-p182-1.png	image/png	80589
AR-location-p181-1.png	AR-location-p181-1.png	image/png	73023
AR-location-p182-3.png	AR-location-p182-3.png	image/png	95735
AR-force-circulation.png	AR-force-circulation.png	image/png	241913
AR-location-p182-5.png	AR-location-p182-5.png	image/png	42975
AR-location-p182-4.png	AR-location-p182-4.png	image/png	44674
AR-location-p183-2.png	AR-location-p183-2.png	image/png	22749
AR-location-p183-1.png	AR-location-p183-1.png	image/png	30242
AR-location-p182-7.png	AR-location-p182-7.png	image/png	67954
AR-location-p183-3.png	AR-location-p183-3.png	image/png	85202
AR-location-p182-6.png	AR-location-p182-6.png	image/png	259575
AR-location-p183-4.png	AR-location-p183-4.png	image/png	49699
AR-location-p183-5.png	AR-location-p183-5.png	image/png	40896
AR-location-p183-6.png	AR-location-p183-6.png	image/png	80245
AR-location-p183-8.png	AR-location-p183-8.png	image/png	53970
AR-location-p183-7.png	AR-location-p183-7.png	image/png	93224
AR-location-p184-1.png	AR-location-p184-1.png	image/png	84912
AR-location-p184-3.png	AR-location-p184-3.png	image/png	34818
AR-location-p184-2.png	AR-location-p184-2.png	image/png	66522
AR-location-p184-4.png	AR-location-p184-4.png	image/png	89416
Aboutratings-20020808.png	Aboutratings-20020808.png	image/png	60120
AR-stack-example.png	AR-stack-example.png	image/png	166318
AR20-force-circulation.png	AR20-force-circulation.png	image/png	294719
AR20-cover.png	AR20-cover.png	image/png	976442
Bardez-DS---Podracer.png	Bardez-DS---Podracer.png	image/png	1187315
CC-D-abilityabilityability-decipher-archive.gif	CC-D-abilityabilityability-decipher-archive.gif	image/gif	54747
CC-D-abyss.gif	CC-D-abyss.gif	image/gif	43655
CC-D-abilityabilityability.gif	CC-D-abilityabilityability.gif	image/png	301014
CC-D-aiiiiaaaagggggggggg.gif	CC-D-aiiiiaaaagggggggggg.gif	image/gif	52643
Bardez-LS---Character---Multiple-Affiliation.png	Bardez-LS---Character---Multiple-Affiliation.png	image/png	2601010
CC-D-alltooeasy-decipher-archive.gif	CC-D-alltooeasy-decipher-archive.gif	image/gif	65793
AR-version-2-0-final.pdf	AR-version-2-0-final.pdf	application/pdf	3108165
Bardez-LS---Character---Jabbas-Prize-(Rebel).png	Bardez-LS---Character---Jabbas-Prize-(Rebel).png	image/png	4485079
CC-D-atmosphericassault-decipher-archive.gif	CC-D-atmosphericassault-decipher-archive.gif	image/gif	89908
CC-D-alltooeasy.gif	CC-D-alltooeasy.gif	image/png	294513
CC-D-atmosphericassault.gif	CC-D-atmosphericassault.gif	image/png	289008
CC-D-bespin.gif	CC-D-bespin.gif	image/gif	42885
CC-D-bespincloudcity.gif	CC-D-bespincloudcity.gif	image/gif	49947
CC-D-binders.gif	CC-D-binders.gif	image/gif	41505
CC-D-blasteddroid-decipher-archive.gif	CC-D-blasteddroid-decipher-archive.gif	image/gif	92687
CC-D-bobafettsblasterrifle-decipher-archive.gif	CC-D-bobafettsblasterrifle-decipher-archive.gif	image/gif	94309
CC-D-blasteddroid.gif	CC-D-blasteddroid.gif	image/png	276311
CC-D-bobafett.gif	CC-D-bobafett.gif	image/png	324272
CC-D-bobafettsblasterrifle.gif	CC-D-bobafettsblasterrifle.gif	image/png	340233
CC-D-carbonfreezing.gif	CC-D-carbonfreezing.gif	image/gif	34126
CC-D-bounty-decipher-archive.gif	CC-D-bounty-decipher-archive.gif	image/gif	93638
CC-D-captainbewil.gif	CC-D-captainbewil.gif	image/gif	43622
CC-D-brieflossofcontrol.gif	CC-D-brieflossofcontrol.gif	image/gif	44413
CC-D-bounty.gif	CC-D-bounty.gif	image/png	295673
CC-D-carbonitechamberconsole-decipher-archive.gif	CC-D-carbonitechamberconsole-decipher-archive.gif	image/gif	93296
CC-D-chasmwalkway-decipher-archive.gif	CC-D-chasmwalkway-decipher-archive.gif	image/gif	146693
CC-D-carbonitechamberconsole.gif	CC-D-carbonitechamberconsole.gif	image/png	301461
CC-D-cloudcar.gif	CC-D-cloudcar.gif	image/gif	46024
CC-D-chiefretwin-decipher-archive.gif	CC-D-chiefretwin-decipher-archive.gif	image/gif	102589
CC-D-chiefretwin.gif	CC-D-chiefretwin.gif	image/png	349581
CC-D-cloudcitycarbonitechamber.gif	CC-D-cloudcitycarbonitechamber.gif	image/gif	79756
CC-D-cloudcityblaster.gif	CC-D-cloudcityblaster.gif	image/png	320641
CC-D-cloudcitydiningroom.gif	CC-D-cloudcitydiningroom.gif	image/gif	61093
CC-D-cloudcityblaster-decipher-archive.gif	CC-D-cloudcityblaster-decipher-archive.gif	image/gif	95094
CC-D-cloudcityengineer.gif	CC-D-cloudcityengineer.gif	image/gif	46488
CC-D-cloudcityeastplatformdockingbay.gif	CC-D-cloudcityeastplatformdockingbay.gif	image/gif	56843
CC-D-cloudcitychasmwalkway.gif	CC-D-cloudcitychasmwalkway.gif	image/png	396741
CC-D-cloudcityincinerator.gif	CC-D-cloudcityincinerator.gif	image/gif	82312
CC-D-cloudcitylowercorridor.gif	CC-D-cloudcitylowercorridor.gif	image/gif	70797
CC-D-cloudcitysabacc.gif	CC-D-cloudcitysabacc.gif	image/gif	43550
CC-D-cloudcitytrooper.gif	CC-D-cloudcitytrooper.gif	image/gif	55277
CC-D-cloudcitysecuritytower.gif	CC-D-cloudcitysecuritytower.gif	image/gif	68537
CC-D-cloudcityupperplazacorridor.gif	CC-D-cloudcityupperplazacorridor.gif	image/gif	75474
CC-D-clouds.gif	CC-D-clouds.gif	image/gif	51201
CC-D-darkdeal.gif	CC-D-darkdeal.gif	image/gif	41388
CC-D-darkstrike-decipher-archive.gif	CC-D-darkstrike-decipher-archive.gif	image/gif	55326
CC-D-commanderdesanne.gif	CC-D-commanderdesanne.gif	image/png	327295
CC-D-despair.gif	CC-D-despair.gif	image/gif	44004
CC-D-doubleback.gif	CC-D-doubleback.gif	image/gif	48840
CC-D-doublecrossingnogoodswindler.gif	CC-D-doublecrossingnogoodswindler.gif	image/gif	50806
CC-D-e3po.gif	CC-D-e3po.gif	image/gif	52880
CC-D-darkstrike.gif	CC-D-darkstrike.gif	image/png	307422
CC-D-echuta.gif	CC-D-echuta.gif	image/gif	56215
CC-D-endthisdestructiveconflict-decipher-archive.gif	CC-D-endthisdestructiveconflict-decipher-archive.gif	image/gif	65528
CC-D-epicduel.gif	CC-D-epicduel.gif	image/gif	40188
CC-D-endthisdestructiveconflict.gif	CC-D-endthisdestructiveconflict.gif	image/png	303487
CC-D-flightescort.gif	CC-D-flightescort.gif	image/gif	46697
CC-D-forcedlanding.gif	CC-D-forcedlanding.gif	image/gif	44649
CC-D-focusedattack.gif	CC-D-focusedattack.gif	image/gif	44640
CC-D-heartofthechasm.gif	CC-D-heartofthechasm.gif	image/gif	60415
CC-D-hesallyoursbountyhunter.gif	CC-D-hesallyoursbountyhunter.gif	image/gif	52465
CC-D-forcefield.gif	CC-D-forcefield.gif	image/png	299630
CC-D-iamyourfather.gif	CC-D-iamyourfather.gif	image/gif	46874
CC-D-imperialdecree-decipher-archive.gif	CC-D-imperialdecree-decipher-archive.gif	image/gif	50919
CC-D-humanshield.gif	CC-D-humanshield.gif	image/png	296344
CC-D-ihadnochoice.gif	CC-D-ihadnochoice.gif	image/png	282179
CC-D-interrogationarray.gif	CC-D-interrogationarray.gif	image/gif	41642
CC-D-imperialdecree.gif	CC-D-imperialdecree.gif	image/png	301262
CC-D-imperialtrooperguarddainsom.gif	CC-D-imperialtrooperguarddainsom.gif	image/png	345484
CC-D-levitationattack.gif	CC-D-levitationattack.gif	image/gif	50504
CC-D-lieutenantcecius.gif	CC-D-lieutenantcecius.gif	image/gif	49724
CC-D-landocalrissian.gif	CC-D-landocalrissian.gif	image/png	360820
CC-D-obsidian7.gif	CC-D-obsidian7.gif	image/gif	38335
CC-D-mandalorianarmor.gif	CC-D-mandalorianarmor.gif	image/gif	50061
CC-D-mostlyarmless.gif	CC-D-mostlyarmless.gif	image/gif	52958
CC-D-lieutenantsheckil.gif	CC-D-lieutenantsheckil.gif	image/png	330081
CC-D-obsidian8.gif	CC-D-obsidian8.gif	image/gif	49361
CC-D-pointman.gif	CC-D-pointman.gif	image/gif	50966
CC-D-projectivetelepathy-decipher-archive.gif	CC-D-projectivetelepathy-decipher-archive.gif	image/gif	54544
CC-D-preparethechamber.gif	CC-D-preparethechamber.gif	image/gif	49199
CC-D-releaseyouranger.gif	CC-D-releaseyouranger.gif	image/gif	41246
CC-D-restrictedaccess.gif	CC-D-restrictedaccess.gif	image/gif	58050
CC-D-projectivetelepathy.gif	CC-D-projectivetelepathy.gif	image/png	301520
CC-D-riteofpassage.gif	CC-D-riteofpassage.gif	image/gif	47374
CC-D-shatteredhope.gif	CC-D-shatteredhope.gif	image/gif	67107
CC-D-shockingrevelation.gif	CC-D-shockingrevelation.gif	image/gif	53584
CC-D-slavei.gif	CC-D-slavei.gif	image/gif	49225
CC-D-slipslidingaway.gif	CC-D-slipslidingaway.gif	image/gif	70640
CC-D-sonicbombardment.gif	CC-D-sonicbombardment.gif	image/gif	50668
CC-D-specialdelivery.gif	CC-D-specialdelivery.gif	image/gif	88083
CC-D-surprise.gif	CC-D-surprise.gif	image/gif	47172
CC-D-theemperorsprize.gif	CC-D-theemperorsprize.gif	image/gif	61438
CC-D-thisisstillwrong.gif	CC-D-thisisstillwrong.gif	image/gif	54813
CC-D-tibannagasminer.gif	CC-D-tibannagasminer.gif	image/gif	50544
CC-D-tiesentryships.gif	CC-D-tiesentryships.gif	image/gif	44182
CC-D-trooperassault.gif	CC-D-trooperassault.gif	image/gif	49989
CC-D-trooperjerrolblendin.gif	CC-D-trooperjerrolblendin.gif	image/gif	62950
CC-D-ugloste.gif	CC-D-ugloste.gif	image/gif	48678
CC-D-ugnaught.gif	CC-D-ugnaught.gif	image/gif	48846
CC-D-vaderscape.gif	CC-D-vaderscape.gif	image/gif	46531
CC-D-weaponlevitation.gif	CC-D-weaponlevitation.gif	image/gif	47312
CC-D-vadersbounty.gif	CC-D-vadersbounty.gif	image/gif	57646
CC-D-weaponofanungratefulson.gif	CC-D-weaponofanungratefulson.gif	image/gif	54771
CC-D-weathervane.gif	CC-D-weathervane.gif	image/gif	44622
CC-D-werethebait.gif	CC-D-werethebait.gif	image/gif	51310
CC-D-whydidntyoutellme.gif	CC-D-whydidntyoutellme.gif	image/gif	51997
CC-D-youarebeaten.gif	CC-D-youarebeaten.gif	image/gif	51993
CC-L-advantage-decipher-archive.gif	CC-L-advantage-decipher-archive.gif	image/gif	97000
CC-L-allmyurchins.gif	CC-L-allmyurchins.gif	image/gif	87359
CC-L-accessdenied.gif	CC-L-accessdenied.gif	image/png	411650
CC-L-advantage.gif	CC-L-advantage.gif	image/png	403023
CC-L-bespin.gif	CC-L-bespin.gif	image/gif	46190
CC-L-artoocomebackatonce.gif	CC-L-artoocomebackatonce.gif	image/gif	88447
CC-L-armedanddangerous-decipher-archive.gif	CC-L-armedanddangerous-decipher-archive.gif	image/gif	86477
CC-L-ambush.gif	CC-L-ambush.gif	image/gif	88295
CC-L-asgoodasgone.gif	CC-L-asgoodasgone.gif	image/gif	87134
CC-L-beldonseye-decipher-archive.gif	CC-L-beldonseye-decipher-archive.gif	image/gif	146466
CC-L-armedanddangerous.gif	CC-L-armedanddangerous.gif	image/png	393537
CC-L-beldonseye.gif	CC-L-beldonseye.gif	image/png	420745
CC-L-bespincloudcity.gif	CC-L-bespincloudcity.gif	image/gif	38207
CC-L-bionichand.gif	CC-L-bionichand.gif	image/gif	85056
CC-L-brighthope.gif	CC-L-brighthope.gif	image/gif	81934
CC-L-blasterproficiency-decipher-archive.gif	CC-L-blasterproficiency-decipher-archive.gif	image/gif	163145
CC-L-captivefury.gif	CC-L-captivefury.gif	image/gif	85276
CC-L-captivepursuit.gif	CC-L-captivepursuit.gif	image/gif	89706
CC-L-blasterproficiency.gif	CC-L-blasterproficiency.gif	image/png	422430
CC-L-captainhansolo.gif	CC-L-captainhansolo.gif	image/png	379235
CC-L-chasm.gif	CC-L-chasm.gif	image/gif	99910
CC-L-civildisorder-decipher-archive.gif	CC-L-civildisorder-decipher-archive.gif	image/gif	156007
CC-L-chasmwalkway-decipher-archive.gif	CC-L-chasmwalkway-decipher-archive.gif	image/gif	136009
CC-L-clashofsabers.gif	CC-L-clashofsabers.gif	image/gif	84168
CC-L-cloudcar.gif	CC-L-cloudcar.gif	image/gif	82500
CC-L-civildisorder.gif	CC-L-civildisorder.gif	image/png	432387
CC-L-cloudcityblaster-decipher-archive.gif	CC-L-cloudcityblaster-decipher-archive.gif	image/gif	169531
CC-L-cloudcitycarbonitechamber.gif	CC-L-cloudcitycarbonitechamber.gif	image/gif	84600
CC-L-cloudcityblaster.gif	CC-L-cloudcityblaster.gif	image/png	423741
CC-L-cloudcityguestquarters.gif	CC-L-cloudcityguestquarters.gif	image/gif	72724
CC-L-cloudcityincinerator.gif	CC-L-cloudcityincinerator.gif	image/gif	83103
CC-L-cloudcitylowercorridor.gif	CC-L-cloudcitylowercorridor.gif	image/gif	67567
CC-L-cloudcitychasmwalkway.gif	CC-L-cloudcitychasmwalkway.gif	image/png	373675
CC-L-cloudcityplatform327dockingbay.gif	CC-L-cloudcityplatform327dockingbay.gif	image/gif	65768
CC-L-cloudcitysabacc.gif	CC-L-cloudcitysabacc.gif	image/gif	83651
CC-L-cloudcitytechnician.gif	CC-L-cloudcitytechnician.gif	image/gif	83804
CC-L-cloudcitytrooper.gif	CC-L-cloudcitytrooper.gif	image/gif	69259
CC-L-cloudcityupperplazacorridor.gif	CC-L-cloudcityupperplazacorridor.gif	image/gif	81835
CC-L-clouds.gif	CC-L-clouds.gif	image/gif	41650
CC-L-computerinterface.gif	CC-L-computerinterface.gif	image/gif	82465
CC-L-courageofaskywalker.gif	CC-L-courageofaskywalker.gif	image/gif	87176
CC-L-cyborgconstruct.gif	CC-L-cyborgconstruct.gif	image/gif	85148
CC-L-crackshot.gif	CC-L-crackshot.gif	image/gif	81338
CC-L-darkapproach.gif	CC-L-darkapproach.gif	image/gif	80848
CC-L-dash.gif	CC-L-dash.gif	image/gif	85171
CC-L-desperatereach.gif	CC-L-desperatereach.gif	image/gif	86884
CC-L-dismantleonsight.gif	CC-L-dismantleonsight.gif	image/gif	94054
CC-L-falloftheempire.gif	CC-L-falloftheempire.gif	image/gif	80842
CC-L-frozenassets.gif	CC-L-frozenassets.gif	image/gif	83223
CC-L-dodge.gif	CC-L-dodge.gif	image/png	382260
CC-L-fallofthelegend.gif	CC-L-fallofthelegend.gif	image/png	409996
CC-L-glancingblow.gif	CC-L-glancingblow.gif	image/gif	86149
CC-L-heroofathousanddevices.gif	CC-L-heroofathousanddevices.gif	image/gif	87384
CC-L-gamblersluck.gif	CC-L-gamblersluck.gif	image/png	402644
CC-L-haven.gif	CC-L-haven.gif	image/png	410008
CC-L-higherground.gif	CC-L-higherground.gif	image/png	410714
CC-L-hindsight.gif	CC-L-hindsight.gif	image/png	419399
CC-L-hoppingmad.gif	CC-L-hoppingmad.gif	image/gif	94783
CC-L-idontneedtheirscumeither.gif	CC-L-idontneedtheirscumeither.gif	image/gif	91931
CC-L-impressivemostimpressive.gif	CC-L-impressivemostimpressive.gif	image/gif	82531
CC-L-hindsight_readable.gif	CC-L-hindsight_readable.gif	image/gif	467406
CC-L-innocentscoundrel-decipher-archive.gif	CC-L-innocentscoundrel-decipher-archive.gif	image/gif	96128
CC-L-innocentscoundrel.gif	CC-L-innocentscoundrel.gif	image/png	409457
CC-L-itsatrap.gif	CC-L-itsatrap.gif	image/gif	84298
CC-L-keepyoureyesopen.gif	CC-L-keepyoureyesopen.gif	image/gif	85445
CC-L-landoswristcomlink.gif	CC-L-landoswristcomlink.gif	image/gif	80445
CC-L-intotheventilationshaftlefty.gif	CC-L-intotheventilationshaftlefty.gif	image/png	403074
CC-L-leiaofalderaan.gif	CC-L-leiaofalderaan.gif	image/gif	83200
CC-L-kebyc.gif	CC-L-kebyc.gif	image/png	408589
CC-L-landocalrissian.gif	CC-L-landocalrissian.gif	image/png	372985
CC-L-lifttubeescape.gif	CC-L-lifttubeescape.gif	image/gif	67894
CC-L-lobot.gif	CC-L-lobot.gif	image/gif	75832
CC-L-offtheedge.gif	CC-L-offtheedge.gif	image/gif	95482
CC-L-noooooooooooo.gif	CC-L-noooooooooooo.gif	image/gif	92398
CC-L-oldpirates.gif	CC-L-oldpirates.gif	image/gif	86485
CC-L-lukesblasterpistol.gif	CC-L-lukesblasterpistol.gif	image/png	418924
CC-L-outofsomewhere.gif	CC-L-outofsomewhere.gif	image/gif	82619
CC-L-pathofleastresistance.gif	CC-L-pathofleastresistance.gif	image/gif	66541
CC-L-protector.gif	CC-L-protector.gif	image/gif	83944
CC-L-princessleia.gif	CC-L-princessleia.gif	image/png	407124
CC-L-rendezvouspointontatooine.gif	CC-L-rendezvouspointontatooine.gif	image/gif	81311
CC-L-redemption.gif	CC-L-redemption.gif	image/gif	115364
CC-L-rescueintheclouds.gif	CC-L-rescueintheclouds.gif	image/gif	90644
CC-L-shockinginformation.gif	CC-L-shockinginformation.gif	image/gif	95312
CC-L-punchit.gif	CC-L-punchit.gif	image/png	387659
CC-L-putthatdown.gif	CC-L-putthatdown.gif	image/png	413683
CC-L-smokescreen.gif	CC-L-smokescreen.gif	image/gif	81926
CC-L-somersault.gif	CC-L-somersault.gif	image/gif	86052
CC-L-surreptitiousglance.gif	CC-L-surreptitiousglance.gif	image/gif	82338
CC-L-swingandamiss.gif	CC-L-swingandamiss.gif	image/gif	94331
CC-L-thisisevenbetter.gif	CC-L-thisisevenbetter.gif	image/gif	81514
CC-L-tibannagasminer.gif	CC-L-tibannagasminer.gif	image/gif	74056
CC-L-trevahorme.gif	CC-L-trevahorme.gif	image/gif	85345
CC-L-trooperutrismtoc.gif	CC-L-trooperutrismtoc.gif	image/gif	75129
CC-L-uncontrollablefury.gif	CC-L-uncontrollablefury.gif	image/gif	88572
CC-L-weathervane.gif	CC-L-weathervane.gif	image/gif	81968
CC-L-wellfindhan.gif	CC-L-wellfindhan.gif	image/gif	94253
CC-L-wiorkettle.gif	CC-L-wiorkettle.gif	image/gif	83672
CC-L-wookieestrangle.gif	CC-L-wookieestrangle.gif	image/gif	95751
Cloud-City-Limited-pack.png	Cloud-City-Limited-pack.png	image/png	113038
Chuck_Kallenbach.png	Chuck_Kallenbach.png	image/png	355359
Cloud-City-Limited-display.png	Cloud-City-Limited-display.png	image/png	352097
Cloud-City-Limited-four-panel-poster.png	Cloud-City-Limited-four-panel-poster.png	image/png	1632760
Cloud-City-Limited-rules-supplement-back.png	Cloud-City-Limited-rules-supplement-back.png	image/png	1998228
Cloud-City-Limited-four-panel-poster-back.png	Cloud-City-Limited-four-panel-poster-back.png	image/png	1626743
Card-Back-Light-Side.png	Card-Back-Light-Side.png	image/png	2967639
CloudCity-D-humanshield-decipher-archive.gif	CloudCity-D-humanshield-decipher-archive.gif	image/gif	55016
CloudCity-D-commanderdesanne-decipher-archive.gif	CloudCity-D-commanderdesanne-decipher-archive.gif	image/gif	58792
Card-Back-Dark-Side.png	Card-Back-Dark-Side.png	image/png	2890469
CloudCity-D-imperialdecree-decipher-archive.gif	CloudCity-D-imperialdecree-decipher-archive.gif	image/gif	50819
CloudCity-D-ihadnochoice-decipher-archive.gif	CloudCity-D-ihadnochoice-decipher-archive.gif	image/gif	55312
Cloud-City-Limited-rules-supplement-front.png	Cloud-City-Limited-rules-supplement-front.png	image/png	1892136
CloudCity-D-imperialtrooperguarddainsom-decipher-archive.gif	CloudCity-D-imperialtrooperguarddainsom-decipher-archive.gif	image/gif	51230
CloudCity-D-landocalrissian-decipher-archive.gif	CloudCity-D-landocalrissian-decipher-archive.gif	image/gif	50780
CloudCity-D-projectivetelepathy-decipher-archive.gif	CloudCity-D-projectivetelepathy-decipher-archive.gif	image/gif	54702
CloudCity-D-restrictedaccess-decipher-archive.gif	CloudCity-D-restrictedaccess-decipher-archive.gif	image/gif	51969
CloudCity-D-shatteredhope-decipher-archive.gif	CloudCity-D-shatteredhope-decipher-archive.gif	image/gif	65745
CloudCity-D-specialdelivery-decipher-archive.gif	CloudCity-D-specialdelivery-decipher-archive.gif	image/gif	58706
CloudCity-D-theemperorsprize-decipher-archive.gif	CloudCity-D-theemperorsprize-decipher-archive.gif	image/gif	54054
CloudCity-D-trooperjerrolblendin-decipher-archive.gif	CloudCity-D-trooperjerrolblendin-decipher-archive.gif	image/gif	62204
CloudCity-D-vadersbounty-decipher-archive.gif	CloudCity-D-vadersbounty-decipher-archive.gif	image/gif	52734
CloudCity-L-haven-decipher-archive.gif	CloudCity-L-haven-decipher-archive.gif	image/gif	88950
CloudCity-L-gamblersluck-decipher-archive.gif	CloudCity-L-gamblersluck-decipher-archive.gif	image/gif	95199
CloudCity-L-higherground-decipher-archive.gif	CloudCity-L-higherground-decipher-archive.gif	image/gif	95948
CloudCity-L-captainhansolo-decipher-archive.gif	CloudCity-L-captainhansolo-decipher-archive.gif	image/gif	139027
CloudCity-L-hindsight-decipher-archive.gif	CloudCity-L-hindsight-decipher-archive.gif	image/gif	93055
CloudCity-L-innocentscoundrel-decipher-archive.gif	CloudCity-L-innocentscoundrel-decipher-archive.gif	image/gif	95740
CloudCity-L-kebyc-decipher-archive.gif	CloudCity-L-kebyc-decipher-archive.gif	image/gif	84667
CloudCity-L-intotheventilationshaftlefty-decipher-archive.gif	CloudCity-L-intotheventilationshaftlefty-decipher-archive.gif	image/gif	92907
CloudCity-L-princessleia-decipher-archive.gif	CloudCity-L-princessleia-decipher-archive.gif	image/gif	82711
CloudCity-L-punchit-decipher-archive.gif	CloudCity-L-punchit-decipher-archive.gif	image/gif	88991
CloudCity-L-putthatdown-decipher-archive.gif	CloudCity-L-putthatdown-decipher-archive.gif	image/gif	91486
CloudCity-L-trevahorme-decipher-archive.gif	CloudCity-L-trevahorme-decipher-archive.gif	image/gif	86603
Cor-D-acceptingtradefederationcontrol.gif	Cor-D-acceptingtradefederationcontrol.gif	image/gif	77668
Cor-D-aksmoe.gif	Cor-D-aksmoe.gif	image/gif	81084
Cor-D-alter.gif	Cor-D-alter.gif	image/gif	70296
CloudCity-L-lukesblasterpistol-decipher-archive.gif	CloudCity-L-lukesblasterpistol-decipher-archive.gif	image/gif	96408
Cor-D-allegationsofcorruption.gif	Cor-D-allegationsofcorruption.gif	image/png	320169
Cor-D-baskolyeesrim.gif	Cor-D-baskolyeesrim.gif	image/gif	75348
Cor-D-battledroidblasterrifle.gif	Cor-D-battledroidblasterrifle.gif	image/gif	71326
Cor-D-battleorder&firststrike.gif	Cor-D-battleorder&firststrike.gif	image/gif	74902
Cor-D-beginlandingyourtroops.gif	Cor-D-beginlandingyourtroops.gif	image/gif	77981
CloudCity-L-landocalrissian-decipher-archive.gif	CloudCity-L-landocalrissian-decipher-archive.gif	image/gif	77612
Cor-D-blockadeflagshipbridge.gif	Cor-D-blockadeflagshipbridge.gif	image/gif	100493
Cor-D-chokk.gif	Cor-D-chokk.gif	image/gif	72305
Cor-D-control.gif	Cor-D-control.gif	image/gif	68123
Cor-D-coruscant.gif	Cor-D-coruscant.gif	image/gif	71209
Cor-D-coruscantdockingbay.gif	Cor-D-coruscantdockingbay.gif	image/gif	94880
Cor-D-coruscantguard.gif	Cor-D-coruscantguard.gif	image/gif	76833
Cor-D-darthmaulyoungapprentice.gif	Cor-D-darthmaulyoungapprentice.gif	image/gif	76849
Cor-D-coruscantgalacticsenate.gif	Cor-D-coruscantgalacticsenate.gif	image/gif	114425
Cor-D-darthmaulyoungapprentice_ai.gif	Cor-D-darthmaulyoungapprentice_ai.gif	image/gif	72231
Cor-D-daultaydofine.gif	Cor-D-daultaydofine.gif	image/gif	79313
Cor-D-destroyerdroid.gif	Cor-D-destroyerdroid.gif	image/gif	84266
Cor-D-dioxis.gif	Cor-D-dioxis.gif	image/gif	65412
Cor-D-droidstarfighter.gif	Cor-D-droidstarfighter.gif	image/gif	82147
Cor-D-drop.gif	Cor-D-drop.gif	image/gif	66175
Cor-D-edcelbargane.gif	Cor-D-edcelbargane.gif	image/gif	78542
Cor-D-dotheyhaveacodeclearance.gif	Cor-D-dotheyhaveacodeclearance.gif	image/png	294064
Cor-D-enterthebureaucrat.gif	Cor-D-enterthebureaucrat.gif	image/gif	77238
Cor-D-grottowerribee.gif	Cor-D-grottowerribee.gif	image/gif	89420
Cor-D-kedertheblack.gif	Cor-D-kedertheblack.gif	image/gif	80574
Cor-D-imperialartillery.gif	Cor-D-imperialartillery.gif	image/gif	75357
Cor-D-jawa.gif	Cor-D-jawa.gif	image/gif	71587
Cor-D-establishcontrol.gif	Cor-D-establishcontrol.gif	image/gif	79987
Cor-D-imperialarrestorder&secretplans.gif	Cor-D-imperialarrestorder&secretplans.gif	image/gif	80777
Cor-D-gardullathehutt.gif	Cor-D-gardullathehutt.gif	image/gif	78420
Cor-D-iwillmakeitlegal.gif	Cor-D-iwillmakeitlegal.gif	image/gif	78595
Cor-D-killthemimmediately.gif	Cor-D-killthemimmediately.gif	image/gif	77347
Cor-D-lasercannonbattery.gif	Cor-D-lasercannonbattery.gif	image/gif	87407
Cor-D-malastare.gif	Cor-D-malastare.gif	image/gif	66886
Cor-D-littlerealpower.gif	Cor-D-littlerealpower.gif	image/gif	67611
Cor-D-masterfulmove&endoroccupation.gif	Cor-D-masterfulmove&endoroccupation.gif	image/gif	79347
Cor-D-lanadobreed.gif	Cor-D-lanadobreed.gif	image/gif	81967
Cor-D-lottdod.gif	Cor-D-lottdod.gif	image/gif	82487
Cor-D-maulssithinfiltrator.gif	Cor-D-maulssithinfiltrator.gif	image/gif	78844
Cor-D-maulstrikes.gif	Cor-D-maulstrikes.gif	image/gif	62777
Cor-D-motionsupported.gif	Cor-D-motionsupported.gif	image/gif	80226
Cor-D-naboo.gif	Cor-D-naboo.gif	image/gif	63591
Cor-D-maulssithinfiltrator_ai.gif	Cor-D-maulssithinfiltrator_ai.gif	image/gif	82214
Cor-D-nabooblaster.gif	Cor-D-nabooblaster.gif	image/gif	68706
Cor-D-mylordisthatlegal.gif	Cor-D-mylordisthatlegal.gif	image/gif	80563
Cor-D-mindtricksdontworkonme.gif	Cor-D-mindtricksdontworkonme.gif	image/png	287619
Cor-D-naboobattleplains.gif	Cor-D-naboobattleplains.gif	image/png	327671
Cor-D-nabooblasterrifle.gif	Cor-D-nabooblasterrifle.gif	image/gif	68586
Cor-D-nabootheedpalacedockingbay.gif	Cor-D-nabootheedpalacedockingbay.gif	image/gif	61636
Cor-D-neimoidianadvisor.gif	Cor-D-neimoidianadvisor.gif	image/gif	78972
Cor-D-nabooswamp.gif	Cor-D-nabooswamp.gif	image/gif	108287
Cor-D-nabootheedpalacethroneroom.gif	Cor-D-nabootheedpalacethroneroom.gif	image/gif	99127
Cor-D-nabootheedpalacecourtyard.gif	Cor-D-nabootheedpalacecourtyard.gif	image/gif	102016
Cor-D-neimoidianpilot.gif	Cor-D-neimoidianpilot.gif	image/gif	74114
Cor-D-nocivilityonlypolitics.gif	Cor-D-nocivilityonlypolitics.gif	image/gif	84885
Cor-D-nomoneynopartsnodeal.gif	Cor-D-nomoneynopartsnodeal.gif	image/gif	81072
Cor-D-nutegunray.gif	Cor-D-nutegunray.gif	image/gif	77715
Cor-D-onthepayrollofthetradefederation.gif	Cor-D-onthepayrollofthetradefederation.gif	image/gif	76677
Cor-D-ornfreetaa.gif	Cor-D-ornfreetaa.gif	image/gif	84529
Cor-D-p59.gif	Cor-D-p59.gif	image/gif	88192
Cor-D-ourblockadeisperfectlylegal.gif	Cor-D-ourblockadeisperfectlylegal.gif	image/gif	76004
Cor-D-p60.gif	Cor-D-p60.gif	image/gif	86349
Cor-D-passelargente.gif	Cor-D-passelargente.gif	image/gif	77648
Cor-D-runehaako.gif	Cor-D-runehaako.gif	image/gif	79988
Cor-D-securitybattledroid.gif	Cor-D-securitybattledroid.gif	image/gif	83904
Cor-D-sense.gif	Cor-D-sense.gif	image/gif	66781
Cor-D-shortrangefighters&watchyourback.gif	Cor-D-shortrangefighters&watchyourback.gif	image/gif	75200
Cor-D-tatooine.gif	Cor-D-tatooine.gif	image/gif	66078
Cor-D-squabblingdelegates.gif	Cor-D-squabblingdelegates.gif	image/gif	76733
Cor-D-tatooinemosespadockingbay.gif	Cor-D-tatooinemosespadockingbay.gif	image/gif	94218
Cor-D-tatooinemarketplace.gif	Cor-D-tatooinemarketplace.gif	image/gif	105465
Cor-D-tc14.gif	Cor-D-tc14.gif	image/gif	82701
Cor-D-televankoreyy.gif	Cor-D-televankoreyy.gif	image/gif	83352
Cor-D-tatooinewattosjunkyard.gif	Cor-D-tatooinewattosjunkyard.gif	image/gif	101691
Cor-D-teyhow.gif	Cor-D-teyhow.gif	image/gif	84681
Cor-D-thephantommenace.gif	Cor-D-thephantommenace.gif	image/gif	71139
Cor-D-thephantommenace_ai.gif	Cor-D-thephantommenace_ai.gif	image/gif	79322
Cor-D-thepointisconceded.gif	Cor-D-thepointisconceded.gif	image/gif	76691
Cor-D-theyrestillcomingthrough.gif	Cor-D-theyrestillcomingthrough.gif	image/gif	72706
Cor-D-theywillbenomatchforyou.gif	Cor-D-theywillbenomatchforyou.gif	image/gif	69718
Cor-D-thisisoutrageous.gif	Cor-D-thisisoutrageous.gif	image/gif	76784
Cor-D-tikkes.gif	Cor-D-tikkes.gif	image/gif	80145
Cor-D-toonbucktoora.gif	Cor-D-toonbucktoora.gif	image/gif	79639
Cor-D-tradefederationbattleship.gif	Cor-D-tradefederationbattleship.gif	image/gif	85489
Cor-D-tradefederationdroidcontrolship.gif	Cor-D-tradefederationdroidcontrolship.gif	image/gif	84817
Cor-D-tuskenraider.gif	Cor-D-tuskenraider.gif	image/gif	78416
Cor-D-votenow.gif	Cor-D-votenow.gif	image/gif	82141
Cor-D-wemustaccelerateourplans.gif	Cor-D-wemustaccelerateourplans.gif	image/gif	80035
Cor-D-wipethemoutallofthem.gif	Cor-D-wipethemoutallofthem.gif	image/gif	75065
Cor-D-yademrak.gif	Cor-D-yademrak.gif	image/gif	82685
Cor-D-yebyebademthorn.gif	Cor-D-yebyebademthorn.gif	image/gif	79071
Cor-D-youreaslave.gif	Cor-D-youreaslave.gif	image/gif	81389
Cor-L-alter.gif	Cor-L-alter.gif	image/gif	88743
Cor-L-allwingsreportin&darklighterspin.gif	Cor-L-allwingsreportin&darklighterspin.gif	image/gif	97351
Cor-D-youcannothideforever&mobilizationpoints.gif	Cor-D-youcannothideforever&mobilizationpoints.gif	image/gif	78785
Cor-L-anotherpatheticlifeform.gif	Cor-L-anotherpatheticlifeform.gif	image/gif	91788
Cor-L-areyoubraindead.gif	Cor-L-areyoubraindead.gif	image/gif	94216
Cor-L-ascertainingthetruth.gif	Cor-L-ascertainingthetruth.gif	image/gif	97222
Cor-L-avergenceintheforce.gif	Cor-L-avergenceintheforce.gif	image/gif	91376
Cor-L-battleplan&drawtheirfire.gif	Cor-L-battleplan&drawtheirfire.gif	image/gif	94517
Cor-L-baselessaccusations.gif	Cor-L-baselessaccusations.gif	image/gif	90926
Cor-L-captainmadakor.gif	Cor-L-captainmadakor.gif	image/gif	90346
Cor-L-atragedyhasoccurred.gif	Cor-L-atragedyhasoccurred.gif	image/png	419063
Cor-L-captainpanaka.gif	Cor-L-captainpanaka.gif	image/gif	86856
Cor-L-control.gif	Cor-L-control.gif	image/gif	98759
Cor-L-coruscant.gif	Cor-L-coruscant.gif	image/gif	72066
Cor-L-coruscantdockingbay.gif	Cor-L-coruscantdockingbay.gif	image/gif	102209
Cor-L-coruscantguard.gif	Cor-L-coruscantguard.gif	image/gif	93380
Cor-L-coruscantgalacticsenate.gif	Cor-L-coruscantgalacticsenate.gif	image/gif	107772
Cor-L-coruscantjedicouncilchamber.gif	Cor-L-coruscantjedicouncilchamber.gif	image/gif	102282
Cor-L-creditswilldofine.gif	Cor-L-creditswilldofine.gif	image/gif	87310
Cor-L-depabillaba.gif	Cor-L-depabillaba.gif	image/gif	90213
Cor-L-freondrevan.gif	Cor-L-freondrevan.gif	image/gif	95963
Cor-L-freeride&endorcelebration.gif	Cor-L-freeride&endorcelebration.gif	image/gif	91628
Cor-L-graxolkelvyyn.gif	Cor-L-graxolkelvyyn.gif	image/gif	89067
Cor-L-gunganwarrior.gif	Cor-L-gunganwarrior.gif	image/gif	93825
Cor-L-insurrection&aimhigh.gif	Cor-L-insurrection&aimhigh.gif	image/gif	90469
Cor-L-inconsequentialbarriers.gif	Cor-L-inconsequentialbarriers.gif	image/gif	87823
Cor-L-horoxryyder.gif	Cor-L-horoxryyder.gif	image/gif	100449
Cor-L-ivedecidedtogoback.gif	Cor-L-ivedecidedtogoback.gif	image/gif	95758
Cor-L-iwillnotdefer.gif	Cor-L-iwillnotdefer.gif	image/gif	93795
Cor-L-jawa.gif	Cor-L-jawa.gif	image/gif	87289
Cor-L-kiadimundi.gif	Cor-L-kiadimundi.gif	image/gif	119378
Cor-L-malastare.gif	Cor-L-malastare.gif	image/gif	66144
Cor-L-macewindu_ai.gif	Cor-L-macewindu_ai.gif	image/gif	90191
Cor-L-masterquigon_ai.gif	Cor-L-masterquigon_ai.gif	image/gif	88836
Cor-L-lianamerian.gif	Cor-L-lianamerian.gif	image/gif	93188
Cor-L-lieutenantwilliams.gif	Cor-L-lieutenantwilliams.gif	image/gif	92409
Cor-L-macewindu.gif	Cor-L-macewindu.gif	image/gif	86981
Cor-L-masterquigon.gif	Cor-L-masterquigon.gif	image/gif	90634
Cor-L-masamedda.gif	Cor-L-masamedda.gif	image/gif	101573
Cor-L-mindfulofthefuture.gif	Cor-L-mindfulofthefuture.gif	image/gif	92004
Cor-L-murrdanod.gif	Cor-L-murrdanod.gif	image/gif	97873
Cor-L-myloyalbodyguard.gif	Cor-L-myloyalbodyguard.gif	image/gif	94938
Cor-L-naboo.gif	Cor-L-naboo.gif	image/gif	66156
Cor-L-mightoftherepublic.gif	Cor-L-mightoftherepublic.gif	image/gif	99105
Cor-L-naboodefensefighter.gif	Cor-L-naboodefensefighter.gif	image/gif	96896
Cor-L-nabooblasterrifle.gif	Cor-L-nabooblasterrifle.gif	image/gif	101525
Cor-L-naboobattleplains.gif	Cor-L-naboobattleplains.gif	image/png	329445
Cor-L-naboofighterpilot.gif	Cor-L-naboofighterpilot.gif	image/gif	90710
Cor-L-naboosecurityofficerblaster.gif	Cor-L-naboosecurityofficerblaster.gif	image/gif	89759
Cor-L-nabooswamp.gif	Cor-L-nabooswamp.gif	image/gif	94655
Cor-L-nabootheedpalacecourtyard.gif	Cor-L-nabootheedpalacecourtyard.gif	image/gif	99076
Cor-L-newleadershipisneeded.gif	Cor-L-newleadershipisneeded.gif	image/gif	94045
Cor-L-nabootheedpalacethroneroom.gif	Cor-L-nabootheedpalacethroneroom.gif	image/gif	96211
Cor-L-nabootheedpalacedockingbay.gif	Cor-L-nabootheedpalacedockingbay.gif	image/gif	102645
Cor-L-odinnesloor.gif	Cor-L-odinnesloor.gif	image/gif	99865
Cor-L-panakasblaster.gif	Cor-L-panakasblaster.gif	image/gif	87515
Cor-L-phylogandish.gif	Cor-L-phylogandish.gif	image/gif	85223
Cor-L-pleatothecourt.gif	Cor-L-pleatothecourt.gif	image/gif	96288
Cor-L-plokoon.gif	Cor-L-plokoon.gif	image/gif	87713
Cor-L-pleadmycasetothesenate.gif	Cor-L-pleadmycasetothesenate.gif	image/gif	99226
Cor-L-queenamidalarulerofnaboo.gif	Cor-L-queenamidalarulerofnaboo.gif	image/gif	94176
Cor-L-queenamidalarulerofnaboo_ai.gif	Cor-L-queenamidalarulerofnaboo_ai.gif	image/gif	89832
Cor-L-queensroyalstarship.gif	Cor-L-queensroyalstarship.gif	image/gif	103259
Cor-L-radiantvii.gif	Cor-L-radiantvii.gif	image/gif	96005
Cor-L-rebelartillery.gif	Cor-L-rebelartillery.gif	image/gif	95807
Cor-L-republiccruiser.gif	Cor-L-republiccruiser.gif	image/gif	96960
Cor-L-revealourselvestothejedi.gif	Cor-L-revealourselvestothejedi.gif	image/gif	92403
Cor-L-ricolie.gif	Cor-L-ricolie.gif	image/gif	88561
Cor-L-sache.gif	Cor-L-sache.gif	image/gif	98808
Cor-L-sabe.gif	Cor-L-sabe.gif	image/gif	99098
Cor-L-sanityandcompassion.gif	Cor-L-sanityandcompassion.gif	image/gif	93560
Cor-L-secureroute.gif	Cor-L-secureroute.gif	image/gif	88832
Cor-L-seitaria.gif	Cor-L-seitaria.gif	image/gif	93484
Cor-L-senatorpalpatine.gif	Cor-L-senatorpalpatine.gif	image/gif	98143
Cor-L-senatorpalpatine_ai.gif	Cor-L-senatorpalpatine_ai.gif	image/gif	93138
Cor-L-securitycontrol.gif	Cor-L-securitycontrol.gif	image/gif	103750
Cor-L-sense.gif	Cor-L-sense.gif	image/gif	92594
Cor-L-speakwiththejedicouncil.gif	Cor-L-speakwiththejedicouncil.gif	image/gif	94341
Cor-L-stayherewhereitssafe.gif	Cor-L-stayherewhereitssafe.gif	image/gif	100391
Cor-L-supremechancellorvalorum_ai.gif	Cor-L-supremechancellorvalorum_ai.gif	image/gif	93780
Cor-L-tatooine.gif	Cor-L-tatooine.gif	image/gif	71206
Cor-L-supremechancellorvalorum.gif	Cor-L-supremechancellorvalorum.gif	image/gif	100558
Cor-L-tatooinemarketplace.gif	Cor-L-tatooinemarketplace.gif	image/gif	101859
Cor-L-tatooinewattosjunkyard.gif	Cor-L-tatooinewattosjunkyard.gif	image/gif	99342
Cor-L-tatooinemosespadockingbay.gif	Cor-L-tatooinemosespadockingbay.gif	image/gif	100133
Cor-L-tendaubendon.gif	Cor-L-tendaubendon.gif	image/gif	102361
Cor-L-thehyperdrivegeneratorsgone.gif	Cor-L-thehyperdrivegeneratorsgone.gif	image/gif	90962
Cor-L-thegravestofcircumstances.gif	Cor-L-thegravestofcircumstances.gif	image/gif	99203
Cor-L-thrownback.gif	Cor-L-thrownback.gif	image/gif	100144
Cor-L-votenow.gif	Cor-L-votenow.gif	image/gif	109150
Cor-L-wellneedanewone.gif	Cor-L-wellneedanewone.gif	image/gif	86802
Cor-L-wereleaving.gif	Cor-L-wereleaving.gif	image/gif	96541
Cor-L-yane.gif	Cor-L-yane.gif	image/gif	86883
Cor-L-wewishtoboardatonce.gif	Cor-L-wewishtoboardatonce.gif	image/gif	98901
Cor-L-yodaseniorcouncilmember.gif	Cor-L-yodaseniorcouncilmember.gif	image/gif	93053
Cor-L-yarua.gif	Cor-L-yarua.gif	image/gif	103584
Cor-L-yourinsightservesyouwell&stagingareas.gif	Cor-L-yourinsightservesyouwell&stagingareas.gif	image/gif	93233
Cor-L-yodaseniorcouncilmember_ai.gif	Cor-L-yodaseniorcouncilmember_ai.gif	image/gif	92486
Cor-L-youvegotalotofgutscominghere.gif	Cor-L-youvegotalotofgutscominghere.gif	image/gif	94318
Coruscant-L-wereleaving-decipher-archive.gif	Coruscant-L-wereleaving-decipher-archive.gif	image/gif	139124
Coruscant-Limited-pack.png	Coruscant-Limited-pack.png	image/png	110416
Coruscant-Limited-box.png	Coruscant-Limited-box.png	image/png	476993
DS2-D-admiralchiraneau.gif	DS2-D-admiralchiraneau.gif	image/gif	56167
DS2-D-accuser.gif	DS2-D-accuser.gif	image/gif	55927
DS2-D-admiralpiett.gif	DS2-D-admiralpiett.gif	image/gif	60804
Coruscant-rule-card-3.png	Coruscant-rule-card-3.png	image/png	188871
Coruscant-rule-card-1.png	Coruscant-rule-card-1.png	image/png	261349
Coruscant-rule-card-2.png	Coruscant-rule-card-2.png	image/png	244769
DS2-D-baronsoontirfel.gif	DS2-D-baronsoontirfel.gif	image/gif	59525
DS2-D-battledeployment.gif	DS2-D-battledeployment.gif	image/gif	67320
DS2-D-bringhimbeforeme.gif	DS2-D-bringhimbeforeme.gif	image/gif	54326
DS2-D-black11.gif	DS2-D-black11.gif	image/gif	58189
DS2-D-captaingodherdt.gif	DS2-D-captaingodherdt.gif	image/gif	61296
DS2-D-captainsarkli.gif	DS2-D-captainsarkli.gif	image/gif	61683
DS2-D-captainyorr.gif	DS2-D-captainyorr.gif	image/gif	54275
DS2-D-chimaera.gif	DS2-D-chimaera.gif	image/gif	64736
DS2-D-captainjonus.gif	DS2-D-captainjonus.gif	image/png	361134
DS2-D-concussionmissiles.gif	DS2-D-concussionmissiles.gif	image/gif	54877
DS2-D-darthvaderslightsaber.gif	DS2-D-darthvaderslightsaber.gif	image/gif	64824
DS2-D-coloneljendon.gif	DS2-D-coloneljendon.gif	image/gif	53504
DS2-D-deathstarii.gif	DS2-D-deathstarii.gif	image/gif	55905
DS2-D-combatresponse.gif	DS2-D-combatresponse.gif	image/gif	64608
DS2-D-commandermerrejk.gif	DS2-D-commandermerrejk.gif	image/gif	55404
DS2-D-coloneldavodjon.gif	DS2-D-coloneldavodjon.gif	image/gif	61555
DS2-D-deathstariicapacitors.gif	DS2-D-deathstariicapacitors.gif	image/png	396832
DS2-D-deathstariidockingbay.gif	DS2-D-deathstariidockingbay.gif	image/gif	73036
DS2-D-desperatecounter.gif	DS2-D-desperatecounter.gif	image/gif	58568
DS2-D-deathstariireactorcore.gif	DS2-D-deathstariireactorcore.gif	image/gif	74796
DS2-D-deathstariithroneroom.gif	DS2-D-deathstariithroneroom.gif	image/gif	72830
DS2-D-ds1813.gif	DS2-D-ds1813.gif	image/gif	57725
DS2-D-dominator.gif	DS2-D-dominator.gif	image/gif	66317
DS2-D-ds1814.gif	DS2-D-ds1814.gif	image/gif	56629
DS2-D-deathstariicoolantshaft.gif	DS2-D-deathstariicoolantshaft.gif	image/png	394533
DS2-D-fightercover.gif	DS2-D-fightercover.gif	image/gif	60151
DS2-D-endorshield.gif	DS2-D-endorshield.gif	image/gif	59784
DS2-D-emperorspower.gif	DS2-D-emperorspower.gif	image/gif	59064
DS2-D-emperorspersonalshuttle.gif	DS2-D-emperorspersonalshuttle.gif	image/gif	64743
DS2-D-emperorpalpatine.gif	DS2-D-emperorpalpatine.gif	image/gif	62056
DS2-D-fighterscomingin.gif	DS2-D-fighterscomingin.gif	image/gif	70668
DS2-D-flagshipexecutor.gif	DS2-D-flagshipexecutor.gif	image/gif	58218
DS2-D-flagshipoperations.gif	DS2-D-flagshipoperations.gif	image/gif	109972
DS2-D-inconsequentiallosses.gif	DS2-D-inconsequentiallosses.gif	image/gif	66268
DS2-D-gall.gif	DS2-D-gall.gif	image/gif	40728
DS2-D-forcelightning.gif	DS2-D-forcelightning.gif	image/gif	60475
DS2-D-heavyturbolaserbattery.gif	DS2-D-heavyturbolaserbattery.gif	image/gif	66745
DS2-D-imperialcommand.gif	DS2-D-imperialcommand.gif	image/gif	63242
DS2-D-forcepike.gif	DS2-D-forcepike.gif	image/gif	60726
DS2-D-insignificantrebellion.gif	DS2-D-insignificantrebellion.gif	image/gif	55330
DS2-D-intensifytheforwardbatteries.gif	DS2-D-intensifytheforwardbatteries.gif	image/gif	67038
DS2-D-judicator.gif	DS2-D-judicator.gif	image/gif	64423
DS2-D-janusgreejatus.gif	DS2-D-janusgreejatus.gif	image/gif	59702
DS2-D-lieutenanthebsly.gif	DS2-D-lieutenanthebsly.gif	image/gif	53651
DS2-D-leavethemtome.gif	DS2-D-leavethemtome.gif	image/gif	58731
DS2-D-lieutenantendicott.gif	DS2-D-lieutenantendicott.gif	image/gif	58195
DS2-D-lordvader.gif	DS2-D-lordvader.gif	image/gif	62665
DS2-D-majormianda.gif	DS2-D-majormianda.gif	image/gif	53160
DS2-D-majorrhymer.gif	DS2-D-majorrhymer.gif	image/gif	56300
DS2-D-moncalamari.gif	DS2-D-moncalamari.gif	image/gif	39399
DS2-D-majorturrphennir.gif	DS2-D-majorturrphennir.gif	image/gif	60790
DS2-D-obsidian10.gif	DS2-D-obsidian10.gif	image/gif	53420
DS2-D-mobilizationpoints.gif	DS2-D-mobilizationpoints.gif	image/gif	67161
DS2-D-mynkyneugh.gif	DS2-D-mynkyneugh.gif	image/gif	60484
DS2-D-moffjerjerrod.gif	DS2-D-moffjerjerrod.gif	image/gif	65209
DS2-D-onyx1.gif	DS2-D-onyx1.gif	image/gif	59384
DS2-D-onyx2.gif	DS2-D-onyx2.gif	image/gif	55306
DS2-D-operationalasplanned.gif	DS2-D-operationalasplanned.gif	image/gif	62238
DS2-D-overseeingitpersonally.gif	DS2-D-overseeingitpersonally.gif	image/gif	58110
DS2-D-royalescort.gif	DS2-D-royalescort.gif	image/gif	63313
DS2-D-prepareddefenses.gif	DS2-D-prepareddefenses.gif	image/gif	64766
DS2-D-risemyfriend.gif	DS2-D-risemyfriend.gif	image/gif	57508
DS2-D-royalguard.gif	DS2-D-royalguard.gif	image/gif	57264
DS2-D-saber1.gif	DS2-D-saber1.gif	image/gif	59841
DS2-D-saber2.gif	DS2-D-saber2.gif	image/gif	52679
DS2-D-saber3.gif	DS2-D-saber3.gif	image/gif	49790
DS2-D-saber4.gif	DS2-D-saber4.gif	image/gif	55968
DS2-D-scimitar2.gif	DS2-D-scimitar2.gif	image/gif	49594
DS2-D-scimitarsquadrontie.gif	DS2-D-scimitarsquadrontie.gif	image/gif	55289
DS2-D-scimitar1.gif	DS2-D-scimitar1.gif	image/gif	57651
DS2-D-scythe1.gif	DS2-D-scythe1.gif	image/gif	70283
DS2-D-scythe3.gif	DS2-D-scythe3.gif	image/gif	59089
DS2-D-scythesquadrontie.gif	DS2-D-scythesquadrontie.gif	image/gif	63459
DS2-D-sfsls72tiecannon.gif	DS2-D-sfsls72tiecannon.gif	image/gif	62625
DS2-D-sullust.gif	DS2-D-sullust.gif	image/gif	36455
DS2-D-simaloo.gif	DS2-D-simaloo.gif	image/gif	60997
DS2-D-superlasermarkii.gif	DS2-D-superlasermarkii.gif	image/gif	54561
DS2-D-takeyourfathersplace.gif	DS2-D-takeyourfathersplace.gif	image/gif	57775
DS2-D-somethingspecialplannedforthem.gif	DS2-D-somethingspecialplannedforthem.gif	image/gif	61705
DS2-D-thatthingsoperational.gif	DS2-D-thatthingsoperational.gif	image/gif	57046
DS2-D-theemperorsshield.gif	DS2-D-theemperorsshield.gif	image/gif	64978
DS2-D-theemperorssword.gif	DS2-D-theemperorssword.gif	image/gif	67715
DS2-D-tieinterceptor.gif	DS2-D-tieinterceptor.gif	image/gif	54980
DS2-D-thunderflare.gif	DS2-D-thunderflare.gif	image/gif	129151
DS2-D-youcannothideforever.gif	DS2-D-youcannothideforever.gif	image/gif	56292
DS2-D-visage.gif	DS2-D-visage.gif	image/gif	64924
DS2-D-wereinattackpositionnow.gif	DS2-D-wereinattackpositionnow.gif	image/gif	69558
DS2-D-youngfool.gif	DS2-D-youngfool.gif	image/gif	56501
DS2-D-yourdestiny.gif	DS2-D-yourdestiny.gif	image/gif	56967
DS2-L-admiralackbar.gif	DS2-L-admiralackbar.gif	image/gif	74290
DS2-L-aquaris.gif	DS2-L-aquaris.gif	image/gif	39611
DS2-L-anakinskywalker.gif	DS2-L-anakinskywalker.gif	image/gif	76338
DS2-L-awing.gif	DS2-L-awing.gif	image/gif	61802
DS2-L-bluesquadron5.gif	DS2-L-bluesquadron5.gif	image/gif	74320
DS2-L-awingcannon.gif	DS2-L-awingcannon.gif	image/gif	77716
DS2-L-bluesquadronbwing.gif	DS2-L-bluesquadronbwing.gif	image/gif	73115
DS2-L-bwingattacksquadron.gif	DS2-L-bwingattacksquadron.gif	image/gif	82595
DS2-L-bwingbomber.gif	DS2-L-bwingbomber.gif	image/gif	62042
DS2-L-captainverrack.gif	DS2-L-captainverrack.gif	image/gif	77396
DS2-L-capitalsupport.gif	DS2-L-capitalsupport.gif	image/gif	54175
DS2-L-colonelsalm.gif	DS2-L-colonelsalm.gif	image/gif	83145
DS2-L-colonelcracken.gif	DS2-L-colonelcracken.gif	image/gif	62397
DS2-L-closeairsupport.gif	DS2-L-closeairsupport.gif	image/gif	74004
DS2-L-combinedfleetaction.gif	DS2-L-combinedfleetaction.gif	image/gif	53720
DS2-L-concentrateallfire.gif	DS2-L-concentrateallfire.gif	image/gif	68264
DS2-L-concussionmissiles.gif	DS2-L-concussionmissiles.gif	image/gif	79731
DS2-L-corporalmarmor.gif	DS2-L-corporalmarmor.gif	image/gif	76137
DS2-L-corporalmidge.gif	DS2-L-corporalmidge.gif	image/gif	81068
DS2-L-criticalerrorrevealed.gif	DS2-L-criticalerrorrevealed.gif	image/gif	71880
DS2-L-defiance.gif	DS2-L-defiance.gif	image/gif	76447
DS2-L-firstofficerthaneespi-decipher-archive.gif	DS2-L-firstofficerthaneespi-decipher-archive.gif	image/gif	80608
DS2-L-goldsquadron1.gif	DS2-L-goldsquadron1.gif	image/gif	82182
DS2-L-enhancedprotontorpedoes.gif	DS2-L-enhancedprotontorpedoes.gif	image/gif	76250
DS2-L-generalwalexblissex.gif	DS2-L-generalwalexblissex.gif	image/gif	75419
DS2-L-graysquadron1.gif	DS2-L-graysquadron1.gif	image/gif	78174
DS2-L-generalcalrissian.gif	DS2-L-generalcalrissian.gif	image/gif	79438
DS2-L-firstofficerthaneespi.gif	DS2-L-firstofficerthaneespi.gif	image/png	423828
DS2-L-graysquadron2.gif	DS2-L-graysquadron2.gif	image/gif	74553
DS2-L-greensquadron1.gif	DS2-L-greensquadron1.gif	image/gif	75547
DS2-L-greensquadronpilot.gif	DS2-L-greensquadronpilot.gif	image/gif	77168
DS2-L-greenleader.gif	DS2-L-greenleader.gif	image/gif	76973
DS2-L-greensquadron3.gif	DS2-L-greensquadron3.gif	image/gif	82177
DS2-L-graysquadronywingpilot.gif	DS2-L-graysquadronywingpilot.gif	image/gif	77788
DS2-L-greensquadronawing.gif	DS2-L-greensquadronawing.gif	image/gif	76146
DS2-L-headbacktothesurface.gif	DS2-L-headbacktothesurface.gif	image/gif	77474
DS2-L-headingforthemedicalfrigate.gif	DS2-L-headingforthemedicalfrigate.gif	image/gif	76612
DS2-L-homeone.gif	DS2-L-homeone.gif	image/gif	66685
DS2-L-homeonedockingbay.gif	DS2-L-homeonedockingbay.gif	image/gif	64583
DS2-L-heavyturbolaserbattery.gif	DS2-L-heavyturbolaserbattery.gif	image/gif	80498
DS2-L-icansavehim.gif	DS2-L-icansavehim.gif	image/gif	65519
DS2-L-honorofthejedi.gif	DS2-L-honorofthejedi.gif	image/gif	69587
DS2-L-homeonewarroom.gif	DS2-L-homeonewarroom.gif	image/gif	75748
DS2-L-ifeeltheconflict.gif	DS2-L-ifeeltheconflict.gif	image/gif	59504
DS2-L-illtaketheleader.gif	DS2-L-illtaketheleader.gif	image/gif	59233
DS2-L-imwithyoutoo.gif	DS2-L-imwithyoutoo.gif	image/gif	77305
DS2-L-karieneth.gif	DS2-L-karieneth.gif	image/gif	79525
DS2-L-independence.gif	DS2-L-independence.gif	image/gif	74618
DS2-L-insertionplanning.gif	DS2-L-insertionplanning.gif	image/gif	85385
DS2-L-kinkian.gif	DS2-L-kinkian.gif	image/gif	82648
DS2-L-launchingtheassault.gif	DS2-L-launchingtheassault.gif	image/gif	70413
DS2-L-keirsantage.gif	DS2-L-keirsantage.gif	image/png	435083
DS2-L-liberty.gif	DS2-L-liberty.gif	image/gif	72574
DS2-L-letskeepalittleoptimismhere.gif	DS2-L-letskeepalittleoptimismhere.gif	image/gif	73836
DS2-L-lieutenantblount.gif	DS2-L-lieutenantblount.gif	image/gif	78479
DS2-L-lieutenantstoovees.gif	DS2-L-lieutenantstoovees.gif	image/gif	80779
DS2-L-lukeskywalkerjediknight.gif	DS2-L-lukeskywalkerjediknight.gif	image/gif	64246
DS2-L-lukeslightsaber.gif	DS2-L-lukeslightsaber.gif	image/gif	73088
DS2-L-lieutenanttelsij.gif	DS2-L-lieutenanttelsij.gif	image/png	417987
DS2-L-majorolanderbrit.gif	DS2-L-majorolanderbrit.gif	image/gif	72473
DS2-L-majorhaashn.gif	DS2-L-majorhaashn.gif	image/gif	76640
DS2-L-luminous.gif	DS2-L-luminous.gif	image/png	437920
DS2-L-menacefades.gif	DS2-L-menacefades.gif	image/gif	66800
DS2-L-masanya.gif	DS2-L-masanya.gif	image/gif	80074
DS2-L-majorpanno.gif	DS2-L-majorpanno.gif	image/gif	81627
DS2-L-moncalamari.gif	DS2-L-moncalamari.gif	image/gif	43459
DS2-L-moncalamaristarcruiser.gif	DS2-L-moncalamaristarcruiser.gif	image/gif	137325
DS2-L-nebulonbfrigate.gif	DS2-L-nebulonbfrigate.gif	image/gif	60615
DS2-L-niennunb.gif	DS2-L-niennunb.gif	image/gif	74791
DS2-L-orbitalmine.gif	DS2-L-orbitalmine.gif	image/gif	69069
DS2-L-ouronlyhope.gif	DS2-L-ouronlyhope.gif	image/gif	77425
DS2-L-redsquadron1.gif	DS2-L-redsquadron1.gif	image/gif	81388
DS2-L-rebelleadership.gif	DS2-L-rebelleadership.gif	image/gif	82683
DS2-L-redsquadron4.gif	DS2-L-redsquadron4.gif	image/gif	73288
DS2-L-redsquadron7.gif	DS2-L-redsquadron7.gif	image/gif	79071
DS2-L-squadronassignments.gif	DS2-L-squadronassignments.gif	image/gif	84483
DS2-L-stagingareas.gif	DS2-L-stagingareas.gif	image/gif	79121
DS2-L-sullust.gif	DS2-L-sullust.gif	image/gif	42290
DS2-L-superficialdamage.gif	DS2-L-superficialdamage.gif	image/gif	79320
DS2-L-strikeplanning.gif	DS2-L-strikeplanning.gif	image/gif	81703
DS2-L-takingthemwithus.gif	DS2-L-takingthemwithus.gif	image/gif	69702
DS2-L-strikeforce.gif	DS2-L-strikeforce.gif	image/gif	71314
DS2-L-tala1.gif	DS2-L-tala1.gif	image/gif	78071
DS2-L-tala2.gif	DS2-L-tala2.gif	image/gif	69257
DS2-L-tennumb.gif	DS2-L-tennumb.gif	image/gif	76158
DS2-L-thereisgoodinhim.gif	DS2-L-thereisgoodinhim.gif	image/gif	67071
DS2-L-thewayofthings.gif	DS2-L-thewayofthings.gif	image/gif	73652
DS2-L-thetimeforourattackhascome.gif	DS2-L-thetimeforourattackhascome.gif	image/gif	73031
DS2-L-twilightisuponme.gif	DS2-L-twilightisuponme.gif	image/gif	71319
DS2-L-tychocelchu.gif	DS2-L-tychocelchu.gif	image/gif	76321
DS2-L-wedgeantillesredsquadronleader.gif	DS2-L-wedgeantillesredsquadronleader.gif	image/gif	78451
DS2-L-yourinsightservesyouwell.gif	DS2-L-yourinsightservesyouwell.gif	image/gif	65899
DS2-L-youmustconfrontvader.gif	DS2-L-youmustconfrontvader.gif	image/png	413466
DS2-Limited-pack.png	DS2-Limited-pack.png	image/png	116631
DS2-Limited-display.png	DS2-Limited-display.png	image/png	472119
DS2-Limited-rulebook.png	DS2-Limited-rulebook.png	image/png	67179
DS2-Limited-four-panel-poster.png	DS2-Limited-four-panel-poster.png	image/png	1840696
DS2-Limited-starters.png	DS2-Limited-starters.png	image/png	153260
Dagobah-D-3720to1.gif	Dagobah-D-3720to1.gif	image/gif	57700
Dagobah-D-4lomsconcussionrifle-decipher-archive.gif	Dagobah-D-4lomsconcussionrifle-decipher-archive.gif	image/gif	65468
Dagobah-D-4lom.gif	Dagobah-D-4lom.gif	image/gif	69374
DS2-location-layout.png	DS2-location-layout.png	image/png	813313
DS2-Limited-four-panel-poster-back.png	DS2-Limited-four-panel-poster-back.png	image/png	1893053
Dagobah-D-adangeroustime.gif	Dagobah-D-adangeroustime.gif	image/gif	64892
Dagobah-D-anoat.gif	Dagobah-D-anoat.gif	image/gif	55674
Dagobah-D-4lomsconcussionrifle.gif	Dagobah-D-4lomsconcussionrifle.gif	image/png	347206
Dagobah-D-apologyaccepted.gif	Dagobah-D-apologyaccepted.gif	image/gif	57969
Dagobah-D-awwwwcannotgetyourshipout.gif	Dagobah-D-awwwwcannotgetyourshipout.gif	image/gif	53566
Dagobah-D-asteroidfield.gif	Dagobah-D-asteroidfield.gif	image/gif	58408
Dagobah-D-avenger.gif	Dagobah-D-avenger.gif	image/gif	51600
Dagobah-D-badfeelinghavei.gif	Dagobah-D-badfeelinghavei.gif	image/gif	58313
Dagobah-D-bigone.gif	Dagobah-D-bigone.gif	image/gif	51634
Dagobah-D-bigoneasteroidcaveorspaceslugbelly.gif	Dagobah-D-bigoneasteroidcaveorspaceslugbelly.gif	image/gif	76179
Dagobah-D-bombingrun.gif	Dagobah-D-bombingrun.gif	image/gif	56447
Dagobah-D-bossksmortargun.gif	Dagobah-D-bossksmortargun.gif	image/gif	69727
Dagobah-D-brokenconcentration.gif	Dagobah-D-brokenconcentration.gif	image/gif	67225
Dagobah-D-bossk-decipher-archive.gif	Dagobah-D-bossk-decipher-archive.gif	image/gif	120612
Dagobah-D-bogwing.gif	Dagobah-D-bogwing.gif	image/png	354995
Dagobah-D-bossk.gif	Dagobah-D-bossk.gif	image/png	371966
Dagobah-D-captainneeda-decipher-archive.gif	Dagobah-D-captainneeda-decipher-archive.gif	image/gif	116858
Dagobah-D-commandernemet-decipher-archive.gif	Dagobah-D-commandernemet-decipher-archive.gif	image/gif	54406
Dagobah-D-closecall.gif	Dagobah-D-closecall.gif	image/gif	61514
Dagobah-D-commandergherant.gif	Dagobah-D-commandergherant.gif	image/gif	62970
Dagobah-D-commchief-decipher-archive.gif	Dagobah-D-commchief-decipher-archive.gif	image/gif	107348
Dagobah-D-commanderbrandei-decipher-archive.gif	Dagobah-D-commanderbrandei-decipher-archive.gif	image/gif	125772
Dagobah-D-commandernemet.gif	Dagobah-D-commandernemet.gif	image/png	357796
Dagobah-D-captainneeda.gif	Dagobah-D-captainneeda.gif	image/png	364536
Dagobah-D-commanderbrandei.gif	Dagobah-D-commanderbrandei.gif	image/png	367698
Dagobah-D-control.gif	Dagobah-D-control.gif	image/gif	55373
Dagobah-D-corporalderdram.gif	Dagobah-D-corporalderdram.gif	image/gif	70794
Dagobah-D-corporalvandolay.gif	Dagobah-D-corporalvandolay.gif	image/gif	59842
Dagobah-D-corrosivedamage.gif	Dagobah-D-corrosivedamage.gif	image/gif	48973
Dagobah-D-dagobahcave.gif	Dagobah-D-dagobahcave.gif	image/gif	92962
Dagobah-D-commchief.gif	Dagobah-D-commchief.gif	image/png	350750
Dagobah-D-defensivefire.gif	Dagobah-D-defensivefire.gif	image/gif	50219
Dagobah-D-dengar-decipher-archive.gif	Dagobah-D-dengar-decipher-archive.gif	image/gif	71103
Dagobah-D-dragonsnake.gif	Dagobah-D-dragonsnake.gif	image/gif	68921
Dagobah-D-dengarsblastercarbine-decipher-archive.gif	Dagobah-D-dengarsblastercarbine-decipher-archive.gif	image/gif	111613
Dagobah-D-executor.gif	Dagobah-D-executor.gif	image/gif	35786
Dagobah-D-dengar.gif	Dagobah-D-dengar.gif	image/png	356614
Dagobah-D-executorcommstation.gif	Dagobah-D-executorcommstation.gif	image/gif	83061
Dagobah-D-executorcontrolstation.gif	Dagobah-D-executorcontrolstation.gif	image/gif	77489
Dagobah-D-executorholotheatre-decipher-archive.gif	Dagobah-D-executorholotheatre-decipher-archive.gif	image/gif	116267
Dagobah-D-dengarsblastercarbine.gif	Dagobah-D-dengarsblastercarbine.gif	image/png	346792
Dagobah-D-executormeditationchamber.gif	Dagobah-D-executormeditationchamber.gif	image/gif	66446
Dagobah-D-executormaincorridor.gif	Dagobah-D-executormaincorridor.gif	image/gif	86434
Dagobah-D-failureatthecave-decipher-archive.gif	Dagobah-D-failureatthecave-decipher-archive.gif	image/gif	63822
Dagobah-D-fear.gif	Dagobah-D-fear.gif	image/gif	62302
Dagobah-D-executorholotheatre.gif	Dagobah-D-executorholotheatre.gif	image/png	316715
Dagobah-D-fieldpromotion-decipher-archive.gif	Dagobah-D-fieldpromotion-decipher-archive.gif	image/gif	59580
Dagobah-D-failureatthecave.gif	Dagobah-D-failureatthecave.gif	image/png	277950
Dagobah-D-fieldpromotion.gif	Dagobah-D-fieldpromotion.gif	image/png	304658
Dagobah-D-flagship-decipher-archive.gif	Dagobah-D-flagship-decipher-archive.gif	image/gif	56455
Dagobah-D-frustration-decipher-archive.gif	Dagobah-D-frustration-decipher-archive.gif	image/gif	69316
Dagobah-D-holonettransmission-decipher-archive.gif	Dagobah-D-holonettransmission-decipher-archive.gif	image/gif	73024
Dagobah-D-flagship.gif	Dagobah-D-flagship.gif	image/png	309858
Dagobah-D-frustration.gif	Dagobah-D-frustration.gif	image/png	293726
Dagobah-D-houndstooth.gif	Dagobah-D-houndstooth.gif	image/gif	55465
Dagobah-D-heisnotready.gif	Dagobah-D-heisnotready.gif	image/png	315944
Dagobah-D-ig2000-decipher-archive.gif	Dagobah-D-ig2000-decipher-archive.gif	image/gif	61848
Dagobah-D-ig88-decipher-archive.gif	Dagobah-D-ig88-decipher-archive.gif	image/gif	70500
Dagobah-D-ig88sneuralinhibitor.gif	Dagobah-D-ig88sneuralinhibitor.gif	image/gif	60394
Dagobah-D-ig2000.gif	Dagobah-D-ig2000.gif	image/png	368374
Dagobah-D-holonettransmission.gif	Dagobah-D-holonettransmission.gif	image/png	316288
Dagobah-D-ig88spulsecannon-decipher-archive.gif	Dagobah-D-ig88spulsecannon-decipher-archive.gif	image/gif	65072
Dagobah-D-ig88.gif	Dagobah-D-ig88.gif	image/png	365943
Dagobah-D-imbalance.gif	Dagobah-D-imbalance.gif	image/gif	62098
Dagobah-D-ig88spulsecannon.gif	Dagobah-D-ig88spulsecannon.gif	image/png	339670
Dagobah-D-imperialhelmsman-decipher-archive.gif	Dagobah-D-imperialhelmsman-decipher-archive.gif	image/gif	68269
Dagobah-D-knowledgeanddefense-decipher-archive.gif	Dagobah-D-knowledgeanddefense-decipher-archive.gif	image/gif	64933
Dagobah-D-iwantthatship.gif	Dagobah-D-iwantthatship.gif	image/gif	56665
Dagobah-D-landosystem.gif	Dagobah-D-landosystem.gif	image/gif	52191
Dagobah-D-lieutenantcommanderardan.gif	Dagobah-D-lieutenantcommanderardan.gif	image/gif	56976
Dagobah-D-imperialhelmsman.gif	Dagobah-D-imperialhelmsman.gif	image/png	369078
Dagobah-D-knowledgeanddefense.gif	Dagobah-D-knowledgeanddefense.gif	image/png	307450
Dagobah-D-lieutenantvenka.gif	Dagobah-D-lieutenantvenka.gif	image/gif	65864
Dagobah-D-lieutenantsuba.gif	Dagobah-D-lieutenantsuba.gif	image/gif	62687
Dagobah-D-locationlocationlocation-decipher-archive.gif	Dagobah-D-locationlocationlocation-decipher-archive.gif	image/gif	67158
Dagobah-D-lostinspace-decipher-archive.gif	Dagobah-D-lostinspace-decipher-archive.gif	image/gif	60336
Dagobah-D-misthunter.gif	Dagobah-D-misthunter.gif	image/gif	52028
Dagobah-D-muchangerinhim.gif	Dagobah-D-muchangerinhim.gif	image/gif	57953
Dagobah-D-precisiontargeting.gif	Dagobah-D-precisiontargeting.gif	image/gif	44226
Dagobah-D-protonbombs.gif	Dagobah-D-protonbombs.gif	image/gif	65156
Dagobah-D-locationlocationlocation.gif	Dagobah-D-locationlocationlocation.gif	image/png	294189
Dagobah-D-mynock.gif	Dagobah-D-mynock.gif	image/png	342097
Dagobah-D-punishingone-decipher-archive.gif	Dagobah-D-punishingone-decipher-archive.gif	image/gif	58734
Dagobah-D-raithal.gif	Dagobah-D-raithal.gif	image/gif	29277
Dagobah-D-rogueasteroid.gif	Dagobah-D-rogueasteroid.gif	image/gif	66140
Dagobah-D-shotinthedark.gif	Dagobah-D-shotinthedark.gif	image/gif	66048
Dagobah-D-shotinthedark-decipher-archive.gif	Dagobah-D-shotinthedark-decipher-archive.gif	image/gif	69775
Dagobah-D-punishingone.gif	Dagobah-D-punishingone.gif	image/png	301095
Dagobah-D-reslukraauf.gif	Dagobah-D-reslukraauf.gif	image/png	300772
Dagobah-D-shuthimuporshuthimdown.gif	Dagobah-D-shuthimuporshuthimdown.gif	image/gif	58765
Dagobah-D-sleen.gif	Dagobah-D-sleen.gif	image/gif	114718
Dagobah-D-somethinghitus.gif	Dagobah-D-somethinghitus.gif	image/gif	65960
Dagobah-D-lostinspace.gif	Dagobah-D-lostinspace.gif	image/png	264148
Dagobah-D-suddenimpact.gif	Dagobah-D-suddenimpact.gif	image/gif	59719
Dagobah-D-thedarkpath.gif	Dagobah-D-thedarkpath.gif	image/gif	43334
Dagobah-D-takeevasiveaction.gif	Dagobah-D-takeevasiveaction.gif	image/gif	64826
Dagobah-D-spaceslug.gif	Dagobah-D-spaceslug.gif	image/gif	103745
Dagobah-D-stardestroyerlaunchbay.gif	Dagobah-D-stardestroyerlaunchbay.gif	image/gif	80698
Dagobah-D-thereisnotry.gif	Dagobah-D-thereisnotry.gif	image/gif	48787
Dagobah-D-thoserebelswontescapeus.gif	Dagobah-D-thoserebelswontescapeus.gif	image/gif	76821
Dagobah-D-tieavenger-decipher-archive.gif	Dagobah-D-tieavenger-decipher-archive.gif	image/gif	54676
Dagobah-D-tiebomber.gif	Dagobah-D-tiebomber.gif	image/gif	52758
Dagobah-D-uncertainisthefuture.gif	Dagobah-D-uncertainisthefuture.gif	image/gif	61167
Dagobah-D-unexpectedinterruption.gif	Dagobah-D-unexpectedinterruption.gif	image/gif	73541
Dagobah-D-uncertainisthefuture-decipher-archive.gif	Dagobah-D-uncertainisthefuture-decipher-archive.gif	image/gif	59227
Dagobah-D-tieavenger.gif	Dagobah-D-tieavenger.gif	image/gif	87045
Dagobah-D-visageoftheemperor.gif	Dagobah-D-visageoftheemperor.gif	image/gif	54481
Dagobah-D-vinesnake.gif	Dagobah-D-vinesnake.gif	image/gif	103229
Dagobah-D-voyeur.gif	Dagobah-D-voyeur.gif	image/gif	69881
Dagobah-D-warrantofficermkae-decipher-archive.gif	Dagobah-D-warrantofficermkae-decipher-archive.gif	image/gif	64430
Dagobah-D-vinesnake-decipher-archive.gif	Dagobah-D-vinesnake-decipher-archive.gif	image/gif	85309
Dagobah-D-warrantofficermkae.gif	Dagobah-D-warrantofficermkae.gif	image/gif	89945
Dagobah-D-zuckuss-decipher-archive.gif	Dagobah-D-zuckuss-decipher-archive.gif	image/gif	72542
Dagobah-D-zuckusssnarerifle-decipher-archive.gif	Dagobah-D-zuckusssnarerifle-decipher-archive.gif	image/gif	62987
Dagobah-D-zuckuss.gif	Dagobah-D-zuckuss.gif	image/gif	97464
Dagobah-D-zuckusssnarerifle.gif	Dagobah-D-zuckusssnarerifle.gif	image/gif	90090
Dagobah-L-ajedisstrength.gif	Dagobah-L-ajedisstrength.gif	image/png	390670
Dagobah-L-anoat.gif	Dagobah-L-anoat.gif	image/gif	79050
Dagobah-L-asteroidsdonotconcernme.gif	Dagobah-L-asteroidsdonotconcernme.gif	image/gif	88551
Dagobah-L-astromechtranslator.gif	Dagobah-L-astromechtranslator.gif	image/gif	93294
Dagobah-L-angerfearaggression.gif	Dagobah-L-angerfearaggression.gif	image/gif	90204
Dagobah-L-asteroidfield.gif	Dagobah-L-asteroidfield.gif	image/gif	68321
Dagobah-L-asteroidsanctuary-decipher-archive.gif	Dagobah-L-asteroidsanctuary-decipher-archive.gif	image/gif	154584
Dagobah-L-atpeace.gif	Dagobah-L-atpeace.gif	image/png	426703
Dagobah-L-asteroidsanctuary.gif	Dagobah-L-asteroidsanctuary.gif	image/png	422450
Dagobah-L-bigone.gif	Dagobah-L-bigone.gif	image/gif	82048
Dagobah-L-bigoneasteroidcaveorspaceslugbelly.gif	Dagobah-L-bigoneasteroidcaveorspaceslugbelly.gif	image/gif	66683
Dagobah-L-awayputyourweapon.gif	Dagobah-L-awayputyourweapon.gif	image/gif	108730
Dagobah-L-blastedvarmints.gif	Dagobah-L-blastedvarmints.gif	image/gif	91362
Dagobah-L-closer.gif	Dagobah-L-closer.gif	image/gif	112426
Dagobah-L-bogwing.gif	Dagobah-L-bogwing.gif	image/png	323866
Dagobah-L-control.gif	Dagobah-L-control.gif	image/gif	104788
Dagobah-L-dagobahjungle.gif	Dagobah-L-dagobahjungle.gif	image/gif	68747
Dagobah-L-dagobahbogclearing.gif	Dagobah-L-dagobahbogclearing.gif	image/gif	95569
Dagobah-L-dagobahswamp.gif	Dagobah-L-dagobahswamp.gif	image/gif	83524
Dagobah-L-dagobahyodashut.gif	Dagobah-L-dagobahyodashut.gif	image/gif	95939
Dagobah-L-dagobah.gif	Dagobah-L-dagobah.gif	image/png	425082
Dagobah-L-dagobahtrainingarea.gif	Dagobah-L-dagobahtrainingarea.gif	image/gif	90572
Dagobah-L-droidsensorscope.gif	Dagobah-L-droidsensorscope.gif	image/gif	85522
Dagobah-L-domainofevil.gif	Dagobah-L-domainofevil.gif	image/png	421870
Dagobah-L-effectiverepairs-decipher-archive.gif	Dagobah-L-effectiverepairs-decipher-archive.gif	image/gif	109583
Dagobah-L-doordonot.gif	Dagobah-L-doordonot.gif	image/png	404803
Dagobah-L-egregiouspiloterror-decipher-archive.gif	Dagobah-L-egregiouspiloterror-decipher-archive.gif	image/gif	96941
Dagobah-L-descentintothedark.gif	Dagobah-L-descentintothedark.gif	image/png	430439
Dagobah-L-descentintothedark-decipher-archive.gif	Dagobah-L-descentintothedark-decipher-archive.gif	image/gif	101377
Dagobah-L-egregiouspiloterror.gif	Dagobah-L-egregiouspiloterror.gif	image/png	440801
Dagobah-L-encampment.gif	Dagobah-L-encampment.gif	image/gif	96982
Dagobah-L-greatwarrior-decipher-archive.gif	Dagobah-L-greatwarrior-decipher-archive.gif	image/gif	91301
Dagobah-L-foundsomeoneyouhave.gif	Dagobah-L-foundsomeoneyouhave.gif	image/gif	102486
Dagobah-L-flashofinsight.gif	Dagobah-L-flashofinsight.gif	image/gif	88587
Dagobah-L-effectiverepairs.gif	Dagobah-L-effectiverepairs.gif	image/png	409710
Dagobah-L-groundedstarfighter.gif	Dagobah-L-groundedstarfighter.gif	image/gif	97613
Dagobah-L-hidinginthegarbage.gif	Dagobah-L-hidinginthegarbage.gif	image/gif	91025
Dagobah-L-ihaveabadfeelingaboutthis.gif	Dagobah-L-ihaveabadfeelingaboutthis.gif	image/gif	91459
Dagobah-L-greatwarrior.gif	Dagobah-L-greatwarrior.gif	image/png	411642
Dagobah-L-hanstoolkit-decipher-archive.gif	Dagobah-L-hanstoolkit-decipher-archive.gif	image/gif	109076
Dagobah-L-ineffectivemaneuver.gif	Dagobah-L-ineffectivemaneuver.gif	image/gif	92418
Dagobah-L-jedilevitation.gif	Dagobah-L-jedilevitation.gif	image/gif	105458
Dagobah-L-landingclaw.gif	Dagobah-L-landingclaw.gif	image/gif	95906
Dagobah-L-hanstoolkit.gif	Dagobah-L-hanstoolkit.gif	image/png	417422
Dagobah-L-itisthefutureyousee.gif	Dagobah-L-itisthefutureyousee.gif	image/png	429817
Dagobah-L-lightmaneuvers.gif	Dagobah-L-lightmaneuvers.gif	image/gif	104347
Dagobah-L-lukesbackpack.gif	Dagobah-L-lukesbackpack.gif	image/gif	96622
Dagobah-L-lostrelay.gif	Dagobah-L-lostrelay.gif	image/gif	98808
Dagobah-L-levitation.gif	Dagobah-L-levitation.gif	image/gif	109009
Dagobah-L-movingtoattackposition-decipher-archive.gif	Dagobah-L-movingtoattackposition-decipher-archive.gif	image/gif	94119
Dagobah-L-nevertellmetheodds.gif	Dagobah-L-nevertellmetheodds.gif	image/gif	92948
Dagobah-L-nodisintegrations.gif	Dagobah-L-nodisintegrations.gif	image/gif	97321
Dagobah-L-obiwansapparition.gif	Dagobah-L-obiwansapparition.gif	image/gif	87353
Dagobah-L-polarizednegativepowercoupling.gif	Dagobah-L-polarizednegativepowercoupling.gif	image/gif	92879
Dagobah-L-nudj.gif	Dagobah-L-nudj.gif	image/png	332570
Dagobah-L-quickdraw.gif	Dagobah-L-quickdraw.gif	image/gif	98533
Dagobah-L-movingtoattackposition.gif	Dagobah-L-movingtoattackposition.gif	image/png	415790
Dagobah-L-raithal.gif	Dagobah-L-raithal.gif	image/gif	34116
Dagobah-L-ordertoengage.gif	Dagobah-L-ordertoengage.gif	image/gif	80232
Dagobah-L-rebelflightsuit-decipher-archive.gif	Dagobah-L-rebelflightsuit-decipher-archive.gif	image/gif	100028
Dagobah-L-recoilinfear.gif	Dagobah-L-recoilinfear.gif	image/gif	111820
Dagobah-L-reflection.gif	Dagobah-L-reflection.gif	image/gif	91781
Dagobah-L-portablefusiongenerator.gif	Dagobah-L-portablefusiongenerator.gif	image/gif	95032
Dagobah-L-reporttolordvader.gif	Dagobah-L-reporttolordvader.gif	image/gif	96993
Dagobah-L-rebelflightsuit.gif	Dagobah-L-rebelflightsuit.gif	image/gif	111259
Dagobah-L-retractablearm.gif	Dagobah-L-retractablearm.gif	image/gif	90964
Dagobah-L-rogueasteroid.gif	Dagobah-L-rogueasteroid.gif	image/gif	92891
Dagobah-L-rycarsrun.gif	Dagobah-L-rycarsrun.gif	image/gif	97207
Dagobah-L-scramble.gif	Dagobah-L-scramble.gif	image/gif	89573
Dagobah-L-shooshoo.gif	Dagobah-L-shooshoo.gif	image/gif	86531
Dagobah-L-smugglersblues.gif	Dagobah-L-smugglersblues.gif	image/gif	90519
Dagobah-L-mynock.gif	Dagobah-L-mynock.gif	image/png	336230
Dagobah-L-sonofskywalker.gif	Dagobah-L-sonofskywalker.gif	image/gif	114831
Dagobah-L-spaceslug.gif	Dagobah-L-spaceslug.gif	image/gif	108507
Dagobah-L-sizemattersnot.gif	Dagobah-L-sizemattersnot.gif	image/png	405257
Dagobah-L-starshiplevitation.gif	Dagobah-L-starshiplevitation.gif	image/gif	102822
Dagobah-L-stonepile.gif	Dagobah-L-stonepile.gif	image/gif	97333
Dagobah-L-theprofessor.gif	Dagobah-L-theprofessor.gif	image/gif	90150
Dagobah-L-theydbecrazytofollowus.gif	Dagobah-L-theydbecrazytofollowus.gif	image/gif	92082
Dagobah-L-thisisnocave.gif	Dagobah-L-thisisnocave.gif	image/gif	98295
Dagobah-L-thisismorelikeit.gif	Dagobah-L-thisismorelikeit.gif	image/gif	98044
Dagobah-L-throughtheforcethingsyouwillsee.gif	Dagobah-L-throughtheforcethingsyouwillsee.gif	image/gif	104100
Dagobah-L-tightsqueeze.gif	Dagobah-L-tightsqueeze.gif	image/gif	110380
Dagobah-L-vinesnake-decipher-archive.gif	Dagobah-L-vinesnake-decipher-archive.gif	image/gif	87180
Dagobah-L-transmissionterminated.gif	Dagobah-L-transmissionterminated.gif	image/gif	109045
Dagobah-L-tunnelvision.gif	Dagobah-L-tunnelvision.gif	image/gif	104391
Dagobah-L-vinesnake.gif	Dagobah-L-vinesnake.gif	image/gif	103627
Dagobah-L-warsnotmakeonegreat.gif	Dagobah-L-warsnotmakeonegreat.gif	image/gif	81239
Dagobah-L-visoredvision.gif	Dagobah-L-visoredvision.gif	image/gif	106192
Dagobah-L-wecanstilloutmaneuverthem.gif	Dagobah-L-wecanstilloutmaneuverthem.gif	image/gif	98179
Dagobah-L-whaaaaaaaaaoooow.gif	Dagobah-L-whaaaaaaaaaoooow.gif	image/gif	98110
Dagobah-L-whatisthybiddingmymaster.gif	Dagobah-L-whatisthybiddingmymaster.gif	image/gif	89406
Dagobah-L-whatisthybiddingmymaster-decipher-archive.gif	Dagobah-L-whatisthybiddingmymaster-decipher-archive.gif	image/gif	95791
Dagobah-L-wedontneedtheirscum.gif	Dagobah-L-wedontneedtheirscum.gif	image/gif	112198
Dagobah-L-yoda.gif	Dagobah-L-yoda.gif	image/gif	97607
Dagobah-L-yodasgimerstick.gif	Dagobah-L-yodasgimerstick.gif	image/gif	95846
Dagobah-L-yodashope.gif	Dagobah-L-yodashope.gif	image/gif	96502
Dagobah-L-yodastew.gif	Dagobah-L-yodastew.gif	image/gif	102518
Dagobah-L-youdohaveyourmoments.gif	Dagobah-L-youdohaveyourmoments.gif	image/gif	85203
Dagobah-L-yodayouseekyoda.gif	Dagobah-L-yodayouseekyoda.gif	image/gif	111027
Dagobah-L-youdohaveyourmoments-decipher-archive.gif	Dagobah-L-youdohaveyourmoments-decipher-archive.gif	image/gif	93165
Dagobah-Limited-display-v2.png	Dagobah-Limited-display-v2.png	image/png	341307
Dagobah-Limited-display.png	Dagobah-Limited-display.png	image/png	396725
Dagobah-Limited-ad-insert.png	Dagobah-Limited-ad-insert.png	image/png	269294
Dagobah-Limited-four-panel-poster-back.png	Dagobah-Limited-four-panel-poster-back.png	image/png	1623564
Dagobah-Limited-four-panel-poster.png	Dagobah-Limited-four-panel-poster.png	image/png	1838526
Dagobah-Limited-pack.png	Dagobah-Limited-pack.png	image/png	107853
Dagobah-Limited-box.png	Dagobah-Limited-box.png	image/png	2232102
Dagobah-Limited-rules-supplement-back.png	Dagobah-Limited-rules-supplement-back.png	image/png	1900532
Dagobah-Revised-pack.png	Dagobah-Revised-pack.png	image/png	122980
Dagobah-Limited-ds-rare-sheet.png	Dagobah-Limited-ds-rare-sheet.png	image/png	5385445
Dagobah-Limited-rules-supplement-front.png	Dagobah-Limited-rules-supplement-front.png	image/png	1708853
Dagobah-Revised-box-v2.png	Dagobah-Revised-box-v2.png	image/png	2098343
Dagobah-Revised-rules-supplement.png	Dagobah-Revised-rules-supplement.png	image/png	417578
Dagobah-Limited-ls-rare-sheet.png	Dagobah-Limited-ls-rare-sheet.png	image/png	6060527
Dagobah-Revised-box.png	Dagobah-Revised-box.png	image/png	2096211
DeathStarII-L-lieutenanttelsij-decipher-archive.gif	DeathStarII-L-lieutenanttelsij-decipher-archive.gif	image/gif	85643
DeathStarII-L-keirsantage-decipher-archive.gif	DeathStarII-L-keirsantage-decipher-archive.gif	image/gif	85980
DeathStarII-D-saber4-decipher-archive.gif	DeathStarII-D-saber4-decipher-archive.gif	image/gif	65758
Dc2000-day3.png	Dc2000-day3.png	image/png	155356
Decipher-Death-Star-II-Rulesheet.png	Decipher-Death-Star-II-Rulesheet.png	image/png	639987
Dc2000-day2.png	Dc2000-day2.png	image/png	1255944
Dc2000-day2-v2.png	Dc2000-day2-v2.png	image/png	3742443
Decipher-Enhanced-Premiere-Rulesheet.png	Decipher-Enhanced-Premiere-Rulesheet.png	image/png	115948
Decipher-Glossary-2.0-page-034.png	Decipher-Glossary-2.0-page-034.png	image/png	184054
Decipher-Coruscant-Rulesheet.png	Decipher-Coruscant-Rulesheet.png	image/png	1413274
Decipher-Endor-Rulesheet.png	Decipher-Endor-Rulesheet.png	image/png	405583
Decipher-Glossary-2.0-page-035.png	Decipher-Glossary-2.0-page-035.png	image/png	207837
Decipher-Glossary-2.0-page-036.png	Decipher-Glossary-2.0-page-036.png	image/png	208690
Decipher-Glossary-2.0-page-050.png	Decipher-Glossary-2.0-page-050.png	image/png	200276
Decipher-Glossary-2.0-page-075.png	Decipher-Glossary-2.0-page-075.png	image/png	209815
Decipher-Glossary-2.0-page-084.png	Decipher-Glossary-2.0-page-084.png	image/png	204116
Decipher-Glossary-2.0-page-053.png	Decipher-Glossary-2.0-page-053.png	image/png	220879
Decipher-Glossary-2.0-page-060.png	Decipher-Glossary-2.0-page-060.png	image/png	233637
Decipher-Glossary-2.0-page-086.png	Decipher-Glossary-2.0-page-086.png	image/png	163085
Decipher-Glossary-2.0-page-085.png	Decipher-Glossary-2.0-page-085.png	image/png	229330
Decipher-Glossary-2.0-page-087.png	Decipher-Glossary-2.0-page-087.png	image/png	130316
Decipher-Glossary-2.0-page-117.png	Decipher-Glossary-2.0-page-117.png	image/png	176447
Decipher-Glossary-2.0-page-123.png	Decipher-Glossary-2.0-page-123.png	image/png	202958
Decipher-Glossary-2.0-page-128.png	Decipher-Glossary-2.0-page-128.png	image/png	219950
Decipher-Glossary-2.0-page-139.png	Decipher-Glossary-2.0-page-139.png	image/png	214291
Decipher-Glossary-2.0-page-132.png	Decipher-Glossary-2.0-page-132.png	image/png	216638
Decipher-Glossary-2.0-page-137.png	Decipher-Glossary-2.0-page-137.png	image/png	234563
Decipher-Reflections-II-Rulesheet.png	Decipher-Reflections-II-Rulesheet.png	image/png	649891
Decipher-Rulebook-2.0-page-001.png	Decipher-Rulebook-2.0-page-001.png	image/png	255720
Decipher-Reflections-III-Rulesheet.png	Decipher-Reflections-III-Rulesheet.png	image/png	1097265
Decipher-Rulebook-2.0-page-004.png	Decipher-Rulebook-2.0-page-004.png	image/png	244021
Decipher-Rulebook-2.0-page-005.png	Decipher-Rulebook-2.0-page-005.png	image/png	225242
Decipher-Rulebook-2.0-page-002.png	Decipher-Rulebook-2.0-page-002.png	image/png	241565
Decipher-Rulebook-2.0-page-008.png	Decipher-Rulebook-2.0-page-008.png	image/png	272846
Decipher-Rulebook-2.0-page-003.png	Decipher-Rulebook-2.0-page-003.png	image/png	288654
Decipher-Rulebook-2.0-page-006.png	Decipher-Rulebook-2.0-page-006.png	image/png	315881
Decipher-Rulebook-2.0-page-009.png	Decipher-Rulebook-2.0-page-009.png	image/png	425600
Decipher-Rulebook-2.0-page-007.png	Decipher-Rulebook-2.0-page-007.png	image/png	384882
Decipher-decklist-p1.png	Decipher-decklist-p1.png	image/png	91748
Decipher-Rulebook-2.0-page-012.png	Decipher-Rulebook-2.0-page-012.png	image/png	121904
Decipher-Rulebook-2.0-page-010.png	Decipher-Rulebook-2.0-page-010.png	image/png	259670
Decipher-Rulebook-2.0-page-013.png	Decipher-Rulebook-2.0-page-013.png	image/png	178873
Decipher-Rulebook-2.0-page-011.png	Decipher-Rulebook-2.0-page-011.png	image/png	299407
Decipher-scorecard-constructed-p1.png	Decipher-scorecard-constructed-p1.png	image/png	180787
Decipher-Theed-Palace-Rulesheet.png	Decipher-Theed-Palace-Rulesheet.png	image/png	537322
Decipher-Tatooine-Rulesheet.png	Decipher-Tatooine-Rulesheet.png	image/png	1177014
Decipher_Enhanced_Premiere_Rulesheet.pdf	Decipher_Enhanced_Premiere_Rulesheet.pdf	application/pdf	13886
Decipher_Endor_Rulesheet.pdf	Decipher_Endor_Rulesheet.pdf	application/pdf	69127
Decipher_Coruscant_Rulesheet.pdf	Decipher_Coruscant_Rulesheet.pdf	application/pdf	370059
Decipher_ESB_Two_Player_Rules.pdf	Decipher_ESB_Two_Player_Rules.pdf	application/pdf	442263
Decipher_Glossary_Supplement.pdf	Decipher_Glossary_Supplement.pdf	application/pdf	430544
Decipher_Reflections_III_Rulesheet.pdf	Decipher_Reflections_III_Rulesheet.pdf	application/pdf	265592
Decipher_Reflections_II_Rulesheet.pdf	Decipher_Reflections_II_Rulesheet.pdf	application/pdf	107941
Decipher_Glossary_1998.pdf	Decipher_Glossary_1998.pdf	application/pdf	1257463
Decipher_Tatooine_Rulesheet.pdf	Decipher_Tatooine_Rulesheet.pdf	application/pdf	181089
Decipher_Theed_Palace_Rule_Cards.pdf	Decipher_Theed_Palace_Rule_Cards.pdf	application/pdf	61810
Decipher_about_title.gif	Decipher_about_title.gif	image/gif	2845
Decipher_logo_nav.gif	Decipher_logo_nav.gif	image/gif	225
Decipher_Rulebook_2.0.pdf	Decipher_Rulebook_2.0.pdf	application/pdf	875492
Decipher_logo_wordmark.png	Decipher_logo_wordmark.png	image/png	4173
Decipher_logo_1999.jpg	Decipher_logo_1999.jpg	image/jpeg	15739
Decipher_logo_wordmark_gradient.jpg	Decipher_logo_wordmark_gradient.jpg	image/jpeg	1392
ECC-D-4lomwithconcussionrifle.gif	ECC-D-4lomwithconcussionrifle.gif	image/gif	55939
ECC-D-anymethodsnecessary.gif	ECC-D-anymethodsnecessary.gif	image/gif	58059
ECC-D-crushtherebellion.gif	ECC-D-crushtherebellion.gif	image/gif	56800
ECC-D-dengarinpunishingone.gif	ECC-D-dengarinpunishingone.gif	image/gif	65922
ECC-D-ig88withriotgun.gif	ECC-D-ig88withriotgun.gif	image/gif	52944
Decipher_Death_Star_II_Rulesheet.pdf	Decipher_Death_Star_II_Rulesheet.pdf	application/pdf	3354569
ECC-D-thisdealisgettingworseallthetime.gif	ECC-D-thisdealisgettingworseallthetime.gif	image/gif	42515
ECC-L-chewiewithblasterrifle.gif	ECC-L-chewiewithblasterrifle.gif	image/gif	95894
ECC-L-landowithblasterpistol.gif	ECC-L-landowithblasterpistol.gif	image/gif	90695
ECC-L-independentoperation.gif	ECC-L-independentoperation.gif	image/gif	77068
ECC-L-landoinmillenniumfalcon.gif	ECC-L-landoinmillenniumfalcon.gif	image/gif	99315
ECC-L-quietminingcolony.gif	ECC-L-quietminingcolony.gif	image/gif	76134
ECC-D-bobafettinslavei.gif	ECC-D-bobafettinslavei.gif	image/gif	72879
ECC-D-prayidontalteritanyfurther.gif	ECC-D-prayidontalteritanyfurther.gif	image/gif	45703
ECC-L-z95bespindefensefighter.gif	ECC-L-z95bespindefensefighter.gif	image/gif	96159
ECC-pack.png	ECC-pack.png	image/png	91733
ECC-box.png	ECC-box.png	image/png	469005
EE-4-LOM.png	EE-4-LOM.png	image/png	744995
EE-Abyssin.png	EE-Abyssin.png	image/png	702222
ECC-premiums.png	ECC-premiums.png	image/png	1865805
EE-Astromech-Translator.png	EE-Astromech-Translator.png	image/png	842087
EE-At-Peace.png	EE-At-Peace.png	image/png	800281
EE-Attark.png	EE-Attark.png	image/png	782978
EE-Bespin-Motors-Void-Spider.png	EE-Bespin-Motors-Void-Spider.png	image/png	817520
EE-Bionic-Hand.png	EE-Bionic-Hand.png	image/png	827803
EE-Bravo-Fighter.png	EE-Bravo-Fighter.png	image/png	771962
EE-Cane-Adiss.png	EE-Cane-Adiss.png	image/png	718696
EE-Cloud-City-Sabacc-DC.png	EE-Cloud-City-Sabacc-DC.png	image/png	800260
EE-Cloud-City-Sabacc-Transamerica.png	EE-Cloud-City-Sabacc-Transamerica.png	image/png	696951
EE-Corran-Horn.png	EE-Corran-Horn.png	image/png	645988
EE-Death-Star-Trench.png	EE-Death-Star-Trench.png	image/png	446171
EE-Death-Star-Assault-Squadron.png	EE-Death-Star-Assault-Squadron.png	image/png	790531
EE-Dark-Waters.png	EE-Dark-Waters.png	image/png	692248
EE-Defel.png	EE-Defel.png	image/png	693817
EE-Death-Mark.png	EE-Death-Mark.png	image/png	696301
EE-Crash-Landing.png	EE-Crash-Landing.png	image/png	780250
EE-Debris-Zone.png	EE-Debris-Zone.png	image/png	698498
EE-Debnoli.png	EE-Debnoli.png	image/png	706554
EE-Deflector-Shield-Generators.png	EE-Deflector-Shield-Generators.png	image/png	699828
EE-Dismantle-On-Sight.png	EE-Dismantle-On-Sight.png	image/png	815623
EE-Force-Field.png	EE-Force-Field.png	image/png	644514
EE-FX-7.png	EE-FX-7.png	image/png	752367
EE-Frozen-Dinner.png	EE-Frozen-Dinner.png	image/png	717401
EE-Furry-Fury-lore.png	EE-Furry-Fury-lore.png	image/png	634678
EE-Evacuation-Control.png	EE-Evacuation-Control.png	image/png	796566
EE-Furry-Fury-whip.png	EE-Furry-Fury-whip.png	image/png	714571
EE-Hoth-Display-Box.png	EE-Hoth-Display-Box.png	image/png	294389
EE-Gravel-Storm.png	EE-Gravel-Storm.png	image/png	763844
EE-Gamblers-Luck.png	EE-Gamblers-Luck.png	image/png	697817
EE-He-Is-Not-Ready.png	EE-He-Is-Not-Ready.png	image/png	691606
EE-Hutt-Smooch.png	EE-Hutt-Smooch.png	image/png	663789
EE-Hans-Toolkit.png	EE-Hans-Toolkit.png	image/png	785143
EE-Imbalance.png	EE-Imbalance.png	image/png	667619
EE-Hyperwave-Scan.png	EE-Hyperwave-Scan.png	image/png	654204
EE-Landing-Claw.png	EE-Landing-Claw.png	image/png	818938
EE-Leia-Of-Alderaan.png	EE-Leia-Of-Alderaan.png	image/png	616135
EE-Lukes-Hunting-Rifle.png	EE-Lukes-Hunting-Rifle.png	image/png	788333
EE-M-HYD-Binary-Droid.png	EE-M-HYD-Binary-Droid.png	image/png	739639
EE-Lost-In-Space.png	EE-Lost-In-Space.png	image/png	675893
EE-Old-Pirates.png	EE-Old-Pirates.png	image/png	743900
EE-Major-Marquand.png	EE-Major-Marquand.png	image/png	714863
EE-Ree-Yees.png	EE-Ree-Yees.png	image/png	693527
EE-Responsibility-Of-Command.png	EE-Responsibility-Of-Command.png	image/png	707249
EE-Scanner-Techs.png	EE-Scanner-Techs.png	image/png	802459
EE-Retract-The-Bridge.png	EE-Retract-The-Bridge.png	image/png	718804
EE-Rogue-Asteroid.png	EE-Rogue-Asteroid.png	image/png	668175
EE-Major-Bren-Derlin.png	EE-Major-Bren-Derlin.png	image/png	810476
EE-Sensor-Panel.png	EE-Sensor-Panel.png	image/png	767656
EE-Skull.png	EE-Skull.png	image/png	814664
EE-Smugglers-Blues.png	EE-Smugglers-Blues.png	image/png	733059
EE-Snowtrooper.png	EE-Snowtrooper.png	image/png	710511
EE-Sonic-Bombardment.png	EE-Sonic-Bombardment.png	image/png	677425
EE-Someone-Who-Loves-You.png	EE-Someone-Who-Loves-You.png	image/png	746889
EE-Strangle.png	EE-Strangle.png	image/png	759899
EE-Talon-Karrde.png	EE-Talon-Karrde.png	image/png	629643
EE-Swing-And-A-Miss.png	EE-Swing-And-A-Miss.png	image/png	708730
EE-Tauntaun-Bones.png	EE-Tauntaun-Bones.png	image/png	814841
EE-Tauntaun-Handler.png	EE-Tauntaun-Handler.png	image/png	829138
EE-Tonnika-Sisters.png	EE-Tonnika-Sisters.png	image/png	558914
EE-Tibanna-Gas-Miner.png	EE-Tibanna-Gas-Miner.png	image/png	657624
EE-Tzizvvt.png	EE-Tzizvvt.png	image/png	744103
EE-Undercover.png	EE-Undercover.png	image/png	815293
EE-Visored-Vision.png	EE-Visored-Vision.png	image/png	789678
EE-WED-1016.png	EE-WED-1016.png	image/png	877707
EE-Yavin-4-Briefing-Room.png	EE-Yavin-4-Briefing-Room.png	image/png	442884
EE-Weather-Vane.png	EE-Weather-Vane.png	image/png	743031
EE-Were-The-Bait.png	EE-Were-The-Bait.png	image/png	678774
EE-You-Have-Failed-Me.png	EE-You-Have-Failed-Me.png	image/png	788338
EJP-D-bosskwithmortargun.gif	EJP-D-bosskwithmortargun.gif	image/gif	71740
EE-Watch-Your-Step.png	EE-Watch-Your-Step.png	image/png	772692
EJP-D-courtofthevilegangster.gif	EJP-D-courtofthevilegangster.gif	image/gif	73052
EE-Youre-All-Clear-Kid.png	EE-Youre-All-Clear-Kid.png	image/png	754043
EJP-D-ig88inig2000.gif	EJP-D-ig88inig2000.gif	image/gif	70628
EJP-D-ishallenjoywatchingyoudie.gif	EJP-D-ishallenjoywatchingyoudie.gif	image/gif	66716
EJP-D-jodokast.gif	EJP-D-jodokast.gif	image/gif	72594
EJP-D-dengarwithblastercarbine.gif	EJP-D-dengarwithblastercarbine.gif	image/png	390255
EJP-D-marajadetheemperorshand.gif	EJP-D-marajadetheemperorshand.gif	image/gif	64704
EJP-D-marajadeslightsaber.gif	EJP-D-marajadeslightsaber.gif	image/gif	65573
EJP-D-zuckussinmisthunter.gif	EJP-D-zuckussinmisthunter.gif	image/gif	76428
EJP-L-boushh.gif	EJP-L-boushh.gif	image/gif	66821
EJP-L-masterluke.gif	EJP-L-masterluke.gif	image/gif	87286
EJP-L-orbedestroyed.gif	EJP-L-orbedestroyed.gif	image/gif	82358
EJP-L-seethreepio.gif	EJP-L-seethreepio.gif	image/gif	93149
EJP-L-youcaneitherprofitbythis.gif	EJP-L-youcaneitherprofitbythis.gif	image/gif	92754
EJP-pack.png	EJP-pack.png	image/png	108055
EJP-display.png	EJP-display.png	image/png	326828
EP-D-bobafettwithblasterrifle.gif	EP-D-bobafettwithblasterrifle.gif	image/gif	54296
EP-D-darthvaderwithlightsaber.gif	EP-D-darthvaderwithlightsaber.gif	image/gif	52899
EP-L-hanwithheavyblasterpistol.gif	EP-L-hanwithheavyblasterpistol.gif	image/gif	85121
EP-L-leiawithblasterrifle.gif	EP-L-leiawithblasterrifle.gif	image/gif	82744
EP-L-lukewithlightsaber.gif	EP-L-lukewithlightsaber.gif	image/gif	74192
EP-L-obiwanwithlightsaber.gif	EP-L-obiwanwithlightsaber.gif	image/gif	81022
EJP-premiums.png	EJP-premiums.png	image/png	1860338
EPP-pack.png	EPP-pack.png	image/png	138456
EPP-display.png	EPP-display.png	image/png	396728
EPP-insert.png	EPP-insert.png	image/png	276556
ESB-2P-box.png	ESB-2P-box.png	image/png	265298
ESB-2P-rules.png	ESB-2P-rules.png	image/png	230065
EPP-premiums.png	EPP-premiums.png	image/png	645340
ESB-2P-sample-game.png	ESB-2P-sample-game.png	image/png	317094
ESB-2P-premiums.png	ESB-2P-premiums.png	image/png	1042244
ESB2P-D-imperialwalker.gif	ESB2P-D-imperialwalker.gif	image/gif	66848
ESB2P-D-hothmountains.gif	ESB2P-D-hothmountains.gif	image/gif	65383
ESB2P-D-veers.gif	ESB2P-D-veers.gif	image/gif	60264
ESB2P-D-walkergarrison.gif	ESB2P-D-walkergarrison.gif	image/gif	70504
ESB2P-L-chewie.gif	ESB2P-L-chewie.gif	image/gif	94253
ESB2P-L-rebelsnowspeeder.gif	ESB2P-L-rebelsnowspeeder.gif	image/gif	99405
ESBIntroductoryTwoPlayerGame-L-lonerogue-decipher-archive.gif	ESBIntroductoryTwoPlayerGame-L-lonerogue-decipher-archive.gif	image/gif	99805
ESB2P-L-lonerogue.gif	ESB2P-L-lonerogue.gif	image/png	395271
Endor-D-accelerate.gif	Endor-D-accelerate.gif	image/gif	68329
Endor-D-battleorder.gif	Endor-D-battleorder.gif	image/gif	48486
Endor-D-atstpilot.gif	Endor-D-atstpilot.gif	image/gif	64479
Endor-D-bikerscoutgear.gif	Endor-D-bikerscoutgear.gif	image/gif	68932
Endor-D-aratechcorporation.gif	Endor-D-aratechcorporation.gif	image/gif	67115
Endor-D-alwaysthinkingwithyourstomach.gif	Endor-D-alwaysthinkingwithyourstomach.gif	image/gif	85248
Endor-D-anentirelegionofmybesttroops.gif	Endor-D-anentirelegionofmybesttroops.gif	image/gif	77536
Endor-D-atstdualcannon.gif	Endor-D-atstdualcannon.gif	image/gif	66190
Endor-D-closeddoor.gif	Endor-D-closeddoor.gif	image/gif	59867
Endor-D-carida.gif	Endor-D-carida.gif	image/gif	42566
Endor-D-bikerscouttrooper.gif	Endor-D-bikerscouttrooper.gif	image/gif	76252
Endor-D-commanderigar.gif	Endor-D-commanderigar.gif	image/gif	66319
Endor-D-coloneldyer.gif	Endor-D-coloneldyer.gif	image/gif	68507
Endor-D-compactfirepower.gif	Endor-D-compactfirepower.gif	image/gif	73624
Endor-D-combatreadiness.gif	Endor-D-combatreadiness.gif	image/gif	83436
Endor-D-corporalavarik.gif	Endor-D-corporalavarik.gif	image/gif	73498
Endor-D-corporaldrazin.gif	Endor-D-corporaldrazin.gif	image/gif	80467
Endor-D-corporaloberk.gif	Endor-D-corporaloberk.gif	image/gif	80331
Endor-D-corporalmisik.gif	Endor-D-corporalmisik.gif	image/gif	66458
Endor-D-dontmove.gif	Endor-D-dontmove.gif	image/gif	72362
Endor-D-corporaldrelosyn.gif	Endor-D-corporaldrelosyn.gif	image/gif	73183
Endor-D-crossfire.gif	Endor-D-crossfire.gif	image/gif	82237
Endor-D-deadewok.gif	Endor-D-deadewok.gif	image/gif	79091
Endor-D-counterattack.gif	Endor-D-counterattack.gif	image/gif	76348
Endor-D-earlywarningnetwork.gif	Endor-D-earlywarningnetwork.gif	image/gif	63952
Endor-D-empiresneworder.gif	Endor-D-empiresneworder.gif	image/gif	66360
Endor-D-endor.gif	Endor-D-endor.gif	image/gif	48004
Endor-D-eeechuwawa.gif	Endor-D-eeechuwawa.gif	image/gif	67084
Endor-D-elitesquadronstormtrooper.gif	Endor-D-elitesquadronstormtrooper.gif	image/gif	74119
Endor-D-endorancientforest.gif	Endor-D-endorancientforest.gif	image/gif	98204
Endor-D-endorbackdoor.gif	Endor-D-endorbackdoor.gif	image/gif	100873
Endor-D-endorbunker.gif	Endor-D-endorbunker.gif	image/gif	92592
Endor-D-endordarkforest.gif	Endor-D-endordarkforest.gif	image/gif	101910
Endor-D-endorlandingplatformdockingbay.gif	Endor-D-endorlandingplatformdockingbay.gif	image/gif	86383
Endor-D-endorewokvillage.gif	Endor-D-endorewokvillage.gif	image/gif	108667
Endor-D-endoroccupation.gif	Endor-D-endoroccupation.gif	image/gif	80779
Endor-D-endorgreatforest.gif	Endor-D-endorgreatforest.gif	image/gif	106465
Endor-D-endordenseforest.gif	Endor-D-endordenseforest.gif	image/gif	103786
Endor-D-endorforestclearing.gif	Endor-D-endorforestclearing.gif	image/gif	119021
Endor-D-endoroperations.gif	Endor-D-endoroperations.gif	image/gif	80657
Endor-D-establishsecretbase.gif	Endor-D-establishsecretbase.gif	image/gif	70209
Endor-D-freeze.gif	Endor-D-freeze.gif	image/gif	69405
Endor-D-goforhelp.gif	Endor-D-goforhelp.gif	image/gif	73978
Endor-D-highspeedtactics.gif	Endor-D-highspeedtactics.gif	image/gif	71137
Endor-D-hotpursuit.gif	Endor-D-hotpursuit.gif	image/gif	75167
Endor-D-imperialacademytraining.gif	Endor-D-imperialacademytraining.gif	image/gif	82095
Endor-D-imperialoutpost.gif	Endor-D-imperialoutpost.gif	image/gif	66403
Endor-D-imperialarrestorder.gif	Endor-D-imperialarrestorder.gif	image/gif	73508
Endor-D-imperialtyranny.gif	Endor-D-imperialtyranny.gif	image/gif	82744
Endor-D-lambdaclassshuttle.gif	Endor-D-lambdaclassshuttle.gif	image/gif	43848
Endor-D-itsanoldercode.gif	Endor-D-itsanoldercode.gif	image/gif	70165
Endor-D-lieutenantgrond.gif	Endor-D-lieutenantgrond.gif	image/gif	71707
Endor-D-lieutenantarnet.gif	Endor-D-lieutenantarnet.gif	image/gif	60877
Endor-D-lieutenantrenz.gif	Endor-D-lieutenantrenz.gif	image/gif	61782
Endor-D-lieutenantwatts.gif	Endor-D-lieutenantwatts.gif	image/gif	62602
Endor-D-maincourse.gif	Endor-D-maincourse.gif	image/gif	72356
Endor-D-majorhewex.gif	Endor-D-majorhewex.gif	image/gif	61621
Endor-D-majormarquand.gif	Endor-D-majormarquand.gif	image/gif	65689
Endor-D-navytrooperfenson.gif	Endor-D-navytrooperfenson.gif	image/gif	62978
Endor-D-navytroopershieldtechnician.gif	Endor-D-navytroopershieldtechnician.gif	image/gif	63067
Endor-D-navytrooper.gif	Endor-D-navytrooper.gif	image/gif	67048
Endor-D-navytroopervesden.gif	Endor-D-navytroopervesden.gif	image/gif	66498
Endor-D-ominousrumors.gif	Endor-D-ominousrumors.gif	image/gif	55530
Endor-D-outflank-decipher-archive.gif	Endor-D-outflank-decipher-archive.gif	image/gif	75440
Endor-D-perimeterpatrol.gif	Endor-D-perimeterpatrol.gif	image/gif	64575
Endor-D-pinneddown.gif	Endor-D-pinneddown.gif	image/gif	66187
Endor-D-pitifullittleband.gif	Endor-D-pitifullittleband.gif	image/gif	73644
Endor-D-scoutblaster.gif	Endor-D-scoutblaster.gif	image/gif	60569
Endor-D-relentlesstracking.gif	Endor-D-relentlesstracking.gif	image/gif	71990
Endor-D-searchanddestroy.gif	Endor-D-searchanddestroy.gif	image/gif	79020
Endor-D-scoutrecon.gif	Endor-D-scoutrecon.gif	image/gif	88094
Endor-D-outflank.gif	Endor-D-outflank.gif	image/png	286484
Endor-D-securityprecautions.gif	Endor-D-securityprecautions.gif	image/gif	67531
Endor-D-sergeantbarich.gif	Endor-D-sergeantbarich.gif	image/gif	73681
Endor-D-sergeantirol.gif	Endor-D-sergeantirol.gif	image/gif	72970
Endor-D-sergeanttarl.gif	Endor-D-sergeanttarl.gif	image/gif	69871
Endor-D-sergeantwallen.gif	Endor-D-sergeantwallen.gif	image/gif	66016
Endor-D-sneakattack.gif	Endor-D-sneakattack.gif	image/gif	70456
Endor-D-sergeantelsek.gif	Endor-D-sergeantelsek.gif	image/gif	73855
Endor-D-speederbike.gif	Endor-D-speederbike.gif	image/gif	75860
Endor-D-speederbikecannon.gif	Endor-D-speederbikecannon.gif	image/gif	62100
Endor-D-tempestscout.gif	Endor-D-tempestscout.gif	image/gif	81590
Endor-D-tempestscout1.gif	Endor-D-tempestscout1.gif	image/gif	89015
Endor-D-tempestscout3.gif	Endor-D-tempestscout3.gif	image/gif	79545
Endor-D-tempestscout2.gif	Endor-D-tempestscout2.gif	image/gif	81021
Endor-D-tempestscout4.gif	Endor-D-tempestscout4.gif	image/gif	75977
Endor-D-tempestscout5.gif	Endor-D-tempestscout5.gif	image/gif	78210
Endor-D-tempest1.gif	Endor-D-tempest1.gif	image/gif	71515
Endor-D-tempestscout6.gif	Endor-D-tempestscout6.gif	image/gif	81180
Endor-D-wellearnedcommand.gif	Endor-D-wellearnedcommand.gif	image/gif	76276
Endor-D-woundedwarrior.gif	Endor-D-woundedwarrior.gif	image/gif	72820
Endor-D-yourebelscum.gif	Endor-D-yourebelscum.gif	image/gif	64258
Endor-L-aimhigh.gif	Endor-L-aimhigh.gif	image/gif	98804
Endor-L-a280sharpshooterrifle.gif	Endor-L-a280sharpshooterrifle.gif	image/gif	101350
Endor-L-blasteche11bblasterrifle.gif	Endor-L-blasteche11bblasterrifle.gif	image/gif	114340
Endor-L-captainyutani.gif	Endor-L-captainyutani.gif	image/gif	93394
Endor-L-chandrila.gif	Endor-L-chandrila.gif	image/gif	48098
Endor-L-carefulplanning.gif	Endor-L-carefulplanning.gif	image/gif	117550
Endor-L-battleplan.gif	Endor-L-battleplan.gif	image/gif	119985
Endor-L-corporaldelevar.gif	Endor-L-corporaldelevar.gif	image/gif	90168
Endor-L-chiefchirpa.gif	Endor-L-chiefchirpa.gif	image/gif	93508
Endor-L-commandotraining.gif	Endor-L-commandotraining.gif	image/gif	103861
Endor-L-chewiesatst.gif	Endor-L-chewiesatst.gif	image/gif	110689
Endor-L-corporalbeezer.gif	Endor-L-corporalbeezer.gif	image/gif	100008
Endor-L-corporaljanse-decipher-archive.gif	Endor-L-corporaljanse-decipher-archive.gif	image/gif	101324
Endor-L-chewbaccasbowcaster.gif	Endor-L-chewbaccasbowcaster.gif	image/gif	111499
Endor-L-chewbaccaofkashyyyk.gif	Endor-L-chewbaccaofkashyyyk.gif	image/gif	100256
Endor-L-daughterofskywalker-decipher-archive.gif	Endor-L-daughterofskywalker-decipher-archive.gif	image/gif	82070
Endor-L-deactivatetheshieldgenerator-decipher-archive.gif	Endor-L-deactivatetheshieldgenerator-decipher-archive.gif	image/gif	82077
Endor-L-corporalkensaric.gif	Endor-L-corporalkensaric.gif	image/gif	89118
Endor-L-covertlanding.gif	Endor-L-covertlanding.gif	image/gif	100562
Endor-L-countmein.gif	Endor-L-countmein.gif	image/gif	98898
Endor-L-daughterofskywalker.gif	Endor-L-daughterofskywalker.gif	image/png	417796
Endor-L-corporaljanse.gif	Endor-L-corporaljanse.gif	image/png	416706
Endor-L-dresseliancommando.gif	Endor-L-dresseliancommando.gif	image/gif	96414
Endor-L-deactivatetheshieldgenerator.gif	Endor-L-deactivatetheshieldgenerator.gif	image/png	386188
Endor-L-endor.gif	Endor-L-endor.gif	image/gif	51906
Endor-L-endorbackdoor.gif	Endor-L-endorbackdoor.gif	image/gif	105684
Endor-L-endorcelebration.gif	Endor-L-endorcelebration.gif	image/gif	103553
Endor-L-endorchiefchirpashut.gif	Endor-L-endorchiefchirpashut.gif	image/gif	92565
Endor-L-endorbunker.gif	Endor-L-endorbunker.gif	image/gif	93347
Endor-L-endordenseforest.gif	Endor-L-endordenseforest.gif	image/gif	94981
Endor-L-endorewokvillage.gif	Endor-L-endorewokvillage.gif	image/gif	91722
Endor-L-endorgreatforest.gif	Endor-L-endorgreatforest.gif	image/gif	108834
Endor-L-endorlandingplatformdockingbay.gif	Endor-L-endorlandingplatformdockingbay.gif	image/gif	94039
Endor-L-endorhiddenforesttrail.gif	Endor-L-endorhiddenforesttrail.gif	image/gif	113664
Endor-L-endorrebellandingsiteforest.gif	Endor-L-endorrebellandingsiteforest.gif	image/gif	120217
Endor-L-endorscouttrooper-decipher-archive.gif	Endor-L-endorscouttrooper-decipher-archive.gif	image/gif	107044
Endor-L-ewokandroll.gif	Endor-L-ewokandroll.gif	image/gif	117526
Endor-L-endorscouttrooper.gif	Endor-L-endorscouttrooper.gif	image/png	420545
Endor-L-ewokbow.gif	Endor-L-ewokbow.gif	image/gif	111767
Endor-L-ewokcatapult.gif	Endor-L-ewokcatapult.gif	image/gif	122093
Endor-L-ewokglider.gif	Endor-L-ewokglider.gif	image/gif	114162
Endor-L-ewoklogjam.gif	Endor-L-ewoklogjam.gif	image/gif	103520
Endor-L-ewokrescue.gif	Endor-L-ewokrescue.gif	image/gif	118761
Endor-L-ewoksentry.gif	Endor-L-ewoksentry.gif	image/gif	101506
Endor-L-ewokspearman.gif	Endor-L-ewokspearman.gif	image/gif	97571
Endor-L-ewokspear.gif	Endor-L-ewokspear.gif	image/gif	113526
Endor-L-explosivecharge.gif	Endor-L-explosivecharge.gif	image/gif	92073
Endor-L-ewoktribesman.gif	Endor-L-ewoktribesman.gif	image/gif	102880
Endor-L-firefight-decipher-archive.gif	Endor-L-firefight-decipher-archive.gif	image/gif	119482
Endor-L-firefight.gif	Endor-L-firefight.gif	image/png	392680
Endor-L-freeride.gif	Endor-L-freeride.gif	image/gif	108874
Endor-L-flycasual.gif	Endor-L-flycasual.gif	image/gif	107865
Endor-L-garrisondestroyed.gif	Endor-L-garrisondestroyed.gif	image/gif	95021
Endor-L-generalcrixmadine.gif	Endor-L-generalcrixmadine.gif	image/gif	88828
Endor-L-generalsolo.gif	Endor-L-generalsolo.gif	image/gif	96746
Endor-L-graak.gif	Endor-L-graak.gif	image/gif	107247
Endor-L-herewegoagain.gif	Endor-L-herewegoagain.gif	image/gif	102280
Endor-L-iknow.gif	Endor-L-iknow.gif	image/gif	107724
Endor-L-ihaveareallybadfeelingaboutthis.gif	Endor-L-ihaveareallybadfeelingaboutthis.gif	image/gif	104891
Endor-L-ihopeshesallright.gif	Endor-L-ihopeshesallright.gif	image/gif	118972
Endor-L-insurrection.gif	Endor-L-insurrection.gif	image/gif	118599
Endor-L-iwonderwhotheyfound.gif	Endor-L-iwonderwhotheyfound.gif	image/gif	103945
Endor-L-getalongsidethatone.gif	Endor-L-getalongsidethatone.gif	image/gif	107491
Endor-L-kazak.gif	Endor-L-kazak.gif	image/gif	103927
Endor-L-logray.gif	Endor-L-logray.gif	image/gif	93993
Endor-L-lieutenantgreeve.gif	Endor-L-lieutenantgreeve.gif	image/gif	108669
Endor-L-lostinthewilderness.gif	Endor-L-lostinthewilderness.gif	image/gif	124269
Endor-L-lumat.gif	Endor-L-lumat.gif	image/gif	104355
Endor-L-monmothma.gif	Endor-L-monmothma.gif	image/gif	92596
Endor-L-rapiddeployment.gif	Endor-L-rapiddeployment.gif	image/gif	115812
Endor-L-lieutenantpage.gif	Endor-L-lieutenantpage.gif	image/gif	96854
Endor-L-sergeantbrookscarlson.gif	Endor-L-sergeantbrookscarlson.gif	image/gif	103989
Endor-L-paploo.gif	Endor-L-paploo.gif	image/gif	105522
Endor-L-rebelstriketeam.gif	Endor-L-rebelstriketeam.gif	image/gif	116242
Endor-L-rabin.gif	Endor-L-rabin.gif	image/gif	104207
Endor-L-sergeantjunkin.gif	Endor-L-sergeantjunkin.gif	image/gif	101859
Endor-L-soundtheattack.gif	Endor-L-soundtheattack.gif	image/gif	113471
Endor-L-sergeantbruckman.gif	Endor-L-sergeantbruckman.gif	image/gif	101829
Endor-L-speederbike.gif	Endor-L-speederbike.gif	image/gif	119885
Endor-L-orrimaarko.gif	Endor-L-orrimaarko.gif	image/gif	92306
Endor-L-taketheinitiative.gif	Endor-L-taketheinitiative.gif	image/gif	118755
Endor-L-teebo.gif	Endor-L-teebo.gif	image/gif	107913
Endor-L-thisisabsolutelyright.gif	Endor-L-thisisabsolutelyright.gif	image/gif	110984
Endor-L-threepio.gif	Endor-L-threepio.gif	image/gif	104010
Endor-L-tydirium.gif	Endor-L-tydirium.gif	image/gif	84635
Endor-L-throwmeanothercharge.gif	Endor-L-throwmeanothercharge.gif	image/gif	111547
Endor-L-wokling.gif	Endor-L-wokling.gif	image/gif	107477
Endor-L-romba.gif	Endor-L-romba.gif	image/gif	97475
Endor-L-wuta.gif	Endor-L-wuta.gif	image/gif	99229
Endor-L-surprisecounterassault.gif	Endor-L-surprisecounterassault.gif	image/gif	112078
Endor-L-yubyub.gif	Endor-L-yubyub.gif	image/gif	119472
Endor-L-wicket.gif	Endor-L-wicket.gif	image/gif	105728
Endor-Limited-box.png	Endor-Limited-box.png	image/png	496273
Endor-L-wereyoulookingforme.gif	Endor-L-wereyoulookingforme.gif	image/gif	115033
Endor-L-thatsone.gif	Endor-L-thatsone.gif	image/gif	105072
Endor-location-layout.png	Endor-location-layout.png	image/png	20049
Endor-L-wookieeguide.gif	Endor-L-wookieeguide.gif	image/gif	113834
Endor-L-yt1300transport.gif	Endor-L-yt1300transport.gif	image/gif	89004
EnhancedJabbasPalace-D-zuckussinmisthunter-decipher-archive.gif	EnhancedJabbasPalace-D-zuckussinmisthunter-decipher-archive.gif	image/gif	78645
Endor-Limited-rules-supplement-front.png	Endor-Limited-rules-supplement-front.png	image/png	2098710
Endor-Limited-pack.png	Endor-Limited-pack.png	image/png	115196
Endor-Limited-four-panel-poster.png	Endor-Limited-four-panel-poster.png	image/png	2264415
Endor-Limited-rules-supplement-back.png	Endor-Limited-rules-supplement-back.png	image/png	1488942
Endor-Limited-four-panel-poster-back.png	Endor-Limited-four-panel-poster-back.png	image/png	2095092
GPN-Star-Wars-banner.jpg	GPN-Star-Wars-banner.jpg	image/jpeg	38250
Glossary-2.0-card-p035-1.png	Glossary-2.0-card-p035-1.png	image/png	314306
First-Anthology-rules.png	First-Anthology-rules.png	image/png	160437
First-Anthology-preview-cards.png	First-Anthology-preview-cards.png	image/png	1095777
Glossary-2.0-card-p075-1.png	Glossary-2.0-card-p075-1.png	image/png	323241
Glossary-2.0-card-p053-1.png	Glossary-2.0-card-p053-1.png	image/png	433843
Glossary-2.0-card-p084-1.png	Glossary-2.0-card-p084-1.png	image/png	358935
Glossary-2.0-card-p060-1.png	Glossary-2.0-card-p060-1.png	image/png	318594
First-Anthology-box.png	First-Anthology-box.png	image/png	221217
Glossary-2.0-card-p085-1.png	Glossary-2.0-card-p085-1.png	image/png	247279
Glossary-2.0-card-p132-3.png	Glossary-2.0-card-p132-3.png	image/png	15645
Glossary-2.0-card-p132-1.png	Glossary-2.0-card-p132-1.png	image/png	18291
Glossary-2.0-card-p132-4.png	Glossary-2.0-card-p132-4.png	image/png	16005
Glossary-2.0-card-p132-5.png	Glossary-2.0-card-p132-5.png	image/png	23043
Glossary-2.0-card-p123-1.png	Glossary-2.0-card-p123-1.png	image/png	348664
Glossary-2.0-card-p085-2.png	Glossary-2.0-card-p085-2.png	image/png	354581
Glossary-2.0-diagram-p034.png	Glossary-2.0-diagram-p034.png	image/png	30008
Glossary-2.0-card-p132-2.png	Glossary-2.0-card-p132-2.png	image/png	18421
Glossary-2.0-diagram-p036.png	Glossary-2.0-diagram-p036.png	image/png	12284
Glossary-2.0-diagram-p086.png	Glossary-2.0-diagram-p086.png	image/png	11321
Glossary-2.0-card-p139-1.png	Glossary-2.0-card-p139-1.png	image/png	310888
Glossary-2.0-diagram-p128.png	Glossary-2.0-diagram-p128.png	image/png	11385
Glossary-2.0-diagram-p087.png	Glossary-2.0-diagram-p087.png	image/png	43341
Glossary-2.0-diagram-p117.png	Glossary-2.0-diagram-p117.png	image/png	12040
Glossary-2.0-card-p137-1.png	Glossary-2.0-card-p137-1.png	image/png	394735
Glossary-2.0-diagram-p132.png	Glossary-2.0-diagram-p132.png	image/png	51346
Glossary-2.0-card-p050-1.png	Glossary-2.0-card-p050-1.png	image/png	346332
Hoth-D-adarktimefortherebellion.gif	Hoth-D-adarktimefortherebellion.gif	image/gif	69248
Hoth-D-atatdriver.gif	Hoth-D-atatdriver.gif	image/gif	63636
Hoth-D-atatcannon-decipher-archive.gif	Hoth-D-atatcannon-decipher-archive.gif	image/gif	64272
Hoth-D-blizzard1-decipher-archive.gif	Hoth-D-blizzard1-decipher-archive.gif	image/gif	117309
Hoth-D-blizzard1.gif	Hoth-D-blizzard1.gif	image/png	326082
Hoth-D-atatcannon.gif	Hoth-D-atatcannon.gif	image/png	328768
Hoth-D-admiralozzel.gif	Hoth-D-admiralozzel.gif	image/png	350195
Hoth-D-blizzard2-decipher-archive.gif	Hoth-D-blizzard2-decipher-archive.gif	image/gif	112672
Hoth-D-admiralozzel-decipher-archive.gif	Hoth-D-admiralozzel-decipher-archive.gif	image/gif	60417
Hoth-D-breacheddefenses.gif	Hoth-D-breacheddefenses.gif	image/gif	59882
Hoth-D-blizzardwalker-decipher-archive.gif	Hoth-D-blizzardwalker-decipher-archive.gif	image/gif	112178
Hoth-D-blizzard2.gif	Hoth-D-blizzard2.gif	image/png	354505
Hoth-D-blizzardscout1.gif	Hoth-D-blizzardscout1.gif	image/png	322299
Hoth-D-captainlennox-decipher-archive.gif	Hoth-D-captainlennox-decipher-archive.gif	image/gif	114687
Hoth-D-coldfeet.gif	Hoth-D-coldfeet.gif	image/gif	71790
Hoth-D-comscandetection-decipher-archive.gif	Hoth-D-comscandetection-decipher-archive.gif	image/gif	66863
Hoth-D-collapsingcorridor.gif	Hoth-D-collapsingcorridor.gif	image/gif	63814
Hoth-D-blizzardwalker.gif	Hoth-D-blizzardwalker.gif	image/png	335388
Hoth-D-captainpiett-decipher-archive.gif	Hoth-D-captainpiett-decipher-archive.gif	image/gif	113588
Hoth-D-captainlennox.gif	Hoth-D-captainlennox.gif	image/png	346694
Hoth-D-captainpiett.gif	Hoth-D-captainpiett.gif	image/png	348631
Hoth-D-comscandetection.gif	Hoth-D-comscandetection.gif	image/png	302973
Hoth-D-crashlanding-decipher-archive.gif	Hoth-D-crashlanding-decipher-archive.gif	image/gif	83457
Hoth-D-deathsquadron-decipher-archive.gif	Hoth-D-deathsquadron-decipher-archive.gif	image/gif	53696
Hoth-D-deathmark.gif	Hoth-D-deathmark.gif	image/gif	57120
Hoth-D-debriszone.gif	Hoth-D-debriszone.gif	image/gif	58164
Hoth-D-crashlanding.gif	Hoth-D-crashlanding.gif	image/png	300819
Hoth-D-deathsquadron.gif	Hoth-D-deathsquadron.gif	image/png	293970
Hoth-D-deflectorshieldgenerators.gif	Hoth-D-deflectorshieldgenerators.gif	image/gif	57490
Hoth-D-directhit.gif	Hoth-D-directhit.gif	image/gif	56011
Hoth-D-electrorangefinder.gif	Hoth-D-electrorangefinder.gif	image/gif	56390
Hoth-D-ewebblaster-decipher-archive.gif	Hoth-D-ewebblaster-decipher-archive.gif	image/gif	72209
Hoth-D-exhaustion.gif	Hoth-D-exhaustion.gif	image/gif	63382
Hoth-D-frostbite.gif	Hoth-D-frostbite.gif	image/gif	70697
Hoth-D-exposure-decipher-archive.gif	Hoth-D-exposure-decipher-archive.gif	image/gif	66760
Hoth-D-frozendinner-decipher-archive.gif	Hoth-D-frozendinner-decipher-archive.gif	image/gif	71498
Hoth-D-ewebblaster.gif	Hoth-D-ewebblaster.gif	image/png	360548
Hoth-D-exposure.gif	Hoth-D-exposure.gif	image/png	293494
Hoth-D-fx10effexten-decipher-archive.gif	Hoth-D-fx10effexten-decipher-archive.gif	image/gif	66924
Hoth-D-frozendinner.gif	Hoth-D-frozendinner.gif	image/png	295204
Hoth-D-generalveers-decipher-archive.gif	Hoth-D-generalveers-decipher-archive.gif	image/gif	66158
Hoth-D-furryfury.gif	Hoth-D-furryfury.gif	image/gif	67047
Hoth-D-hehasntcomebackyet.gif	Hoth-D-hehasntcomebackyet.gif	image/gif	48107
Hoth-D-highanxiety-decipher-archive.gif	Hoth-D-highanxiety-decipher-archive.gif	image/gif	61707
Hoth-D-fx10effexten.gif	Hoth-D-fx10effexten.gif	image/png	362058
Hoth-D-generalveers.gif	Hoth-D-generalveers.gif	image/png	382017
Hoth-D-hoth.gif	Hoth-D-hoth.gif	image/gif	50691
Hoth-D-hothdefensiveperimeter.gif	Hoth-D-hothdefensiveperimeter.gif	image/gif	80599
Hoth-D-hothechocommandcenterwarroom.gif	Hoth-D-hothechocommandcenterwarroom.gif	image/gif	91302
Hoth-D-highanxiety.gif	Hoth-D-highanxiety.gif	image/png	293953
Hoth-D-hothechodockingbay.gif	Hoth-D-hothechodockingbay.gif	image/gif	92682
Hoth-D-hothechocorridor.gif	Hoth-D-hothechocorridor.gif	image/gif	106273
Hoth-D-hothiceplains.gif	Hoth-D-hothiceplains.gif	image/gif	72243
Hoth-D-hothnorthridge.gif	Hoth-D-hothnorthridge.gif	image/gif	69355
Hoth-D-hothwampacave.gif	Hoth-D-hothwampacave.gif	image/gif	97325
Hoth-D-icestorm.gif	Hoth-D-icestorm.gif	image/gif	47459
Hoth-D-idjustassoonkissawookiee-decipher-archive.gif	Hoth-D-idjustassoonkissawookiee-decipher-archive.gif	image/gif	65592
Hoth-D-imageofthedarklord.gif	Hoth-D-imageofthedarklord.gif	image/gif	55029
Hoth-D-imperialdomination.gif	Hoth-D-imperialdomination.gif	image/gif	46943
Hoth-D-imperialgunner-decipher-archive.gif	Hoth-D-imperialgunner-decipher-archive.gif	image/gif	75305
Hoth-D-idjustassoonkissawookiee.gif	Hoth-D-idjustassoonkissawookiee.gif	image/png	302989
Hoth-D-imperialsupply.gif	Hoth-D-imperialsupply.gif	image/gif	74888
Hoth-D-infantrymine-decipher-archive.gif	Hoth-D-infantrymine-decipher-archive.gif	image/gif	63001
Hoth-D-imperialgunner.gif	Hoth-D-imperialgunner.gif	image/png	350586
Hoth-D-lieutenantcabbel-decipher-archive.gif	Hoth-D-lieutenantcabbel-decipher-archive.gif	image/gif	70435
Hoth-D-infantrymine.gif	Hoth-D-infantrymine.gif	image/png	305004
Hoth-D-lightsaberdeficiency.gif	Hoth-D-lightsaberdeficiency.gif	image/gif	63487
Hoth-D-meteorimpact.gif	Hoth-D-meteorimpact.gif	image/gif	60315
Hoth-D-mournfulroar-decipher-archive.gif	Hoth-D-mournfulroar-decipher-archive.gif	image/gif	76981
Hoth-D-lieutenantcabbel.gif	Hoth-D-lieutenantcabbel.gif	image/png	352236
Hoth-D-ohswitchoff-decipher-archive.gif	Hoth-D-ohswitchoff-decipher-archive.gif	image/gif	75056
Hoth-D-mournfulroar.gif	Hoth-D-mournfulroar.gif	image/png	306473
Hoth-D-ourfirstcatchoftheday.gif	Hoth-D-ourfirstcatchoftheday.gif	image/gif	61349
Hoth-D-ordmantell.gif	Hoth-D-ordmantell.gif	image/gif	51580
Hoth-D-portablefusiongenerator.gif	Hoth-D-portablefusiongenerator.gif	image/gif	65937
Hoth-D-probeantennae-decipher-archive.gif	Hoth-D-probeantennae-decipher-archive.gif	image/gif	47512
Hoth-D-ohswitchoff.gif	Hoth-D-ohswitchoff.gif	image/png	299264
Hoth-D-probeantennae.gif	Hoth-D-probeantennae.gif	image/png	310103
Hoth-D-probedroid-decipher-archive.gif	Hoth-D-probedroid-decipher-archive.gif	image/gif	73432
Hoth-D-probedroidlaser-decipher-archive.gif	Hoth-D-probedroidlaser-decipher-archive.gif	image/gif	60441
Hoth-D-probetelemetry.gif	Hoth-D-probetelemetry.gif	image/gif	52629
Hoth-D-responsibilityofcommand-decipher-archive.gif	Hoth-D-responsibilityofcommand-decipher-archive.gif	image/gif	70959
Hoth-D-responsibilityofcommand.gif	Hoth-D-responsibilityofcommand.gif	image/gif	73073
Hoth-D-probedroid.gif	Hoth-D-probedroid.gif	image/png	364711
Hoth-D-probedroidlaser.gif	Hoth-D-probedroidlaser.gif	image/png	326539
Hoth-D-scruffylookingnerfherder.gif	Hoth-D-scruffylookingnerfherder.gif	image/gif	66888
Hoth-D-selfdestructmechanism-decipher-archive.gif	Hoth-D-selfdestructmechanism-decipher-archive.gif	image/gif	71410
Hoth-D-selfdestructmechanism.gif	Hoth-D-selfdestructmechanism.gif	image/gif	68164
Hoth-D-silenceisgolden.gif	Hoth-D-silenceisgolden.gif	image/gif	63181
Hoth-D-snowtrooper-decipher-archive.gif	Hoth-D-snowtrooper-decipher-archive.gif	image/gif	82484
Hoth-D-snowtrooperofficer.gif	Hoth-D-snowtrooperofficer.gif	image/gif	62957
Hoth-D-snowtrooper.gif	Hoth-D-snowtrooper.gif	image/gif	75558
Hoth-D-stalker.gif	Hoth-D-stalker.gif	image/gif	91785
Hoth-D-tacticalsupport.gif	Hoth-D-tacticalsupport.gif	image/gif	73975
Hoth-D-stopmotion.gif	Hoth-D-stopmotion.gif	image/gif	57336
Hoth-D-targetthemaingenerator.gif	Hoth-D-targetthemaingenerator.gif	image/gif	65494
Hoth-D-thatsittherebelsarethere-decipher-archive.gif	Hoth-D-thatsittherebelsarethere-decipher-archive.gif	image/gif	72623
Hoth-D-thatsittherebelsarethere.gif	Hoth-D-thatsittherebelsarethere.gif	image/gif	68946
Hoth-D-turnitoffturnitoff.gif	Hoth-D-turnitoffturnitoff.gif	image/gif	62582
Hoth-D-toocoldforspeeders.gif	Hoth-D-toocoldforspeeders.gif	image/gif	67848
Hoth-D-thisisjustwrong.gif	Hoth-D-thisisjustwrong.gif	image/gif	64211
Hoth-D-tyrant.gif	Hoth-D-tyrant.gif	image/gif	53457
Hoth-D-theshielddoorsmustbeclosed.gif	Hoth-D-theshielddoorsmustbeclosed.gif	image/gif	56056
Hoth-D-trample-decipher-archive.gif	Hoth-D-trample-decipher-archive.gif	image/gif	69001
Hoth-D-vehiclemine-decipher-archive.gif	Hoth-D-vehiclemine-decipher-archive.gif	image/gif	52879
Hoth-D-trample.gif	Hoth-D-trample.gif	image/gif	70660
Hoth-D-yagglegakkle.gif	Hoth-D-yagglegakkle.gif	image/gif	58478
Hoth-D-weaponmalfunction.gif	Hoth-D-weaponmalfunction.gif	image/gif	62799
Hoth-D-walloffire.gif	Hoth-D-walloffire.gif	image/gif	65233
Hoth-D-walloffire-decipher-archive.gif	Hoth-D-walloffire-decipher-archive.gif	image/gif	65587
Hoth-D-walkerbarrage-decipher-archive.gif	Hoth-D-walkerbarrage-decipher-archive.gif	image/gif	76030
Hoth-D-walkerbarrage.gif	Hoth-D-walkerbarrage.gif	image/gif	89060
Hoth-D-vehiclemine.gif	Hoth-D-vehiclemine.gif	image/gif	87368
Hoth-D-wampa.gif	Hoth-D-wampa.gif	image/gif	90965
Hoth-Japanese-pack.png	Hoth-Japanese-pack.png	image/png	82595
Hoth-L-21btooonebee-decipher-archive.gif	Hoth-L-21btooonebee-decipher-archive.gif	image/gif	94627
Hoth-L-artilleryremote.gif	Hoth-L-artilleryremote.gif	image/gif	100600
Hoth-L-anakinslightsaber-decipher-archive.gif	Hoth-L-anakinslightsaber-decipher-archive.gif	image/gif	156193
Hoth-Japanese-rules-supplement.png	Hoth-Japanese-rules-supplement.png	image/png	330805
Hoth-Japanese-box.png	Hoth-Japanese-box.png	image/png	333517
Hoth-L-anakinslightsaber.gif	Hoth-L-anakinslightsaber.gif	image/png	420612
Hoth-L-21btooonebee.gif	Hoth-L-21btooonebee.gif	image/png	436648
Hoth-L-atgarlasercannon-decipher-archive.gif	Hoth-L-atgarlasercannon-decipher-archive.gif	image/gif	151921
Hoth-L-attackpatterndelta.gif	Hoth-L-attackpatterndelta.gif	image/gif	93257
Hoth-L-calalder.gif	Hoth-L-calalder.gif	image/gif	97957
Hoth-L-atgarlasercannon.gif	Hoth-L-atgarlasercannon.gif	image/png	416745
Hoth-L-bactatank-decipher-archive.gif	Hoth-L-bactatank-decipher-archive.gif	image/gif	147432
Hoth-L-commanderlukeskywalker-decipher-archive.gif	Hoth-L-commanderlukeskywalker-decipher-archive.gif	image/gif	99975
Hoth-L-bactatank.gif	Hoth-L-bactatank.gif	image/png	399000
Hoth-L-commanderlukeskywalker.gif	Hoth-L-commanderlukeskywalker.gif	image/png	431673
Hoth-L-concussiongrenade-decipher-archive.gif	Hoth-L-concussiongrenade-decipher-archive.gif	image/gif	103628
Hoth-L-darkdissension.gif	Hoth-L-darkdissension.gif	image/gif	97439
Hoth-L-concussiongrenade.gif	Hoth-L-concussiongrenade.gif	image/png	426498
Hoth-L-derekhobbieklivian-decipher-archive.gif	Hoth-L-derekhobbieklivian-decipher-archive.gif	image/gif	107465
Hoth-L-dackralter.gif	Hoth-L-dackralter.gif	image/png	408603
Hoth-L-disarmingcreature.gif	Hoth-L-disarmingcreature.gif	image/gif	103181
Hoth-L-derekhobbieklivian.gif	Hoth-L-derekhobbieklivian.gif	image/png	425320
Hoth-L-duallasercannon-decipher-archive.gif	Hoth-L-duallasercannon-decipher-archive.gif	image/gif	99420
Hoth-L-echobaseoperations.gif	Hoth-L-echobaseoperations.gif	image/gif	92096
Hoth-L-echobasetrooper.gif	Hoth-L-echobasetrooper.gif	image/gif	90074
Hoth-L-echobasetrooperofficer.gif	Hoth-L-echobasetrooperofficer.gif	image/gif	92203
Hoth-L-duallasercannon.gif	Hoth-L-duallasercannon.gif	image/png	409673
Hoth-L-echotrooperbackpack-decipher-archive.gif	Hoth-L-echotrooperbackpack-decipher-archive.gif	image/gif	107177
Hoth-L-eg4eegeefour.gif	Hoth-L-eg4eegeefour.gif	image/gif	93671
Hoth-L-evacuationcontrol-decipher-archive.gif	Hoth-L-evacuationcontrol-decipher-archive.gif	image/gif	101637
Hoth-L-echotrooperbackpack.gif	Hoth-L-echotrooperbackpack.gif	image/png	427242
Hoth-L-frostbite.gif	Hoth-L-frostbite.gif	image/gif	87431
Hoth-L-fallback-decipher-archive.gif	Hoth-L-fallback-decipher-archive.gif	image/gif	109543
Hoth-L-evacuationcontrol.gif	Hoth-L-evacuationcontrol.gif	image/png	406476
Hoth-L-fallback.gif	Hoth-L-fallback.gif	image/png	411327
Hoth-L-fx7effexseven-decipher-archive.gif	Hoth-L-fx7effexseven-decipher-archive.gif	image/gif	104792
Hoth-L-generalcarlistrieekan.gif	Hoth-L-generalcarlistrieekan.gif	image/gif	76945
Hoth-L-fx7effexseven.gif	Hoth-L-fx7effexseven.gif	image/png	429755
Hoth-L-golanlaserbattery-decipher-archive.gif	Hoth-L-golanlaserbattery-decipher-archive.gif	image/gif	102615
Hoth-L-hoth.gif	Hoth-L-hoth.gif	image/gif	55773
Hoth-L-hothdefensiveperimeter.gif	Hoth-L-hothdefensiveperimeter.gif	image/gif	84982
Hoth-L-hothechocommandcenterwarroom.gif	Hoth-L-hothechocommandcenterwarroom.gif	image/gif	96439
Hoth-L-golanlaserbattery.gif	Hoth-L-golanlaserbattery.gif	image/png	400293
Hoth-L-hothechocorridor.gif	Hoth-L-hothechocorridor.gif	image/gif	94559
Hoth-L-hothechodockingbay.gif	Hoth-L-hothechodockingbay.gif	image/gif	104999
Hoth-L-hothmainpowergenerators.gif	Hoth-L-hothmainpowergenerators.gif	image/gif	91399
Hoth-L-hothechomedlab.gif	Hoth-L-hothechomedlab.gif	image/png	366570
Hoth-L-hothnorthridge.gif	Hoth-L-hothnorthridge.gif	image/gif	73217
Hoth-L-hothsnowtrench.gif	Hoth-L-hothsnowtrench.gif	image/gif	87085
Hoth-L-icestorm.gif	Hoth-L-icestorm.gif	image/gif	88736
Hoth-L-hothsurvivalgear.gif	Hoth-L-hothsurvivalgear.gif	image/gif	100156
Hoth-L-infantrymine-decipher-archive.gif	Hoth-L-infantrymine-decipher-archive.gif	image/gif	101942
Hoth-L-itcanwait-decipher-archive.gif	Hoth-L-itcanwait-decipher-archive.gif	image/gif	110933
Hoth-L-ithoughttheysmelledbad-decipher-archive.gif	Hoth-L-ithoughttheysmelledbad-decipher-archive.gif	image/gif	115972
Hoth-L-infantrymine.gif	Hoth-L-infantrymine.gif	image/png	441728
Hoth-L-jeroenwebb-decipher-archive.gif	Hoth-L-jeroenwebb-decipher-archive.gif	image/gif	93651
Hoth-L-k3pokaythreepio-decipher-archive.gif	Hoth-L-k3pokaythreepio-decipher-archive.gif	image/gif	98504
Hoth-L-ithoughttheysmelledbadontheoutside.gif	Hoth-L-ithoughttheysmelledbadontheoutside.gif	image/png	410573
Hoth-L-itcanwait.gif	Hoth-L-itcanwait.gif	image/png	384587
Hoth-L-jeroenwebb.gif	Hoth-L-jeroenwebb.gif	image/png	418115
Hoth-L-k3pokaythreepio.gif	Hoth-L-k3pokaythreepio.gif	image/png	420634
Hoth-L-majorbrenderlin.gif	Hoth-L-majorbrenderlin.gif	image/png	421978
Hoth-L-mediumrepeatingblastercannon-decipher-archive.gif	Hoth-L-mediumrepeatingblastercannon-decipher-archive.gif	image/gif	109029
Hoth-L-majorbrenderlin-decipher-archive.gif	Hoth-L-majorbrenderlin-decipher-archive.gif	image/gif	88150
Hoth-L-luckyshot.gif	Hoth-L-luckyshot.gif	image/gif	100586
Hoth-L-mediumtransport.gif	Hoth-L-mediumtransport.gif	image/gif	93985
Hoth-L-onemorepass-decipher-archive.gif	Hoth-L-onemorepass-decipher-archive.gif	image/gif	110620
Hoth-L-ordmantell-decipher-archive.gif	Hoth-L-ordmantell-decipher-archive.gif	image/gif	60825
Hoth-L-mediumrepeatingblastercannon.gif	Hoth-L-mediumrepeatingblastercannon.gif	image/png	430211
Hoth-L-onemorepass.gif	Hoth-L-onemorepass.gif	image/png	407202
Hoth-L-ordmantell.gif	Hoth-L-ordmantell.gif	image/png	337729
Hoth-L-planetdefenderioncannon-decipher-archive.gif	Hoth-L-planetdefenderioncannon-decipher-archive.gif	image/gif	107538
Hoth-L-planetdefenderioncannon.gif	Hoth-L-planetdefenderioncannon.gif	image/png	448650
Hoth-L-perimeterscan.gif	Hoth-L-perimeterscan.gif	image/gif	101922
Hoth-L-r2sensorarray.gif	Hoth-L-r2sensorarray.gif	image/gif	88332
Hoth-L-r3poarthreepio.gif	Hoth-L-r3poarthreepio.gif	image/gif	93025
Hoth-L-powerharpoon-decipher-archive.gif	Hoth-L-powerharpoon-decipher-archive.gif	image/gif	108471
Hoth-L-powerharpoon.gif	Hoth-L-powerharpoon.gif	image/png	420378
Hoth-L-r5m2arfiveemmtoo.gif	Hoth-L-r5m2arfiveemmtoo.gif	image/gif	93450
Hoth-L-rebelscout-decipher-archive.gif	Hoth-L-rebelscout-decipher-archive.gif	image/gif	81993
Hoth-L-rebelscout.gif	Hoth-L-rebelscout.gif	image/gif	74479
Hoth-L-rogue1.gif	Hoth-L-rogue1.gif	image/gif	98753
Hoth-L-niceofyouguystodropby.gif	Hoth-L-niceofyouguystodropby.gif	image/gif	104596
Hoth-L-roguegunner.gif	Hoth-L-roguegunner.gif	image/gif	90840
Hoth-L-rogue2.gif	Hoth-L-rogue2.gif	image/gif	91647
Hoth-L-shawnvaldez.gif	Hoth-L-shawnvaldez.gif	image/gif	94757
Hoth-L-snowspeeder-decipher-archive.gif	Hoth-L-snowspeeder-decipher-archive.gif	image/gif	105688
Hoth-L-shawnvaldez-decipher-archive.gif	Hoth-L-shawnvaldez-decipher-archive.gif	image/gif	99981
Hoth-L-rughug.gif	Hoth-L-rughug.gif	image/gif	107033
Hoth-L-romaslocknavander.gif	Hoth-L-romaslocknavander.gif	image/gif	109189
Hoth-L-rogue3.gif	Hoth-L-rogue3.gif	image/gif	99518
Hoth-L-snowspeeder.gif	Hoth-L-snowspeeder.gif	image/gif	93897
Hoth-L-tauntaun.gif	Hoth-L-tauntaun.gif	image/gif	93106
Hoth-L-surfacedefensecannon-decipher-archive.gif	Hoth-L-surfacedefensecannon-decipher-archive.gif	image/gif	102567
Hoth-L-surfacedefensecannon.gif	Hoth-L-surfacedefensecannon.gif	image/gif	113994
Hoth-L-tauntaunbones.gif	Hoth-L-tauntaunbones.gif	image/gif	99019
Hoth-L-tamizanderrey.gif	Hoth-L-tamizanderrey.gif	image/gif	114103
Hoth-L-tauntaun-decipher-archive.gif	Hoth-L-tauntaun-decipher-archive.gif	image/gif	109194
Hoth-L-tauntaunhandler-decipher-archive.gif	Hoth-L-tauntaunhandler-decipher-archive.gif	image/gif	100924
Hoth-L-tauntaunhandler.gif	Hoth-L-tauntaunhandler.gif	image/gif	94723
Hoth-L-tigranjamiro.gif	Hoth-L-tigranjamiro.gif	image/gif	87768
Hoth-L-thefirsttransportisaway.gif	Hoth-L-thefirsttransportisaway.gif	image/gif	77347
Hoth-L-torynfarr-decipher-archive.gif	Hoth-L-torynfarr-decipher-archive.gif	image/gif	99963
Hoth-L-underattack-decipher-archive.gif	Hoth-L-underattack-decipher-archive.gif	image/gif	104832
Hoth-L-underattack.gif	Hoth-L-underattack.gif	image/gif	101760
Hoth-L-torynfarr.gif	Hoth-L-torynfarr.gif	image/gif	106087
Hoth-L-vehiclemine-decipher-archive.gif	Hoth-L-vehiclemine-decipher-archive.gif	image/gif	107182
Hoth-L-walkersighting.gif	Hoth-L-walkersighting.gif	image/gif	94565
Hoth-L-vehiclemine.gif	Hoth-L-vehiclemine.gif	image/gif	125096
Hoth-L-wed1016techiedroid-decipher-archive.gif	Hoth-L-wed1016techiedroid-decipher-archive.gif	image/gif	102950
Hoth-L-wed1016techiedroid.gif	Hoth-L-wed1016techiedroid.gif	image/gif	96417
Hoth-L-wesjanson-decipher-archive.gif	Hoth-L-wesjanson-decipher-archive.gif	image/gif	96625
Hoth-L-wesjanson.gif	Hoth-L-wesjanson.gif	image/gif	94562
Hoth-L-wyronserper-decipher-archive.gif	Hoth-L-wyronserper-decipher-archive.gif	image/gif	99735
Hoth-L-whosscruffylooking.gif	Hoth-L-whosscruffylooking.gif	image/gif	111520
Hoth-L-youhavefailedmeforthelasttime.gif	Hoth-L-youhavefailedmeforthelasttime.gif	image/gif	103910
Hoth-L-wyronserper.gif	Hoth-L-wyronserper.gif	image/gif	112205
Hoth-L-youwillgotothedagobahsystem.gif	Hoth-L-youwillgotothedagobahsystem.gif	image/gif	99188
Hoth-L-zevsenesca-decipher-archive.gif	Hoth-L-zevsenesca-decipher-archive.gif	image/gif	105138
Hoth-L-zevsenesca.gif	Hoth-L-zevsenesca.gif	image/gif	106873
Hoth-Limited-Box-v2.webp	Hoth-Limited-Box-v2.webp	image/webp	78486
Hoth-Limited-R-3PO-corrected.png	Hoth-Limited-R-3PO-corrected.png	image/png	157375
Hoth-Limited-booster-pack-encyc.png	Hoth-Limited-booster-pack-encyc.png	image/png	6628
Hoth-Limited-Box-v2.png	Hoth-Limited-Box-v2.png	image/png	609225
Hoth-Limited-Turn-It-Off-variant.png	Hoth-Limited-Turn-It-Off-variant.png	image/png	69147
Hoth-Limited-R-3PO-misprint.png	Hoth-Limited-R-3PO-misprint.png	image/png	114720
Hoth-Limited-decipher-ad-insert.png	Hoth-Limited-decipher-ad-insert.png	image/png	341568
Hoth-Limited-display-box.png	Hoth-Limited-display-box.png	image/png	397310
Hoth-Limited-promotional-insert.png	Hoth-Limited-promotional-insert.png	image/png	189434
Hoth-Limited-four-panel-poster.png	Hoth-Limited-four-panel-poster.png	image/png	992885
Hoth-Limited-print-ad.png	Hoth-Limited-print-ad.png	image/png	623615
Hoth-Limited-four-panel-poster-back.png	Hoth-Limited-four-panel-poster-back.png	image/png	1827669
Hoth-Limited-rare-sheet-backs.png	Hoth-Limited-rare-sheet-backs.png	image/png	1364340
Hoth-Limited-ls-rare-sheet.png	Hoth-Limited-ls-rare-sheet.png	image/png	5833114
Hoth-Limited-rare-sheet.png	Hoth-Limited-rare-sheet.png	image/png	1742624
Hoth-Revised-display-box.png	Hoth-Revised-display-box.png	image/png	403910
Hoth-Revised-pack.png	Hoth-Revised-pack.png	image/png	109998
Hoth-Limited-rules-supplement-back.png	Hoth-Limited-rules-supplement-back.png	image/png	1815547
Hoth-test-run-dark-back.png	Hoth-test-run-dark-back.png	image/png	75137
Hoth-Limited-rules-supplement-front.png	Hoth-Limited-rules-supplement-front.png	image/png	1746223
Hoth-Revised-rules-supplement.png	Hoth-Revised-rules-supplement.png	image/png	396677
Icon-Coruscant-2.png	Icon-Coruscant-2.png	image/png	3350
Icon-Coruscant-1.png	Icon-Coruscant-1.png	image/png	3219
Hoth-test-run-luke.png	Hoth-test-run-luke.png	image/png	137090
Icon-Coruscant-3.png	Icon-Coruscant-3.png	image/png	1116
Icon-Coruscant-4.png	Icon-Coruscant-4.png	image/png	819
Hoth-Limited-ds-rare-sheet.png	Hoth-Limited-ds-rare-sheet.png	image/png	5274244
Icon-Coruscant-5.png	Icon-Coruscant-5.png	image/png	892
Hoth-test-run-sheet.png	Hoth-test-run-sheet.png	image/png	435729
Icon-Epic-Event.png	Icon-Epic-Event.png	image/png	11888
Icon-Effect.png	Icon-Effect.png	image/png	13762
Icon-Force-Dark.png	Icon-Force-Dark.png	image/png	8160
Icon-Force-Light.png	Icon-Force-Light.png	image/png	8918
Icon-Episode-I.png	Icon-Episode-I.png	image/png	19803
Icon-Interrupt.png	Icon-Interrupt.png	image/png	12482
Icon-Jedi-Test.png	Icon-Jedi-Test.png	image/png	8973
Icon-Objective.png	Icon-Objective.png	image/png	9853
Icon-Scomp-link.png	Icon-Scomp-link.png	image/png	10388
Icon-Presence.png	Icon-Presence.png	image/png	2435
Icon-Podracer.png	Icon-Podracer.png	image/png	3432
Icon-character-Jedi-Master-Dark.png	Icon-character-Jedi-Master-Dark.png	image/png	9962
Icon-character-Jedi-Master-Light.png	Icon-character-Jedi-Master-Light.png	image/png	10759
Icon-Trade-Federation.png	Icon-Trade-Federation.png	image/png	20837
Icon-character-Imperial.png	Icon-character-Imperial.png	image/png	12189
Icon-character-Rebel.png	Icon-character-Rebel.png	image/png	11516
Icon-character-alien.png	Icon-character-alien.png	image/png	9089
Icon-creature-site.png	Icon-creature-site.png	image/png	11000
Icon-character-droid.png	Icon-character-droid.png	image/png	11444
Icon-exterior.png	Icon-exterior.png	image/png	8094
Icon-creature.png	Icon-creature.png	image/png	11749
Icon-device.png	Icon-device.png	image/png	11949
Icon-interior.png	Icon-interior.png	image/png	6956
Icon-nav-computer.png	Icon-nav-computer.png	image/png	10896
Icon-mobile.png	Icon-mobile.png	image/png	11592
Icon-independent-starship.png	Icon-independent-starship.png	image/png	12150
Icon-selective-creature.png	Icon-selective-creature.png	image/png	11139
Icon-permanent-weapon.png	Icon-permanent-weapon.png	image/png	9873
Icon-permanent-weapon-epp.png	Icon-permanent-weapon-epp.png	image/png	1059
Icon-planet.png	Icon-planet.png	image/png	9645
Icon-pilot-Light.png	Icon-pilot-Light.png	image/png	11942
Icon-pilot-Dark.png	Icon-pilot-Dark.png	image/png	12285
Icon-set-Cloud-City.png	Icon-set-Cloud-City.png	image/png	12187
Icon-set-A-New-Hope.png	Icon-set-A-New-Hope.png	image/png	12204
Icon-set-Dagobah.png	Icon-set-Dagobah.png	image/png	12427
Icon-set-Hoth.png	Icon-set-Hoth.png	image/png	11647
Icon-set-Death-Star-II.png	Icon-set-Death-Star-II.png	image/png	12803
Icon-set-Endor.png	Icon-set-Endor.png	image/png	11962
Icon-set-Jabbas-Palace.png	Icon-set-Jabbas-Palace.png	image/png	12498
Icon-set-premium.png	Icon-set-premium.png	image/png	12399
Icon-set-Special-Edition.png	Icon-set-Special-Edition.png	image/png	12068
Icon-set-Tatooine.png	Icon-set-Tatooine.png	image/png	22174
Icon-space.png	Icon-space.png	image/png	5825
Icon-underground.png	Icon-underground.png	image/png	10617
Icon-starship.png	Icon-starship.png	image/png	10704
Icon-underwater.png	Icon-underwater.png	image/png	926
Icon-warrior.png	Icon-warrior.png	image/png	9713
Icon-starship-site.png	Icon-starship-site.png	image/png	13212
Icon-vehicle-site.png	Icon-vehicle-site.png	image/png	11418
Icon-vehicle.png	Icon-vehicle.png	image/png	12956
Icon-weapon.png	Icon-weapon.png	image/png	12476
JP-D-abyssin.gif	JP-D-abyssin.gif	image/gif	59747
JP-D-abyssinornament.gif	JP-D-abyssinornament.gif	image/gif	70545
JP-D-allwrappedup-decipher-archive.gif	JP-D-allwrappedup-decipher-archive.gif	image/gif	91200
JP-D-amanin.gif	JP-D-amanin.gif	image/gif	55370
JP-D-amanaman.gif	JP-D-amanaman.gif	image/gif	50178
Icon_Reference_Sheet_Feb_2024.pdf	Icon_Reference_Sheet_Feb_2024.pdf	application/pdf	434259
JP-D-allwrappedup.gif	JP-D-allwrappedup.gif	image/png	264706
JP-D-antipersonnellasercannon-decipher-archive.gif	JP-D-antipersonnellasercannon-decipher-archive.gif	image/gif	112257
JP-D-aqualish.gif	JP-D-aqualish.gif	image/gif	60427
JP-D-banemalar.gif	JP-D-banemalar.gif	image/gif	72755
JP-D-banthafodder.gif	JP-D-banthafodder.gif	image/gif	48979
JP-D-antipersonnellasercannon.gif	JP-D-antipersonnellasercannon.gif	image/png	311631
JP-D-barada-decipher-archive.gif	JP-D-barada-decipher-archive.gif	image/gif	114229
JP-D-beedo-decipher-archive.gif	JP-D-beedo-decipher-archive.gif	image/gif	114969
JP-D-barada.gif	JP-D-barada.gif	image/png	344266
JP-D-bibfortuna.gif	JP-D-bibfortuna.gif	image/gif	52009
JP-D-bubo.gif	JP-D-bubo.gif	image/gif	79794
JP-D-beedo.gif	JP-D-beedo.gif	image/png	357158
JP-D-caneadiss-decipher-archive.gif	JP-D-caneadiss-decipher-archive.gif	image/gif	102377
JP-D-chevin.gif	JP-D-chevin.gif	image/gif	59841
JP-D-cz4.gif	JP-D-cz4.gif	image/gif	64649
JP-D-caneadiss.gif	JP-D-caneadiss.gif	image/png	311823
JP-D-dengarsmodifiedriotgun-decipher-archive.gif	JP-D-dengarsmodifiedriotgun-decipher-archive.gif	image/gif	63910
JP-D-denofthieves.gif	JP-D-denofthieves.gif	image/gif	57810
JP-D-doublelasercannon-decipher-archive.gif	JP-D-doublelasercannon-decipher-archive.gif	image/gif	63669
JP-D-dengarsmodifiedriotgun.gif	JP-D-dengarsmodifiedriotgun.gif	image/png	313191
JP-D-duneseasabacc.gif	JP-D-duneseasabacc.gif	image/gif	53217
JP-D-ev9d9.gif	JP-D-ev9d9.gif	image/gif	54309
JP-D-ephantmon.gif	JP-D-ephantmon.gif	image/gif	70775
JP-D-doublelasercannon.gif	JP-D-doublelasercannon.gif	image/png	317286
JP-D-fozec.gif	JP-D-fozec.gif	image/png	336559
JP-D-gamorreanguard.gif	JP-D-gamorreanguard.gif	image/gif	58010
JP-D-gailid.gif	JP-D-gailid.gif	image/png	315631
JP-D-giran.gif	JP-D-giran.gif	image/gif	46754
JP-D-herat.gif	JP-D-herat.gif	image/gif	58822
JP-D-hermiodle.gif	JP-D-hermiodle.gif	image/gif	65873
JP-D-gamorreanax.gif	JP-D-gamorreanax.gif	image/png	325046
JP-D-hiddenweapons.gif	JP-D-hiddenweapons.gif	image/gif	47298
JP-D-huttsmooch.gif	JP-D-huttsmooch.gif	image/gif	53051
JP-D-informationexchange.gif	JP-D-informationexchange.gif	image/gif	54717
JP-D-jabbaspalaceaudiencechamber.gif	JP-D-jabbaspalaceaudiencechamber.gif	image/gif	70861
JP-D-jabbaspalacedroidworkshop.gif	JP-D-jabbaspalacedroidworkshop.gif	image/gif	93422
JP-D-jabbaspalaceentrancecavern.gif	JP-D-jabbaspalaceentrancecavern.gif	image/gif	68511
JP-D-jabbaspalacedungeon.gif	JP-D-jabbaspalacedungeon.gif	image/gif	78098
JP-D-huttbounty.gif	JP-D-huttbounty.gif	image/png	289591
JP-D-jabbaspalacerancorpit.gif	JP-D-jabbaspalacerancorpit.gif	image/gif	77853
JP-D-jabbaspalacesabacc.gif	JP-D-jabbaspalacesabacc.gif	image/gif	48825
JP-D-jetpack.gif	JP-D-jetpack.gif	image/gif	45128
JP-D-jquille.gif	JP-D-jquille.gif	image/gif	59800
JP-D-klaatu.gif	JP-D-klaatu.gif	image/gif	53936
JP-D-jabbassailbarge.gif	JP-D-jabbassailbarge.gif	image/png	308791
JP-D-jabbassailbargepassengerdeck.gif	JP-D-jabbassailbargepassengerdeck.gif	image/png	335782
JP-D-jabbathehutt.gif	JP-D-jabbathehutt.gif	image/png	360142
JP-D-kithaba.gif	JP-D-kithaba.gif	image/png	315373
JP-D-malakili.gif	JP-D-malakili.gif	image/gif	51146
JP-D-murttocyine.gif	JP-D-murttocyine.gif	image/gif	56184
JP-D-nizucbek.gif	JP-D-nizucbek.gif	image/gif	57196
JP-D-nalhutta.gif	JP-D-nalhutta.gif	image/gif	48728
JP-D-nikto.gif	JP-D-nikto.gif	image/gif	52877
JP-D-nysad.gif	JP-D-nysad.gif	image/gif	52550
JP-D-noneshallpass.gif	JP-D-noneshallpass.gif	image/gif	53293
JP-D-moseisleyblaster.gif	JP-D-moseisleyblaster.gif	image/png	304059
JP-D-ortugg.gif	JP-D-ortugg.gif	image/gif	49645
JP-D-potesnitkin.gif	JP-D-potesnitkin.gif	image/gif	63644
JP-D-quickreflexes.gif	JP-D-quickreflexes.gif	image/gif	48420
JP-D-quarren.gif	JP-D-quarren.gif	image/gif	53774
JP-D-rancor.gif	JP-D-rancor.gif	image/gif	70354
JP-D-reeyees.gif	JP-D-reeyees.gif	image/gif	59902
JP-D-resistance.gif	JP-D-resistance.gif	image/gif	51642
JP-D-salaciouscrumb.gif	JP-D-salaciouscrumb.gif	image/gif	52192
JP-D-sandwhirl.gif	JP-D-sandwhirl.gif	image/gif	53382
JP-D-scumandvillainy.gif	JP-D-scumandvillainy.gif	image/gif	66394
JP-D-skiff.gif	JP-D-skiff.gif	image/gif	54431
JP-D-tatooinedesert.gif	JP-D-tatooinedesert.gif	image/gif	71104
JP-D-skrilling.gif	JP-D-skrilling.gif	image/gif	72300
JP-D-thermaldetonator.gif	JP-D-thermaldetonator.gif	image/gif	56737
JP-D-taymdrengaren.gif	JP-D-taymdrengaren.gif	image/gif	60459
JP-D-torture.gif	JP-D-torture.gif	image/gif	55540
JP-D-trapdoor.gif	JP-D-trapdoor.gif	image/gif	52325
JP-D-tatooinejabbaspalace.gif	JP-D-tatooinejabbaspalace.gif	image/gif	72899
JP-D-trandoshan.gif	JP-D-trandoshan.gif	image/gif	63986
JP-D-tatooinegreatpitofcarkoon.gif	JP-D-tatooinegreatpitofcarkoon.gif	image/gif	77333
JP-D-thulfain.gif	JP-D-thulfain.gif	image/gif	97202
JP-D-vibroax.gif	JP-D-vibroax.gif	image/gif	48240
JP-D-velkentezeri.gif	JP-D-velkentezeri.gif	image/gif	55245
JP-D-twilekadvisor.gif	JP-D-twilekadvisor.gif	image/gif	64464
JP-D-vedain.gif	JP-D-vedain.gif	image/gif	48220
JP-D-weequayhunter.gif	JP-D-weequayhunter.gif	image/gif	48191
JP-D-vizam.gif	JP-D-vizam.gif	image/gif	58222
JP-D-weequayguard.gif	JP-D-weequayguard.gif	image/gif	60969
JP-D-weequaymarksman.gif	JP-D-weequaymarksman.gif	image/gif	63126
JP-D-weequayskiffmaster.gif	JP-D-weequayskiffmaster.gif	image/gif	52674
JP-D-woundedwookiee.gif	JP-D-woundedwookiee.gif	image/gif	57573
JP-D-yuzzum.gif	JP-D-yuzzum.gif	image/gif	63083
JP-D-wooof.gif	JP-D-wooof.gif	image/gif	92035
JP-D-wellguarded.gif	JP-D-wellguarded.gif	image/gif	50292
JP-D-whiphid.gif	JP-D-whiphid.gif	image/gif	62051
JP-D-wittin.gif	JP-D-wittin.gif	image/gif	58847
JP-L-8d8-decipher-archive.gif	JP-L-8d8-decipher-archive.gif	image/gif	86590
JP-L-agift.gif	JP-L-agift.gif	image/gif	85856
JP-L-artooihaveabadfeelingaboutthis.gif	JP-L-artooihaveabadfeelingaboutthis.gif	image/gif	87970
JP-L-ardonvaporcrell.gif	JP-L-ardonvaporcrell.gif	image/gif	90740
JP-L-arcwelder.gif	JP-L-arcwelder.gif	image/gif	91421
JP-L-attark.gif	JP-L-attark.gif	image/gif	91817
JP-L-artoo-decipher-archive.gif	JP-L-artoo-decipher-archive.gif	image/gif	152116
JP-L-8d8.gif	JP-L-8d8.gif	image/png	419665
JP-L-artoo.gif	JP-L-artoo.gif	image/png	436575
JP-L-avedluun.gif	JP-L-avedluun.gif	image/gif	90293
JP-L-bargainingtable.gif	JP-L-bargainingtable.gif	image/gif	90678
JP-L-bgj38.gif	JP-L-bgj38.gif	image/gif	87206
JP-L-baragwin.gif	JP-L-baragwin.gif	image/gif	91634
JP-L-blasterdeflection.gif	JP-L-blasterdeflection.gif	image/gif	85954
JP-L-bomarrmonk.gif	JP-L-bomarrmonk.gif	image/gif	80820
JP-L-boshuda.gif	JP-L-boshuda.gif	image/gif	91110
JP-L-chadrafan.gif	JP-L-chadrafan.gif	image/gif	97726
JP-L-dontforgetthedroids.gif	JP-L-dontforgetthedroids.gif	image/gif	91917
JP-L-corellianretort.gif	JP-L-corellianretort.gif	image/gif	82577
JP-L-choke.gif	JP-L-choke.gif	image/gif	99222
JP-L-droopymccool.gif	JP-L-droopymccool.gif	image/gif	79412
JP-L-duneseasabacc.gif	JP-L-duneseasabacc.gif	image/gif	83931
JP-L-elom-decipher-archive.gif	JP-L-elom-decipher-archive.gif	image/gif	92821
JP-L-devaronian.gif	JP-L-devaronian.gif	image/png	429106
JP-L-elom.gif	JP-L-elom.gif	image/png	427932
JP-L-flornlamproid.gif	JP-L-flornlamproid.gif	image/gif	83501
JP-L-geezum.gif	JP-L-geezum.gif	image/gif	90579
JP-L-garonnastal.gif	JP-L-garonnastal.gif	image/gif	91797
JP-L-ghoel.gif	JP-L-ghoel.gif	image/gif	77100
JP-L-gran.gif	JP-L-gran.gif	image/gif	87555
JP-L-fallenportal.gif	JP-L-fallenportal.gif	image/png	417264
JP-L-hiddencompartment.gif	JP-L-hiddencompartment.gif	image/gif	80789
JP-L-holoprojector.gif	JP-L-holoprojector.gif	image/gif	78643
JP-L-imustbeallowedtospeak.gif	JP-L-imustbeallowedtospeak.gif	image/gif	84586
JP-L-ishitib.gif	JP-L-ishitib.gif	image/gif	81227
JP-L-hnemthe.gif	JP-L-hnemthe.gif	image/png	421061
JP-L-ithorian.gif	JP-L-ithorian.gif	image/gif	82785
JP-L-jabbaspalaceaudiencechamber.gif	JP-L-jabbaspalaceaudiencechamber.gif	image/gif	85368
JP-L-jabbaspalaceentrancecavern.gif	JP-L-jabbaspalaceentrancecavern.gif	image/gif	77317
JP-L-jabbaspalacesabacc.gif	JP-L-jabbaspalacesabacc.gif	image/gif	90677
JP-L-jedimindtrick.gif	JP-L-jedimindtrick.gif	image/gif	78444
JP-L-jess.gif	JP-L-jess.gif	image/gif	86765
JP-L-kalit.gif	JP-L-kalit.gif	image/gif	88203
JP-L-kiffex.gif	JP-L-kiffex.gif	image/gif	54823
JP-L-kechukekukuta.gif	JP-L-kechukekukuta.gif	image/gif	87961
JP-L-kirdoiii.gif	JP-L-kirdoiii.gif	image/gif	59593
JP-L-kitonak.gif	JP-L-kitonak.gif	image/gif	85895
JP-L-klatooinianrevolutionary.gif	JP-L-klatooinianrevolutionary.gif	image/gif	76968
JP-L-lifedebt.gif	JP-L-lifedebt.gif	image/gif	93294
JP-L-laudica.gif	JP-L-laudica.gif	image/gif	80955
JP-L-lojenella.gif	JP-L-lojenella.gif	image/gif	86504
JP-L-mandalorianmishap.gif	JP-L-mandalorianmishap.gif	image/gif	78932
JP-L-narshaddaawindchimes.gif	JP-L-narshaddaawindchimes.gif	image/gif	84679
JP-L-leslomytacema.gif	JP-L-leslomytacema.gif	image/png	413261
JP-L-moseisleyblaster.gif	JP-L-moseisleyblaster.gif	image/png	385361
JP-L-maxrebo.gif	JP-L-maxrebo.gif	image/png	411153
JP-L-princessleiaorgana.gif	JP-L-princessleiaorgana.gif	image/gif	85774
JP-L-ortolan.gif	JP-L-ortolan.gif	image/gif	85005
JP-L-oola.gif	JP-L-oola.gif	image/gif	86753
JP-L-projectionofaskywalker.gif	JP-L-projectionofaskywalker.gif	image/gif	76284
JP-L-palejoreshad.gif	JP-L-palejoreshad.gif	image/png	407218
JP-L-rennek.gif	JP-L-rennek.gif	image/gif	88841
JP-L-raycryjerd.gif	JP-L-raycryjerd.gif	image/gif	106346
JP-L-pucumirthryss.gif	JP-L-pucumirthryss.gif	image/png	404348
JP-L-saeltmarae.gif	JP-L-saeltmarae.gif	image/gif	87943
JP-L-revealed.gif	JP-L-revealed.gif	image/gif	96231
JP-L-rkikdnecheroofthedunesea.gif	JP-L-rkikdnecheroofthedunesea.gif	image/gif	86639
JP-L-sandwhirl.gif	JP-L-sandwhirl.gif	image/gif	82781
JP-L-sergeantdoallyn.gif	JP-L-sergeantdoallyn.gif	image/gif	84590
JP-L-shasatiel.gif	JP-L-shasatiel.gif	image/gif	91837
JP-L-skiff.gif	JP-L-skiff.gif	image/gif	98221
JP-L-sicsix.gif	JP-L-sicsix.gif	image/gif	91006
JP-L-snivvian.gif	JP-L-snivvian.gif	image/gif	81902
JP-L-someonewholovesyou.gif	JP-L-someonewholovesyou.gif	image/gif	87886
JP-L-strangle.gif	JP-L-strangle.gif	image/gif	86676
JP-L-skull.gif	JP-L-skull.gif	image/gif	100033
JP-L-tamtelskreej.gif	JP-L-tamtelskreej.gif	image/gif	112334
JP-L-tessek.gif	JP-L-tessek.gif	image/gif	87644
JP-L-ultimatum.gif	JP-L-ultimatum.gif	image/gif	81013
JP-L-tatooinehuttcanyon.gif	JP-L-tatooinehuttcanyon.gif	image/gif	82327
JP-L-thesignal.gif	JP-L-thesignal.gif	image/gif	87058
JP-L-tanusspijek.gif	JP-L-tanusspijek.gif	image/gif	88224
JP-L-vibroax.gif	JP-L-vibroax.gif	image/gif	97194
JP-L-weaponlevitation.gif	JP-L-weaponlevitation.gif	image/gif	89927
JP-L-worrt.gif	JP-L-worrt.gif	image/gif	69920
JP-L-yarkora.gif	JP-L-yarkora.gif	image/gif	82248
JP-L-unfriendlyfire.gif	JP-L-unfriendlyfire.gif	image/gif	86922
JP-L-tatooinedesert.gif	JP-L-tatooinedesert.gif	image/gif	73811
JP-L-tibrin.gif	JP-L-tibrin.gif	image/gif	55594
JP-L-vultazaene.gif	JP-L-vultazaene.gif	image/gif	114674
JP-L-yarnadalgargan.gif	JP-L-yarnadalgargan.gif	image/gif	87390
JP-L-youwilltakemetojabbanow.gif	JP-L-youwilltakemetojabbanow.gif	image/gif	84529
JP-L-yoxgit.gif	JP-L-yoxgit.gif	image/gif	89471
JPSD-D-huttinfluence.gif	JPSD-D-huttinfluence.gif	image/gif	54008
JPSD-D-jabbaspalacelowerpassages.gif	JPSD-D-jabbaspalacelowerpassages.gif	image/gif	55740
JP-OTSD-box.png	JP-OTSD-box.png	image/png	368929
JP-OTSD-covers.png	JP-OTSD-covers.png	image/png	258447
JPSD-D-fearlessandinventive.gif	JPSD-D-fearlessandinventive.gif	image/png	304815
JPSD-D-mercenarypilot-decipher-archive.gif	JPSD-D-mercenarypilot-decipher-archive.gif	image/gif	57745
JPSD-D-mightyjabba.gif	JPSD-D-mightyjabba.gif	image/gif	64783
JPSD-D-noescape.gif	JPSD-D-noescape.gif	image/gif	57231
JPSD-D-mercenarypilot.gif	JPSD-D-mercenarypilot.gif	image/png	322723
JPSD-D-powerofthehutt.gif	JPSD-D-powerofthehutt.gif	image/gif	56645
JPSD-D-stunblaster.gif	JPSD-D-stunblaster.gif	image/gif	45566
JPSD-D-racingskiff.gif	JPSD-D-racingskiff.gif	image/gif	51219
JPSD-D-mykindofscum.gif	JPSD-D-mykindofscum.gif	image/png	304991
JPSD-D-tatooinedesertheart.gif	JPSD-D-tatooinedesertheart.gif	image/gif	48999
JPSD-L-jabbaspalaceantechamber.gif	JPSD-L-jabbaspalaceantechamber.gif	image/gif	60745
JPSD-L-ouneeta.gif	JPSD-L-ouneeta.gif	image/gif	72521
JPSD-L-palaceraider.gif	JPSD-L-palaceraider.gif	image/gif	68881
JPSD-L-agentsinthecourt.gif	JPSD-L-agentsinthecourt.gif	image/png	446758
JPSD-L-racingskiff.gif	JPSD-L-racingskiff.gif	image/gif	67639
JPSD-L-nolovefortheempire.gif	JPSD-L-nolovefortheempire.gif	image/png	424648
JPSD-L-landowithvibroax.gif	JPSD-L-landowithvibroax.gif	image/png	409843
JPSD-L-seekinganaudience.gif	JPSD-L-seekinganaudience.gif	image/gif	73201
JPSD-L-stunblaster.gif	JPSD-L-stunblaster.gif	image/gif	70242
JPSD-L-underworldcontacts.gif	JPSD-L-underworldcontacts.gif	image/gif	77393
JPSD-L-tatooinehutttraderoutedesert.gif	JPSD-L-tatooinehutttraderoutedesert.gif	image/gif	61461
Jabbas-Palace-Limited-display.png	Jabbas-Palace-Limited-display.png	image/png	371172
Jabbas-Palace-Limited-pack.png	Jabbas-Palace-Limited-pack.png	image/png	109783
Jabbas-Palace-Limited-four-panel-poster-back.png	Jabbas-Palace-Limited-four-panel-poster-back.png	image/png	1547644
JabbasPalace-D-fozec-decipher-archive.gif	JabbasPalace-D-fozec-decipher-archive.gif	image/gif	59456
Jabbas-Palace-Limited-four-panel-poster.png	Jabbas-Palace-Limited-four-panel-poster.png	image/png	2033013
Jabbas-Palace-Limited-ds-rare-sheet.png	Jabbas-Palace-Limited-ds-rare-sheet.png	image/png	5333526
JabbasPalace-D-gailid-decipher-archive.gif	JabbasPalace-D-gailid-decipher-archive.gif	image/gif	65429
Jabbas-Palace-Limited-ls-rare-sheet.png	Jabbas-Palace-Limited-ls-rare-sheet.png	image/png	5542501
JabbasPalace-D-gamorreanax-decipher-archive.gif	JabbasPalace-D-gamorreanax-decipher-archive.gif	image/gif	59371
Jabbas-Palace-Limited-rules-supplement-front.png	Jabbas-Palace-Limited-rules-supplement-front.png	image/png	2106630
Jabbas-Palace-Limited-rules-supplement-back.png	Jabbas-Palace-Limited-rules-supplement-back.png	image/png	2708639
JabbasPalace-D-huttbounty-decipher-archive.gif	JabbasPalace-D-huttbounty-decipher-archive.gif	image/gif	61122
JabbasPalace-D-jabbassailbarge-decipher-archive.gif	JabbasPalace-D-jabbassailbarge-decipher-archive.gif	image/gif	57034
JabbasPalace-D-jabbathehutt-decipher-archive.gif	JabbasPalace-D-jabbathehutt-decipher-archive.gif	image/gif	62053
JabbasPalace-D-kithaba-decipher-archive.gif	JabbasPalace-D-kithaba-decipher-archive.gif	image/gif	54495
JabbasPalace-D-moseisleyblaster-decipher-archive.gif	JabbasPalace-D-moseisleyblaster-decipher-archive.gif	image/gif	52457
JabbasPalace-D-weequaymarksman-decipher-archive.gif	JabbasPalace-D-weequaymarksman-decipher-archive.gif	image/gif	59984
JabbasPalace-D-vibroax-decipher-archive.gif	JabbasPalace-D-vibroax-decipher-archive.gif	image/gif	45988
JabbasPalace-D-wooof-decipher-archive.gif	JabbasPalace-D-wooof-decipher-archive.gif	image/gif	64320
JabbasPalace-L-hnemthe-decipher-archive.gif	JabbasPalace-L-hnemthe-decipher-archive.gif	image/gif	89044
JabbasPalace-L-leslomytacema-decipher-archive.gif	JabbasPalace-L-leslomytacema-decipher-archive.gif	image/gif	91382
JabbasPalace-L-moseisleyblaster-decipher-archive.gif	JabbasPalace-L-moseisleyblaster-decipher-archive.gif	image/gif	84304
JabbasPalace-L-palejoreshad-decipher-archive.gif	JabbasPalace-L-palejoreshad-decipher-archive.gif	image/gif	83699
JabbasPalace-L-pucumirthryss-decipher-archive.gif	JabbasPalace-L-pucumirthryss-decipher-archive.gif	image/gif	86738
JabbasPalace-L-raycryjerd-decipher-archive.gif	JabbasPalace-L-raycryjerd-decipher-archive.gif	image/gif	89765
JabbasPalace-L-vultazaene-decipher-archive.gif	JabbasPalace-L-vultazaene-decipher-archive.gif	image/gif	89632
JabbasPalace-L-fallenportal-decipher-archive.gif	JabbasPalace-L-fallenportal-decipher-archive.gif	image/gif	99281
JabbasPalace-L-vibroax-decipher-archive.gif	JabbasPalace-L-vibroax-decipher-archive.gif	image/gif	101329
Jedi-D-darkforces.gif	Jedi-D-darkforces.gif	image/gif	55636
Jedi-D-eriadu.gif	Jedi-D-eriadu.gif	image/gif	39393
Jedi-D-hyperoutenavigationchart.gif	Jedi-D-hyperoutenavigationchart.gif	image/gif	40458
Jedi-D-motti.gif	Jedi-D-motti.gif	image/gif	60988
Jedi-D-gravityshadow.gif	Jedi-D-gravityshadow.gif	image/png	288662
Jedi-D-tarkin.gif	Jedi-D-tarkin.gif	image/gif	55388
Jedi-L-han.gif	Jedi-L-han.gif	image/gif	76974
Jedi-L-leia.gif	Jedi-L-leia.gif	image/gif	88748
Jedi-L-lukest16skyhopper.gif	Jedi-L-lukest16skyhopper.gif	image/gif	87717
Jedi-L-tedndahai.gif	Jedi-L-tedndahai.gif	image/gif	80751
Jedi-L-forluck.gif	Jedi-L-forluck.gif	image/png	421104
JediPack-D-gravityshadow-decipher-archive.gif	JediPack-D-gravityshadow-decipher-archive.gif	image/gif	69562
Jedi-Pack-booklet.png	Jedi-Pack-booklet.png	image/png	353348
Jedi-Pack-pack.png	Jedi-Pack-pack.png	image/png	197265
Jedi-Pack-cards.png	Jedi-Pack-cards.png	image/png	1518093
OTSD-D-corulag.gif	OTSD-D-corulag.gif	image/gif	34820
OTSD-D-forcedservitude.gif	OTSD-D-forcedservitude.gif	image/gif	43625
Naboo-location-layout.png	Naboo-location-layout.png	image/png	418098
OTSD-D-obsidiansquadrontie.gif	OTSD-D-obsidiansquadrontie.gif	image/png	332416
OTSD-D-challbekan.gif	OTSD-D-challbekan.gif	image/png	355536
Mara-Jade-Light-Side-unreleased.png	Mara-Jade-Light-Side-unreleased.png	image/png	282068
OTSD-D-blacksquadrontie.gif	OTSD-D-blacksquadrontie.gif	image/png	359476
OTSD-D-dreadnaughtclassheavycruiser.gif	OTSD-D-dreadnaughtclassheavycruiser.gif	image/png	351882
OTSD-D-stormtroopercadet-decipher-archive.gif	OTSD-D-stormtroopercadet-decipher-archive.gif	image/gif	57811
OTSD-D-stormtroopercadet.gif	OTSD-D-stormtroopercadet.gif	image/gif	67334
OTSD-L-corulag.gif	OTSD-L-corulag.gif	image/gif	35890
OTSD-D-tarkinsorders.gif	OTSD-D-tarkinsorders.gif	image/gif	51059
OTSD-L-faithfulservice.gif	OTSD-L-faithfulservice.gif	image/gif	84085
OTSD-L-goldsquadronywing.gif	OTSD-L-goldsquadronywing.gif	image/gif	87748
OTSD-D-tatooinetuskencanyon.gif	OTSD-D-tatooinetuskencanyon.gif	image/gif	110302
OTSD-L-arleilschous.gif	OTSD-L-arleilschous.gif	image/png	425353
OTSD-L-itsahit.gif	OTSD-L-itsahit.gif	image/gif	94635
OTSD-L-rebeltrooperrecruit-decipher-archive.gif	OTSD-L-rebeltrooperrecruit-decipher-archive.gif	image/gif	78381
OTSD-L-rebeltrooperrecruit.gif	OTSD-L-rebeltrooperrecruit.gif	image/gif	77710
OTSD-L-tatooinejundlandwastes.gif	OTSD-L-tatooinejundlandwastes.gif	image/gif	67406
OTSD-L-z95headhunter.gif	OTSD-L-z95headhunter.gif	image/gif	83729
OTSD-L-redsquadronxwing.gif	OTSD-L-redsquadronxwing.gif	image/gif	116277
OTSD-rulebook.png	OTSD-rulebook.png	image/png	100630
OTSD-storage-boxes-six.png	OTSD-storage-boxes-six.png	image/png	203793
OTSD-storage-box.png	OTSD-storage-box.png	image/png	202972
P2P-D-vadersobsession.gif	P2P-D-vadersobsession.gif	image/gif	66346
P2P-D-vader.gif	P2P-D-vader.gif	image/gif	66442
P2P-L-luke.gif	P2P-L-luke.gif	image/gif	98378
P2P-L-runlukerun.gif	P2P-L-runlukerun.gif	image/gif	99883
P2P-D-deathstardockingcontrolroom327.gif	P2P-D-deathstardockingcontrolroom327.gif	image/png	365154
P2P-L-deathstarlevel6coreshaftcorridor.gif	P2P-L-deathstarlevel6coreshaftcorridor.gif	image/png	371556
PC-AR-2023-page-003.png	PC-AR-2023-page-003.png	image/png	428189
PC-AR-2023-page-001.png	PC-AR-2023-page-001.png	image/png	2912317
PC-AR-2023-page-004.png	PC-AR-2023-page-004.png	image/png	426125
PC-AR-2023-page-006.png	PC-AR-2023-page-006.png	image/png	423460
PC-AR-2023-page-005.png	PC-AR-2023-page-005.png	image/png	437700
PC-AR-2023-page-014.png	PC-AR-2023-page-014.png	image/png	497015
PC-AR-2023-page-017.png	PC-AR-2023-page-017.png	image/png	582650
PC-AR-2023-page-021.png	PC-AR-2023-page-021.png	image/png	491953
PC-AR-2023-page-026.png	PC-AR-2023-page-026.png	image/png	525224
PC-AR-2023-page-030.png	PC-AR-2023-page-030.png	image/png	493712
PC-AR-2023-page-010.png	PC-AR-2023-page-010.png	image/png	528475
PC-AR-2023-page-027.png	PC-AR-2023-page-027.png	image/png	552702
PC-AR-2023-page-037.png	PC-AR-2023-page-037.png	image/png	521392
PC-AR-2023-page-040.png	PC-AR-2023-page-040.png	image/png	568811
PC-AR-2023-page-042.png	PC-AR-2023-page-042.png	image/png	526333
PC-AR-2023-page-044.png	PC-AR-2023-page-044.png	image/png	538614
PC-AR-2023-page-009.png	PC-AR-2023-page-009.png	image/png	556523
PC-AR-2023-page-053.png	PC-AR-2023-page-053.png	image/png	445370
PC-AR-2023-page-047.png	PC-AR-2023-page-047.png	image/png	481755
PC-AR-2023-page-054.png	PC-AR-2023-page-054.png	image/png	482339
PC-AR-2023-page-055.png	PC-AR-2023-page-055.png	image/png	487122
PC-AR-2023-page-060.png	PC-AR-2023-page-060.png	image/png	556530
PC-AR-2023-page-057.png	PC-AR-2023-page-057.png	image/png	544265
PC-AR-2023-page-062.png	PC-AR-2023-page-062.png	image/png	537189
PC-AR-2023-page-066.png	PC-AR-2023-page-066.png	image/png	496082
PC-AR-2023-page-067.png	PC-AR-2023-page-067.png	image/png	528077
PC-AR-2023-page-069.png	PC-AR-2023-page-069.png	image/png	582639
PC-AR-2023-page-077.png	PC-AR-2023-page-077.png	image/png	493378
PC-AR-2023-page-071.png	PC-AR-2023-page-071.png	image/png	577877
PC-AR-2023-page-080.png	PC-AR-2023-page-080.png	image/png	548826
PC-AR-2023-page-078.png	PC-AR-2023-page-078.png	image/png	524541
PC-AR-2023-page-083.png	PC-AR-2023-page-083.png	image/png	496016
PC-AR-2023-page-084.png	PC-AR-2023-page-084.png	image/png	492835
PC-AR-2023-page-085.png	PC-AR-2023-page-085.png	image/png	524501
PC-AR-2023-page-086.png	PC-AR-2023-page-086.png	image/png	472872
PC-AR-2023-page-088.png	PC-AR-2023-page-088.png	image/png	518335
PC-AR-2023-page-090.png	PC-AR-2023-page-090.png	image/png	505350
PC-AR-2023-page-091.png	PC-AR-2023-page-091.png	image/png	513191
PC-AR-2023-page-089.png	PC-AR-2023-page-089.png	image/png	578959
PC-AR-2023-page-092.png	PC-AR-2023-page-092.png	image/png	543559
PC-AR-2023-page-093.png	PC-AR-2023-page-093.png	image/png	455140
PC-AR-2023-page-096.png	PC-AR-2023-page-096.png	image/png	514387
PC-AR-2023-page-094.png	PC-AR-2023-page-094.png	image/png	590851
PC-AR-2023-page-098.png	PC-AR-2023-page-098.png	image/png	482807
PC-AR-2023-page-099.png	PC-AR-2023-page-099.png	image/png	516119
PC-AR-2023-page-079.png	PC-AR-2023-page-079.png	image/png	463730
PC-AR-2023-page-100.png	PC-AR-2023-page-100.png	image/png	556598
PC-AR-2023-page-101.png	PC-AR-2023-page-101.png	image/png	424936
PC-AR-2023-page-081.png	PC-AR-2023-page-081.png	image/png	522687
PC-AR-2023-page-102.png	PC-AR-2023-page-102.png	image/png	494060
PC-AR-2023-page-103.png	PC-AR-2023-page-103.png	image/png	493785
PC-AR-2023-page-104.png	PC-AR-2023-page-104.png	image/png	505623
PC-AR-2023-page-109.png	PC-AR-2023-page-109.png	image/png	508604
PC-AR-2023-page-110.png	PC-AR-2023-page-110.png	image/png	512093
PC-AR-2023-page-108.png	PC-AR-2023-page-108.png	image/png	504604
PC-AR-2023-page-111.png	PC-AR-2023-page-111.png	image/png	503829
PC-AR-2023-page-112.png	PC-AR-2023-page-112.png	image/png	498070
PC-AR-2023-page-113.png	PC-AR-2023-page-113.png	image/png	492620
PC-AR-2023-page-114.png	PC-AR-2023-page-114.png	image/png	498298
PC-AR-2023-page-115.png	PC-AR-2023-page-115.png	image/png	497518
PC-AR-2023-page-118.png	PC-AR-2023-page-118.png	image/png	501843
PC-AR-2023-page-119.png	PC-AR-2023-page-119.png	image/png	517756
PC-AR-2023-page-120.png	PC-AR-2023-page-120.png	image/png	502027
PC-AR-2023-page-122.png	PC-AR-2023-page-122.png	image/png	498922
PC-AR-2023-page-124.png	PC-AR-2023-page-124.png	image/png	494417
PC-AR-2023-page-123.png	PC-AR-2023-page-123.png	image/png	508460
PC-AR-2023-page-125.png	PC-AR-2023-page-125.png	image/png	497577
PC-AR-2023-page-126.png	PC-AR-2023-page-126.png	image/png	485571
PC-AR-2023-page-128.png	PC-AR-2023-page-128.png	image/png	485053
PC-AR-2023-page-130.png	PC-AR-2023-page-130.png	image/png	512968
PC-AR-2023-page-131.png	PC-AR-2023-page-131.png	image/png	496251
PC-AR-2023-page-134.png	PC-AR-2023-page-134.png	image/png	506409
PC-AR-2023-page-132.png	PC-AR-2023-page-132.png	image/png	512660
PC-AR-2023-page-157.png	PC-AR-2023-page-157.png	image/png	481967
PC-AR-2023-page-158.png	PC-AR-2023-page-158.png	image/png	514531
PC-AR-2023-page-163.png	PC-AR-2023-page-163.png	image/png	669471
PC-AR-2023-page-172.png	PC-AR-2023-page-172.png	image/png	476706
PC-AR-2023-page-164.png	PC-AR-2023-page-164.png	image/png	578570
PC-AR-2023-page-173.png	PC-AR-2023-page-173.png	image/png	596309
PC-AR-2023-page-176.png	PC-AR-2023-page-176.png	image/png	727095
PC-AR-2023-page-178.png	PC-AR-2023-page-178.png	image/png	453700
PC-AR-2023-page-179.png	PC-AR-2023-page-179.png	image/png	469766
PC-AR-2023-page-127.png	PC-AR-2023-page-127.png	image/png	511076
PC-AR-2023-page-180.png	PC-AR-2023-page-180.png	image/png	450900
PC-AR-2023-page-181.png	PC-AR-2023-page-181.png	image/png	685462
PC-AR-2023-page-182.png	PC-AR-2023-page-182.png	image/png	1170452
PC-AR-2023-page-184.png	PC-AR-2023-page-184.png	image/png	961804
PC-AR-2023-page-183.png	PC-AR-2023-page-183.png	image/png	1178725
PC_logo_modern.png	PC_logo_modern.png	image/png	29822
PC_logo_former.png	PC_logo_former.png	image/png	28281
PS1-01-A_Tragedy_Has_Occurred.png	PS1-01-A_Tragedy_Has_Occurred.png	image/png	177569
PS1-05-Dont_Do_That_Again.png	PS1-05-Dont_Do_That_Again.png	image/png	166063
PS1-06-Ounee_Ta.png	PS1-06-Ounee_Ta.png	image/png	160063
PS1-02-Aim_High.png	PS1-02-Aim_High.png	image/png	179130
PS1-04-Do_Or_Do_Not.png	PS1-04-Do_Or_Do_Not.png	image/png	162793
PS1-03-Battle_Plan.png	PS1-03-Battle_Plan.png	image/png	164384
PS1-08-Your_Insight_Serves_You_Well.png	PS1-08-Your_Insight_Serves_You_Well.png	image/png	164471
PS1-07-Wise_Advice.png	PS1-07-Wise_Advice.png	image/png	164634
PS1-11-Come_Here_You_Big_Coward.png	PS1-11-Come_Here_You_Big_Coward.png	image/png	96224
PS1-12-Do_They_Have_A_Code_Clearance.png	PS1-12-Do_They_Have_A_Code_Clearance.png	image/png	96700
PS1-10-Battle_Order.png	PS1-10-Battle_Order.png	image/png	88756
PS1-13-Fanfare.png	PS1-13-Fanfare.png	image/png	90950
PS1-09-Allegations_Of_Corruption.png	PS1-09-Allegations_Of_Corruption.png	image/png	101834
PS1-14-No_Escape.png	PS1-14-No_Escape.png	image/png	87746
PS1-16-Secret_Plans.png	PS1-16-Secret_Plans.png	image/png	68811
PS1-15-Oppressive_Enforcement.png	PS1-15-Oppressive_Enforcement.png	image/png	91231
PS1-18-You_Cannot_Hide_Forever.png	PS1-18-You_Cannot_Hide_Forever.png	image/png	45273
PS1-17-There_Is_No_Try.png	PS1-17-There_Is_No_Try.png	image/png	47493
PS1-DefensiveShields-icon-key.png	PS1-DefensiveShields-icon-key.png	image/png	58937
PS1-DefensiveShields-set-symbol.png	PS1-DefensiveShields-set-symbol.png	image/png	126990
PS1-DefensiveShields-pack.png	PS1-DefensiveShields-pack.png	image/png	1135087
PS1-DefensiveShields-slips-sheet.png	PS1-DefensiveShields-slips-sheet.png	image/png	1424440
Pc-decklist-2015-p1.png	Pc-decklist-2015-p1.png	image/png	174487
Pc-tg-22-p1.png	Pc-tg-22-p1.png	image/png	385278
Pc-decklist-current-p1.png	Pc-decklist-current-p1.png	image/png	1010340
Playtest-ds-dark-falcon.png	Playtest-ds-dark-falcon.png	image/png	1685698
Playtest-ds-at-at-walker-test-print.png	Playtest-ds-at-at-walker-test-print.png	image/png	1601570
Playtest-ds-deathstar-playtest.png	Playtest-ds-deathstar-playtest.png	image/png	2043162
Playtest-ds-emperor-test-print.png	Playtest-ds-emperor-test-print.png	image/png	2328964
Playtest-ds-image-of-the-darklord.png	Playtest-ds-image-of-the-darklord.png	image/png	1707209
Playtest-ds-executor-playtest.png	Playtest-ds-executor-playtest.png	image/png	2370202
Playtest-ds-imperial-commander-playtest.png	Playtest-ds-imperial-commander-playtest.png	image/png	1137520
Playtest-ds-saturday-playtest.png	Playtest-ds-saturday-playtest.png	image/png	1591019
Playtest-ds-vader-playtest.png	Playtest-ds-vader-playtest.png	image/png	921632
Playtest-ds-stormtrooper-playtest.png	Playtest-ds-stormtrooper-playtest.png	image/png	800925
Playtest-ls-anakins-lightsaber-playtest.png	Playtest-ls-anakins-lightsaber-playtest.png	image/png	1703080
Playtest-ls-asteroid-sanctuary-playtest.png	Playtest-ls-asteroid-sanctuary-playtest.png	image/png	1161868
Playtest-ls-bullseye-womp-rats-playtest.png	Playtest-ls-bullseye-womp-rats-playtest.png	image/png	1955791
Playtest-ls-commander-luke-playtest.png	Playtest-ls-commander-luke-playtest.png	image/png	1543436
Playtest-ls-commander-wedge-playtest.png	Playtest-ls-commander-wedge-playtest.png	image/png	1837363
Playtest-ds-vader-official-playtest.png	Playtest-ds-vader-official-playtest.png	image/png	2081942
Playtest-ls-grabber-playtest.png	Playtest-ls-grabber-playtest.png	image/png	1278790
Premiere-2P-box.png	Premiere-2P-box.png	image/png	347810
Playtest-ls-hologame-board-playtest.png	Playtest-ls-hologame-board-playtest.png	image/png	2009347
Premiere-D-5d6ra7-decipher-archive.gif	Premiere-D-5d6ra7-decipher-archive.gif	image/gif	77010
Premiere-2P-rules.png	Premiere-2P-rules.png	image/png	297002
Premiere-2P-premiums.png	Premiere-2P-premiums.png	image/png	927166
Premiere-D-adisturbanceintheforce-decipher-archive.gif	Premiere-D-adisturbanceintheforce-decipher-archive.gif	image/gif	62381
Premiere-D-5d6ra7.gif	Premiere-D-5d6ra7.gif	image/png	400889
Premiere-D-adisturbanceintheforce.gif	Premiere-D-adisturbanceintheforce.gif	image/png	281690
Playtest-ls-falcon-test-print.png	Playtest-ls-falcon-test-print.png	image/png	2727358
Premiere-D-alderaan.gif	Premiere-D-alderaan.gif	image/gif	52702
Premiere-D-admiralmotti.gif	Premiere-D-admiralmotti.gif	image/png	356355
Playtest-ls-skywalker-ranch.png	Playtest-ls-skywalker-ranch.png	image/png	2243272
Premiere-D-black3.gif	Premiere-D-black3.gif	image/gif	65924
Premiere-D-alter.gif	Premiere-D-alter.gif	image/gif	66343
Premiere-D-bantha.gif	Premiere-D-bantha.gif	image/gif	71083
Premiere-D-black2.gif	Premiere-D-black2.gif	image/gif	68978
Premiere-D-assaultrifle-decipher-archive.gif	Premiere-D-assaultrifle-decipher-archive.gif	image/gif	113922
Premiere-D-banisskeeg-decipher-archive.gif	Premiere-D-banisskeeg-decipher-archive.gif	image/gif	112703
Premiere-D-banisskeeg.gif	Premiere-D-banisskeeg.gif	image/png	310397
Premiere-D-assaultrifle.gif	Premiere-D-assaultrifle.gif	image/png	329739
Premiere-D-blastdoorcontrols.gif	Premiere-D-blastdoorcontrols.gif	image/gif	67583
Premiere-D-blasterscope-decipher-archive.gif	Premiere-D-blasterscope-decipher-archive.gif	image/gif	109068
Premiere-D-boostedtiecannon-decipher-archive.gif	Premiere-D-boostedtiecannon-decipher-archive.gif	image/gif	100383
Premiere-D-boringconversationanyway.gif	Premiere-D-boringconversationanyway.gif	image/gif	64485
Premiere-D-blasterrack.gif	Premiere-D-blasterrack.gif	image/png	306789
Premiere-D-blasterscope.gif	Premiere-D-blasterscope.gif	image/png	324888
Premiere-D-blasterrifle.gif	Premiere-D-blasterrifle.gif	image/png	355593
Premiere-D-boostedtiecannon.gif	Premiere-D-boostedtiecannon.gif	image/png	346128
Premiere-D-caller.gif	Premiere-D-caller.gif	image/gif	55525
Premiere-D-charmingtothelast.gif	Premiere-D-charmingtothelast.gif	image/gif	57361
Premiere-D-collateraldamage.gif	Premiere-D-collateraldamage.gif	image/gif	56803
Premiere-D-chiefbast-decipher-archive.gif	Premiere-D-chiefbast-decipher-archive.gif	image/gif	104841
Premiere-D-comlink.gif	Premiere-D-comlink.gif	image/gif	50702
Premiere-D-colonelwullfyularen.gif	Premiere-D-colonelwullfyularen.gif	image/gif	69192
Premiere-D-commanderpraji-decipher-archive.gif	Premiere-D-commanderpraji-decipher-archive.gif	image/gif	65581
Premiere-D-chiefbast.gif	Premiere-D-chiefbast.gif	image/png	333341
Premiere-D-counterassault.gif	Premiere-D-counterassault.gif	image/gif	63913
Premiere-D-commanderpraji.gif	Premiere-D-commanderpraji.gif	image/png	339676
Premiere-D-darkcollaboration.gif	Premiere-D-darkcollaboration.gif	image/gif	63573
Premiere-D-dantooinedark-decipher-archive.gif	Premiere-D-dantooinedark-decipher-archive.gif	image/gif	63286
Premiere-D-darkhours-decipher-archive.gif	Premiere-D-darkhours-decipher-archive.gif	image/gif	60258
Premiere-D-dantooine.gif	Premiere-D-dantooine.gif	image/png	323751
Premiere-D-darkjedilightsaber-decipher-archive.gif	Premiere-D-darkjedilightsaber-decipher-archive.gif	image/gif	65279
Premiere-D-darkhours.gif	Premiere-D-darkhours.gif	image/png	298379
Premiere-D-darkjedipresence.gif	Premiere-D-darkjedipresence.gif	image/gif	57133
Premiere-D-darkmaneuvers.gif	Premiere-D-darkmaneuvers.gif	image/gif	42345
Premiere-D-darthvader-decipher-archive.gif	Premiere-D-darthvader-decipher-archive.gif	image/gif	69061
Premiere-D-darkjedilightsaber.gif	Premiere-D-darkjedilightsaber.gif	image/png	318246
Premiere-D-dathcha.gif	Premiere-D-dathcha.gif	image/gif	72149
Premiere-D-darthvader.gif	Premiere-D-darthvader.gif	image/png	376817
Premiere-D-deadjawa.gif	Premiere-D-deadjawa.gif	image/gif	71857
Premiere-D-deathstarcentralcore.gif	Premiere-D-deathstarcentralcore.gif	image/gif	87904
Premiere-D-deathstardockingbay327.gif	Premiere-D-deathstardockingbay327.gif	image/gif	96583
Premiere-D-deathstarlevel4militarycorridor.gif	Premiere-D-deathstarlevel4militarycorridor.gif	image/gif	98310
Premiere-D-deathstardetentionblockcorridor.gif	Premiere-D-deathstardetentionblockcorridor.gif	image/gif	92183
Premiere-D-deathstarsentry.gif	Premiere-D-deathstarsentry.gif	image/gif	59264
Premiere-D-deathstartrooper.gif	Premiere-D-deathstartrooper.gif	image/gif	62482
Premiere-D-devastator.gif	Premiere-D-devastator.gif	image/gif	49508
Premiere-D-deathstarwarroom.gif	Premiere-D-deathstarwarroom.gif	image/gif	66358
Premiere-D-disarmed-decipher-archive.gif	Premiere-D-disarmed-decipher-archive.gif	image/gif	80974
Premiere-D-djaspuhr.gif	Premiere-D-djaspuhr.gif	image/gif	61826
Premiere-D-drevazan-decipher-archive.gif	Premiere-D-drevazan-decipher-archive.gif	image/gif	62132
Premiere-D-disarmed.gif	Premiere-D-disarmed.gif	image/png	317387
Premiere-D-droiddetector-decipher-archive.gif	Premiere-D-droiddetector-decipher-archive.gif	image/gif	65224
Premiere-D-ds612-decipher-archive.gif	Premiere-D-ds612-decipher-archive.gif	image/gif	72598
Premiere-D-drevazan.gif	Premiere-D-drevazan.gif	image/png	349032
Premiere-D-droiddetector.gif	Premiere-D-droiddetector.gif	image/png	325174
Premiere-D-ds613-decipher-archive.gif	Premiere-D-ds613-decipher-archive.gif	image/gif	66898
Premiere-D-ds612.gif	Premiere-D-ds612.gif	image/png	371815
Premiere-D-eg6-decipher-archive.gif	Premiere-D-eg6-decipher-archive.gif	image/gif	67609
Premiere-D-elishelrot-decipher-archive.gif	Premiere-D-elishelrot-decipher-archive.gif	image/gif	64794
Premiere-D-ds613.gif	Premiere-D-ds613.gif	image/png	366458
Premiere-D-eg6.gif	Premiere-D-eg6.gif	image/png	354335
Premiere-D-emergencydeployment-decipher-archive.gif	Premiere-D-emergencydeployment-decipher-archive.gif	image/gif	61800
Premiere-D-evacuate-decipher-archive.gif	Premiere-D-evacuate-decipher-archive.gif	image/gif	62329
Premiere-D-elishelrot.gif	Premiere-D-elishelrot.gif	image/png	310775
Premiere-D-emergencydeployment.gif	Premiere-D-emergencydeployment.gif	image/png	300814
Premiere-D-expandtheempire.gif	Premiere-D-expandtheempire.gif	image/gif	54155
Premiere-D-fearwillkeeptheminline-decipher-archive.gif	Premiere-D-fearwillkeeptheminline-decipher-archive.gif	image/gif	60378
Premiere-D-evacuate.gif	Premiere-D-evacuate.gif	image/png	314824
Premiere-D-feltiperntrevagg-decipher-archive.gif	Premiere-D-feltiperntrevagg-decipher-archive.gif	image/gif	68564
Premiere-D-fullscalealert.gif	Premiere-D-fullscalealert.gif	image/gif	71723
Premiere-D-fearwillkeeptheminline.gif	Premiere-D-fearwillkeeptheminline.gif	image/png	306255
Premiere-D-fusiongeneratorsupplydark-decipher-archive.gif	Premiere-D-fusiongeneratorsupplydark-decipher-archive.gif	image/gif	60420
Premiere-D-feltiperntrevagg.gif	Premiere-D-feltiperntrevagg.gif	image/png	353108
Premiere-D-gaderffiistick-decipher-archive.gif	Premiere-D-gaderffiistick-decipher-archive.gif	image/gif	68367
Premiere-D-garindan.gif	Premiere-D-garindan.gif	image/gif	64720
Premiere-D-fusiongeneratorsupplytanks.gif	Premiere-D-fusiongeneratorsupplytanks.gif	image/png	305513
Premiere-D-generaltagge.gif	Premiere-D-generaltagge.gif	image/gif	68150
Premiere-D-grandmofftarkin-decipher-archive.gif	Premiere-D-grandmofftarkin-decipher-archive.gif	image/gif	69024
Premiere-D-gaderffiistick.gif	Premiere-D-gaderffiistick.gif	image/png	326857
Premiere-D-gravelstorm-decipher-archive.gif	Premiere-D-gravelstorm-decipher-archive.gif	image/gif	69703
Premiere-D-grandmofftarkin.gif	Premiere-D-grandmofftarkin.gif	image/png	363707
Premiere-D-ifindyourlackoffaith-decipher-archive.gif	Premiere-D-ifindyourlackoffaith-decipher-archive.gif	image/gif	68988
Premiere-D-ihaveyounow.gif	Premiere-D-ihaveyounow.gif	image/gif	50972
Premiere-D-imperialbarrier.gif	Premiere-D-imperialbarrier.gif	image/gif	70712
Premiere-D-gravelstorm.gif	Premiere-D-gravelstorm.gif	image/png	307099
Premiere-D-imperialblaster-decipher-archive.gif	Premiere-D-imperialblaster-decipher-archive.gif	image/gif	67517
Premiere-D-hanseeker.gif	Premiere-D-hanseeker.gif	image/png	328281
Premiere-D-ifindyourlackoffaithdisturbing.gif	Premiere-D-ifindyourlackoffaithdisturbing.gif	image/png	299311
Premiere-D-imperialclassstardestroyer.gif	Premiere-D-imperialclassstardestroyer.gif	image/gif	59101
Premiere-D-imperialcodecylinder.gif	Premiere-D-imperialcodecylinder.gif	image/gif	58584
Premiere-D-imperialpilot-decipher-archive.gif	Premiere-D-imperialpilot-decipher-archive.gif	image/gif	77643
Premiere-D-imperialblaster.gif	Premiere-D-imperialblaster.gif	image/png	326312
Premiere-D-imperialreinforcements-decipher-archive.gif	Premiere-D-imperialreinforcements-decipher-archive.gif	image/gif	77348
Premiere-D-imperialtrooperguard-decipher-archive.gif	Premiere-D-imperialtrooperguard-decipher-archive.gif	image/gif	70086
Premiere-D-imperialpilot.gif	Premiere-D-imperialpilot.gif	image/png	366231
Premiere-D-ioncannon-decipher-archive.gif	Premiere-D-ioncannon-decipher-archive.gif	image/gif	66151
Premiere-D-imperialreinforcements.gif	Premiere-D-imperialreinforcements.gif	image/png	315511
Premiere-D-itsworse.gif	Premiere-D-itsworse.gif	image/gif	77070
Premiere-D-imperialtrooperguard.gif	Premiere-D-imperialtrooperguard.gif	image/png	340023
Premiere-D-ioncannon.gif	Premiere-D-ioncannon.gif	image/png	348350
Premiere-D-ivegotaproblemhere-decipher-archive.gif	Premiere-D-ivegotaproblemhere-decipher-archive.gif	image/gif	68629
Premiere-D-jawa.gif	Premiere-D-jawa.gif	image/gif	56967
Premiere-D-jurijuice.gif	Premiere-D-jurijuice.gif	image/gif	62889
Premiere-D-ivelostartoo-decipher-archive.gif	Premiere-D-ivelostartoo-decipher-archive.gif	image/gif	67696
Premiere-D-jawapack.gif	Premiere-D-jawapack.gif	image/gif	65788
Premiere-D-ivelostartoo.gif	Premiere-D-ivelostartoo.gif	image/png	272244
Premiere-D-kessel.gif	Premiere-D-kessel.gif	image/png	451611
Premiere-D-ivegotaproblemhere.gif	Premiere-D-ivegotaproblemhere.gif	image/png	279830
Premiere-D-kitikkeedkak.gif	Premiere-D-kitikkeedkak.gif	image/gif	62249
Premiere-D-ketmaliss-decipher-archive.gif	Premiere-D-ketmaliss-decipher-archive.gif	image/gif	64181
Premiere-D-labria.gif	Premiere-D-labria.gif	image/gif	60852
Premiere-D-ketmaliss.gif	Premiere-D-ketmaliss.gif	image/png	303635
Premiere-D-kintanstrider.gif	Premiere-D-kintanstrider.gif	image/png	301486
Premiere-D-lateraldamage.gif	Premiere-D-lateraldamage.gif	image/gif	70421
Premiere-D-lieutenanttanbris-decipher-archive.gif	Premiere-D-lieutenanttanbris-decipher-archive.gif	image/gif	64167
Premiere-D-laserprojector.gif	Premiere-D-laserprojector.gif	image/png	357072
Premiere-D-lightrepeatingblasterrifle-decipher-archive.gif	Premiere-D-lightrepeatingblasterrifle-decipher-archive.gif	image/gif	73200
Premiere-D-lifttube.gif	Premiere-D-lifttube.gif	image/gif	66291
Premiere-D-limitedresources-decipher-archive.gif	Premiere-D-limitedresources-decipher-archive.gif	image/gif	72245
Premiere-D-lieutenanttanbris.gif	Premiere-D-lieutenanttanbris.gif	image/png	339773
Premiere-D-linv8m-decipher-archive.gif	Premiere-D-linv8m-decipher-archive.gif	image/gif	69748
Premiere-D-lightrepeatingblasterrifle.gif	Premiere-D-lightrepeatingblasterrifle.gif	image/png	326544
Premiere-D-localtrouble-decipher-archive.gif	Premiere-D-localtrouble-decipher-archive.gif	image/gif	75350
Premiere-D-limitedresources.gif	Premiere-D-limitedresources.gif	image/png	308370
Premiere-D-linv8m.gif	Premiere-D-linv8m.gif	image/png	376093
Premiere-D-localtrouble.gif	Premiere-D-localtrouble.gif	image/png	311419
Premiere-D-lonepilot-decipher-archive.gif	Premiere-D-lonepilot-decipher-archive.gif	image/gif	66228
Premiere-D-lonewarrior-decipher-archive.gif	Premiere-D-lonewarrior-decipher-archive.gif	image/gif	81201
Premiere-D-lonepilot.gif	Premiere-D-lonepilot.gif	image/png	332810
Premiere-D-looksirdroids.gif	Premiere-D-looksirdroids.gif	image/gif	59261
Premiere-D-lukeluuuuke.gif	Premiere-D-lukeluuuuke.gif	image/gif	73385
Premiere-D-lukeseeker-decipher-archive.gif	Premiere-D-lukeseeker-decipher-archive.gif	image/gif	63033
Premiere-D-macroscan.gif	Premiere-D-macroscan.gif	image/gif	54281
Premiere-D-lonewarrior.gif	Premiere-D-lonewarrior.gif	image/png	318858
Premiere-D-miiyoomonith-decipher-archive.gif	Premiere-D-miiyoomonith-decipher-archive.gif	image/gif	67004
Premiere-D-lukeseeker.gif	Premiere-D-lukeseeker.gif	image/png	342493
Premiere-D-momentoftriumph-decipher-archive.gif	Premiere-D-momentoftriumph-decipher-archive.gif	image/gif	72159
Premiere-D-molator.gif	Premiere-D-molator.gif	image/gif	58250
Premiere-D-miiyoomonith.gif	Premiere-D-miiyoomonith.gif	image/png	359525
Premiere-D-mse6mousedroid-decipher-archive.gif	Premiere-D-mse6mousedroid-decipher-archive.gif	image/gif	77543
Premiere-D-momentoftriumph.gif	Premiere-D-momentoftriumph.gif	image/png	299945
Premiere-D-myo.gif	Premiere-D-myo.gif	image/gif	61155
Premiere-D-nevaryalnal-decipher-archive.gif	Premiere-D-nevaryalnal-decipher-archive.gif	image/gif	69352
Premiere-D-mse6mousedroid.gif	Premiere-D-mse6mousedroid.gif	image/png	362638
Premiere-D-observationholocam-decipher-archive.gif	Premiere-D-observationholocam-decipher-archive.gif	image/gif	65333
Premiere-D-nevaryalnal.gif	Premiere-D-nevaryalnal.gif	image/png	290231
Premiere-D-ommnibox.gif	Premiere-D-ommnibox.gif	image/gif	63097
Premiere-D-organasceremonialnecklace.gif	Premiere-D-organasceremonialnecklace.gif	image/gif	61683
Premiere-D-physicalchoke.gif	Premiere-D-physicalchoke.gif	image/gif	66102
Premiere-D-overload.gif	Premiere-D-overload.gif	image/gif	64131
Premiere-D-pondababa-decipher-archive.gif	Premiere-D-pondababa-decipher-archive.gif	image/gif	66491
Premiere-D-observationholocam.gif	Premiere-D-observationholocam.gif	image/png	310329
Premiere-D-pondababa.gif	Premiere-D-pondababa.gif	image/png	345245
Premiere-D-preciseattack-decipher-archive.gif	Premiere-D-preciseattack-decipher-archive.gif	image/gif	69978
Premiere-D-presenceoftheforce.gif	Premiere-D-presenceoftheforce.gif	image/gif	53896
Premiere-D-r4m9-decipher-archive.gif	Premiere-D-r4m9-decipher-archive.gif	image/gif	75680
Premiere-D-prophetess.gif	Premiere-D-prophetess.gif	image/gif	67152
Premiere-D-r1g4.gif	Premiere-D-r1g4.gif	image/gif	64181
Premiere-D-preciseattack.gif	Premiere-D-preciseattack.gif	image/png	285305
Premiere-D-restrainingbolt.gif	Premiere-D-restrainingbolt.gif	image/gif	53307
Premiere-D-reactorterminal.gif	Premiere-D-reactorterminal.gif	image/gif	63247
Premiere-D-r4m9.gif	Premiere-D-r4m9.gif	image/gif	75263
Premiere-D-sandcrawler.gif	Premiere-D-sandcrawler.gif	image/gif	66682
Premiere-D-sense.gif	Premiere-D-sense.gif	image/gif	60772
Premiere-D-sendadetachmentdown.gif	Premiere-D-sendadetachmentdown.gif	image/gif	49073
Premiere-D-scanningcrew.gif	Premiere-D-scanningcrew.gif	image/gif	62143
Premiere-D-setforstun.gif	Premiere-D-setforstun.gif	image/gif	64867
Premiere-D-stormtrooperbackpack.gif	Premiere-D-stormtrooperbackpack.gif	image/gif	65023
Premiere-D-stormtrooper.gif	Premiere-D-stormtrooper.gif	image/gif	63643
Premiere-D-stormtrooperutilitybelt.gif	Premiere-D-stormtrooperutilitybelt.gif	image/gif	58138
Premiere-D-sunsdown.gif	Premiere-D-sunsdown.gif	image/gif	56085
Premiere-D-takeel.gif	Premiere-D-takeel.gif	image/gif	57921
Premiere-D-tacticalrecall.gif	Premiere-D-tacticalrecall.gif	image/gif	62999
Premiere-D-tallonroll-decipher-archive.gif	Premiere-D-tallonroll-decipher-archive.gif	image/gif	53288
Premiere-D-stormtrooperbackpack-decipher-archive.gif	Premiere-D-stormtrooperbackpack-decipher-archive.gif	image/gif	69148
Premiere-D-tallonroll.gif	Premiere-D-tallonroll.gif	image/gif	51925
Premiere-D-tatooinecantina.gif	Premiere-D-tatooinecantina.gif	image/gif	72550
Premiere-D-tatooinejawacamp.gif	Premiere-D-tatooinejawacamp.gif	image/gif	89185
Premiere-D-tatooinedockingbay94.gif	Premiere-D-tatooinedockingbay94.gif	image/gif	97705
Premiere-D-tatooinejundlandwastes.gif	Premiere-D-tatooinejundlandwastes.gif	image/gif	95732
Premiere-D-tatooine.gif	Premiere-D-tatooine.gif	image/gif	53357
Premiere-D-tatooinelarsmoisturefarm.gif	Premiere-D-tatooinelarsmoisturefarm.gif	image/gif	85057
Premiere-D-tatooinemoseisley.gif	Premiere-D-tatooinemoseisley.gif	image/gif	85703
Premiere-D-thecircleisnowcomplete-decipher-archive.gif	Premiere-D-thecircleisnowcomplete-decipher-archive.gif	image/gif	73325
Premiere-D-thecircleisnowcomplete.gif	Premiere-D-thecircleisnowcomplete.gif	image/gif	75176
Premiere-D-theempiresback.gif	Premiere-D-theempiresback.gif	image/gif	56847
Premiere-D-tieadvancedx1.gif	Premiere-D-tieadvancedx1.gif	image/gif	50305
Premiere-D-tiefighter.gif	Premiere-D-tiefighter.gif	image/gif	52842
Premiere-D-tiescout.gif	Premiere-D-tiescout.gif	image/gif	50546
Premiere-D-timermine.gif	Premiere-D-timermine.gif	image/gif	60490
Premiere-D-tonnikasisters-decipher-archive.gif	Premiere-D-tonnikasisters-decipher-archive.gif	image/gif	62654
Premiere-D-tonnikasisters.gif	Premiere-D-tonnikasisters.gif	image/gif	89340
Premiere-D-trintoduaba.gif	Premiere-D-trintoduaba.gif	image/gif	54167
Premiere-D-troopercharge.gif	Premiere-D-troopercharge.gif	image/gif	70824
Premiere-D-turbolaserbattery-decipher-archive.gif	Premiere-D-turbolaserbattery-decipher-archive.gif	image/gif	58041
Premiere-D-turbolaserbattery.gif	Premiere-D-turbolaserbattery.gif	image/gif	88037
Premiere-D-tuskenraider-decipher-archive.gif	Premiere-D-tuskenraider-decipher-archive.gif	image/gif	62691
Premiere-D-tuskenscavengers.gif	Premiere-D-tuskenscavengers.gif	image/gif	70429
Premiere-D-tuskenraider.gif	Premiere-D-tuskenraider.gif	image/gif	63792
Premiere-D-ubrikkian9000z001-decipher-archive.gif	Premiere-D-ubrikkian9000z001-decipher-archive.gif	image/gif	71059
Premiere-D-wed151662treadwelldroid-decipher-archive.gif	Premiere-D-wed151662treadwelldroid-decipher-archive.gif	image/gif	65719
Premiere-D-ubrikkian9000z001.gif	Premiere-D-ubrikkian9000z001.gif	image/gif	70251
Premiere-D-utinni.gif	Premiere-D-utinni.gif	image/gif	57500
Premiere-D-vaderscustomtie.gif	Premiere-D-vaderscustomtie.gif	image/gif	65374
Premiere-D-wed151662treadwelldroid.gif	Premiere-D-wed151662treadwelldroid.gif	image/gif	66877
Premiere-D-vaderslightsaber.gif	Premiere-D-vaderslightsaber.gif	image/gif	87088
Premiere-D-vaderslightsaber-decipher-archive.gif	Premiere-D-vaderslightsaber-decipher-archive.gif	image/gif	58478
Premiere-D-vaderseye.gif	Premiere-D-vaderseye.gif	image/gif	57467
Premiere-D-wereallgonnabealotthinner.gif	Premiere-D-wereallgonnabealotthinner.gif	image/gif	66355
Premiere-D-wrongturn.gif	Premiere-D-wrongturn.gif	image/gif	66079
Premiere-D-wuher.gif	Premiere-D-wuher.gif	image/gif	73262
Premiere-D-yavin4.gif	Premiere-D-yavin4.gif	image/gif	58242
Premiere-D-youoverestimatetheirchances.gif	Premiere-D-youoverestimatetheirchances.gif	image/gif	61922
Premiere-D-yavin4dockingbay.gif	Premiere-D-yavin4dockingbay.gif	image/gif	72595
Premiere-D-yavin4jungle.gif	Premiere-D-yavin4jungle.gif	image/gif	86239
Premiere-D-youreyescandeceiveyou.gif	Premiere-D-youreyescandeceiveyou.gif	image/gif	60360
Premiere-D-yourpowersareweakoldman.gif	Premiere-D-yourpowersareweakoldman.gif	image/gif	65413
Premiere-Japanese-pack.png	Premiere-Japanese-pack.png	image/png	105090
Premiere-Japanese-Takara-guides.png	Premiere-Japanese-Takara-guides.png	image/png	348433
Premiere-Japanese-Takara-guides-v2.png	Premiere-Japanese-Takara-guides-v2.png	image/png	407023
Premiere-Japanese-Help-Me-Obi-Wan.png	Premiere-Japanese-Help-Me-Obi-Wan.png	image/png	422840
Premiere-Japanese-box.png	Premiere-Japanese-box.png	image/png	325475
Premiere-Japanese-Help-Me-Obi-Wan-v2.png	Premiere-Japanese-Help-Me-Obi-Wan-v2.png	image/png	466403
Premiere-Japanese-starter-v2.png	Premiere-Japanese-starter-v2.png	image/png	102515
Premiere-Japanese-starter.png	Premiere-Japanese-starter.png	image/png	65815
Premiere-L-2x3kpr.gif	Premiere-L-2x3kpr.gif	image/gif	87911
Premiere-L-afewmaneuvers.gif	Premiere-L-afewmaneuvers.gif	image/gif	83588
Premiere-L-alderaan.gif	Premiere-L-alderaan.gif	image/gif	50387
Premiere-L-affectmind-decipher-archive.gif	Premiere-L-affectmind-decipher-archive.gif	image/gif	110734
Premiere-L-alter.gif	Premiere-L-alter.gif	image/gif	113331
Premiere-L-affectmind.gif	Premiere-L-affectmind.gif	image/png	441323
Premiere-L-atremorintheforce-decipher-archive.gif	Premiere-L-atremorintheforce-decipher-archive.gif	image/gif	105015
Premiere-L-beggar.gif	Premiere-L-beggar.gif	image/gif	110257
Premiere-L-atremorintheforce.gif	Premiere-L-atremorintheforce.gif	image/png	422101
Premiere-L-berustew-decipher-archive.gif	Premiere-L-berustew-decipher-archive.gif	image/gif	111017
Premiere-L-berulars.gif	Premiere-L-berulars.gif	image/png	419917
Premiere-L-biggsdarklighter-decipher-archive.gif	Premiere-L-biggsdarklighter-decipher-archive.gif	image/gif	146676
Premiere-L-berustew.gif	Premiere-L-berustew.gif	image/png	406390
Premiere-L-biggsdarklighter.gif	Premiere-L-biggsdarklighter.gif	image/png	430758
Premiere-L-blaster.gif	Premiere-L-blaster.gif	image/png	411766
Premiere-L-boshek-decipher-archive.gif	Premiere-L-boshek-decipher-archive.gif	image/gif	142811
Premiere-L-blasterrifle.gif	Premiere-L-blasterrifle.gif	image/png	431972
Premiere-L-c3po.gif	Premiere-L-c3po.gif	image/gif	97442
Premiere-L-boshek.gif	Premiere-L-boshek.gif	image/png	413356
Premiere-L-cantinabrawl.gif	Premiere-L-cantinabrawl.gif	image/gif	104208
Premiere-L-caller.gif	Premiere-L-caller.gif	image/gif	103204
Premiere-L-collision-decipher-archive.gif	Premiere-L-collision-decipher-archive.gif	image/gif	107193
Premiere-L-collision.gif	Premiere-L-collision.gif	image/png	416751
Premiere-L-combinedattack-decipher-archive.gif	Premiere-L-combinedattack-decipher-archive.gif	image/gif	106046
Premiere-L-corelliancorvette.gif	Premiere-L-corelliancorvette.gif	image/gif	97259
Premiere-L-cz3.gif	Premiere-L-cz3.gif	image/gif	91551
Premiere-L-crashsitememorial-decipher-archive.gif	Premiere-L-crashsitememorial-decipher-archive.gif	image/gif	102174
Premiere-L-dantooine.gif	Premiere-L-dantooine.gif	image/gif	59635
Premiere-L-combinedattack.gif	Premiere-L-combinedattack.gif	image/png	410971
Premiere-L-crashsitememorial.gif	Premiere-L-crashsitememorial.gif	image/png	416879
Premiere-L-deathstardockingbay327.gif	Premiere-L-deathstardockingbay327.gif	image/gif	92817
Premiere-L-deathstarplans.gif	Premiere-L-deathstarplans.gif	image/gif	79416
Premiere-L-deathstartrashcompactor.gif	Premiere-L-deathstartrashcompactor.gif	image/gif	88651
Premiere-L-demotion-decipher-archive.gif	Premiere-L-demotion-decipher-archive.gif	image/gif	90870
Premiere-L-diceibegon.gif	Premiere-L-diceibegon.gif	image/gif	90093
Premiere-L-deathstardetentionblockcontrolroom.gif	Premiere-L-deathstardetentionblockcontrolroom.gif	image/png	383104
Premiere-L-demotion.gif	Premiere-L-demotion.gif	image/png	403998
Premiere-L-disarmed-decipher-archive.gif	Premiere-L-disarmed-decipher-archive.gif	image/gif	125550
Premiere-L-dontgetcocky-decipher-archive.gif	Premiere-L-dontgetcocky-decipher-archive.gif	image/gif	112891
Premiere-L-dontunderestimateourchances.gif	Premiere-L-dontunderestimateourchances.gif	image/gif	87768
Premiere-L-disarmed.gif	Premiere-L-disarmed.gif	image/png	436429
Premiere-L-droidshutdown-decipher-archive.gif	Premiere-L-droidshutdown-decipher-archive.gif	image/gif	104316
Premiere-L-dontgetcocky.gif	Premiere-L-dontgetcocky.gif	image/png	410714
Premiere-L-dutch-decipher-archive.gif	Premiere-L-dutch-decipher-archive.gif	image/gif	96675
Premiere-L-electrobinoculars-decipher-archive.gif	Premiere-L-electrobinoculars-decipher-archive.gif	image/gif	93362
Premiere-L-droidshutdown.gif	Premiere-L-droidshutdown.gif	image/png	409316
Premiere-L-ellorrsmadak-decipher-archive.gif	Premiere-L-ellorrsmadak-decipher-archive.gif	image/gif	99550
Premiere-L-dutch.gif	Premiere-L-dutch.gif	image/png	453542
Premiere-L-electrobinoculars.gif	Premiere-L-electrobinoculars.gif	image/png	415065
Premiere-L-escapepod-decipher-archive.gif	Premiere-L-escapepod-decipher-archive.gif	image/gif	103748
Premiere-L-ellorrsmadak.gif	Premiere-L-ellorrsmadak.gif	image/png	416525
Premiere-L-eyesinthedark.gif	Premiere-L-eyesinthedark.gif	image/gif	78776
Premiere-L-figrindan.gif	Premiere-L-figrindan.gif	image/gif	85910
Premiere-L-escapepod.gif	Premiere-L-escapepod.gif	image/png	430138
Premiere-L-friendlyfire.gif	Premiere-L-friendlyfire.gif	image/gif	92654
Premiere-L-fullthrottle-decipher-archive.gif	Premiere-L-fullthrottle-decipher-archive.gif	image/gif	103366
Premiere-L-fusiongeneratorsupplytank-decipher-archive.gif	Premiere-L-fusiongeneratorsupplytank-decipher-archive.gif	image/gif	100552
Premiere-L-generaldodonna.gif	Premiere-L-generaldodonna.gif	image/gif	77898
Premiere-L-fullthrottle.gif	Premiere-L-fullthrottle.gif	image/png	407875
Premiere-L-giftofthementor.gif	Premiere-L-giftofthementor.gif	image/gif	121067
Premiere-L-gold1.gif	Premiere-L-gold1.gif	image/gif	98664
Premiere-L-fusiongeneratorsupplytanks.gif	Premiere-L-fusiongeneratorsupplytanks.gif	image/png	428214
Premiere-L-hansback.gif	Premiere-L-hansback.gif	image/gif	96184
Premiere-L-gold5.gif	Premiere-L-gold5.gif	image/png	438485
Premiere-L-hansdice.gif	Premiere-L-hansdice.gif	image/gif	82700
Premiere-L-hansheavyblasterpistol-decipher-archive.gif	Premiere-L-hansheavyblasterpistol-decipher-archive.gif	image/gif	94088
Premiere-L-hansolo-decipher-archive.gif	Premiere-L-hansolo-decipher-archive.gif	image/gif	96657
Premiere-L-hansheavyblasterpistol.gif	Premiere-L-hansheavyblasterpistol.gif	image/png	437277
Premiere-L-hearmebabyholdtogether-decipher-archive.gif	Premiere-L-hearmebabyholdtogether-decipher-archive.gif	image/gif	101452
Premiere-L-hansolo.gif	Premiere-L-hansolo.gif	image/png	425554
Premiere-L-hydroponicsstation-decipher-archive.gif	Premiere-L-hydroponicsstation-decipher-archive.gif	image/gif	94096
Premiere-L-helpmeobiwankenobi.gif	Premiere-L-helpmeobiwankenobi.gif	image/gif	100949
Premiere-L-howdidwegetintothismess.gif	Premiere-L-howdidwegetintothismess.gif	image/gif	99529
Premiere-L-hearmebabyholdtogether.gif	Premiere-L-hearmebabyholdtogether.gif	image/png	420721
Premiere-L-hydroponicsstation.gif	Premiere-L-hydroponicsstation.gif	image/png	398508
Premiere-L-jawa.gif	Premiere-L-jawa.gif	image/gif	90918
Premiere-L-itcouldbeworse.gif	Premiere-L-itcouldbeworse.gif	image/gif	97140
Premiere-L-jawasiesta.gif	Premiere-L-jawasiesta.gif	image/gif	96261
Premiere-L-intothegarbagechuteflyboy.gif	Premiere-L-intothegarbagechuteflyboy.gif	image/gif	95174
Premiere-L-ivegotabadfeelingaboutthis-decipher-archive.gif	Premiere-L-ivegotabadfeelingaboutthis-decipher-archive.gif	image/gif	102398
Premiere-L-hyperescape-decipher-archive.gif	Premiere-L-hyperescape-decipher-archive.gif	image/gif	110417
Premiere-L-ivegotabadfeelingaboutthis.gif	Premiere-L-ivegotabadfeelingaboutthis.gif	image/png	412479
Premiere-L-hyperescape.gif	Premiere-L-hyperescape.gif	image/png	452748
Premiere-L-kabe.gif	Premiere-L-kabe.gif	image/gif	86918
Premiere-L-jekporkins-decipher-archive.gif	Premiere-L-jekporkins-decipher-archive.gif	image/gif	95440
Premiere-L-jedilightsaber-decipher-archive.gif	Premiere-L-jedilightsaber-decipher-archive.gif	image/gif	109140
Premiere-L-jedipresence.gif	Premiere-L-jedipresence.gif	image/gif	107877
Premiere-L-kalfalnlcndros-decipher-archive.gif	Premiere-L-kalfalnlcndros-decipher-archive.gif	image/gif	97606
Premiere-L-jedilightsaber.gif	Premiere-L-jedilightsaber.gif	image/png	438961
Premiere-L-jekporkins.gif	Premiere-L-jekporkins.gif	image/png	438290
Premiere-L-kalfalnlcndros.gif	Premiere-L-kalfalnlcndros.gif	image/png	421139
Premiere-L-kessel.gif	Premiere-L-kessel.gif	image/gif	66733
Premiere-L-kesselrun.gif	Premiere-L-kesselrun.gif	image/gif	96063
Premiere-L-leesubsirln.gif	Premiere-L-leesubsirln.gif	image/gif	87897
Premiere-L-kraytdragonhowl.gif	Premiere-L-kraytdragonhowl.gif	image/gif	109268
Premiere-L-leiaorgana.gif	Premiere-L-leiaorgana.gif	image/gif	86638
Premiere-L-leiasback.gif	Premiere-L-leiasback.gif	image/gif	101225
Premiere-L-leiassportingblaster-decipher-archive.gif	Premiere-L-leiassportingblaster-decipher-archive.gif	image/gif	96637
Premiere-L-klorslug.gif	Premiere-L-klorslug.gif	image/png	407849
Premiere-L-lifttube.gif	Premiere-L-lifttube.gif	image/gif	101492
Premiere-L-linv8k-decipher-archive.gif	Premiere-L-linv8k-decipher-archive.gif	image/gif	86542
Premiere-L-lightsaberproficiency-decipher-archive.gif	Premiere-L-lightsaberproficiency-decipher-archive.gif	image/gif	105391
Premiere-L-leiassportingblaster.gif	Premiere-L-leiassportingblaster.gif	image/png	423645
Premiere-L-lukeskywalker-decipher-archive.gif	Premiere-L-lukeskywalker-decipher-archive.gif	image/gif	88801
Premiere-L-lightsaberproficiency.gif	Premiere-L-lightsaberproficiency.gif	image/png	427431
Premiere-L-lukesback.gif	Premiere-L-lukesback.gif	image/gif	105902
Premiere-L-linv8k.gif	Premiere-L-linv8k.gif	image/png	437332
Premiere-L-lukeskywalker.gif	Premiere-L-lukeskywalker.gif	image/png	414168
Premiere-L-lukesx34landspeeder-decipher-archive.gif	Premiere-L-lukesx34landspeeder-decipher-archive.gif	image/gif	99999
Premiere-L-millenniumfalcon.gif	Premiere-L-millenniumfalcon.gif	image/gif	98619
Premiere-L-lukesx34landspeeder.gif	Premiere-L-lukesx34landspeeder.gif	image/png	393217
Premiere-L-momawnadon.gif	Premiere-L-momawnadon.gif	image/gif	85593
Premiere-L-mantelliansavrip.gif	Premiere-L-mantelliansavrip.gif	image/png	403844
Premiere-L-movealong-decipher-archive.gif	Premiere-L-movealong-decipher-archive.gif	image/gif	119170
Premiere-L-movealong.gif	Premiere-L-movealong.gif	image/png	397041
Premiere-L-nabrunleids-decipher-archive.gif	Premiere-L-nabrunleids-decipher-archive.gif	image/gif	116391
Premiere-L-nightfall.gif	Premiere-L-nightfall.gif	image/gif	95058
Premiere-L-narrowescape-decipher-archive.gif	Premiere-L-narrowescape-decipher-archive.gif	image/gif	100524
Premiere-L-obiwankenobi-decipher-archive.gif	Premiere-L-obiwankenobi-decipher-archive.gif	image/gif	96598
Premiere-L-nabrunleids.gif	Premiere-L-nabrunleids.gif	image/png	406366
Premiere-L-narrowescape.gif	Premiere-L-narrowescape.gif	image/png	399613
Premiere-L-obiwankenobi.gif	Premiere-L-obiwankenobi.gif	image/png	408008
Premiere-L-obiwanscape-decipher-archive.gif	Premiere-L-obiwanscape-decipher-archive.gif	image/gif	112209
Premiere-L-obiwanslightsaber-decipher-archive.gif	Premiere-L-obiwanslightsaber-decipher-archive.gif	image/gif	116435
Premiere-L-oldben-decipher-archive.gif	Premiere-L-oldben-decipher-archive.gif	image/gif	105573
Premiere-L-noblesacrifice.gif	Premiere-L-noblesacrifice.gif	image/gif	105165
Premiere-L-obiwanscape.gif	Premiere-L-obiwanscape.gif	image/png	400414
Premiere-L-oldben.gif	Premiere-L-oldben.gif	image/png	427097
Premiere-L-obiwanslightsaber.gif	Premiere-L-obiwanslightsaber.gif	image/png	440150
Premiere-L-ontheedge.gif	Premiere-L-ontheedge.gif	image/gif	105739
Premiere-L-ourmostdesperatehour.gif	Premiere-L-ourmostdesperatehour.gif	image/gif	96349
Premiere-L-outofnowhere-decipher-archive.gif	Premiere-L-outofnowhere-decipher-archive.gif	image/gif	102474
Premiere-L-owenlars-decipher-archive.gif	Premiere-L-owenlars-decipher-archive.gif	image/gif	95461
Premiere-L-panic-decipher-archive.gif	Premiere-L-panic-decipher-archive.gif	image/gif	109868
Premiere-L-outofnowhere.gif	Premiere-L-outofnowhere.gif	image/png	415096
Premiere-L-owenlars.gif	Premiere-L-owenlars.gif	image/png	395739
Premiere-L-plastoidarmor-decipher-archive.gif	Premiere-L-plastoidarmor-decipher-archive.gif	image/gif	101137
Premiere-L-panic.gif	Premiere-L-panic.gif	image/png	386016
Premiere-L-pops-decipher-archive.gif	Premiere-L-pops-decipher-archive.gif	image/gif	91636
Premiere-L-plastoidarmor.gif	Premiere-L-plastoidarmor.gif	image/png	413008
Premiere-L-protontorpedoes-decipher-archive.gif	Premiere-L-protontorpedoes-decipher-archive.gif	image/gif	91152
Premiere-L-pops.gif	Premiere-L-pops.gif	image/png	431621
Premiere-L-quadlasercannon-decipher-archive.gif	Premiere-L-quadlasercannon-decipher-archive.gif	image/gif	98341
Premiere-L-r2x2.gif	Premiere-L-r2x2.gif	image/gif	86841
Premiere-L-protontorpedoes.gif	Premiere-L-protontorpedoes.gif	image/png	405414
Premiere-L-r4e1-decipher-archive.gif	Premiere-L-r4e1-decipher-archive.gif	image/gif	93562
Premiere-L-quadlasercannon.gif	Premiere-L-quadlasercannon.gif	image/png	431290
Premiere-L-r4e1.gif	Premiere-L-r4e1.gif	image/gif	91900
Premiere-L-radarscanner.gif	Premiere-L-radarscanner.gif	image/gif	87151
Premiere-L-rebelbarrier.gif	Premiere-L-rebelbarrier.gif	image/gif	95149
Premiere-L-rebelguard-decipher-archive.gif	Premiere-L-rebelguard-decipher-archive.gif	image/gif	87090
Premiere-L-rebelpilot-decipher-archive.gif	Premiere-L-rebelpilot-decipher-archive.gif	image/gif	84632
Premiere-L-rebelguard.gif	Premiere-L-rebelguard.gif	image/gif	84980
Premiere-L-rebelpilot.gif	Premiere-L-rebelpilot.gif	image/gif	101427
Premiere-L-rebelreinforcements.gif	Premiere-L-rebelreinforcements.gif	image/gif	100195
Premiere-L-rebelplanners.gif	Premiere-L-rebelplanners.gif	image/gif	100268
Premiere-L-rebelplanners-decipher-archive.gif	Premiere-L-rebelplanners-decipher-archive.gif	image/gif	108195
Premiere-L-rebeltrooper.gif	Premiere-L-rebeltrooper.gif	image/gif	87027
Premiere-L-red1.gif	Premiere-L-red1.gif	image/gif	104126
Premiere-L-redleader-decipher-archive.gif	Premiere-L-redleader-decipher-archive.gif	image/gif	98054
Premiere-L-red3.gif	Premiere-L-red3.gif	image/gif	99594
Premiere-L-restrainingbolt.gif	Premiere-L-restrainingbolt.gif	image/gif	95906
Premiere-L-restricteddeployment.gif	Premiere-L-restricteddeployment.gif	image/gif	94000
Premiere-L-redleader.gif	Premiere-L-redleader.gif	image/gif	99086
Premiere-L-revolution.gif	Premiere-L-revolution.gif	image/gif	81006
Premiere-L-returnofajedi.gif	Premiere-L-returnofajedi.gif	image/gif	99700
Premiere-L-rycarryjerd.gif	Premiere-L-rycarryjerd.gif	image/gif	97378
Premiere-L-rycarryjerd-decipher-archive.gif	Premiere-L-rycarryjerd-decipher-archive.gif	image/gif	110666
Premiere-L-saitorrkalfas-decipher-archive.gif	Premiere-L-saitorrkalfas-decipher-archive.gif	image/gif	103546
Premiere-L-saitorrkalfas.gif	Premiere-L-saitorrkalfas.gif	image/gif	92562
Premiere-L-scomplinkaccess.gif	Premiere-L-scomplinkaccess.gif	image/gif	90777
Premiere-L-sandcrawler-decipher-archive.gif	Premiere-L-sandcrawler-decipher-archive.gif	image/gif	119244
Premiere-L-sandcrawler.gif	Premiere-L-sandcrawler.gif	image/gif	107778
Premiere-L-sense.gif	Premiere-L-sense.gif	image/gif	109102
Premiere-L-shistavanenwolfman.gif	Premiere-L-shistavanenwolfman.gif	image/gif	79410
Premiere-L-surpriseassault.gif	Premiere-L-surpriseassault.gif	image/gif	92501
Premiere-L-sorosuubv35landspeeder.gif	Premiere-L-sorosuubv35landspeeder.gif	image/gif	93531
Premiere-L-solohan-decipher-archive.gif	Premiere-L-solohan-decipher-archive.gif	image/gif	105972
Premiere-L-spaceportspeeders.gif	Premiere-L-spaceportspeeders.gif	image/gif	106586
Premiere-L-specialmodifications.gif	Premiere-L-specialmodifications.gif	image/gif	113163
Premiere-L-spaceportspeeders-decipher-archive.gif	Premiere-L-spaceportspeeders-decipher-archive.gif	image/gif	115361
Premiere-L-skywalkers.gif	Premiere-L-skywalkers.gif	image/gif	108551
Premiere-L-solohan.gif	Premiere-L-solohan.gif	image/png	413770
Premiere-L-taggeseeker.gif	Premiere-L-taggeseeker.gif	image/gif	115138
Premiere-L-taggeseeker-decipher-archive.gif	Premiere-L-taggeseeker-decipher-archive.gif	image/gif	113223
Premiere-L-talz.gif	Premiere-L-talz.gif	image/gif	89657
Premiere-L-targetingcomputer.gif	Premiere-L-targetingcomputer.gif	image/gif	95566
Premiere-L-tatooine.gif	Premiere-L-tatooine.gif	image/gif	58281
Premiere-L-tarkinseeker.gif	Premiere-L-tarkinseeker.gif	image/gif	118865
Premiere-L-tarkinseeker-decipher-archive.gif	Premiere-L-tarkinseeker-decipher-archive.gif	image/gif	111768
Premiere-L-tatooinecantina.gif	Premiere-L-tatooinecantina.gif	image/gif	88762
Premiere-L-tatooinelarsmoisturefarm.gif	Premiere-L-tatooinelarsmoisturefarm.gif	image/gif	62973
Premiere-L-tatooinedunesea.gif	Premiere-L-tatooinedunesea.gif	image/gif	71331
Premiere-L-tatooinejawacamp.gif	Premiere-L-tatooinejawacamp.gif	image/gif	84594
Premiere-L-tatooinedockingbay94.gif	Premiere-L-tatooinedockingbay94.gif	image/gif	95449
Premiere-L-tatooinemoseisley.gif	Premiere-L-tatooinemoseisley.gif	image/gif	80089
Premiere-L-tatooineobiwanshut.gif	Premiere-L-tatooineobiwanshut.gif	image/gif	83096
Premiere-L-tatooineutilitybelt.gif	Premiere-L-tatooineutilitybelt.gif	image/gif	93151
Premiere-L-thankthemaker.gif	Premiere-L-thankthemaker.gif	image/gif	104645
Premiere-L-thebithshuffle.gif	Premiere-L-thebithshuffle.gif	image/gif	92418
Premiere-L-timermine.gif	Premiere-L-timermine.gif	image/gif	95437
Premiere-L-theforceisstrongwiththisone.gif	Premiere-L-theforceisstrongwiththisone.gif	image/gif	98235
Premiere-L-thisisallyourfault.gif	Premiere-L-thisisallyourfault.gif	image/gif	122793
Premiere-L-trafficcontrol.gif	Premiere-L-trafficcontrol.gif	image/gif	102876
Premiere-L-tuskenbreathmask.gif	Premiere-L-tuskenbreathmask.gif	image/gif	113912
Premiere-L-vaporator.gif	Premiere-L-vaporator.gif	image/gif	82676
Premiere-L-utinni.gif	Premiere-L-utinni.gif	image/gif	104145
Premiere-L-wed9m1banthadroid-decipher-archive.gif	Premiere-L-wed9m1banthadroid-decipher-archive.gif	image/gif	102910
Premiere-L-warriorscourage-decipher-archive.gif	Premiere-L-warriorscourage-decipher-archive.gif	image/gif	112597
Premiere-L-weredoomed.gif	Premiere-L-weredoomed.gif	image/gif	93151
Premiere-L-warriorscourage.gif	Premiere-L-warriorscourage.gif	image/png	412767
Premiere-L-wioslea-decipher-archive.gif	Premiere-L-wioslea-decipher-archive.gif	image/gif	106536
Premiere-L-wed9m1banthadroid.gif	Premiere-L-wed9m1banthadroid.gif	image/gif	98951
Premiere-L-xwing.gif	Premiere-L-xwing.gif	image/gif	86383
Premiere-L-wioslea.gif	Premiere-L-wioslea.gif	image/gif	105718
Premiere-L-yavin4.gif	Premiere-L-yavin4.gif	image/gif	58844
Premiere-L-yavin4massassiwarroom.gif	Premiere-L-yavin4massassiwarroom.gif	image/gif	79226
Premiere-L-yavin4massassithroneroom.gif	Premiere-L-yavin4massassithroneroom.gif	image/gif	82491
Premiere-L-yerkamig.gif	Premiere-L-yerkamig.gif	image/gif	98957
Premiere-L-ywing.gif	Premiere-L-ywing.gif	image/gif	88468
Premiere-L-yavinsentry.gif	Premiere-L-yavinsentry.gif	image/gif	91728
Premiere-Limited-blue.png	Premiere-Limited-blue.png	image/png	293815
Premiere-Limited-box-encyc.png	Premiere-Limited-box-encyc.png	image/png	307247
Premiere-L-yavin4dockingbay.gif	Premiere-L-yavin4dockingbay.gif	image/gif	73202
Premiere-L-yavin4jungle.gif	Premiere-L-yavin4jungle.gif	image/gif	85279
Premiere-Limited-starter-v2.png	Premiere-Limited-starter-v2.png	image/png	74506
Premiere-Limited-pack.png	Premiere-Limited-pack.png	image/png	118431
Premiere-Limited-four-panel-poster.png	Premiere-Limited-four-panel-poster.png	image/png	459692
Premiere-Limited-starter.png	Premiere-Limited-starter.png	image/png	55186
Premiere-Limited-expand-the-empire-poster.png	Premiere-Limited-expand-the-empire-poster.png	image/png	3470662
Premiere-Limited-ds-rare-sheet.png	Premiere-Limited-ds-rare-sheet.png	image/png	6552541
Premiere-Unlimited-box-v2.png	Premiere-Unlimited-box-v2.png	image/png	356394
Premiere-Unlimited-pack-v2.png	Premiere-Unlimited-pack-v2.png	image/png	85222
Premiere-Unlimited-pack.png	Premiere-Unlimited-pack.png	image/png	68372
Premiere-Limited-ls-rare-sheet.png	Premiere-Limited-ls-rare-sheet.png	image/png	7374997
Premiere-Unlimited-box.png	Premiere-Unlimited-box.png	image/png	278850
Premiere-Unlimited-starter-v2.png	Premiere-Unlimited-starter-v2.png	image/png	117526
RG-2-1B.jpg	RG-2-1B.jpg	image/jpeg	94499
Premiere-Unlimited-starter.png	Premiere-Unlimited-starter.png	image/png	83145
RG-A-Few-Maneuvers.jpg	RG-A-Few-Maneuvers.jpg	image/jpeg	98080
RG-A-Few-Maneuvers-Han-s-Dice.jpg	RG-A-Few-Maneuvers-Han-s-Dice.jpg	image/jpeg	109603
RG-A-Gift.jpg	RG-A-Gift.jpg	image/jpeg	113357
RG-Aim-High.jpg	RG-Aim-High.jpg	image/jpeg	118012
RG-All-Wings-Report-In.jpg	RG-All-Wings-Report-In.jpg	image/jpeg	105727
RG-Attack-Pattern-Delta.jpg	RG-Attack-Pattern-Delta.jpg	image/jpeg	109689
RG-Armed-And-Dangerous-Ambush.jpg	RG-Armed-And-Dangerous-Ambush.jpg	image/jpeg	122253
RG-Away-Put-Your-Weapon-Put-That-Down.jpg	RG-Away-Put-Your-Weapon-Put-That-Down.jpg	image/jpeg	122934
RG-Beggar-Revolution.jpg	RG-Beggar-Revolution.jpg	image/jpeg	111062
RG-Bickering-At-Its-Finest.jpg	RG-Bickering-At-Its-Finest.jpg	image/jpeg	121364
RG-Blizzard-Scout-4.jpg	RG-Blizzard-Scout-4.jpg	image/jpeg	101794
RG-Biker-Scout-Down.jpg	RG-Biker-Scout-Down.jpg	image/jpeg	117075
RG-Boba-Fett.jpg	RG-Boba-Fett.jpg	image/jpeg	86205
RG-C1-A-Few-Maneuvers-Han-s-Dice.jpg	RG-C1-A-Few-Maneuvers-Han-s-Dice.jpg	image/jpeg	80926
RG-C1-A-Few-Maneuvers.jpg	RG-C1-A-Few-Maneuvers.jpg	image/jpeg	118966
RG-C1-Ackbar-s-Assault-Plan.jpg	RG-C1-Ackbar-s-Assault-Plan.jpg	image/jpeg	79877
RG-C1-2-1B.jpg	RG-C1-2-1B.jpg	image/jpeg	971551
RG-C1-A-Gift.jpg	RG-C1-A-Gift.jpg	image/jpeg	131871
RG-C1-Always-Thinking-With-Your-Stomach-Scout-Recon.jpg	RG-C1-Always-Thinking-With-Your-Stomach-Scout-Recon.jpg	image/jpeg	83486
RG-C1-All-Wings-Report-In.jpg	RG-C1-All-Wings-Report-In.jpg	image/jpeg	127291
RG-C1-Alert-My-Star-Destroyer.jpg	RG-C1-Alert-My-Star-Destroyer.jpg	image/jpeg	135499
RG-C1-Aim-High.jpg	RG-C1-Aim-High.jpg	image/jpeg	141220
RG-C1-Anakin-Skywalker.jpg	RG-C1-Anakin-Skywalker.jpg	image/jpeg	69528
RG-C1-Armed-And-Dangerous-Ambush.jpg	RG-C1-Armed-And-Dangerous-Ambush.jpg	image/jpeg	86114
RG-C1-Aratech-Corporation.jpg	RG-C1-Aratech-Corporation.jpg	image/jpeg	134005
RG-C1-Atmospheric-Assault.jpg	RG-C1-Atmospheric-Assault.jpg	image/jpeg	128276
RG-C1-Back-On-Schedule.jpg	RG-C1-Back-On-Schedule.jpg	image/jpeg	69346
RG-C1-Bad-Lifters-And-Faulty-Wings.jpg	RG-C1-Bad-Lifters-And-Faulty-Wings.jpg	image/jpeg	78763
RG-C1-Away-Put-Your-Weapon-Put-That-Down.jpg	RG-C1-Away-Put-Your-Weapon-Put-That-Down.jpg	image/jpeg	85066
RG-C1-Attack-Pattern-Delta.jpg	RG-C1-Attack-Pattern-Delta.jpg	image/jpeg	122133
RG-C1-Beggar-Revolution.jpg	RG-C1-Beggar-Revolution.jpg	image/jpeg	86837
RG-C1-Begin-Landing-Your-Troops-Activate-The-Droids.jpg	RG-C1-Begin-Landing-Your-Troops-Activate-The-Droids.jpg	image/jpeg	91578
RG-C1-Battle-Plains-Victory.jpg	RG-C1-Battle-Plains-Victory.jpg	image/jpeg	631983
RG-C1-Begin-Retreat.jpg	RG-C1-Begin-Retreat.jpg	image/jpeg	69423
RG-C1-Ben.jpg	RG-C1-Ben.jpg	image/jpeg	66619
RG-C1-Bickering-At-Its-Finest.jpg	RG-C1-Bickering-At-Its-Finest.jpg	image/jpeg	79105
RG-C1-Boba-Fett-Where.jpg	RG-C1-Boba-Fett-Where.jpg	image/jpeg	69734
RG-C1-Blast-Door-Controls-Reactor-Terminal.jpg	RG-C1-Blast-Door-Controls-Reactor-Terminal.jpg	image/jpeg	78523
RG-C1-Boonta-Eve-Wagering.jpg	RG-C1-Boonta-Eve-Wagering.jpg	image/jpeg	74475
RG-C1-Boba-Fett.jpg	RG-C1-Boba-Fett.jpg	image/jpeg	68043
RG-C1-Blizzard-Scout-4.jpg	RG-C1-Blizzard-Scout-4.jpg	image/jpeg	75474
RG-C1-Biker-Scout-Down.jpg	RG-C1-Biker-Scout-Down.jpg	image/jpeg	81501
RG-C1-Blow-Parried.jpg	RG-C1-Blow-Parried.jpg	image/jpeg	127647
RG-C1-Blaster-Deflection.jpg	RG-C1-Blaster-Deflection.jpg	image/jpeg	140938
RG-C1-Cannon-Fire.jpg	RG-C1-Cannon-Fire.jpg	image/jpeg	75297
RG-C1-Brief-Loss-Of-Control-Imperial-Supply.jpg	RG-C1-Brief-Loss-Of-Control-Imperial-Supply.jpg	image/jpeg	76743
RG-C1-Bring-Me-The-Hydrospanners.jpg	RG-C1-Bring-Me-The-Hydrospanners.jpg	image/jpeg	77595
RG-C1-Careful-Planning-Heading-For-The-Medical-Frigate.jpg	RG-C1-Careful-Planning-Heading-For-The-Medical-Frigate.jpg	image/jpeg	88670
RG-C1-Chewbacca.jpg	RG-C1-Chewbacca.jpg	image/jpeg	75563
RG-C1-Choke-Blaster-Deflection.jpg	RG-C1-Choke-Blaster-Deflection.jpg	image/jpeg	87692
RG-C1-Brisky-Morning-Munchen.jpg	RG-C1-Brisky-Morning-Munchen.jpg	image/jpeg	147160
RG-C1-Clash-Of-Sabers.jpg	RG-C1-Clash-Of-Sabers.jpg	image/jpeg	126167
RG-C1-Clinging-To-The-Very-Edge.jpg	RG-C1-Clinging-To-The-Very-Edge.jpg	image/jpeg	75702
RG-C1-Close-Air-Support-Commando-Training.jpg	RG-C1-Close-Air-Support-Commando-Training.jpg	image/jpeg	92082
RG-C1-Combat-Readiness-Prepared-Defenses.jpg	RG-C1-Combat-Readiness-Prepared-Defenses.jpg	image/jpeg	84553
RG-C1-Close-Air-Support.jpg	RG-C1-Close-Air-Support.jpg	image/jpeg	125067
RG-C1-Coilen.jpg	RG-C1-Coilen.jpg	image/jpeg	138121
RG-C1-Commander-Myron-Konkle.jpg	RG-C1-Commander-Myron-Konkle.jpg	image/jpeg	128611
RG-C1-Congradulations.jpg	RG-C1-Congradulations.jpg	image/jpeg	77163
RG-C1-Cold-Feet-He-Hasn-t-Come-Back-Yet.jpg	RG-C1-Cold-Feet-He-Hasn-t-Come-Back-Yet.jpg	image/jpeg	601714
RG-C1-Corellian-Retort-Fly-Casual.jpg	RG-C1-Corellian-Retort-Fly-Casual.jpg	image/jpeg	82269
RG-C1-Crack-Shot-Quick-Draw.jpg	RG-C1-Crack-Shot-Quick-Draw.jpg	image/jpeg	82608
RG-C1-Corellian-Slip.jpg	RG-C1-Corellian-Slip.jpg	image/jpeg	109760
RG-C1-Counter-Surprise-Assault.jpg	RG-C1-Counter-Surprise-Assault.jpg	image/jpeg	141985
RG-C1-Crash-Site-Memorial.jpg	RG-C1-Crash-Site-Memorial.jpg	image/jpeg	150593
RG-C1-Credits-Will-Do-Fine-We-re-Leaving.jpg	RG-C1-Credits-Will-Do-Fine-We-re-Leaving.jpg	image/jpeg	92945
RG-C1-Crossfire.jpg	RG-C1-Crossfire.jpg	image/jpeg	143720
RG-C1-Dark-Collaboration-Charming-To-The-Last.jpg	RG-C1-Dark-Collaboration-Charming-To-The-Last.jpg	image/jpeg	72528
RG-C1-Dark-Jedi-Presence-Vader-s-Eye.jpg	RG-C1-Dark-Jedi-Presence-Vader-s-Eye.jpg	image/jpeg	75259
RG-C1-Dark-Jedi-Presence.jpg	RG-C1-Dark-Jedi-Presence.jpg	image/jpeg	123090
RG-C1-Dark-Maneuvers.jpg	RG-C1-Dark-Maneuvers.jpg	image/jpeg	121394
RG-C1-Dioxis-They-re-Still-Coming-Through.jpg	RG-C1-Dioxis-They-re-Still-Coming-Through.jpg	image/jpeg	77861
RG-C1-Disciplinary-Actions.jpg	RG-C1-Disciplinary-Actions.jpg	image/jpeg	61778
RG-C1-Dioxis.jpg	RG-C1-Dioxis.jpg	image/jpeg	119707
RG-C1-Drem-Redins.jpg	RG-C1-Drem-Redins.jpg	image/jpeg	78287
RG-C1-Darth-Maul-Sidious-Apprentice.jpg	RG-C1-Darth-Maul-Sidious-Apprentice.jpg	image/jpeg	774265
RG-C1-Either-Way-You-Win-Eventually-You-ll-Lose.jpg	RG-C1-Either-Way-You-Win-Eventually-You-ll-Lose.jpg	image/jpeg	90374
RG-C1-Effective-Repairs-Punch-It.jpg	RG-C1-Effective-Repairs-Punch-It.jpg	image/jpeg	85664
RG-C1-Droid-Overboard.jpg	RG-C1-Droid-Overboard.jpg	image/jpeg	430891
RG-C1-Elis-Helrot-Oo-ta-Goo-ta-Solo.jpg	RG-C1-Elis-Helrot-Oo-ta-Goo-ta-Solo.jpg	image/jpeg	79050
RG-C1-Emperor-s-Power-Overseeing-It-Personally.jpg	RG-C1-Emperor-s-Power-Overseeing-It-Personally.jpg	image/jpeg	84962
RG-C1-Emperor-s-Royal-Guard.jpg	RG-C1-Emperor-s-Royal-Guard.jpg	image/jpeg	72373
RG-C1-Drop-Your-Weapons-Halt.jpg	RG-C1-Drop-Your-Weapons-Halt.jpg	image/jpeg	576779
RG-C1-Establish-Secret-Base-Ominous-Rumors.jpg	RG-C1-Establish-Secret-Base-Ominous-Rumors.jpg	image/jpeg	85688
RG-C1-Entry-Denied.jpg	RG-C1-Entry-Denied.jpg	image/jpeg	64786
RG-C1-Ewok-Supersticions.jpg	RG-C1-Ewok-Supersticions.jpg	image/jpeg	68584
RG-C1-Entering-The-Arena.jpg	RG-C1-Entering-The-Arena.jpg	image/jpeg	153954
RG-C1-Ewok-Tribesman.jpg	RG-C1-Ewok-Tribesman.jpg	image/jpeg	73823
RG-C1-Eventually-You-ll-Lose.jpg	RG-C1-Eventually-You-ll-Lose.jpg	image/jpeg	120596
RG-C1-Expand-The-Empire.jpg	RG-C1-Expand-The-Empire.jpg	image/jpeg	114476
RG-C1-Father-Please.jpg	RG-C1-Father-Please.jpg	image/jpeg	82282
RG-C1-Flag-Emblems.jpg	RG-C1-Flag-Emblems.jpg	image/jpeg	68022
RG-C1-Emperor.jpg	RG-C1-Emperor.jpg	image/jpeg	61490
RG-C1-False-Past.jpg	RG-C1-False-Past.jpg	image/jpeg	147322
RG-C1-Force-Lightning-Rise-My-Friend.jpg	RG-C1-Force-Lightning-Rise-My-Friend.jpg	image/jpeg	80689
RG-C1-Flagship-Operations.jpg	RG-C1-Flagship-Operations.jpg	image/jpeg	117175
RG-C1-Fly-Casual.jpg	RG-C1-Fly-Casual.jpg	image/jpeg	125671
RG-C1-Force-Lightning.jpg	RG-C1-Force-Lightning.jpg	image/jpeg	132252
RG-C1-Gift-Of-The-Mentor-Skywalkers.jpg	RG-C1-Gift-Of-The-Mentor-Skywalkers.jpg	image/jpeg	75612
RG-C1-Great-Interest.jpg	RG-C1-Great-Interest.jpg	image/jpeg	70363
RG-C1-Glancing-Blow.jpg	RG-C1-Glancing-Blow.jpg	image/jpeg	130332
RG-C1-Goldenrod.jpg	RG-C1-Goldenrod.jpg	image/jpeg	138310
RG-C1-Griff-Mirtong.jpg	RG-C1-Griff-Mirtong.jpg	image/jpeg	75665
RG-C1-Governor-Tarkin.jpg	RG-C1-Governor-Tarkin.jpg	image/jpeg	135648
RG-C1-Gungan-Celebration-Trumpet.jpg	RG-C1-Gungan-Celebration-Trumpet.jpg	image/jpeg	71161
RG-C1-Governer-Tarkin.jpg	RG-C1-Governer-Tarkin.jpg	image/jpeg	1780042
RG-C1-Gungan-Energy-Shield.jpg	RG-C1-Gungan-Energy-Shield.jpg	image/jpeg	152642
RG-C1-Han-s-Back-Leia-s-Back.jpg	RG-C1-Han-s-Back-Leia-s-Back.jpg	image/jpeg	71625
RG-C1-Help-Me-Obi-Wan-Kenobi-Double-Agent.jpg	RG-C1-Help-Me-Obi-Wan-Kenobi-Double-Agent.jpg	image/jpeg	84877
RG-C1-Gweeta.jpg	RG-C1-Gweeta.jpg	image/jpeg	130560
RG-C1-Hidden-Weapons-Twi-lek-Advisor.jpg	RG-C1-Hidden-Weapons-Twi-lek-Advisor.jpg	image/jpeg	81285
RG-C1-Hiding-In-The-Garbage.jpg	RG-C1-Hiding-In-The-Garbage.jpg	image/jpeg	121116
RG-C1-Hit-Racer.jpg	RG-C1-Hit-Racer.jpg	image/jpeg	133051
RG-C1-How-Did-We-Get-Into-This-Mess.jpg	RG-C1-How-Did-We-Get-Into-This-Mess.jpg	image/jpeg	129286
RG-C1-I-Didn-t-Mean-To.jpg	RG-C1-I-Didn-t-Mean-To.jpg	image/jpeg	75380
RG-C1-Hyper-Escape.jpg	RG-C1-Hyper-Escape.jpg	image/jpeg	132145
RG-C1-I-Have-You-Now-Your-Powers-Are-Weak-Old-Man.jpg	RG-C1-I-Have-You-Now-Your-Powers-Are-Weak-Old-Man.jpg	image/jpeg	68492
RG-C1-I-Had-No-Choice.jpg	RG-C1-I-Had-No-Choice.jpg	image/jpeg	130342
RG-C1-I-Hope-She-s-All-Right.jpg	RG-C1-I-Hope-She-s-All-Right.jpg	image/jpeg	137395
RG-C1-I-Must-Be-Allowed-To-Speak-Goo-Nee-Tay.jpg	RG-C1-I-Must-Be-Allowed-To-Speak-Goo-Nee-Tay.jpg	image/jpeg	86355
RG-C1-I-Have-A-Really-Bad-Feeling-About-This.jpg	RG-C1-I-Have-A-Really-Bad-Feeling-About-This.jpg	image/jpeg	118839
RG-C1-I-Must-Be-Allowed-To-Speak.jpg	RG-C1-I-Must-Be-Allowed-To-Speak.jpg	image/jpeg	123913
RG-C1-I-Used-To-Live-Here-You-Know.jpg	RG-C1-I-Used-To-Live-Here-You-Know.jpg	image/jpeg	74612
RG-C1-I-Thought-He-Was-Blind.jpg	RG-C1-I-Thought-He-Was-Blind.jpg	image/jpeg	72155
RG-C1-I-Will-Not-Defer-Plea-To-The-Court.jpg	RG-C1-I-Will-Not-Defer-Plea-To-The-Court.jpg	image/jpeg	92542
RG-C1-I-Will-Find-Them-Quickly-Master.jpg	RG-C1-I-Will-Find-Them-Quickly-Master.jpg	image/jpeg	148844
RG-C1-I-ve-Got-A-Problem-Here-Physical-Choke.jpg	RG-C1-I-ve-Got-A-Problem-Here-Physical-Choke.jpg	image/jpeg	79837
RG-C1-Imbalance-Shocking-Revelation.jpg	RG-C1-Imbalance-Shocking-Revelation.jpg	image/jpeg	80580
RG-C1-Imperial-Command-It-s-An-Older-Code.jpg	RG-C1-Imperial-Command-It-s-An-Older-Code.jpg	image/jpeg	80661
RG-C1-Imperial-Command.jpg	RG-C1-Imperial-Command.jpg	image/jpeg	125218
RG-C1-Imperial-Decree-The-Dark-Path.jpg	RG-C1-Imperial-Decree-The-Dark-Path.jpg	image/jpeg	81219
RG-C1-Imperial-Data-Network.jpg	RG-C1-Imperial-Data-Network.jpg	image/jpeg	136554
RG-C1-Imperial-Compensation.jpg	RG-C1-Imperial-Compensation.jpg	image/jpeg	70773
RG-C1-Imperial-Firepower.jpg	RG-C1-Imperial-Firepower.jpg	image/jpeg	59575
RG-C1-Imperial-Justice.jpg	RG-C1-Imperial-Justice.jpg	image/jpeg	137409
RG-C1-Imperial-Detachments.jpg	RG-C1-Imperial-Detachments.jpg	image/jpeg	1850279
RG-C1-In-The-Pits.jpg	RG-C1-In-The-Pits.jpg	image/jpeg	74047
RG-C1-Insertion-Planning-Critical-Error-Revealed.jpg	RG-C1-Insertion-Planning-Critical-Error-Revealed.jpg	image/jpeg	88763
RG-C1-Inspecting-The-Garbage.jpg	RG-C1-Inspecting-The-Garbage.jpg	image/jpeg	77543
RG-C1-Informant-Takeel.jpg	RG-C1-Informant-Takeel.jpg	image/jpeg	72144
RG-C1-Inconsequential-Barriers.jpg	RG-C1-Inconsequential-Barriers.jpg	image/jpeg	118765
RG-C1-Insertion-Planning.jpg	RG-C1-Insertion-Planning.jpg	image/jpeg	133314
RG-C1-Is-There-Something-Alive-Down-Here.jpg	RG-C1-Is-There-Something-Alive-Down-Here.jpg	image/jpeg	137385
RG-C1-Imperial-Supply.jpg	RG-C1-Imperial-Supply.jpg	image/jpeg	123956
RG-C1-Is-Your-Strike-Team-Assembled.jpg	RG-C1-Is-Your-Strike-Team-Assembled.jpg	image/jpeg	76390
RG-C1-Jabba-s-Droid-Pool.jpg	RG-C1-Jabba-s-Droid-Pool.jpg	image/jpeg	74254
RG-C1-Jabba-s-Through-With-You-Nevar-Yalnal.jpg	RG-C1-Jabba-s-Through-With-You-Nevar-Yalnal.jpg	image/jpeg	78303
RG-C1-Jedi-Leap-Clinging-To-The-Edge.jpg	RG-C1-Jedi-Leap-Clinging-To-The-Edge.jpg	image/jpeg	85374
RG-C1-Jar-Jar.jpg	RG-C1-Jar-Jar.jpg	image/jpeg	74777
RG-C1-Jabba-s-Through-With-You.jpg	RG-C1-Jabba-s-Through-With-You.jpg	image/jpeg	140341
RG-C1-Jedi-Rocks.jpg	RG-C1-Jedi-Rocks.jpg	image/jpeg	69333
RG-C1-Jedi-Presence.jpg	RG-C1-Jedi-Presence.jpg	image/jpeg	130854
RG-C1-Jedi-Tactics.jpg	RG-C1-Jedi-Tactics.jpg	image/jpeg	75184
RG-C1-Keep-Your-Eyes-Open-Shoo-Shoo.jpg	RG-C1-Keep-Your-Eyes-Open-Shoo-Shoo.jpg	image/jpeg	80670
RG-C1-Krayt-Dragon-Bones-Imperial-Justice.jpg	RG-C1-Krayt-Dragon-Bones-Imperial-Justice.jpg	image/jpeg	84094
RG-C1-Lapti-Nek.jpg	RG-C1-Lapti-Nek.jpg	image/jpeg	76628
RG-C1-Light-Maneuvers-Jedi-Levitation.jpg	RG-C1-Light-Maneuvers-Jedi-Levitation.jpg	image/jpeg	82835
RG-C1-Launching-The-Assault.jpg	RG-C1-Launching-The-Assault.jpg	image/jpeg	123910
RG-C1-Locked-Door.jpg	RG-C1-Locked-Door.jpg	image/jpeg	73597
RG-C1-Lord-Vader-Lord-Of-The-Sith.jpg	RG-C1-Lord-Vader-Lord-Of-The-Sith.jpg	image/jpeg	65321
RG-C1-Looking-To-The-Future.jpg	RG-C1-Looking-To-The-Future.jpg	image/jpeg	76804
RG-C1-Local-Trouble.jpg	RG-C1-Local-Trouble.jpg	image/jpeg	1123237
RG-C1-Losing-Track-A-Step-Backwards.jpg	RG-C1-Losing-Track-A-Step-Backwards.jpg	image/jpeg	87236
RG-C1-Lost-In-The-Wilderness-Yub-Yub.jpg	RG-C1-Lost-In-The-Wilderness-Yub-Yub.jpg	image/jpeg	86021
RG-C1-Losing-Track.jpg	RG-C1-Losing-Track.jpg	image/jpeg	133477
RG-C1-Luke-We-re-Going-To-Have-Company.jpg	RG-C1-Luke-We-re-Going-To-Have-Company.jpg	image/jpeg	147927
RG-C1-Look-Sir-Droids-Counter-Assault.jpg	RG-C1-Look-Sir-Droids-Counter-Assault.jpg	image/jpeg	807454
RG-C1-Mindful-Of-The-Future-Inconsequential-Barriers.jpg	RG-C1-Mindful-Of-The-Future-Inconsequential-Barriers.jpg	image/jpeg	84649
RG-C1-Maul-Strikes-No-Match-For-A-Sith.jpg	RG-C1-Maul-Strikes-No-Match-For-A-Sith.jpg	image/jpeg	154830
RG-C1-Might-Of-The-Republic.jpg	RG-C1-Might-Of-The-Republic.jpg	image/jpeg	146815
RG-C1-Master-Destroyers-Rolling-Rolling-Rolling.jpg	RG-C1-Master-Destroyers-Rolling-Rolling-Rolling.jpg	image/jpeg	83862
RG-C1-Mission-Briefing.jpg	RG-C1-Mission-Briefing.jpg	image/jpeg	82385
RG-C1-My-Loyal-Bodyguard-Might-Of-The-Republic.jpg	RG-C1-My-Loyal-Bodyguard-Might-Of-The-Republic.jpg	image/jpeg	82960
RG-C1-Naboo-Ceremonial-Chamber-h.jpg	RG-C1-Naboo-Ceremonial-Chamber-h.jpg	image/jpeg	62203
RG-C1-Naboo-Ceremonial-Chamber.jpg	RG-C1-Naboo-Ceremonial-Chamber.jpg	image/jpeg	80055
RG-C1-Nabrun-Leids-Quite-A-Mercenary.jpg	RG-C1-Nabrun-Leids-Quite-A-Mercenary.jpg	image/jpeg	85500
RG-C1-Neck-And-Neck-Changing-The-Odds.jpg	RG-C1-Neck-And-Neck-Changing-The-Odds.jpg	image/jpeg	92525
RG-C1-Narrow-Escape.jpg	RG-C1-Narrow-Escape.jpg	image/jpeg	134683
RG-C1-Name-The-System.jpg	RG-C1-Name-The-System.jpg	image/jpeg	124964
RG-C1-Nice-Of-You-Guys-To-Drop-By-Visored-Vision.jpg	RG-C1-Nice-Of-You-Guys-To-Drop-By-Visored-Vision.jpg	image/jpeg	83645
RG-C1-Neck-And-Neck.jpg	RG-C1-Neck-And-Neck.jpg	image/jpeg	156226
RG-C1-No-Giben-Up-General-Jar-Jar-Gimme-A-Lift.jpg	RG-C1-No-Giben-Up-General-Jar-Jar-Gimme-A-Lift.jpg	image/jpeg	86127
RG-C1-Nice-Of-You-Guys-To-Drop-By.jpg	RG-C1-Nice-Of-You-Guys-To-Drop-By.jpg	image/jpeg	135139
RG-C1-No-Giben-Up-General-Jar-Jar.jpg	RG-C1-No-Giben-Up-General-Jar-Jar.jpg	image/jpeg	156329
RG-C1-None-Shall-Pass.jpg	RG-C1-None-Shall-Pass.jpg	image/jpeg	126220
RG-C1-Obi-Wan-s-Cape-Lightsaber-Proficiency.jpg	RG-C1-Obi-Wan-s-Cape-Lightsaber-Proficiency.jpg	image/jpeg	88400
RG-C1-Not-Worth-The-Trouble.jpg	RG-C1-Not-Worth-The-Trouble.jpg	image/jpeg	134319
RG-C1-Old-Ben-Kenobi.jpg	RG-C1-Old-Ben-Kenobi.jpg	image/jpeg	141085
RG-C1-Off-The-Edge.jpg	RG-C1-Off-The-Edge.jpg	image/jpeg	140858
RG-C1-Old-Ben-Noble-Sacrifice.jpg	RG-C1-Old-Ben-Noble-Sacrifice.jpg	image/jpeg	83401
RG-C1-Old-Smoothies.jpg	RG-C1-Old-Smoothies.jpg	image/jpeg	77844
RG-C1-On-The-Edge-Surprise-Assault.jpg	RG-C1-On-The-Edge-Surprise-Assault.jpg	image/jpeg	87615
RG-C1-One-Arm-s-Frozen-Lunch.jpg	RG-C1-One-Arm-s-Frozen-Lunch.jpg	image/jpeg	65387
RG-C1-Oo-ta-Goo-ta-Solo.jpg	RG-C1-Oo-ta-Goo-ta-Solo.jpg	image/jpeg	116680
RG-C1-Ouch-Time.jpg	RG-C1-Ouch-Time.jpg	image/jpeg	67828
RG-C1-Out-Of-Commission.jpg	RG-C1-Out-Of-Commission.jpg	image/jpeg	118826
RG-C1-Our-First-Catch-Of-The-Day.jpg	RG-C1-Our-First-Catch-Of-The-Day.jpg	image/jpeg	122645
RG-C1-Open-Fire.jpg	RG-C1-Open-Fire.jpg	image/jpeg	132730
RG-C1-Overwhelmed-A-Dark-Time-For-The-Rebellion.jpg	RG-C1-Overwhelmed-A-Dark-Time-For-The-Rebellion.jpg	image/jpeg	74174
RG-C1-Owen.jpg	RG-C1-Owen.jpg	image/jpeg	133401
RG-C1-Palpatine-Senator-To-Naboo.jpg	RG-C1-Palpatine-Senator-To-Naboo.jpg	image/jpeg	71751
RG-C1-Perfect-Hibernation.jpg	RG-C1-Perfect-Hibernation.jpg	image/jpeg	71408
RG-C1-Operational-As-Planned-Wounded-Warrior.jpg	RG-C1-Operational-As-Planned-Wounded-Warrior.jpg	image/jpeg	84476
RG-C1-Performing-Under-Pressure.jpg	RG-C1-Performing-Under-Pressure.jpg	image/jpeg	65318
RG-C1-Perimeter-Scan-Under-Attack.jpg	RG-C1-Perimeter-Scan-Under-Attack.jpg	image/jpeg	89090
RG-C1-Perimeter-Patrol.jpg	RG-C1-Perimeter-Patrol.jpg	image/jpeg	121540
RG-C1-Pit-Crews.jpg	RG-C1-Pit-Crews.jpg	image/jpeg	142431
RG-C1-Podrace-Prep-Too-Close-For-Comfort.jpg	RG-C1-Podrace-Prep-Too-Close-For-Comfort.jpg	image/jpeg	88905
RG-C1-Podracer-Collision-Hit-Racer.jpg	RG-C1-Podracer-Collision-Hit-Racer.jpg	image/jpeg	83073
RG-C1-Point-Man-Slip-Sliding-Away.jpg	RG-C1-Point-Man-Slip-Sliding-Away.jpg	image/jpeg	79133
RG-C1-Presence-Of-The-Force-Dark-Waters.jpg	RG-C1-Presence-Of-The-Force-Dark-Waters.jpg	image/jpeg	77657
RG-C1-Podracer-Collision.jpg	RG-C1-Podracer-Collision.jpg	image/jpeg	141136
RG-C1-Projection-Of-A-Skywalker-Yarna-d-al-Gargan.jpg	RG-C1-Projection-Of-A-Skywalker-Yarna-d-al-Gargan.jpg	image/jpeg	89759
RG-C1-Prisoner-Transfer.jpg	RG-C1-Prisoner-Transfer.jpg	image/jpeg	139305
RG-C1-Projective-Telepathy.jpg	RG-C1-Projective-Telepathy.jpg	image/jpeg	125824
RG-C1-Quick-Reflexes-All-Wrapped-Up.jpg	RG-C1-Quick-Reflexes-All-Wrapped-Up.jpg	image/jpeg	83487
RG-C1-Quite-A-Mercenary.jpg	RG-C1-Quite-A-Mercenary.jpg	image/jpeg	126846
RG-C1-Quietly-Observing.jpg	RG-C1-Quietly-Observing.jpg	image/jpeg	144076
RG-C1-Rebel-Leadership-Throw-Me-Another-Charge.jpg	RG-C1-Rebel-Leadership-Throw-Me-Another-Charge.jpg	image/jpeg	89500
RG-C1-Put-All-Sections-On-Alert-Full-Scale-Alert.jpg	RG-C1-Put-All-Sections-On-Alert-Full-Scale-Alert.jpg	image/jpeg	833079
RG-C1-Rebel-Leadership.jpg	RG-C1-Rebel-Leadership.jpg	image/jpeg	125621
RG-C1-Release-Your-Anger-Unexpected-Interruption.jpg	RG-C1-Release-Your-Anger-Unexpected-Interruption.jpg	image/jpeg	80435
RG-C1-Rakes-Jevorik.jpg	RG-C1-Rakes-Jevorik.jpg	image/jpeg	932047
RG-C1-Recoil-In-Fear.jpg	RG-C1-Recoil-In-Fear.jpg	image/jpeg	128136
RG-C1-Relentless-Tracking.jpg	RG-C1-Relentless-Tracking.jpg	image/jpeg	133606
RG-C1-Responsibility-Of-Command.jpg	RG-C1-Responsibility-Of-Command.jpg	image/jpeg	127143
RG-C1-Return-Of-A-Jedi-Luke-s-Back.jpg	RG-C1-Return-Of-A-Jedi-Luke-s-Back.jpg	image/jpeg	75785
RG-C1-Revolution.jpg	RG-C1-Revolution.jpg	image/jpeg	108474
RG-C1-Rolling-Rolling-Rolling.jpg	RG-C1-Rolling-Rolling-Rolling.jpg	image/jpeg	124042
RG-C1-SSA-33.jpg	RG-C1-SSA-33.jpg	image/jpeg	72759
RG-C1-Sabotage-Slight-Weapons-Malfunction.jpg	RG-C1-Sabotage-Slight-Weapons-Malfunction.jpg	image/jpeg	84723
RG-C1-Scramble-Hiding-In-The-Garbage.jpg	RG-C1-Scramble-Hiding-In-The-Garbage.jpg	image/jpeg	85976
RG-C1-Scramble.jpg	RG-C1-Scramble.jpg	image/jpeg	126227
RG-C1-Sarlacc-Tentacles.jpg	RG-C1-Sarlacc-Tentacles.jpg	image/jpeg	658375
RG-C1-Scum-And-Villainy.jpg	RG-C1-Scum-And-Villainy.jpg	image/jpeg	146421
RG-C1-Scum-And-Villainy-Information-Exchange.jpg	RG-C1-Scum-And-Villainy-Information-Exchange.jpg	image/jpeg	1017822
RG-C1-Security-Activators.jpg	RG-C1-Security-Activators.jpg	image/jpeg	76108
RG-C1-Shut-Him-Up-Or-Shut-Him-Down-Voyeur.jpg	RG-C1-Shut-Him-Up-Or-Shut-Him-Down-Voyeur.jpg	image/jpeg	78104
RG-C1-See-You-At-The-Rendezvous.jpg	RG-C1-See-You-At-The-Rendezvous.jpg	image/jpeg	85707
RG-C1-Search-And-Destroy.jpg	RG-C1-Search-And-Destroy.jpg	image/jpeg	143219
RG-C1-Security-Precautions.jpg	RG-C1-Security-Precautions.jpg	image/jpeg	128508
RG-C1-Short-Range-Fighters.jpg	RG-C1-Short-Range-Fighters.jpg	image/jpeg	108615
RG-C1-Senator-Organa.jpg	RG-C1-Senator-Organa.jpg	image/jpeg	129545
RG-C1-Security-Sweep.jpg	RG-C1-Security-Sweep.jpg	image/jpeg	141596
RG-C1-Skull-Mandalorian-Mishap.jpg	RG-C1-Skull-Mandalorian-Mishap.jpg	image/jpeg	83645
RG-C1-Smoke-Screen-It-s-A-Trap.jpg	RG-C1-Smoke-Screen-It-s-A-Trap.jpg	image/jpeg	84797
RG-C1-Something-Hit-Us-Why-Didn-t-You-Tell-Me.jpg	RG-C1-Something-Hit-Us-Why-Didn-t-You-Tell-Me.jpg	image/jpeg	73396
RG-C1-Smoke-Screen.jpg	RG-C1-Smoke-Screen.jpg	image/jpeg	126959
RG-C1-Speak-With-The-Jedi-Council-Vote-Now.jpg	RG-C1-Speak-With-The-Jedi-Council-Vote-Now.jpg	image/jpeg	83218
RG-C1-Solo.jpg	RG-C1-Solo.jpg	image/jpeg	134642
RG-C1-Sniper.jpg	RG-C1-Sniper.jpg	image/jpeg	140274
RG-C1-Sorry-About-The-Mess.jpg	RG-C1-Sorry-About-The-Mess.jpg	image/jpeg	143485
RG-C1-Speeder-Downed.jpg	RG-C1-Speeder-Downed.jpg	image/jpeg	67149
RG-C1-Star-Destroyer-Executor.jpg	RG-C1-Star-Destroyer-Executor.jpg	image/jpeg	73738
RG-C1-Stay-Here.jpg	RG-C1-Stay-Here.jpg	image/jpeg	75773
RG-C1-Start-Your-Engines-Pit-Crews.jpg	RG-C1-Start-Your-Engines-Pit-Crews.jpg	image/jpeg	90203
RG-C1-Squabbling-Delegates.jpg	RG-C1-Squabbling-Delegates.jpg	image/jpeg	120637
RG-C1-Surprise-E-Chu-Ta.jpg	RG-C1-Surprise-E-Chu-Ta.jpg	image/jpeg	83053
RG-C1-Strike-Blocked.jpg	RG-C1-Strike-Blocked.jpg	image/jpeg	120234
RG-C1-Strangle.jpg	RG-C1-Strangle.jpg	image/jpeg	807243
RG-C1-TK-420.jpg	RG-C1-TK-420.jpg	image/jpeg	129557
RG-C1-Tactical-Support.jpg	RG-C1-Tactical-Support.jpg	image/jpeg	118709
RG-C1-Tallon-Roll.jpg	RG-C1-Tallon-Roll.jpg	image/jpeg	109853
RG-C1-Tatooine-Resale-Operations.jpg	RG-C1-Tatooine-Resale-Operations.jpg	image/jpeg	141995
RG-C1-Tatooine-Underground-Operations.jpg	RG-C1-Tatooine-Underground-Operations.jpg	image/jpeg	135460
RG-C1-Taking-On-The-Whole-Empire-Myself.jpg	RG-C1-Taking-On-The-Whole-Empire-Myself.jpg	image/jpeg	930600
RG-C1-The-Circle-Is-Now-Complete-Vader-s-Obsession.jpg	RG-C1-The-Circle-Is-Now-Complete-Vader-s-Obsession.jpg	image/jpeg	80575
RG-C1-That-s-The-Real-Trick.jpg	RG-C1-That-s-The-Real-Trick.jpg	image/jpeg	1264413
RG-C1-The-Force-Is-Strong-With-This-One-Jedi-Presence.jpg	RG-C1-The-Force-Is-Strong-With-This-One-Jedi-Presence.jpg	image/jpeg	84260
RG-C1-The-Circle-Is-Now-Complete.jpg	RG-C1-The-Circle-Is-Now-Complete.jpg	image/jpeg	133826
RG-C1-They-All-Broken.jpg	RG-C1-They-All-Broken.jpg	image/jpeg	82825
RG-C1-The-Signal-Jedi-Mind-Trick.jpg	RG-C1-The-Signal-Jedi-Mind-Trick.jpg	image/jpeg	88779
RG-C1-They-re-Still-Coming-Through.jpg	RG-C1-They-re-Still-Coming-Through.jpg	image/jpeg	122909
RG-C1-This-Is-More-Like-It-I-Have-A-Bad-Feeling-About-This.jpg	RG-C1-This-Is-More-Like-It-I-Have-A-Bad-Feeling-About-This.jpg	image/jpeg	81165
RG-C1-This-Is-Outrageous-Motion-Supported.jpg	RG-C1-This-Is-Outrageous-Motion-Supported.jpg	image/jpeg	79163
RG-C1-Through-The-Planet-Core.jpg	RG-C1-Through-The-Planet-Core.jpg	image/jpeg	72834
RG-C1-This-Is-Your-Father-s-Lightsaber.jpg	RG-C1-This-Is-Your-Father-s-Lightsaber.jpg	image/jpeg	140093
RG-C1-Those-Rebels-Won-t-Escape-Us.jpg	RG-C1-Those-Rebels-Won-t-Escape-Us.jpg	image/jpeg	144984
RG-C1-Through-The-Corridor.jpg	RG-C1-Through-The-Corridor.jpg	image/jpeg	135063
RG-C1-Tiinn.jpg	RG-C1-Tiinn.jpg	image/jpeg	136396
RG-C1-Too-Close-For-Comfort.jpg	RG-C1-Too-Close-For-Comfort.jpg	image/jpeg	113345
RG-C1-Trade-Federation-Tactics-We-re-Hit-Artoo.jpg	RG-C1-Trade-Federation-Tactics-We-re-Hit-Artoo.jpg	image/jpeg	81720
RG-C1-Traffic-Control-Crash-Site-Memorial.jpg	RG-C1-Traffic-Control-Crash-Site-Memorial.jpg	image/jpeg	88978
RG-C1-Trample-Lightsaber-Deficiency.jpg	RG-C1-Trample-Lightsaber-Deficiency.jpg	image/jpeg	80343
RG-C1-Traffic-Control.jpg	RG-C1-Traffic-Control.jpg	image/jpeg	126109
RG-C1-Trooper-Assault-Tactical-Support.jpg	RG-C1-Trooper-Assault-Tactical-Support.jpg	image/jpeg	80295
RG-C1-Trap-Door.jpg	RG-C1-Trap-Door.jpg	image/jpeg	141122
RG-C1-Twilight-Fading.jpg	RG-C1-Twilight-Fading.jpg	image/jpeg	70144
RG-C1-Uncertain-Is-The-Future.jpg	RG-C1-Uncertain-Is-The-Future.jpg	image/jpeg	127223
RG-C1-Under-Attack.jpg	RG-C1-Under-Attack.jpg	image/jpeg	128285
RG-C1-Unexpected-Interruption.jpg	RG-C1-Unexpected-Interruption.jpg	image/jpeg	132296
RG-C1-Visage-Of-A-Viceroy.jpg	RG-C1-Visage-Of-A-Viceroy.jpg	image/jpeg	69204
RG-C1-Watto-Junk-Dealer.jpg	RG-C1-Watto-Junk-Dealer.jpg	image/jpeg	74217
RG-C1-Vote-Now-Dark.jpg	RG-C1-Vote-Now-Dark.jpg	image/jpeg	140625
RG-C1-Vote-Now-Light.jpg	RG-C1-Vote-Now-Light.jpg	image/jpeg	134745
RG-C1-Walker-Sighting.jpg	RG-C1-Walker-Sighting.jpg	image/jpeg	114323
RG-C1-Watto-s-Box-Quietly-Observing.jpg	RG-C1-Watto-s-Box-Quietly-Observing.jpg	image/jpeg	91658
RG-C1-Watto-s-Chance-Cube-You-Swindled-Me.jpg	RG-C1-Watto-s-Chance-Cube-You-Swindled-Me.jpg	image/jpeg	83133
RG-C1-We-Are-Brave-Your-Highness.jpg	RG-C1-We-Are-Brave-Your-Highness.jpg	image/jpeg	75000
RG-C1-We-Can-Still-Outmaneuver-Them.jpg	RG-C1-We-Can-Still-Outmaneuver-Them.jpg	image/jpeg	120825
RG-C1-We-Don-t-Want-To-Cause-Any-Trouble.jpg	RG-C1-We-Don-t-Want-To-Cause-Any-Trouble.jpg	image/jpeg	153682
RG-C1-We-Don-t-Need-Their-Scum.jpg	RG-C1-We-Don-t-Need-Their-Scum.jpg	image/jpeg	146916
RG-C1-We-Must-Accelerate-Our-Plans-Vote-Now.jpg	RG-C1-We-Must-Accelerate-Our-Plans-Vote-Now.jpg	image/jpeg	83766
RG-C1-We-Have-A-Prisoner.jpg	RG-C1-We-Have-A-Prisoner.jpg	image/jpeg	130731
RG-C1-We-Wish-To-Board-At-Once-Are-You-Brain-Dead.jpg	RG-C1-We-Wish-To-Board-At-Once-Are-You-Brain-Dead.jpg	image/jpeg	89389
RG-C1-We-Would-Be-Honored-If-You-Would-Join-Us.jpg	RG-C1-We-Would-Be-Honored-If-You-Would-Join-Us.jpg	image/jpeg	68075
RG-C1-We-Wish-To-Board-At-Once.jpg	RG-C1-We-Wish-To-Board-At-Once.jpg	image/jpeg	146018
RG-C1-Wedge.jpg	RG-C1-Wedge.jpg	image/jpeg	72753
RG-C1-Well-Guarded-Security-Precautions.jpg	RG-C1-Well-Guarded-Security-Precautions.jpg	image/jpeg	86198
RG-C1-Were-You-Looking-For-Me-I-Know.jpg	RG-C1-Were-You-Looking-For-Me-I-Know.jpg	image/jpeg	91668
RG-C1-Well-Earned-Command.jpg	RG-C1-Well-Earned-Command.jpg	image/jpeg	140840
RG-C1-Wookiee-Strangle-We-ll-Find-Han.jpg	RG-C1-Wookiee-Strangle-We-ll-Find-Han.jpg	image/jpeg	86214
RG-C1-Where-Are-You-Taking-This-Thing.jpg	RG-C1-Where-Are-You-Taking-This-Thing.jpg	image/jpeg	131404
RG-C1-Weapon-Malfunction.jpg	RG-C1-Weapon-Malfunction.jpg	image/jpeg	609980
RG-C1-Worry.jpg	RG-C1-Worry.jpg	image/jpeg	71391
RG-C1-Yoda-I-Must-Know.jpg	RG-C1-Yoda-I-Must-Know.jpg	image/jpeg	77376
RG-C1-Yoda-Jedi-Master.jpg	RG-C1-Yoda-Jedi-Master.jpg	image/jpeg	72741
RG-C1-You-Must-Complete-The-Training.jpg	RG-C1-You-Must-Complete-The-Training.jpg	image/jpeg	76650
RG-C1-You-Will-Meet-Your-Destiny.jpg	RG-C1-You-Will-Meet-Your-Destiny.jpg	image/jpeg	71124
RG-C1-You-Are-Beaten.jpg	RG-C1-You-Are-Beaten.jpg	image/jpeg	142812
RG-C1-You-Will-Take-Me-To-Jabba-Now-Strangle.jpg	RG-C1-You-Will-Take-Me-To-Jabba-Now-Strangle.jpg	image/jpeg	84537
RG-C1-Young-Skywalker.jpg	RG-C1-Young-Skywalker.jpg	image/jpeg	135355
RG-C1-You-Will-Take-Me-To-Jabba-Now.jpg	RG-C1-You-Will-Take-Me-To-Jabba-Now.jpg	image/jpeg	133282
RG-C1-Yousa-Guys-Bombad.jpg	RG-C1-Yousa-Guys-Bombad.jpg	image/jpeg	75648
RG-Careful-Planning-Heading-For-The-Medical-Frigate.jpg	RG-Careful-Planning-Heading-For-The-Medical-Frigate.jpg	image/jpeg	129473
RG-Chewbacca.jpg	RG-Chewbacca.jpg	image/jpeg	116082
RG-Clash-Of-Sabers.jpg	RG-Clash-Of-Sabers.jpg	image/jpeg	113523
RG-Commander-Myron-Konkle.jpg	RG-Commander-Myron-Konkle.jpg	image/jpeg	99203
RG-C1-Your-Destiny-Insignificant-Rebellion.jpg	RG-C1-Your-Destiny-Insignificant-Rebellion.jpg	image/jpeg	1009261
RG-Corellian-Slip.jpg	RG-Corellian-Slip.jpg	image/jpeg	101907
RG-Congradulations.jpg	RG-Congradulations.jpg	image/jpeg	114294
RG-Crack-Shot-Quick-Draw.jpg	RG-Crack-Shot-Quick-Draw.jpg	image/jpeg	112421
RG-Emperor.jpg	RG-Emperor.jpg	image/jpeg	92016
RG-Crash-Site-Memorial.jpg	RG-Crash-Site-Memorial.jpg	image/jpeg	114588
RG-Droid-Overboard.jpg	RG-Droid-Overboard.jpg	image/jpeg	118736
RG-Effective-Repairs-Punch-It.jpg	RG-Effective-Repairs-Punch-It.jpg	image/jpeg	119735
RG-F-A-Few-Maneuvers.jpg	RG-F-A-Few-Maneuvers.jpg	image/jpeg	98080
RG-F-2-1B.jpg	RG-F-2-1B.jpg	image/jpeg	94499
RG-Ewok-Tribesman.jpg	RG-Ewok-Tribesman.jpg	image/jpeg	107916
RG-F-All-Wings-Report-In.jpg	RG-F-All-Wings-Report-In.jpg	image/jpeg	105727
RG-F-A-Gift.jpg	RG-F-A-Gift.jpg	image/jpeg	113357
RG-F-Armed-And-Dangerous-Ambush.jpg	RG-F-Armed-And-Dangerous-Ambush.jpg	image/jpeg	122253
RG-F-A-Few-Maneuvers-Han-s-Dice.jpg	RG-F-A-Few-Maneuvers-Han-s-Dice.jpg	image/jpeg	109603
RG-F-Aim-High.jpg	RG-F-Aim-High.jpg	image/jpeg	118012
RG-F-Boba-Fett.jpg	RG-F-Boba-Fett.jpg	image/jpeg	86205
RG-F-Attack-Pattern-Delta.jpg	RG-F-Attack-Pattern-Delta.jpg	image/jpeg	109689
RG-F-Away-Put-Your-Weapon-Put-That-Down.jpg	RG-F-Away-Put-Your-Weapon-Put-That-Down.jpg	image/jpeg	122934
RG-F-Beggar-Revolution.jpg	RG-F-Beggar-Revolution.jpg	image/jpeg	111062
RG-F-Bickering-At-Its-Finest.jpg	RG-F-Bickering-At-Its-Finest.jpg	image/jpeg	121364
RG-F-Biker-Scout-Down.jpg	RG-F-Biker-Scout-Down.jpg	image/jpeg	117075
RG-F-Blizzard-Scout-4.jpg	RG-F-Blizzard-Scout-4.jpg	image/jpeg	101794
RG-F-Careful-Planning-Heading-For-The-Medical-Frigate.jpg	RG-F-Careful-Planning-Heading-For-The-Medical-Frigate.jpg	image/jpeg	129473
RG-F-Commander-Myron-Konkle.jpg	RG-F-Commander-Myron-Konkle.jpg	image/jpeg	99203
RG-F-Chewbacca.jpg	RG-F-Chewbacca.jpg	image/jpeg	116082
RG-F-Clash-Of-Sabers.jpg	RG-F-Clash-Of-Sabers.jpg	image/jpeg	113523
RG-F-Congradulations.jpg	RG-F-Congradulations.jpg	image/jpeg	114294
RG-F-Corellian-Slip.jpg	RG-F-Corellian-Slip.jpg	image/jpeg	101907
RG-F-Crack-Shot-Quick-Draw.jpg	RG-F-Crack-Shot-Quick-Draw.jpg	image/jpeg	112421
RG-F-Crash-Site-Memorial.jpg	RG-F-Crash-Site-Memorial.jpg	image/jpeg	114588
RG-F-Droid-Overboard.jpg	RG-F-Droid-Overboard.jpg	image/jpeg	118736
RG-F-Emperor.jpg	RG-F-Emperor.jpg	image/jpeg	92016
RG-F-Goldenrod.jpg	RG-F-Goldenrod.jpg	image/jpeg	87961
RG-F-Ewok-Tribesman.jpg	RG-F-Ewok-Tribesman.jpg	image/jpeg	107916
RG-F-False-Past.jpg	RG-F-False-Past.jpg	image/jpeg	102717
RG-F-Effective-Repairs-Punch-It.jpg	RG-F-Effective-Repairs-Punch-It.jpg	image/jpeg	119735
RG-F-Gift-Of-The-Mentor-Skywalkers.jpg	RG-F-Gift-Of-The-Mentor-Skywalkers.jpg	image/jpeg	121736
RG-F-Glancing-Blow.jpg	RG-F-Glancing-Blow.jpg	image/jpeg	116343
RG-F-Father-Please.jpg	RG-F-Father-Please.jpg	image/jpeg	126299
RG-F-Han-s-Back-Leia-s-Back.jpg	RG-F-Han-s-Back-Leia-s-Back.jpg	image/jpeg	96983
RG-F-Help-Me-Obi-Wan-Kenobi-Double-Agent.jpg	RG-F-Help-Me-Obi-Wan-Kenobi-Double-Agent.jpg	image/jpeg	124638
RG-F-How-Did-We-Get-Into-This-Mess.jpg	RG-F-How-Did-We-Get-Into-This-Mess.jpg	image/jpeg	99560
RG-F-Hyper-Escape.jpg	RG-F-Hyper-Escape.jpg	image/jpeg	111542
RG-F-Hiding-In-The-Garbage.jpg	RG-F-Hiding-In-The-Garbage.jpg	image/jpeg	106879
RG-F-I-Have-A-Really-Bad-Feeling-About-This.jpg	RG-F-I-Have-A-Really-Bad-Feeling-About-This.jpg	image/jpeg	114323
RG-F-I-Must-Be-Allowed-To-Speak-Goo-Nee-Tay.jpg	RG-F-I-Must-Be-Allowed-To-Speak-Goo-Nee-Tay.jpg	image/jpeg	118611
RG-F-I-Hope-She-s-All-Right.jpg	RG-F-I-Hope-She-s-All-Right.jpg	image/jpeg	128729
RG-F-I-Used-To-Live-Here-You-Know.jpg	RG-F-I-Used-To-Live-Here-You-Know.jpg	image/jpeg	113257
RG-F-Luke-We-re-Going-To-Have-Company.jpg	RG-F-Luke-We-re-Going-To-Have-Company.jpg	image/jpeg	97183
RG-F-Jedi-Presence.jpg	RG-F-Jedi-Presence.jpg	image/jpeg	101896
RG-F-Insertion-Planning-Critical-Error-Revealed.jpg	RG-F-Insertion-Planning-Critical-Error-Revealed.jpg	image/jpeg	129613
RG-F-Keep-Your-Eyes-Open-Shoo-Shoo.jpg	RG-F-Keep-Your-Eyes-Open-Shoo-Shoo.jpg	image/jpeg	118512
RG-F-Light-Maneuvers-Jedi-Levitation.jpg	RG-F-Light-Maneuvers-Jedi-Levitation.jpg	image/jpeg	120325
RG-F-Mission-Briefing.jpg	RG-F-Mission-Briefing.jpg	image/jpeg	115097
RG-F-Lost-In-The-Wilderness-Yub-Yub.jpg	RG-F-Lost-In-The-Wilderness-Yub-Yub.jpg	image/jpeg	129322
RG-F-TK-420.jpg	RG-F-TK-420.jpg	image/jpeg	93539
RG-Goldenrod.jpg	RG-Goldenrod.jpg	image/jpeg	87961
RG-False-Past.jpg	RG-False-Past.jpg	image/jpeg	102717
RG-Glancing-Blow.jpg	RG-Glancing-Blow.jpg	image/jpeg	116343
RG-Gift-Of-The-Mentor-Skywalkers.jpg	RG-Gift-Of-The-Mentor-Skywalkers.jpg	image/jpeg	121736
RG-Father-Please.jpg	RG-Father-Please.jpg	image/jpeg	126299
RG-Han-s-Back-Leia-s-Back.jpg	RG-Han-s-Back-Leia-s-Back.jpg	image/jpeg	96983
RG-Help-Me-Obi-Wan-Kenobi-Double-Agent.jpg	RG-Help-Me-Obi-Wan-Kenobi-Double-Agent.jpg	image/jpeg	124638
RG-Hiding-In-The-Garbage.jpg	RG-Hiding-In-The-Garbage.jpg	image/jpeg	106879
RG-How-Did-We-Get-Into-This-Mess.jpg	RG-How-Did-We-Get-Into-This-Mess.jpg	image/jpeg	99560
RG-Hyper-Escape.jpg	RG-Hyper-Escape.jpg	image/jpeg	111542
RG-I-Have-A-Really-Bad-Feeling-About-This.jpg	RG-I-Have-A-Really-Bad-Feeling-About-This.jpg	image/jpeg	114323
RG-I-Hope-She-s-All-Right.jpg	RG-I-Hope-She-s-All-Right.jpg	image/jpeg	128729
RG-I-Must-Be-Allowed-To-Speak-Goo-Nee-Tay.jpg	RG-I-Must-Be-Allowed-To-Speak-Goo-Nee-Tay.jpg	image/jpeg	118611
RG-I-Used-To-Live-Here-You-Know.jpg	RG-I-Used-To-Live-Here-You-Know.jpg	image/jpeg	113257
RG-Insertion-Planning-Critical-Error-Revealed.jpg	RG-Insertion-Planning-Critical-Error-Revealed.jpg	image/jpeg	129613
RG-Jedi-Presence.jpg	RG-Jedi-Presence.jpg	image/jpeg	101896
RG-Keep-Your-Eyes-Open-Shoo-Shoo.jpg	RG-Keep-Your-Eyes-Open-Shoo-Shoo.jpg	image/jpeg	118512
RG-Luke-We-re-Going-To-Have-Company.jpg	RG-Luke-We-re-Going-To-Have-Company.jpg	image/jpeg	97183
RG-R-Ackbar-s-Assault-Plan.jpg	RG-R-Ackbar-s-Assault-Plan.jpg	image/jpeg	33879
RG-Light-Maneuvers-Jedi-Levitation.jpg	RG-Light-Maneuvers-Jedi-Levitation.jpg	image/jpeg	120325
RG-R-2-1B.jpg	RG-R-2-1B.jpg	image/jpeg	48282
RG-Lost-In-The-Wilderness-Yub-Yub.jpg	RG-Lost-In-The-Wilderness-Yub-Yub.jpg	image/jpeg	129322
RG-Mission-Briefing.jpg	RG-Mission-Briefing.jpg	image/jpeg	115097
RG-R-Anakin-Skywalker.jpg	RG-R-Anakin-Skywalker.jpg	image/jpeg	29614
RG-R-Bad-Lifters-And-Faulty-Wings.jpg	RG-R-Bad-Lifters-And-Faulty-Wings.jpg	image/jpeg	32488
RG-R-Back-On-Schedule.jpg	RG-R-Back-On-Schedule.jpg	image/jpeg	26960
RG-R-Begin-Retreat.jpg	RG-R-Begin-Retreat.jpg	image/jpeg	26843
RG-R-Ben.jpg	RG-R-Ben.jpg	image/jpeg	27425
RG-R-Battle-Plains-Victory.jpg	RG-R-Battle-Plains-Victory.jpg	image/jpeg	45511
RG-R-Bickering-At-Its-Finest.jpg	RG-R-Bickering-At-Its-Finest.jpg	image/jpeg	33287
RG-R-Biker-Scout-Down.jpg	RG-R-Biker-Scout-Down.jpg	image/jpeg	34231
RG-R-Blizzard-Scout-4.jpg	RG-R-Blizzard-Scout-4.jpg	image/jpeg	45973
RG-R-Boba-Fett-Where.jpg	RG-R-Boba-Fett-Where.jpg	image/jpeg	27915
RG-R-Boba-Fett.jpg	RG-R-Boba-Fett.jpg	image/jpeg	28201
RG-R-Bring-Me-The-Hydrospanners.jpg	RG-R-Bring-Me-The-Hydrospanners.jpg	image/jpeg	32151
RG-R-Boonta-Eve-Wagering.jpg	RG-R-Boonta-Eve-Wagering.jpg	image/jpeg	30058
RG-R-Cannon-Fire.jpg	RG-R-Cannon-Fire.jpg	image/jpeg	29308
RG-R-Chewbacca.jpg	RG-R-Chewbacca.jpg	image/jpeg	47782
RG-R-Clinging-To-The-Very-Edge.jpg	RG-R-Clinging-To-The-Very-Edge.jpg	image/jpeg	46379
RG-R-Coilen.jpg	RG-R-Coilen.jpg	image/jpeg	47423
RG-R-Commander-Myron-Konkle.jpg	RG-R-Commander-Myron-Konkle.jpg	image/jpeg	28718
RG-R-Disciplinary-Actions.jpg	RG-R-Disciplinary-Actions.jpg	image/jpeg	25224
RG-R-Darth-Maul-Sidious-Apprentice.jpg	RG-R-Darth-Maul-Sidious-Apprentice.jpg	image/jpeg	40409
RG-R-Congradulations.jpg	RG-R-Congradulations.jpg	image/jpeg	47901
RG-R-Drem-Redins.jpg	RG-R-Drem-Redins.jpg	image/jpeg	48369
RG-R-Droid-Overboard.jpg	RG-R-Droid-Overboard.jpg	image/jpeg	42105
RG-R-Emperor-s-Royal-Guard.jpg	RG-R-Emperor-s-Royal-Guard.jpg	image/jpeg	45260
RG-R-Ewok-Supersticions.jpg	RG-R-Ewok-Supersticions.jpg	image/jpeg	27607
RG-R-Emperor.jpg	RG-R-Emperor.jpg	image/jpeg	38835
RG-R-Entry-Denied.jpg	RG-R-Entry-Denied.jpg	image/jpeg	25363
RG-R-Ewok-Tribesman.jpg	RG-R-Ewok-Tribesman.jpg	image/jpeg	47343
RG-R-Griff-Mirtong.jpg	RG-R-Griff-Mirtong.jpg	image/jpeg	30948
RG-R-False-Past.jpg	RG-R-False-Past.jpg	image/jpeg	34092
RG-R-Governor-Tarkin.jpg	RG-R-Governor-Tarkin.jpg	image/jpeg	30298
RG-R-Flag-Emblems.jpg	RG-R-Flag-Emblems.jpg	image/jpeg	26728
RG-R-Father-Please.jpg	RG-R-Father-Please.jpg	image/jpeg	34112
RG-R-Great-Interest.jpg	RG-R-Great-Interest.jpg	image/jpeg	28779
RG-R-Goldenrod.jpg	RG-R-Goldenrod.jpg	image/jpeg	43033
RG-R-Gungan-Celebration-Trumpet.jpg	RG-R-Gungan-Celebration-Trumpet.jpg	image/jpeg	41077
RG-R-Gweeta.jpg	RG-R-Gweeta.jpg	image/jpeg	28969
RG-R-I-Didn-t-Mean-To.jpg	RG-R-I-Didn-t-Mean-To.jpg	image/jpeg	30048
RG-R-I-Thought-He-Was-Blind.jpg	RG-R-I-Thought-He-Was-Blind.jpg	image/jpeg	29565
RG-R-Imperial-Compensation.jpg	RG-R-Imperial-Compensation.jpg	image/jpeg	28402
RG-R-In-The-Pits.jpg	RG-R-In-The-Pits.jpg	image/jpeg	29961
RG-R-Imperial-Firepower.jpg	RG-R-Imperial-Firepower.jpg	image/jpeg	24832
RG-R-I-Used-To-Live-Here-You-Know.jpg	RG-R-I-Used-To-Live-Here-You-Know.jpg	image/jpeg	43342
RG-R-Imperial-Data-Network.jpg	RG-R-Imperial-Data-Network.jpg	image/jpeg	41688
RG-R-Is-Your-Strike-Team-Assembled.jpg	RG-R-Is-Your-Strike-Team-Assembled.jpg	image/jpeg	32910
RG-R-Is-There-Something-Alive-Down-Here.jpg	RG-R-Is-There-Something-Alive-Down-Here.jpg	image/jpeg	29077
RG-R-Inspecting-The-Garbage.jpg	RG-R-Inspecting-The-Garbage.jpg	image/jpeg	32543
RG-R-Jabba-s-Droid-Pool.jpg	RG-R-Jabba-s-Droid-Pool.jpg	image/jpeg	29567
RG-R-Jedi-Rocks.jpg	RG-R-Jedi-Rocks.jpg	image/jpeg	27214
RG-R-Lapti-Nek.jpg	RG-R-Lapti-Nek.jpg	image/jpeg	31806
RG-R-Jar-Jar.jpg	RG-R-Jar-Jar.jpg	image/jpeg	46344
RG-R-Jedi-Tactics.jpg	RG-R-Jedi-Tactics.jpg	image/jpeg	48495
RG-R-Locked-Door.jpg	RG-R-Locked-Door.jpg	image/jpeg	29414
RG-R-Lord-Vader-Lord-Of-The-Sith.jpg	RG-R-Lord-Vader-Lord-Of-The-Sith.jpg	image/jpeg	27328
RG-R-Naboo-Ceremonial-Chamber.jpg	RG-R-Naboo-Ceremonial-Chamber.jpg	image/jpeg	33015
RG-R-Looking-To-The-Future.jpg	RG-R-Looking-To-The-Future.jpg	image/jpeg	47201
RG-R-Luke-We-re-Going-To-Have-Company.jpg	RG-R-Luke-We-re-Going-To-Have-Company.jpg	image/jpeg	51340
RG-R-Mission-Briefing.jpg	RG-R-Mission-Briefing.jpg	image/jpeg	52457
RG-R-Name-The-System.jpg	RG-R-Name-The-System.jpg	image/jpeg	24658
RG-R-Not-Worth-The-Trouble.jpg	RG-R-Not-Worth-The-Trouble.jpg	image/jpeg	27373
RG-R-Old-Smoothies.jpg	RG-R-Old-Smoothies.jpg	image/jpeg	32568
RG-R-One-Arm-s-Frozen-Lunch.jpg	RG-R-One-Arm-s-Frozen-Lunch.jpg	image/jpeg	26361
RG-R-Ouch-Time.jpg	RG-R-Ouch-Time.jpg	image/jpeg	29010
RG-R-Old-Ben-Kenobi.jpg	RG-R-Old-Ben-Kenobi.jpg	image/jpeg	45368
RG-R-Performing-Under-Pressure.jpg	RG-R-Performing-Under-Pressure.jpg	image/jpeg	27377
RG-R-Owen.jpg	RG-R-Owen.jpg	image/jpeg	29150
RG-R-Perfect-Hibernation.jpg	RG-R-Perfect-Hibernation.jpg	image/jpeg	28564
RG-R-Palpatine-Senator-To-Naboo.jpg	RG-R-Palpatine-Senator-To-Naboo.jpg	image/jpeg	45711
RG-R-Prisoner-Transfer.jpg	RG-R-Prisoner-Transfer.jpg	image/jpeg	30807
RG-R-SSA-33.jpg	RG-R-SSA-33.jpg	image/jpeg	30658
RG-R-Security-Activators.jpg	RG-R-Security-Activators.jpg	image/jpeg	29868
RG-R-Solo.jpg	RG-R-Solo.jpg	image/jpeg	29595
RG-R-Senator-Organa.jpg	RG-R-Senator-Organa.jpg	image/jpeg	28238
RG-R-See-You-At-The-Rendezvous.jpg	RG-R-See-You-At-The-Rendezvous.jpg	image/jpeg	35435
RG-R-Security-Sweep.jpg	RG-R-Security-Sweep.jpg	image/jpeg	30085
RG-R-Speeder-Downed.jpg	RG-R-Speeder-Downed.jpg	image/jpeg	26611
RG-R-Stay-Here.jpg	RG-R-Stay-Here.jpg	image/jpeg	31338
RG-R-Star-Destroyer-Executor.jpg	RG-R-Star-Destroyer-Executor.jpg	image/jpeg	30414
RG-R-Taking-On-The-Whole-Empire-Myself.jpg	RG-R-Taking-On-The-Whole-Empire-Myself.jpg	image/jpeg	11135
RG-R-TK-420.jpg	RG-R-TK-420.jpg	image/jpeg	44038
RG-R-Tatooine-Resale-Operations.jpg	RG-R-Tatooine-Resale-Operations.jpg	image/jpeg	29638
RG-R-Tatooine-Underground-Operations.jpg	RG-R-Tatooine-Underground-Operations.jpg	image/jpeg	27252
RG-R-They-All-Broken.jpg	RG-R-They-All-Broken.jpg	image/jpeg	35562
RG-R-That-s-The-Real-Trick.jpg	RG-R-That-s-The-Real-Trick.jpg	image/jpeg	47615
RG-R-Through-The-Planet-Core.jpg	RG-R-Through-The-Planet-Core.jpg	image/jpeg	30600
RG-R-Tiinn.jpg	RG-R-Tiinn.jpg	image/jpeg	29742
RG-R-This-Is-Your-Father-s-Lightsaber.jpg	RG-R-This-Is-Your-Father-s-Lightsaber.jpg	image/jpeg	30457
RG-R-Twilight-Fading.jpg	RG-R-Twilight-Fading.jpg	image/jpeg	27367
RG-R-Visage-Of-A-Viceroy.jpg	RG-R-Visage-Of-A-Viceroy.jpg	image/jpeg	27483
RG-R-We-Don-t-Want-To-Cause-Any-Trouble.jpg	RG-R-We-Don-t-Want-To-Cause-Any-Trouble.jpg	image/jpeg	35766
RG-R-We-Are-Brave-Your-Highness.jpg	RG-R-We-Are-Brave-Your-Highness.jpg	image/jpeg	45755
RG-R-Watto-Junk-Dealer.jpg	RG-R-Watto-Junk-Dealer.jpg	image/jpeg	48417
RG-R-We-Would-Be-Honored-If-You-Would-Join-Us.jpg	RG-R-We-Would-Be-Honored-If-You-Would-Join-Us.jpg	image/jpeg	27296
RG-R-Where-Are-You-Taking-This-Thing.jpg	RG-R-Where-Are-You-Taking-This-Thing.jpg	image/jpeg	27049
RG-R-Wedge.jpg	RG-R-Wedge.jpg	image/jpeg	31096
RG-R-Worry.jpg	RG-R-Worry.jpg	image/jpeg	28429
RG-R-Yoda-I-Must-Know.jpg	RG-R-Yoda-I-Must-Know.jpg	image/jpeg	32300
RG-R-Yoda-Jedi-Master.jpg	RG-R-Yoda-Jedi-Master.jpg	image/jpeg	30584
RG-R-You-Must-Complete-The-Training.jpg	RG-R-You-Must-Complete-The-Training.jpg	image/jpeg	32148
RG-R-You-Will-Meet-Your-Destiny.jpg	RG-R-You-Will-Meet-Your-Destiny.jpg	image/jpeg	29436
RG-R-Yousa-Guys-Bombad.jpg	RG-R-Yousa-Guys-Bombad.jpg	image/jpeg	32562
RG-R-Young-Skywalker.jpg	RG-R-Young-Skywalker.jpg	image/jpeg	43230
RG-T-2-1B.jpg	RG-T-2-1B.jpg	image/jpeg	2133776
RG-T-A-Few-Maneuvers-Han-s-Dice.png	RG-T-A-Few-Maneuvers-Han-s-Dice.png	image/png	3315541
RG-T-A-Few-Maneuvers.png	RG-T-A-Few-Maneuvers.png	image/png	3010498
RG-T-Aim-High.png	RG-T-Aim-High.png	image/png	2815629
RG-T-A-Gift.png	RG-T-A-Gift.png	image/png	3690247
RG-T-Ackbar-s-Assault-Plan.png	RG-T-Ackbar-s-Assault-Plan.png	image/png	2837569
RG-T-Alert-My-Star-Destroyer.png	RG-T-Alert-My-Star-Destroyer.png	image/png	2626233
RG-T-All-Wings-Report-In.png	RG-T-All-Wings-Report-In.png	image/png	2260929
RG-T-Aratech-Corporation.png	RG-T-Aratech-Corporation.png	image/png	2313564
RG-T-Atmospheric-Assault.png	RG-T-Atmospheric-Assault.png	image/png	2404231
RG-T-Armed-And-Dangerous-Ambush.png	RG-T-Armed-And-Dangerous-Ambush.png	image/png	3380194
RG-T-Attack-Pattern-Delta.png	RG-T-Attack-Pattern-Delta.png	image/png	3426978
RG-T-Away-Put-Your-Weapon-Put-That-Down.png	RG-T-Away-Put-Your-Weapon-Put-That-Down.png	image/png	3559021
RG-T-Back-On-Schedule.png	RG-T-Back-On-Schedule.png	image/png	1175435
RG-T-Battle-Plains-Victory.png	RG-T-Battle-Plains-Victory.png	image/png	1252675
RG-T-Bad-Lifters-And-Faulty-Wings.png	RG-T-Bad-Lifters-And-Faulty-Wings.png	image/png	3364257
RG-T-Ben.png	RG-T-Ben.png	image/png	1487165
RG-T-Begin-Retreat.png	RG-T-Begin-Retreat.png	image/png	2289816
RG-T-Begin-Landing-Your-Troops-Activate-The-Droids.png	RG-T-Begin-Landing-Your-Troops-Activate-The-Droids.png	image/png	2874154
RG-T-Beggar-Revolution.png	RG-T-Beggar-Revolution.png	image/png	3229767
RG-T-Always-Thinking-With-Your-Stomach-Scout-Recon.png	RG-T-Always-Thinking-With-Your-Stomach-Scout-Recon.png	image/png	2455817
RG-T-Bickering-At-Its-Finest.png	RG-T-Bickering-At-Its-Finest.png	image/png	2915890
RG-T-Biker-Scout-Down.png	RG-T-Biker-Scout-Down.png	image/png	3393251
RG-T-Blast-Door-Controls-Reactor-Terminal.png	RG-T-Blast-Door-Controls-Reactor-Terminal.png	image/png	2547217
RG-T-Blaster-Deflection.png	RG-T-Blaster-Deflection.png	image/png	3150070
RG-T-Anakin-Skywalker.png	RG-T-Anakin-Skywalker.png	image/png	2570315
RG-T-Boonta-Eve-Wagering.png	RG-T-Boonta-Eve-Wagering.png	image/png	1298750
RG-T-Blizzard-Scout-4.png	RG-T-Blizzard-Scout-4.png	image/png	1432283
RG-T-Boba-Fett-Where.png	RG-T-Boba-Fett-Where.png	image/png	1294951
RG-T-Boba-Fett.png	RG-T-Boba-Fett.png	image/png	1880240
RG-T-Blow-Parried.png	RG-T-Blow-Parried.png	image/png	2038069
RG-T-Brief-Loss-Of-Control-Imperial-Supply.png	RG-T-Brief-Loss-Of-Control-Imperial-Supply.png	image/png	2283222
RG-T-Bring-Me-The-Hydrospanners.png	RG-T-Bring-Me-The-Hydrospanners.png	image/png	3486400
RG-T-Brisky-Morning-Munchen.png	RG-T-Brisky-Morning-Munchen.png	image/png	3169090
RG-T-Cannon-Fire.png	RG-T-Cannon-Fire.png	image/png	1845575
RG-T-Chewbacca.png	RG-T-Chewbacca.png	image/png	2089341
RG-T-Careful-Planning-Heading-For-The-Medical-Frigate.png	RG-T-Careful-Planning-Heading-For-The-Medical-Frigate.png	image/png	3337218
RG-T-Clinging-To-The-Very-Edge.png	RG-T-Clinging-To-The-Very-Edge.png	image/png	2675582
RG-T-Close-Air-Support-Commando-Training.png	RG-T-Close-Air-Support-Commando-Training.png	image/png	3327901
RG-T-Close-Air-Support.png	RG-T-Close-Air-Support.png	image/png	3029061
RG-T-Clash-Of-Sabers.png	RG-T-Clash-Of-Sabers.png	image/png	2504307
RG-T-Choke-Blaster-Deflection.png	RG-T-Choke-Blaster-Deflection.png	image/png	3486343
RG-T-Coilen.png	RG-T-Coilen.png	image/png	1815997
RG-T-Cold-Feet-He-Hasn-t-Come-Back-Yet.png	RG-T-Cold-Feet-He-Hasn-t-Come-Back-Yet.png	image/png	2556469
RG-T-Counter-Surprise-Assault.png	RG-T-Counter-Surprise-Assault.png	image/png	2672726
RG-T-Combat-Readiness-Prepared-Defenses.png	RG-T-Combat-Readiness-Prepared-Defenses.png	image/png	2461233
RG-T-Congradulations.png	RG-T-Congradulations.png	image/png	2546718
RG-T-Crash-Site-Memorial.png	RG-T-Crash-Site-Memorial.png	image/png	3256305
RG-T-Dark-Collaboration-Charming-To-The-Last.png	RG-T-Dark-Collaboration-Charming-To-The-Last.png	image/png	2250160
RG-T-Dark-Jedi-Presence-Vader-s-Eye.png	RG-T-Dark-Jedi-Presence-Vader-s-Eye.png	image/png	2463417
RG-T-Corellian-Slip.png	RG-T-Corellian-Slip.png	image/png	2467538
RG-T-Commander-Myron-Konkle.jpg	RG-T-Commander-Myron-Konkle.jpg	image/jpeg	2333533
RG-T-Darth-Maul-Sidious-Apprentice.png	RG-T-Darth-Maul-Sidious-Apprentice.png	image/png	1629610
RG-T-Dioxis-They-re-Still-Coming-Through.png	RG-T-Dioxis-They-re-Still-Coming-Through.png	image/png	2346756
RG-T-Dark-Maneuvers.png	RG-T-Dark-Maneuvers.png	image/png	1802805
RG-T-Disciplinary-Actions.png	RG-T-Disciplinary-Actions.png	image/png	1587311
RG-T-Dioxis.png	RG-T-Dioxis.png	image/png	2514507
RG-T-Drem-Redins.jpg	RG-T-Drem-Redins.jpg	image/jpeg	1899029
RG-T-Crack-Shot-Quick-Draw.png	RG-T-Crack-Shot-Quick-Draw.png	image/png	2639074
RG-T-Drop-Your-Weapons-Halt.png	RG-T-Drop-Your-Weapons-Halt.png	image/png	2200164
RG-T-Droid-Overboard.png	RG-T-Droid-Overboard.png	image/png	2517390
RG-T-Corellian-Retort-Fly-Casual.png	RG-T-Corellian-Retort-Fly-Casual.png	image/png	3438179
RG-T-Effective-Repairs-Punch-It.png	RG-T-Effective-Repairs-Punch-It.png	image/png	3663405
RG-T-Either-Way-You-Win-Eventually-You-ll-Lose.png	RG-T-Either-Way-You-Win-Eventually-You-ll-Lose.png	image/png	3394833
RG-T-Credits-Will-Do-Fine-We-re-Leaving.png	RG-T-Credits-Will-Do-Fine-We-re-Leaving.png	image/png	3414653
RG-T-Elis-Helrot-Oo-ta-Goo-ta-Solo.png	RG-T-Elis-Helrot-Oo-ta-Goo-ta-Solo.png	image/png	2438801
RG-T-Crossfire.png	RG-T-Crossfire.png	image/png	2924941
RG-T-Emperor-s-Royal-Guard.png	RG-T-Emperor-s-Royal-Guard.png	image/png	1310171
RG-T-Emperor-s-Power-Overseeing-It-Personally.png	RG-T-Emperor-s-Power-Overseeing-It-Personally.png	image/png	2188098
RG-T-Emperor.png	RG-T-Emperor.png	image/png	1423778
RG-T-Dark-Jedi-Presence.png	RG-T-Dark-Jedi-Presence.png	image/png	2911651
RG-T-Entry-Denied.png	RG-T-Entry-Denied.png	image/png	1398812
RG-T-Entering-The-Arena.png	RG-T-Entering-The-Arena.png	image/png	3077159
RG-T-Ewok-Supersticions.png	RG-T-Ewok-Supersticions.png	image/png	2149077
RG-T-Establish-Secret-Base-Ominous-Rumors.png	RG-T-Establish-Secret-Base-Ominous-Rumors.png	image/png	2610664
RG-T-Eventually-You-ll-Lose.png	RG-T-Eventually-You-ll-Lose.png	image/png	3251697
RG-T-Expand-The-Empire.png	RG-T-Expand-The-Empire.png	image/png	2189722
RG-T-Ewok-Tribesman.png	RG-T-Ewok-Tribesman.png	image/png	3796007
RG-T-False-Past.png	RG-T-False-Past.png	image/png	2733931
RG-T-Father-Please.png	RG-T-Father-Please.png	image/png	2387231
RG-T-Flag-Emblems.png	RG-T-Flag-Emblems.png	image/png	1550030
RG-T-Flagship-Operations.png	RG-T-Flagship-Operations.png	image/png	1864447
RG-T-Force-Lightning-Rise-My-Friend.png	RG-T-Force-Lightning-Rise-My-Friend.png	image/png	2136150
RG-T-Fly-Casual.png	RG-T-Fly-Casual.png	image/png	3001027
RG-T-Force-Lightning.png	RG-T-Force-Lightning.png	image/png	2420770
RG-T-Gift-Of-The-Mentor-Skywalkers.png	RG-T-Gift-Of-The-Mentor-Skywalkers.png	image/png	3504987
RG-T-Goldenrod.png	RG-T-Goldenrod.png	image/png	2895041
RG-T-Governer-Tarkin.png	RG-T-Governer-Tarkin.png	image/png	2316108
RG-T-Glancing-Blow.png	RG-T-Glancing-Blow.png	image/png	3217742
RG-T-Griff-Mirtong.jpg	RG-T-Griff-Mirtong.jpg	image/jpeg	1365268
RG-T-Great-Interest.png	RG-T-Great-Interest.png	image/png	1681421
RG-T-Gungan-Celebration-Trumpet.jpg	RG-T-Gungan-Celebration-Trumpet.jpg	image/jpeg	2218415
RG-T-Gungan-Energy-Shield.png	RG-T-Gungan-Energy-Shield.png	image/png	3934324
RG-T-Gweeta.png	RG-T-Gweeta.png	image/png	2322404
RG-T-Help-Me-Obi-Wan-Kenobi-Double-Agent.png	RG-T-Help-Me-Obi-Wan-Kenobi-Double-Agent.png	image/png	3400779
RG-T-Han-s-Back-Leia-s-Back.png	RG-T-Han-s-Back-Leia-s-Back.png	image/png	3287470
RG-T-Hiding-In-The-Garbage.png	RG-T-Hiding-In-The-Garbage.png	image/png	2693643
RG-T-Hit-Racer.png	RG-T-Hit-Racer.png	image/png	2568336
RG-T-Hyper-Escape.png	RG-T-Hyper-Escape.png	image/png	3869156
RG-T-Hidden-Weapons-Twi-lek-Advisor.png	RG-T-Hidden-Weapons-Twi-lek-Advisor.png	image/png	2436819
RG-T-I-Didn-t-Mean-To.png	RG-T-I-Didn-t-Mean-To.png	image/png	1478335
RG-T-I-Had-No-Choice.png	RG-T-I-Had-No-Choice.png	image/png	2595824
RG-T-I-Hope-She-s-All-Right.png	RG-T-I-Hope-She-s-All-Right.png	image/png	3271436
RG-T-I-Have-You-Now-Your-Powers-Are-Weak-Old-Man.png	RG-T-I-Have-You-Now-Your-Powers-Are-Weak-Old-Man.png	image/png	2217095
RG-T-I-Have-A-Really-Bad-Feeling-About-This.png	RG-T-I-Have-A-Really-Bad-Feeling-About-This.png	image/png	2859837
RG-T-I-Must-Be-Allowed-To-Speak-Goo-Nee-Tay.png	RG-T-I-Must-Be-Allowed-To-Speak-Goo-Nee-Tay.png	image/png	3051807
RG-T-How-Did-We-Get-Into-This-Mess.png	RG-T-How-Did-We-Get-Into-This-Mess.png	image/png	3232277
RG-T-I-Thought-He-Was-Blind.png	RG-T-I-Thought-He-Was-Blind.png	image/png	2473333
RG-T-I-Must-Be-Allowed-To-Speak.png	RG-T-I-Must-Be-Allowed-To-Speak.png	image/png	3363353
RG-T-I-Will-Find-Them-Quickly-Master.png	RG-T-I-Will-Find-Them-Quickly-Master.png	image/png	2553396
RG-T-I-Used-To-Live-Here-You-Know.png	RG-T-I-Used-To-Live-Here-You-Know.png	image/png	2899944
RG-T-I-Will-Not-Defer-Plea-To-The-Court.png	RG-T-I-Will-Not-Defer-Plea-To-The-Court.png	image/png	3299091
RG-T-Imperial-Command-It-s-An-Older-Code.png	RG-T-Imperial-Command-It-s-An-Older-Code.png	image/png	1838514
RG-T-I-ve-Got-A-Problem-Here-Physical-Choke.png	RG-T-I-ve-Got-A-Problem-Here-Physical-Choke.png	image/png	2434294
RG-T-Imperial-Command.png	RG-T-Imperial-Command.png	image/png	2255800
RG-T-Imperial-Compensation.jpg	RG-T-Imperial-Compensation.jpg	image/jpeg	1512518
RG-T-Imbalance-Shocking-Revelation.png	RG-T-Imbalance-Shocking-Revelation.png	image/png	2482290
RG-T-Imperial-Data-Network.png	RG-T-Imperial-Data-Network.png	image/png	2166494
RG-T-Imperial-Firepower.jpg	RG-T-Imperial-Firepower.jpg	image/jpeg	1349190
RG-T-Imperial-Detachments.png	RG-T-Imperial-Detachments.png	image/png	1525409
RG-T-Imperial-Decree-The-Dark-Path.png	RG-T-Imperial-Decree-The-Dark-Path.png	image/png	2279349
RG-T-Imperial-Justice.png	RG-T-Imperial-Justice.png	image/png	2710272
RG-T-Inconsequential-Barriers.png	RG-T-Inconsequential-Barriers.png	image/png	2945556
RG-T-Imperial-Supply.png	RG-T-Imperial-Supply.png	image/png	2865528
RG-T-Informant-Takeel.png	RG-T-Informant-Takeel.png	image/png	2204170
RG-T-In-The-Pits.png	RG-T-In-The-Pits.png	image/png	1478831
RG-T-Is-There-Something-Alive-Down-Here.png	RG-T-Is-There-Something-Alive-Down-Here.png	image/png	1913464
RG-T-Jabba-s-Droid-Pool.png	RG-T-Jabba-s-Droid-Pool.png	image/png	2246666
RG-T-Jabba-s-Through-With-You-Nevar-Yalnal.png	RG-T-Jabba-s-Through-With-You-Nevar-Yalnal.png	image/png	2389399
RG-T-Insertion-Planning.png	RG-T-Insertion-Planning.png	image/png	3233512
RG-T-Inspecting-The-Garbage.png	RG-T-Inspecting-The-Garbage.png	image/png	2606073
RG-T-Jabba-s-Through-With-You.png	RG-T-Jabba-s-Through-With-You.png	image/png	2539588
RG-T-Jar-Jar.png	RG-T-Jar-Jar.png	image/png	1020172
RG-T-Jedi-Rocks.png	RG-T-Jedi-Rocks.png	image/png	972038
RG-T-Jedi-Leap-Clinging-To-The-Edge.png	RG-T-Jedi-Leap-Clinging-To-The-Edge.png	image/png	3348015
RG-T-Jedi-Presence.png	RG-T-Jedi-Presence.png	image/png	3211629
RG-T-Is-Your-Strike-Team-Assembled.png	RG-T-Is-Your-Strike-Team-Assembled.png	image/png	3342856
RG-T-Keep-Your-Eyes-Open-Shoo-Shoo.png	RG-T-Keep-Your-Eyes-Open-Shoo-Shoo.png	image/png	3223611
RG-T-Krayt-Dragon-Bones-Imperial-Justice.png	RG-T-Krayt-Dragon-Bones-Imperial-Justice.png	image/png	2567385
RG-T-Launching-The-Assault.png	RG-T-Launching-The-Assault.png	image/png	2153278
RG-T-Lapti-Nek.png	RG-T-Lapti-Nek.png	image/png	2233487
RG-T-Jedi-Tactics.png	RG-T-Jedi-Tactics.png	image/png	2804259
RG-T-Local-Trouble.png	RG-T-Local-Trouble.png	image/png	2519349
RG-T-Locked-Door.jpg	RG-T-Locked-Door.jpg	image/jpeg	1548138
RG-T-Light-Maneuvers-Jedi-Levitation.png	RG-T-Light-Maneuvers-Jedi-Levitation.png	image/png	3294815
RG-T-Lord-Vader-Lord-Of-The-Sith.png	RG-T-Lord-Vader-Lord-Of-The-Sith.png	image/png	1844242
RG-T-Looking-To-The-Future.png	RG-T-Looking-To-The-Future.png	image/png	2753422
RG-T-Look-Sir-Droids-Counter-Assault.png	RG-T-Look-Sir-Droids-Counter-Assault.png	image/png	2544618
RG-T-Insertion-Planning-Critical-Error-Revealed.png	RG-T-Insertion-Planning-Critical-Error-Revealed.png	image/png	3591722
RG-T-Losing-Track.png	RG-T-Losing-Track.png	image/png	3297269
RG-T-Lost-In-The-Wilderness-Yub-Yub.png	RG-T-Lost-In-The-Wilderness-Yub-Yub.png	image/png	3480447
RG-T-Luke-We-re-Going-To-Have-Company.png	RG-T-Luke-We-re-Going-To-Have-Company.png	image/png	2643498
RG-T-Master-Destroyers-Rolling-Rolling-Rolling.png	RG-T-Master-Destroyers-Rolling-Rolling-Rolling.png	image/png	2358380
RG-T-Might-Of-The-Republic.png	RG-T-Might-Of-The-Republic.png	image/png	3155345
RG-T-Maul-Strikes-No-Match-For-A-Sith.png	RG-T-Maul-Strikes-No-Match-For-A-Sith.png	image/png	2266049
RG-T-Mindful-Of-The-Future-Inconsequential-Barriers.png	RG-T-Mindful-Of-The-Future-Inconsequential-Barriers.png	image/png	3303329
RG-T-Naboo-Ceremonial-Chamber.jpg	RG-T-Naboo-Ceremonial-Chamber.jpg	image/jpeg	1944488
RG-T-My-Loyal-Bodyguard-Might-Of-The-Republic.png	RG-T-My-Loyal-Bodyguard-Might-Of-The-Republic.png	image/png	3346714
RG-T-Name-The-System.png	RG-T-Name-The-System.png	image/png	1712982
RG-T-Nabrun-Leids-Quite-A-Mercenary.png	RG-T-Nabrun-Leids-Quite-A-Mercenary.png	image/png	3577677
RG-T-Mission-Briefing.png	RG-T-Mission-Briefing.png	image/png	2728712
RG-T-Narrow-Escape.png	RG-T-Narrow-Escape.png	image/png	3369965
RG-T-Neck-And-Neck-Changing-The-Odds.png	RG-T-Neck-And-Neck-Changing-The-Odds.png	image/png	3388030
RG-T-Nice-Of-You-Guys-To-Drop-By-Visored-Vision.png	RG-T-Nice-Of-You-Guys-To-Drop-By-Visored-Vision.png	image/png	3420901
RG-T-Neck-And-Neck.png	RG-T-Neck-And-Neck.png	image/png	3269708
RG-T-No-Giben-Up-General-Jar-Jar-Gimme-A-Lift.png	RG-T-No-Giben-Up-General-Jar-Jar-Gimme-A-Lift.png	image/png	3444302
RG-T-None-Shall-Pass.png	RG-T-None-Shall-Pass.png	image/png	2721887
RG-T-Nice-Of-You-Guys-To-Drop-By.png	RG-T-Nice-Of-You-Guys-To-Drop-By.png	image/png	3371039
RG-T-No-Giben-Up-General-Jar-Jar.png	RG-T-No-Giben-Up-General-Jar-Jar.png	image/png	3388298
RG-T-Obi-Wan-s-Cape-Lightsaber-Proficiency.png	RG-T-Obi-Wan-s-Cape-Lightsaber-Proficiency.png	image/png	3494214
RG-T-Off-The-Edge.png	RG-T-Off-The-Edge.png	image/png	3859281
RG-T-Old-Ben-Kenobi.png	RG-T-Old-Ben-Kenobi.png	image/png	1161865
RG-T-Not-Worth-The-Trouble.png	RG-T-Not-Worth-The-Trouble.png	image/png	2054705
RG-T-Old-Smoothies.png	RG-T-Old-Smoothies.png	image/png	2507994
RG-T-Old-Ben-Noble-Sacrifice.png	RG-T-Old-Ben-Noble-Sacrifice.png	image/png	3495810
RG-T-On-The-Edge-Surprise-Assault.png	RG-T-On-The-Edge-Surprise-Assault.png	image/png	3626265
RG-T-Oo-ta-Goo-ta-Solo.png	RG-T-Oo-ta-Goo-ta-Solo.png	image/png	2918606
RG-T-Open-Fire.png	RG-T-Open-Fire.png	image/png	1685811
RG-T-One-Arm-s-Frozen-Lunch.png	RG-T-One-Arm-s-Frozen-Lunch.png	image/png	2189109
RG-T-Operational-As-Planned-Wounded-Warrior.png	RG-T-Operational-As-Planned-Wounded-Warrior.png	image/png	2340398
RG-T-Out-Of-Commission.png	RG-T-Out-Of-Commission.png	image/png	2650744
RG-T-Our-First-Catch-Of-The-Day.png	RG-T-Our-First-Catch-Of-The-Day.png	image/png	2534829
RG-T-Owen.png	RG-T-Owen.png	image/png	953365
RG-T-Palpatine-Senator-To-Naboo.png	RG-T-Palpatine-Senator-To-Naboo.png	image/png	1673891
RG-T-Ouch-Time.png	RG-T-Ouch-Time.png	image/png	2688484
RG-T-Perfect-Hibernation.png	RG-T-Perfect-Hibernation.png	image/png	2475390
RG-T-Losing-Track-A-Step-Backwards.png	RG-T-Losing-Track-A-Step-Backwards.png	image/png	3538745
RG-T-Performing-Under-Pressure.png	RG-T-Performing-Under-Pressure.png	image/png	1946004
RG-T-Perimeter-Patrol.png	RG-T-Perimeter-Patrol.png	image/png	2317780
RG-T-Pit-Crews.png	RG-T-Pit-Crews.png	image/png	2748563
RG-T-Perimeter-Scan-Under-Attack.png	RG-T-Perimeter-Scan-Under-Attack.png	image/png	3397135
RG-T-Podracer-Collision-Hit-Racer.png	RG-T-Podracer-Collision-Hit-Racer.png	image/png	2354409
RG-T-Overwhelmed-A-Dark-Time-For-The-Rebellion.png	RG-T-Overwhelmed-A-Dark-Time-For-The-Rebellion.png	image/png	2447667
RG-T-Podracer-Collision.png	RG-T-Podracer-Collision.png	image/png	2715505
RG-T-Presence-Of-The-Force-Dark-Waters.png	RG-T-Presence-Of-The-Force-Dark-Waters.png	image/png	2387776
RG-T-Podrace-Prep-Too-Close-For-Comfort.png	RG-T-Podrace-Prep-Too-Close-For-Comfort.png	image/png	3365161
RG-T-Point-Man-Slip-Sliding-Away.png	RG-T-Point-Man-Slip-Sliding-Away.png	image/png	2465803
RG-T-Prisoner-Transfer.png	RG-T-Prisoner-Transfer.png	image/png	2516730
RG-T-Quick-Reflexes-All-Wrapped-Up.png	RG-T-Quick-Reflexes-All-Wrapped-Up.png	image/png	2487401
RG-T-Rebel-Leadership.png	RG-T-Rebel-Leadership.png	image/png	3373379
RG-T-Rakes-Jevorik.jpg	RG-T-Rakes-Jevorik.jpg	image/jpeg	2181747
RG-T-Put-All-Sections-On-Alert-Full-Scale-Alert.png	RG-T-Put-All-Sections-On-Alert-Full-Scale-Alert.png	image/png	2333045
RG-T-Projection-Of-A-Skywalker-Yarna-d-al-Gargan.png	RG-T-Projection-Of-A-Skywalker-Yarna-d-al-Gargan.png	image/png	3572907
RG-T-Recoil-In-Fear.png	RG-T-Recoil-In-Fear.png	image/png	3139583
RG-T-Projective-Telepathy.png	RG-T-Projective-Telepathy.png	image/png	2624836
RG-T-Release-Your-Anger-Unexpected-Interruption.png	RG-T-Release-Your-Anger-Unexpected-Interruption.png	image/png	2386736
RG-T-Relentless-Tracking.png	RG-T-Relentless-Tracking.png	image/png	2558654
RG-T-Responsibility-Of-Command.png	RG-T-Responsibility-Of-Command.png	image/png	2688037
RG-T-Revolution.png	RG-T-Revolution.png	image/png	2822403
RG-T-Return-Of-A-Jedi-Luke-s-Back.png	RG-T-Return-Of-A-Jedi-Luke-s-Back.png	image/png	3368339
RG-T-Rolling-Rolling-Rolling.png	RG-T-Rolling-Rolling-Rolling.png	image/png	2249331
RG-T-SSA-33.png	RG-T-SSA-33.png	image/png	1733987
RG-T-Sabotage-Slight-Weapons-Malfunction.png	RG-T-Sabotage-Slight-Weapons-Malfunction.png	image/png	3393620
RG-T-Rebel-Leadership-Throw-Me-Another-Charge.png	RG-T-Rebel-Leadership-Throw-Me-Another-Charge.png	image/png	3466473
RG-T-Sarlacc-Tentacles.png	RG-T-Sarlacc-Tentacles.png	image/png	1747974
RG-T-Scramble-Hiding-In-The-Garbage.png	RG-T-Scramble-Hiding-In-The-Garbage.png	image/png	3101850
RG-T-Scramble.png	RG-T-Scramble.png	image/png	3352673
RG-T-Scum-And-Villainy-Information-Exchange.png	RG-T-Scum-And-Villainy-Information-Exchange.png	image/png	3173774
RG-T-Scum-And-Villainy.png	RG-T-Scum-And-Villainy.png	image/png	2723380
RG-T-Search-And-Destroy.png	RG-T-Search-And-Destroy.png	image/png	2918117
RG-T-Security-Activators.jpg	RG-T-Security-Activators.jpg	image/jpeg	1516386
RG-T-Security-Sweep.png	RG-T-Security-Sweep.png	image/png	1809650
RG-T-See-You-At-The-Rendezvous.png	RG-T-See-You-At-The-Rendezvous.png	image/png	2387786
RG-T-Security-Precautions.png	RG-T-Security-Precautions.png	image/png	2744042
RG-T-Quite-A-Mercenary.png	RG-T-Quite-A-Mercenary.png	image/png	3044758
RG-T-Quietly-Observing.png	RG-T-Quietly-Observing.png	image/png	2417900
RG-T-Senator-Organa.png	RG-T-Senator-Organa.png	image/png	918888
RG-T-Sniper.jpg	RG-T-Sniper.jpg	image/jpeg	1544172
RG-T-Shut-Him-Up-Or-Shut-Him-Down-Voyeur.png	RG-T-Shut-Him-Up-Or-Shut-Him-Down-Voyeur.png	image/png	2322196
RG-T-Short-Range-Fighters.png	RG-T-Short-Range-Fighters.png	image/png	2563390
RG-T-Smoke-Screen.png	RG-T-Smoke-Screen.png	image/png	2946547
RG-T-Solo.png	RG-T-Solo.png	image/png	3630431
RG-T-Smoke-Screen-It-s-A-Trap.png	RG-T-Smoke-Screen-It-s-A-Trap.png	image/png	3237342
RG-T-Skull-Mandalorian-Mishap.png	RG-T-Skull-Mandalorian-Mishap.png	image/png	3397988
RG-T-Something-Hit-Us-Why-Didn-t-You-Tell-Me.png	RG-T-Something-Hit-Us-Why-Didn-t-You-Tell-Me.png	image/png	2246892
RG-T-Speeder-Downed.png	RG-T-Speeder-Downed.png	image/png	2181709
RG-T-Star-Destroyer-Executor.jpg	RG-T-Star-Destroyer-Executor.jpg	image/jpeg	2036766
RG-T-Squabbling-Delegates.png	RG-T-Squabbling-Delegates.png	image/png	2720447
RG-T-Speak-With-The-Jedi-Council-Vote-Now.png	RG-T-Speak-With-The-Jedi-Council-Vote-Now.png	image/png	3613270
RG-T-Sorry-About-The-Mess.png	RG-T-Sorry-About-The-Mess.png	image/png	3493153
RG-T-Start-Your-Engines-Pit-Crews.png	RG-T-Start-Your-Engines-Pit-Crews.png	image/png	2379830
RG-T-Stay-Here.png	RG-T-Stay-Here.png	image/png	2895161
RG-T-Strangle.png	RG-T-Strangle.png	image/png	2974294
RG-T-Tactical-Support.png	RG-T-Tactical-Support.png	image/png	1969636
RG-T-TK-420.png	RG-T-TK-420.png	image/png	1864243
RG-T-Strike-Blocked.png	RG-T-Strike-Blocked.png	image/png	3091620
RG-T-Surprise-E-Chu-Ta.png	RG-T-Surprise-E-Chu-Ta.png	image/png	2407999
RG-T-Taking-On-The-Whole-Empire-Myself.png	RG-T-Taking-On-The-Whole-Empire-Myself.png	image/png	3401959
RG-T-Tallon-Roll.png	RG-T-Tallon-Roll.png	image/png	1617448
RG-T-Tatooine-Resale-Operations.png	RG-T-Tatooine-Resale-Operations.png	image/png	2199664
RG-T-Tatooine-Underground-Operations.png	RG-T-Tatooine-Underground-Operations.png	image/png	1223370
RG-T-The-Circle-Is-Now-Complete-Vader-s-Obsession.png	RG-T-The-Circle-Is-Now-Complete-Vader-s-Obsession.png	image/png	2376391
RG-T-The-Circle-Is-Now-Complete-v2.png	RG-T-The-Circle-Is-Now-Complete-v2.png	image/png	2022745
RG-T-The-Circle-Is-Now-Complete-v3.png	RG-T-The-Circle-Is-Now-Complete-v3.png	image/png	2028268
RG-T-The-Circle-Is-Now-Complete.png	RG-T-The-Circle-Is-Now-Complete.png	image/png	2376391
RG-T-That-s-The-Real-Trick.png	RG-T-That-s-The-Real-Trick.png	image/png	2983270
RG-T-The-Force-Is-Strong-With-This-One-Jedi-Presence.png	RG-T-The-Force-Is-Strong-With-This-One-Jedi-Presence.png	image/png	3424335
RG-T-The-Signal-Jedi-Mind-Trick.png	RG-T-The-Signal-Jedi-Mind-Trick.png	image/png	3513524
RG-T-They-All-Broken.png	RG-T-They-All-Broken.png	image/png	3458239
RG-T-They-re-Still-Coming-Through.png	RG-T-They-re-Still-Coming-Through.png	image/png	2355930
RG-T-This-Is-Outrageous-Motion-Supported.png	RG-T-This-Is-Outrageous-Motion-Supported.png	image/png	2213617
RG-T-This-Is-Your-Father-s-Lightsaber.png	RG-T-This-Is-Your-Father-s-Lightsaber.png	image/png	3131941
RG-T-This-Is-More-Like-It-I-Have-A-Bad-Feeling-About-This.png	RG-T-This-Is-More-Like-It-I-Have-A-Bad-Feeling-About-This.png	image/png	3408019
RG-T-Those-Rebels-Won-t-Escape-Us.png	RG-T-Those-Rebels-Won-t-Escape-Us.png	image/png	3391869
RG-T-Through-The-Corridor.png	RG-T-Through-The-Corridor.png	image/png	2485371
RG-T-Through-The-Planet-Core.png	RG-T-Through-The-Planet-Core.png	image/png	3415704
RG-T-Trade-Federation-Tactics-We-re-Hit-Artoo.png	RG-T-Trade-Federation-Tactics-We-re-Hit-Artoo.png	image/png	2375597
RG-T-Too-Close-For-Comfort.png	RG-T-Too-Close-For-Comfort.png	image/png	2852484
RG-T-Traffic-Control-Crash-Site-Memorial.png	RG-T-Traffic-Control-Crash-Site-Memorial.png	image/png	3538525
RG-T-Traffic-Control.png	RG-T-Traffic-Control.png	image/png	2437367
RG-T-Trap-Door.png	RG-T-Trap-Door.png	image/png	2409326
RG-T-Trample-Lightsaber-Deficiency.png	RG-T-Trample-Lightsaber-Deficiency.png	image/png	2394177
RG-T-Trooper-Assault-Tactical-Support.png	RG-T-Trooper-Assault-Tactical-Support.png	image/png	2396055
RG-T-Twilight-Fading.png	RG-T-Twilight-Fading.png	image/png	1344524
RG-T-Uncertain-Is-The-Future.png	RG-T-Uncertain-Is-The-Future.png	image/png	2787656
RG-T-Under-Attack.png	RG-T-Under-Attack.png	image/png	3227804
RG-T-Unexpected-Interruption.png	RG-T-Unexpected-Interruption.png	image/png	2644596
RG-T-Visage-Of-A-Viceroy.png	RG-T-Visage-Of-A-Viceroy.png	image/png	1335863
RG-T-Vote-Now-Dark-v2.png	RG-T-Vote-Now-Dark-v2.png	image/png	2475867
RG-T-Vote-Now-Dark.png	RG-T-Vote-Now-Dark.png	image/png	3032413
RG-T-Tiinn.jpg	RG-T-Tiinn.jpg	image/jpeg	2122002
RG-T-Vote-Now-Light.png	RG-T-Vote-Now-Light.png	image/png	3032413
RG-T-Walker-Sighting.png	RG-T-Walker-Sighting.png	image/png	3338337
RG-T-We-Can-Still-Outmaneuver-Them.png	RG-T-We-Can-Still-Outmaneuver-Them.png	image/png	2732178
RG-T-We-Don-t-Need-Their-Scum.png	RG-T-We-Don-t-Need-Their-Scum.png	image/png	3201671
RG-T-Watto-s-Chance-Cube-You-Swindled-Me.png	RG-T-Watto-s-Chance-Cube-You-Swindled-Me.png	image/png	2400651
RG-T-Watto-s-Box-Quietly-Observing.png	RG-T-Watto-s-Box-Quietly-Observing.png	image/png	2330331
RG-T-We-Don-t-Want-To-Cause-Any-Trouble.png	RG-T-We-Don-t-Want-To-Cause-Any-Trouble.png	image/png	3386030
RG-T-Watto-Junk-Dealer.png	RG-T-Watto-Junk-Dealer.png	image/png	1654891
RG-T-We-Have-A-Prisoner.png	RG-T-We-Have-A-Prisoner.png	image/png	2613992
RG-T-We-Must-Accelerate-Our-Plans-Vote-Now.png	RG-T-We-Must-Accelerate-Our-Plans-Vote-Now.png	image/png	2309897
RG-T-We-Wish-To-Board-At-Once-Are-You-Brain-Dead.png	RG-T-We-Wish-To-Board-At-Once-Are-You-Brain-Dead.png	image/png	3466423
RG-T-We-Wish-To-Board-At-Once.png	RG-T-We-Wish-To-Board-At-Once.png	image/png	2837023
RG-T-We-Would-Be-Honored-If-You-Would-Join-Us.png	RG-T-We-Would-Be-Honored-If-You-Would-Join-Us.png	image/png	1159711
RG-T-Weapon-Malfunction.png	RG-T-Weapon-Malfunction.png	image/png	2673977
RG-T-Well-Earned-Command.png	RG-T-Well-Earned-Command.png	image/png	2784586
RG-T-Wedge.jpg	RG-T-Wedge.jpg	image/jpeg	2223777
RG-T-Well-Guarded-Security-Precautions.png	RG-T-Well-Guarded-Security-Precautions.png	image/png	2505696
RG-T-We-Are-Brave-Your-Highness.png	RG-T-We-Are-Brave-Your-Highness.png	image/png	3098125
RG-T-Where-Are-You-Taking-This-Thing.png	RG-T-Where-Are-You-Taking-This-Thing.png	image/png	1999240
RG-T-Were-You-Looking-For-Me-I-Know.png	RG-T-Were-You-Looking-For-Me-I-Know.png	image/png	3504976
RG-T-Wookiee-Strangle-We-ll-Find-Han.png	RG-T-Wookiee-Strangle-We-ll-Find-Han.png	image/png	3447097
RG-T-Yoda-Jedi-Master.png	RG-T-Yoda-Jedi-Master.png	image/png	929922
RG-T-Worry.png	RG-T-Worry.png	image/png	1582277
RG-T-You-Are-Beaten.png	RG-T-You-Are-Beaten.png	image/png	1564151
RG-T-Yoda-I-Must-Know.png	RG-T-Yoda-I-Must-Know.png	image/png	2700442
RG-T-You-Must-Complete-The-Training.png	RG-T-You-Must-Complete-The-Training.png	image/png	3364605
RG-T-You-Will-Meet-Your-Destiny.jpg	RG-T-You-Will-Meet-Your-Destiny.jpg	image/jpeg	1462753
RG-T-You-Will-Take-Me-To-Jabba-Now-Strangle.png	RG-T-You-Will-Take-Me-To-Jabba-Now-Strangle.png	image/png	3710805
RG-T-You-Will-Take-Me-To-Jabba-Now.png	RG-T-You-Will-Take-Me-To-Jabba-Now.png	image/png	3336277
RG-T-Young-Skywalker.png	RG-T-Young-Skywalker.png	image/png	2196069
RG-T-Your-Destiny-Insignificant-Rebellion.png	RG-T-Your-Destiny-Insignificant-Rebellion.png	image/png	2349489
RG-T-Yousa-Guys-Bombad.png	RG-T-Yousa-Guys-Bombad.png	image/png	3415923
RG-TH-Aim-High.png	RG-TH-Aim-High.png	image/png	2788994
RG-TH-A-Gift.png	RG-TH-A-Gift.png	image/png	3569252
RG-TH-A-Few-Maneuvers.png	RG-TH-A-Few-Maneuvers.png	image/png	3003267
RG-TH-All-Wings-Report-In.png	RG-TH-All-Wings-Report-In.png	image/png	2197384
RG-TH-Alert-My-Star-Destroyer.png	RG-TH-Alert-My-Star-Destroyer.png	image/png	2577246
RG-TH-Aratech-Corporation.png	RG-TH-Aratech-Corporation.png	image/png	2293978
RG-TH-Atmospheric-Assault.png	RG-TH-Atmospheric-Assault.png	image/png	2400346
RG-TH-Blow-Parried.png	RG-TH-Blow-Parried.png	image/png	2029800
RG-TH-Attack-Pattern-Delta.png	RG-TH-Attack-Pattern-Delta.png	image/png	3415418
RG-TH-Clash-Of-Sabers.png	RG-TH-Clash-Of-Sabers.png	image/png	1810095
RG-TH-Brisky-Morning-Munchen.png	RG-TH-Brisky-Morning-Munchen.png	image/png	3161615
RG-TH-Close-Air-Support.png	RG-TH-Close-Air-Support.png	image/png	2988762
RG-TH-Blaster-Deflection.png	RG-TH-Blaster-Deflection.png	image/png	3096511
RG-TH-Dark-Maneuvers.png	RG-TH-Dark-Maneuvers.png	image/png	1792798
RG-TH-Dark-Jedi-Presence.png	RG-TH-Dark-Jedi-Presence.png	image/png	2915173
RG-TH-Counter-Surprise-Assault.png	RG-TH-Counter-Surprise-Assault.png	image/png	2623864
RG-TH-Dioxis.png	RG-TH-Dioxis.png	image/png	2524045
RG-TH-Crash-Site-Memorial.png	RG-TH-Crash-Site-Memorial.png	image/png	3232290
RG-TH-Crossfire.png	RG-TH-Crossfire.png	image/png	2906753
RG-TH-Entering-The-Arena.png	RG-TH-Entering-The-Arena.png	image/png	3083236
RG-TH-Corellian-Slip.png	RG-TH-Corellian-Slip.png	image/png	2427553
RG-TH-Expand-The-Empire.png	RG-TH-Expand-The-Empire.png	image/png	2193111
RG-TH-Fly-Casual.png	RG-TH-Fly-Casual.png	image/png	2959260
RG-TH-Force-Lightning.png	RG-TH-Force-Lightning.png	image/png	2401298
RG-TH-Eventually-You-ll-Lose.png	RG-TH-Eventually-You-ll-Lose.png	image/png	3262477
RG-TH-Hiding-In-The-Garbage.png	RG-TH-Hiding-In-The-Garbage.png	image/png	2667751
RG-TH-Flagship-Operations.png	RG-TH-Flagship-Operations.png	image/png	1847445
RG-TH-Gungan-Energy-Shield.png	RG-TH-Gungan-Energy-Shield.png	image/png	3726443
RG-TH-Glancing-Blow.png	RG-TH-Glancing-Blow.png	image/png	3208215
RG-TH-Hit-Racer.png	RG-TH-Hit-Racer.png	image/png	2556485
RG-TH-I-Had-No-Choice.png	RG-TH-I-Had-No-Choice.png	image/png	2636374
RG-TH-How-Did-We-Get-Into-This-Mess.png	RG-TH-How-Did-We-Get-Into-This-Mess.png	image/png	3212842
RG-TH-I-Have-A-Really-Bad-Feeling-About-This.png	RG-TH-I-Have-A-Really-Bad-Feeling-About-This.png	image/png	2839827
RG-TH-Hyper-Escape.png	RG-TH-Hyper-Escape.png	image/png	3693226
RG-TH-I-Hope-She-s-All-Right.png	RG-TH-I-Hope-She-s-All-Right.png	image/png	3263869
RG-TH-I-Must-Be-Allowed-To-Speak.png	RG-TH-I-Must-Be-Allowed-To-Speak.png	image/png	3353283
RG-TH-I-Will-Find-Them-Quickly-Master.png	RG-TH-I-Will-Find-Them-Quickly-Master.png	image/png	2554445
RG-TH-Imperial-Command-It-s-An-Older-Code.png	RG-TH-Imperial-Command-It-s-An-Older-Code.png	image/png	1295771
RG-TH-Imperial-Justice.png	RG-TH-Imperial-Justice.png	image/png	2698630
RG-TH-Inconsequential-Barriers.png	RG-TH-Inconsequential-Barriers.png	image/png	2969680
RG-TH-Insertion-Planning.png	RG-TH-Insertion-Planning.png	image/png	3239067
RG-TH-Imperial-Supply.png	RG-TH-Imperial-Supply.png	image/png	2910438
RG-TH-Jabba-s-Through-With-You.png	RG-TH-Jabba-s-Through-With-You.png	image/png	2516574
RG-TH-Launching-The-Assault.png	RG-TH-Launching-The-Assault.png	image/png	2123940
RG-TH-Jedi-Presence.png	RG-TH-Jedi-Presence.png	image/png	3208130
RG-TH-Local-Trouble.png	RG-TH-Local-Trouble.png	image/png	2536522
RG-TH-Naboo-Ceremonial-Chamber-v2.jpg	RG-TH-Naboo-Ceremonial-Chamber-v2.jpg	image/jpeg	553991
RG-TH-Naboo-Ceremonial-Chamber.jpg	RG-TH-Naboo-Ceremonial-Chamber.jpg	image/jpeg	550231
RG-TH-Losing-Track.png	RG-TH-Losing-Track.png	image/png	3288878
RG-TH-Might-Of-The-Republic.png	RG-TH-Might-Of-The-Republic.png	image/png	3172597
RG-TH-Narrow-Escape.png	RG-TH-Narrow-Escape.png	image/png	3381203
RG-TH-Neck-And-Neck.png	RG-TH-Neck-And-Neck.png	image/png	3257839
RG-TH-Nice-Of-You-Guys-To-Drop-By.png	RG-TH-Nice-Of-You-Guys-To-Drop-By.png	image/png	3364061
RG-TH-No-Giben-Up-General-Jar-Jar.png	RG-TH-No-Giben-Up-General-Jar-Jar.png	image/png	3378745
RG-TH-None-Shall-Pass.png	RG-TH-None-Shall-Pass.png	image/png	2703897
RG-TH-Open-Fire.png	RG-TH-Open-Fire.png	image/png	1663475
RG-TH-Oo-ta-Goo-ta-Solo.png	RG-TH-Oo-ta-Goo-ta-Solo.png	image/png	2921795
RG-TH-Our-First-Catch-Of-The-Day.png	RG-TH-Our-First-Catch-Of-The-Day.png	image/png	2566832
RG-TH-Out-Of-Commission.png	RG-TH-Out-Of-Commission.png	image/png	2621813
RG-TH-Perimeter-Patrol.png	RG-TH-Perimeter-Patrol.png	image/png	2327443
RG-TH-Pit-Crews.png	RG-TH-Pit-Crews.png	image/png	2743830
RG-TH-Podracer-Collision.png	RG-TH-Podracer-Collision.png	image/png	2700113
RG-TH-Off-The-Edge.png	RG-TH-Off-The-Edge.png	image/png	3663517
RG-TH-Projective-Telepathy.png	RG-TH-Projective-Telepathy.png	image/png	2606366
RG-TH-Quite-A-Mercenary.png	RG-TH-Quite-A-Mercenary.png	image/png	3030154
RG-TH-Rebel-Leadership.png	RG-TH-Rebel-Leadership.png	image/png	3361405
RG-TH-Recoil-In-Fear.png	RG-TH-Recoil-In-Fear.png	image/png	3126289
RG-TH-Relentless-Tracking.png	RG-TH-Relentless-Tracking.png	image/png	2558283
RG-TH-Responsibility-Of-Command.png	RG-TH-Responsibility-Of-Command.png	image/png	2697520
RG-TH-Revolution.png	RG-TH-Revolution.png	image/png	2813238
RG-TH-Rolling-Rolling-Rolling.png	RG-TH-Rolling-Rolling-Rolling.png	image/png	2247132
RG-TH-Quietly-Observing.png	RG-TH-Quietly-Observing.png	image/png	2394284
RG-TH-Scramble.png	RG-TH-Scramble.png	image/png	3228250
RG-TH-Scum-And-Villainy-Information-Exchange.png	RG-TH-Scum-And-Villainy-Information-Exchange.png	image/png	3113106
RG-TH-Search-And-Destroy.png	RG-TH-Search-And-Destroy.png	image/png	2849070
RG-TH-Security-Precautions.png	RG-TH-Security-Precautions.png	image/png	2729002
RG-TH-Short-Range-Fighters.png	RG-TH-Short-Range-Fighters.png	image/png	2519390
RG-TH-Squabbling-Delegates.png	RG-TH-Squabbling-Delegates.png	image/png	2730079
RG-TH-Smoke-Screen.png	RG-TH-Smoke-Screen.png	image/png	2907084
RG-TH-Strangle.png	RG-TH-Strangle.png	image/png	2953121
RG-TH-Sorry-About-The-Mess.png	RG-TH-Sorry-About-The-Mess.png	image/png	3582419
RG-TH-Tactical-Support.png	RG-TH-Tactical-Support.png	image/png	1943842
RG-TH-Strike-Blocked.png	RG-TH-Strike-Blocked.png	image/png	3072939
RG-TH-The-Circle-Is-Now-Complete-v2.png	RG-TH-The-Circle-Is-Now-Complete-v2.png	image/png	2015603
RG-TH-The-Circle-Is-Now-Complete-v3.png	RG-TH-The-Circle-Is-Now-Complete-v3.png	image/png	2039514
RG-TH-They-re-Still-Coming-Through.png	RG-TH-They-re-Still-Coming-Through.png	image/png	2357617
RG-TH-Through-The-Corridor.png	RG-TH-Through-The-Corridor.png	image/png	2488447
RG-TH-Those-Rebels-Won-t-Escape-Us.png	RG-TH-Those-Rebels-Won-t-Escape-Us.png	image/png	3281094
RG-TH-Too-Close-For-Comfort.png	RG-TH-Too-Close-For-Comfort.png	image/png	2848035
RG-TH-Traffic-Control.png	RG-TH-Traffic-Control.png	image/png	2434448
RG-TH-Trap-Door.png	RG-TH-Trap-Door.png	image/png	2370918
RG-TH-Uncertain-Is-The-Future.png	RG-TH-Uncertain-Is-The-Future.png	image/png	2793241
RG-TH-Vote-Now-Dark-v2.png	RG-TH-Vote-Now-Dark-v2.png	image/png	2473731
RG-TH-Under-Attack.png	RG-TH-Under-Attack.png	image/png	3192295
RG-TH-Unexpected-Interruption.png	RG-TH-Unexpected-Interruption.png	image/png	2676980
RG-TH-Vote-Now-Dark.png	RG-TH-Vote-Now-Dark.png	image/png	3026217
RG-TH-Vote-Now-Light.png	RG-TH-Vote-Now-Light.png	image/png	3026217
RG-TH-Walker-Sighting.png	RG-TH-Walker-Sighting.png	image/png	3348020
RG-TH-We-Can-Still-Outmaneuver-Them.png	RG-TH-We-Can-Still-Outmaneuver-Them.png	image/png	2699242
RG-TH-We-Don-t-Need-Their-Scum.png	RG-TH-We-Don-t-Need-Their-Scum.png	image/png	3201199
RG-TH-We-Have-A-Prisoner.png	RG-TH-We-Have-A-Prisoner.png	image/png	2594368
RG-TH-Weapon-Malfunction.png	RG-TH-Weapon-Malfunction.png	image/png	2687371
RG-TH-Well-Earned-Command.png	RG-TH-Well-Earned-Command.png	image/png	2745376
RG-TK-420.jpg	RG-TK-420.jpg	image/jpeg	93539
RG-TH-You-Are-Beaten.png	RG-TH-You-Are-Beaten.png	image/png	1087401
RG-TH-Tallon-Roll.png	RG-TH-Tallon-Roll.png	image/png	1599129
RL-L-goldleaderingold1.gif	RL-L-goldleaderingold1.gif	image/gif	113342
Radio_Free_Decipher_logo.jpg	Radio_Free_Decipher_logo.jpg	image/jpeg	9190
RG-TH-We-Wish-To-Board-At-Once.png	RG-TH-We-Wish-To-Board-At-Once.png	image/png	2824055
RL-L-redleaderinred1.gif	RL-L-redleaderinred1.gif	image/gif	116637
RG-TH-You-Will-Take-Me-To-Jabba-Now.png	RG-TH-You-Will-Take-Me-To-Jabba-Now.png	image/png	3326699
Ref2-D-blacksunfleet.gif	Ref2-D-blacksunfleet.gif	image/gif	40027
Ref2-D-abyssinornament&woundedwookiee.gif	Ref2-D-abyssinornament&woundedwookiee.gif	image/gif	54637
Ref2-D-alter&collateraldamage.gif	Ref2-D-alter&collateraldamage.gif	image/gif	50324
Ref2-D-agentsofblacksun.gif	Ref2-D-agentsofblacksun.gif	image/gif	48994
Ratings-index-20011201.png	Ratings-index-20011201.png	image/png	73829
Ratings-search-20011113.png	Ratings-search-20011113.png	image/png	62242
Ref2-D-arica.gif	Ref2-D-arica.gif	image/png	369599
Rebel-Leader-cards.png	Rebel-Leader-cards.png	image/png	337092
Ref2-D-captaingileadpellaeon.gif	Ref2-D-captaingileadpellaeon.gif	image/gif	50864
Ref2-D-control&setforstun.gif	Ref2-D-control&setforstun.gif	image/gif	52032
Ref2-D-evader&monnok.gif	Ref2-D-evader&monnok.gif	image/gif	46251
Ref2-D-defensivefire&huttsmooch.gif	Ref2-D-defensivefire&huttsmooch.gif	image/gif	48480
Ref2-D-darkmaneuvers&tallonroll.gif	Ref2-D-darkmaneuvers&tallonroll.gif	image/gif	42725
Ref2-D-drevazan&pondababa.gif	Ref2-D-drevazan&pondababa.gif	image/gif	58053
Ref2-D-grandadmiralthrawn.gif	Ref2-D-grandadmiralthrawn.gif	image/gif	62786
Ref2-D-ghhhk&thoserebelswontescapeus.gif	Ref2-D-ghhhk&thoserebelswontescapeus.gif	image/png	312571
Ref2-D-guri.gif	Ref2-D-guri.gif	image/gif	58794
Ref2-D-ommnibox&itsworse.gif	Ref2-D-ommnibox&itsworse.gif	image/gif	51104
Ref2-D-sense&uncertainisthefuture.gif	Ref2-D-sense&uncertainisthefuture.gif	image/gif	56462
Ref2-D-kirkanos.gif	Ref2-D-kirkanos.gif	image/gif	59324
Ref2-D-princexizor.gif	Ref2-D-princexizor.gif	image/gif	59863
Ref2-D-jabbasprizefront.gif	Ref2-D-jabbasprizefront.gif	image/gif	86911
Ref2-D-sniper&darkstrike.gif	Ref2-D-sniper&darkstrike.gif	image/gif	47271
Ref2-D-stinger.gif	Ref2-D-stinger.gif	image/gif	50974
Ref2-D-snoova.gif	Ref2-D-snoova.gif	image/gif	58971
Ref2-D-sunsdown&toocoldforspeeders.gif	Ref2-D-sunsdown&toocoldforspeeders.gif	image/gif	44432
Ref2-D-theemperor.gif	Ref2-D-theemperor.gif	image/gif	59447
Ref2-D-vengeanceofthedarkprince.gif	Ref2-D-vengeanceofthedarkprince.gif	image/gif	53233
Ref2-D-thereisnotry&oppressiveenforcement.gif	Ref2-D-thereisnotry&oppressiveenforcement.gif	image/gif	52726
Ref2-D-vigo.gif	Ref2-D-vigo.gif	image/gif	56768
Ref2-D-virago.gif	Ref2-D-virago.gif	image/gif	51825
Ref2-L-artoo&threepio.gif	Ref2-L-artoo&threepio.gif	image/gif	76852
Ref2-L-alter&friendlyfire.gif	Ref2-L-alter&friendlyfire.gif	image/gif	73947
Ref2-L-corranhorn.gif	Ref2-L-corranhorn.gif	image/gif	73185
Ref2-L-doordonot&wiseadvice.gif	Ref2-L-doordonot&wiseadvice.gif	image/gif	67657
Ref2-L-chewbaccaprotector.gif	Ref2-L-chewbaccaprotector.gif	image/gif	76540
Ref2-L-control&tunnelvision.gif	Ref2-L-control&tunnelvision.gif	image/gif	74124
Ref2-L-dashrendar.gif	Ref2-L-dashrendar.gif	image/gif	68616
Ref2-L-lukeskywalkerrebelscout.gif	Ref2-L-lukeskywalkerrebelscout.gif	image/gif	78133
Ref2-L-lebo2d9leebo.gif	Ref2-L-lebo2d9leebo.gif	image/gif	72410
Ref2-L-noquestionsasked.gif	Ref2-L-noquestionsasked.gif	image/gif	38438
Ref2-L-houjix&outofnowhere.gif	Ref2-L-houjix&outofnowhere.gif	image/png	395036
Ref2-L-mercenaryarmor.gif	Ref2-L-mercenaryarmor.gif	image/gif	76991
Ref2-L-narshaddaawindchimes&outofsomewhere.gif	Ref2-L-narshaddaawindchimes&outofsomewhere.gif	image/gif	75297
Ref2-L-miraxterrik.gif	Ref2-L-miraxterrik.gif	image/png	414048
Ref2-L-obiwansjournal.gif	Ref2-L-obiwansjournal.gif	image/png	428563
Ref2-L-outrider.gif	Ref2-L-outrider.gif	image/gif	61992
Ref2-L-outofcommission&transmissionterminated.gif	Ref2-L-outofcommission&transmissionterminated.gif	image/gif	65189
Ref2-L-owenlars&berulars.gif	Ref2-L-owenlars&berulars.gif	image/gif	77299
Ref2-L-pathofleastresistance&revealed.gif	Ref2-L-pathofleastresistance&revealed.gif	image/gif	73196
Ref2-L-sorryaboutthemess&blasterproficiency.gif	Ref2-L-sorryaboutthemess&blasterproficiency.gif	image/gif	68715
Ref2-L-shockinginformation&grimtaash.gif	Ref2-L-shockinginformation&grimtaash.gif	image/gif	77690
Ref2-L-talonkarrde.gif	Ref2-L-talonkarrde.gif	image/gif	68944
Ref2-L-thisplacecanbealittlerough.gif	Ref2-L-thisplacecanbealittlerough.gif	image/gif	74464
Ref2-L-watchyourstep.gif	Ref2-L-watchyourstep.gif	image/gif	71489
Ref2-L-thebithshuffle&desperatereach.gif	Ref2-L-thebithshuffle&desperatereach.gif	image/gif	69687
Ref2-L-pulsarskate.gif	Ref2-L-pulsarskate.gif	image/gif	66956
Ref2-L-yodastew&youdohaveyourmoments.gif	Ref2-L-yodastew&youdohaveyourmoments.gif	image/gif	70085
Ref2-L-sense&recoilinfear.gif	Ref2-L-sense&recoilinfear.gif	image/gif	77875
Ref3-D-atlastwewillhaverevenge.gif	Ref3-D-atlastwewillhaverevenge.gif	image/gif	87081
Ref3-D-auselessgesture.gif	Ref3-D-auselessgesture.gif	image/gif	75095
Ref3-D-allegationsofcorruption.gif	Ref3-D-allegationsofcorruption.gif	image/png	359661
Ref3-D-aurrasingsblasterrifle.gif	Ref3-D-aurrasingsblasterrifle.gif	image/png	320265
Ref3-D-battleorder.gif	Ref3-D-battleorder.gif	image/gif	71161
Ref3-D-bibfortuna.gif	Ref3-D-bibfortuna.gif	image/gif	81464
Ref3-D-blizzard4.gif	Ref3-D-blizzard4.gif	image/gif	83376
Ref3-D-blowparried.gif	Ref3-D-blowparried.gif	image/gif	72874
Ref3-D-bobafettbountyhunter.gif	Ref3-D-bobafettbountyhunter.gif	image/gif	77407
Ref3-D-blockadeflagshiphallway.gif	Ref3-D-blockadeflagshiphallway.gif	image/png	360101
Ref3-D-comehereyoubigcoward.gif	Ref3-D-comehereyoubigcoward.gif	image/gif	73334
Ref3-D-coloclawfish.gif	Ref3-D-coloclawfish.gif	image/png	309671
Ref3-D-crossfire.gif	Ref3-D-crossfire.gif	image/gif	85256
Ref3-D-deephatred.gif	Ref3-D-deephatred.gif	image/gif	77374
Ref3-D-conductyoursearch.gif	Ref3-D-conductyoursearch.gif	image/png	293549
Ref3-D-darkrage.gif	Ref3-D-darkrage.gif	image/png	300829
Ref3-D-energywalls.gif	Ref3-D-energywalls.gif	image/gif	69826
Ref3-D-fanfare.gif	Ref3-D-fanfare.gif	image/gif	84207
Ref3-D-dotheyhaveacodeclearance.gif	Ref3-D-dotheyhaveacodeclearance.gif	image/png	354116
Ref3-D-fearismyally.gif	Ref3-D-fearismyally.gif	image/gif	69915
Ref3-D-forcepush.gif	Ref3-D-forcepush.gif	image/gif	81593
Ref3-D-jabbadesilijictiure.gif	Ref3-D-jabbadesilijictiure.gif	image/gif	80409
Ref3-D-leavethemtome.gif	Ref3-D-leavethemtome.gif	image/gif	83701
Ref3-D-letthemmakethefirstmove.gif	Ref3-D-letthemmakethefirstmove.gif	image/gif	81565
Ref3-D-lordmaul.gif	Ref3-D-lordmaul.gif	image/png	355068
Ref3-D-nabootheedpalacegenerator.gif	Ref3-D-nabootheedpalacegenerator.gif	image/gif	110200
Ref3-D-noescape.gif	Ref3-D-noescape.gif	image/gif	73117
Ref3-D-maulsdoublebladedlightsaber.gif	Ref3-D-maulsdoublebladedlightsaber.gif	image/png	321187
Ref3-D-nomatchforasith.gif	Ref3-D-nomatchforasith.gif	image/gif	76111
Ref3-D-nabootheedpalacegeneratorcore.gif	Ref3-D-nabootheedpalacegeneratorcore.gif	image/png	356566
Ref3-D-opeeseakiller.gif	Ref3-D-opeeseakiller.gif	image/gif	76731
Ref3-D-oppressiveenforcement.gif	Ref3-D-oppressiveenforcement.gif	image/gif	78781
Ref3-D-quigonsend.gif	Ref3-D-quigonsend.gif	image/gif	78004
Ref3-D-resistance.gif	Ref3-D-resistance.gif	image/gif	67903
Ref3-D-prepareforasurfaceattack.gif	Ref3-D-prepareforasurfaceattack.gif	image/gif	72229
Ref3-D-sandoaquamonster.gif	Ref3-D-sandoaquamonster.gif	image/gif	76934
Ref3-D-secretplans.gif	Ref3-D-secretplans.gif	image/gif	73556
Ref3-D-stormtroopergarrison.gif	Ref3-D-stormtroopergarrison.gif	image/gif	85666
Ref3-D-theebbofbattle.gif	Ref3-D-theebbofbattle.gif	image/gif	69562
Ref3-D-thehuttsaregangsters.gif	Ref3-D-thehuttsaregangsters.gif	image/gif	72923
Ref3-D-thereisnotry.gif	Ref3-D-thereisnotry.gif	image/gif	63545
Ref3-D-wipethemoutallofthem.gif	Ref3-D-wipethemoutallofthem.gif	image/gif	73228
Ref3-D-weaponofasith.gif	Ref3-D-weaponofasith.gif	image/gif	74107
Ref3-D-throughthecorridor.gif	Ref3-D-throughthecorridor.gif	image/gif	81825
Ref3-D-wellletfateadecidehuh.gif	Ref3-D-wellletfateadecidehuh.gif	image/gif	78686
Ref3-D-wherearethosedroidekas.gif	Ref3-D-wherearethosedroidekas.gif	image/gif	79879
Ref3-D-thok&thug.gif	Ref3-D-thok&thug.gif	image/gif	83138
Ref3-D-unsalvageable.gif	Ref3-D-unsalvageable.gif	image/gif	73636
Ref3-D-theymustneveragainleavethiscity.gif	Ref3-D-theymustneveragainleavethiscity.gif	image/gif	72997
Ref3-L-acloserace.gif	Ref3-L-acloserace.gif	image/gif	96174
Ref3-D-youveneverwonarace.gif	Ref3-D-youveneverwonarace.gif	image/gif	72186
Ref3-D-youcannothideforever.gif	Ref3-D-youcannothideforever.gif	image/gif	68266
Ref3-L-anunusualamountoffear.gif	Ref3-L-anunusualamountoffear.gif	image/gif	90264
Ref3-L-aimhigh.gif	Ref3-L-aimhigh.gif	image/gif	89352
Ref3-L-aremoteplanet.gif	Ref3-L-aremoteplanet.gif	image/gif	98680
Ref3-L-armamentdismantled.gif	Ref3-L-armamentdismantled.gif	image/gif	95931
Ref3-L-anotherpatheticlifeform.gif	Ref3-L-anotherpatheticlifeform.gif	image/gif	90448
Ref3-L-chewieenraged.gif	Ref3-L-chewieenraged.gif	image/gif	93262
Ref3-L-darthmaulsdemise.gif	Ref3-L-darthmaulsdemise.gif	image/gif	97961
Ref3-L-battleplan.gif	Ref3-L-battleplan.gif	image/gif	103623
Ref3-L-clingingtotheedge.gif	Ref3-L-clingingtotheedge.gif	image/gif	99475
Ref3-L-desperatetimes-decipher-archive.gif	Ref3-L-desperatetimes-decipher-archive.gif	image/gif	137132
Ref3-L-atragedyhasoccurred.gif	Ref3-L-atragedyhasoccurred.gif	image/png	423661
Ref3-L-coloclawfish.gif	Ref3-L-coloclawfish.gif	image/png	398669
Ref3-L-desperatetimes.gif	Ref3-L-desperatetimes.gif	image/png	423792
Ref3-L-diversionarytactics.gif	Ref3-L-diversionarytactics.gif	image/gif	94392
Ref3-L-dontdothatagain.gif	Ref3-L-dontdothatagain.gif	image/gif	93741
Ref3-L-doordonot.gif	Ref3-L-doordonot.gif	image/gif	82319
Ref3-L-duelofthefates.gif	Ref3-L-duelofthefates.gif	image/gif	97806
Ref3-L-energywalls.gif	Ref3-L-energywalls.gif	image/gif	94923
Ref3-L-ewokcelebration.gif	Ref3-L-ewokcelebration.gif	image/gif	97165
Ref3-L-fallofajedi.gif	Ref3-L-fallofajedi.gif	image/gif	100094
Ref3-L-hecangoabouthisbusiness.gif	Ref3-L-hecangoabouthisbusiness.gif	image/gif	96575
Ref3-L-innerstrength.gif	Ref3-L-innerstrength.gif	image/gif	96815
Ref3-L-hanchewieandthefalcon.gif	Ref3-L-hanchewieandthefalcon.gif	image/gif	103789
Ref3-L-horacevancil.gif	Ref3-L-horacevancil.gif	image/gif	103297
Ref3-L-jarjarselectropole.gif	Ref3-L-jarjarselectropole.gif	image/gif	85489
Ref3-L-jedileap.gif	Ref3-L-jedileap.gif	image/gif	93645
Ref3-L-landocalrissianscoundrel.gif	Ref3-L-landocalrissianscoundrel.gif	image/gif	90297
Ref3-L-echobasesensors.gif	Ref3-L-echobasesensors.gif	image/gif	83097
Ref3-L-landosnotasystemhesaman.gif	Ref3-L-landosnotasystemhesaman.gif	image/gif	93684
Ref3-L-letskeepalittleoptimismhere.gif	Ref3-L-letskeepalittleoptimismhere.gif	image/gif	92963
Ref3-L-obiwankenobijediknight.gif	Ref3-L-obiwankenobijediknight.gif	image/gif	90716
Ref3-L-nabootheedpalacegenerator.gif	Ref3-L-nabootheedpalacegenerator.gif	image/gif	118469
Ref3-L-obiwanslightsaber.gif	Ref3-L-obiwanslightsaber.gif	image/gif	91457
Ref3-L-leiarebelprincess.gif	Ref3-L-leiarebelprincess.gif	image/png	394355
Ref3-L-onlyjedicarrythatweapon.gif	Ref3-L-onlyjedicarrythatweapon.gif	image/gif	87929
Ref3-L-nabootheedpalacegeneratorcore.gif	Ref3-L-nabootheedpalacegeneratorcore.gif	image/png	367868
Ref3-L-opeeseakiller.gif	Ref3-L-opeeseakiller.gif	image/gif	97827
Ref3-L-ouneeta.gif	Ref3-L-ouneeta.gif	image/gif	90711
Ref3-L-planetarydefenses.gif	Ref3-L-planetarydefenses.gif	image/gif	84828
Ref3-L-quigonjinnjedimaster.gif	Ref3-L-quigonjinnjedimaster.gif	image/gif	97366
Ref3-L-quigonslightsaber.gif	Ref3-L-quigonslightsaber.gif	image/gif	85169
Ref3-L-sandoaquamonster.gif	Ref3-L-sandoaquamonster.gif	image/gif	96190
Ref3-L-siobibble.gif	Ref3-L-siobibble.gif	image/gif	95370
Ref3-L-strikeblocked.gif	Ref3-L-strikeblocked.gif	image/gif	93611
Ref3-L-ultimatum.gif	Ref3-L-ultimatum.gif	image/gif	87271
Ref3-L-weaponofafallenmentor.gif	Ref3-L-weaponofafallenmentor.gif	image/gif	92841
Ref3-L-wellhandlethis.gif	Ref3-L-wellhandlethis.gif	image/gif	97891
Reflections-II-art-1.png	Reflections-II-art-1.png	image/png	7495
Ref3-L-wiseadvice.gif	Ref3-L-wiseadvice.gif	image/gif	92839
Ref3-L-yodamasteroftheforce.gif	Ref3-L-yodamasteroftheforce.gif	image/gif	93579
Ref3-L-yourinsightservesyouwell.gif	Ref3-L-yourinsightservesyouwell.gif	image/gif	90275
Ref3-L-yourship.gif	Ref3-L-yourship.gif	image/gif	89270
Reflections-III-fig-1.png	Reflections-III-fig-1.png	image/png	5290
Reflections-II-art-2.png	Reflections-II-art-2.png	image/png	120107
Reflections-II-pack.png	Reflections-II-pack.png	image/png	107436
Reflections-III-fig-10.png	Reflections-III-fig-10.png	image/png	19365
Reflections-II-display.png	Reflections-II-display.png	image/png	441452
Reflections-III-display.png	Reflections-III-display.png	image/png	405990
Reflections-III-fig-11.png	Reflections-III-fig-11.png	image/png	20390
Reflections-III-fig-2.png	Reflections-III-fig-2.png	image/png	4637
Reflections-III-fig-12.png	Reflections-III-fig-12.png	image/png	21280
Reflections-II-rules-supplement-back.png	Reflections-II-rules-supplement-back.png	image/png	1743668
Reflections-III-fig-4.png	Reflections-III-fig-4.png	image/png	17163
Reflections-II-rules-supplement-front.png	Reflections-II-rules-supplement-front.png	image/png	2496811
Reflections-III-fig-6.png	Reflections-III-fig-6.png	image/png	1908
Reflections-III-fig-5.png	Reflections-III-fig-5.png	image/png	15542
Reflections-III-fig-8.png	Reflections-III-fig-8.png	image/png	1993
Reflections-III-fig-3.png	Reflections-III-fig-3.png	image/png	143016
Reflections-III-fig-7.png	Reflections-III-fig-7.png	image/png	15319
Reflections-III-fig-9.png	Reflections-III-fig-9.png	image/png	20405
Reflections-III-pack.png	Reflections-III-pack.png	image/png	101792
ReflectionsII-L-obiwansjournal-decipher-archive.gif	ReflectionsII-L-obiwansjournal-decipher-archive.gif	image/gif	77527
Reflections-pack.png	Reflections-pack.png	image/png	102399
ReflectionsIII-D-coloclawfish-decipher-archive.gif	ReflectionsIII-D-coloclawfish-decipher-archive.gif	image/gif	112940
Reflections-display.png	Reflections-display.png	image/png	463595
Reflections-III-rules-supplement-back.png	Reflections-III-rules-supplement-back.png	image/png	1856049
ReflectionsIII-D-darkrage-decipher-archive.gif	ReflectionsIII-D-darkrage-decipher-archive.gif	image/gif	106211
Reflections-box-toppers.png	Reflections-box-toppers.png	image/png	1456439
Reflections-III-rules-supplement-front.png	Reflections-III-rules-supplement-front.png	image/png	2989912
ReflectionsIII-L-coloclawfish-decipher-archive.gif	ReflectionsIII-L-coloclawfish-decipher-archive.gif	image/gif	134001
Rulebook-2.0-card-p03-1.png	Rulebook-2.0-card-p03-1.png	image/png	610951
Rulebook-2.0-card-p06-1.png	Rulebook-2.0-card-p06-1.png	image/png	367393
Rulebook-2.0-card-p04-1.png	Rulebook-2.0-card-p04-1.png	image/png	448738
Rulebook-2.0-card-p07-1.png	Rulebook-2.0-card-p07-1.png	image/png	610773
Rulebook-2.0-card-p07-2.png	Rulebook-2.0-card-p07-2.png	image/png	461183
Rulebook-2.0-location-layout.png	Rulebook-2.0-location-layout.png	image/png	11475
Rulebook-2.0-card-p09-1.png	Rulebook-2.0-card-p09-1.png	image/png	448314
Rulebook-2.0-card-p11-1.png	Rulebook-2.0-card-p11-1.png	image/png	414963
Rulebook-2.0-card-p10-1.png	Rulebook-2.0-card-p10-1.png	image/png	374811
Rulebook-2.0-card-p08-1.png	Rulebook-2.0-card-p08-1.png	image/png	479305
Rulebook-2.0-card-p09-2.png	Rulebook-2.0-card-p09-2.png	image/png	470053
SDSO26-Joe.jpg	SDSO26-Joe.jpg	image/jpeg	1899055
SDSO26-Everyone.jpg	SDSO26-Everyone.jpg	image/jpeg	2250785
SE-D-2x7kprtooex.gif	SE-D-2x7kprtooex.gif	image/gif	45725
SE-D-abrightcentertotheuniverse.gif	SE-D-abrightcentertotheuniverse.gif	image/gif	47562
SE-D-adaylongremembered.gif	SE-D-adaylongremembered.gif	image/gif	51938
SE-D-akrev.gif	SE-D-akrev.gif	image/gif	55139
SDSO26-banner.jpg	SDSO26-banner.jpg	image/jpeg	1043719
SE-D-alertmystardestroyer.gif	SE-D-alertmystardestroyer.gif	image/gif	49714
SE-D-allpowertoweapons.gif	SE-D-allpowertoweapons.gif	image/gif	35380
SE-D-anoatoperative.gif	SE-D-anoatoperative.gif	image/gif	57552
SE-D-arealhero.gif	SE-D-arealhero.gif	image/gif	48375
SE-D-banthaherd-decipher-archive.gif	SE-D-banthaherd-decipher-archive.gif	image/gif	109922
SE-D-barquindan.gif	SE-D-barquindan.gif	image/gif	47840
SE-D-blastpoints.gif	SE-D-blastpoints.gif	image/gif	56390
SE-D-blownclear.gif	SE-D-blownclear.gif	image/gif	44474
SE-D-banthaherd.gif	SE-D-banthaherd.gif	image/png	299106
SE-D-boelo.gif	SE-D-boelo.gif	image/gif	49592
SE-D-bosskinhoundstooth.gif	SE-D-bosskinhoundstooth.gif	image/gif	47495
SE-D-bobafett.gif	SE-D-bobafett.gif	image/png	362296
SE-D-brangusglee.gif	SE-D-brangusglee.gif	image/gif	45185
SE-D-carbonchambertesting.gif	SE-D-carbonchambertesting.gif	image/gif	50916
SE-D-chyler.gif	SE-D-chyler.gif	image/gif	58015
SE-D-cloudcitycasino.gif	SE-D-cloudcitycasino.gif	image/gif	77447
SE-D-cloudcitydowntownplaza.gif	SE-D-cloudcitydowntownplaza.gif	image/gif	84680
SE-D-cloudcityoccupation.gif	SE-D-cloudcityoccupation.gif	image/gif	49030
SE-D-cloudcityinterrogationroom.gif	SE-D-cloudcityinterrogationroom.gif	image/gif	65278
SE-D-cloudcityporttowndistrict.gif	SE-D-cloudcityporttowndistrict.gif	image/gif	88296
SE-D-cloudcityupperwalkway.gif	SE-D-cloudcityupperwalkway.gif	image/gif	71623
SE-D-cloudcitywestgallery.gif	SE-D-cloudcitywestgallery.gif	image/gif	70327
SE-D-combatcloudcar.gif	SE-D-combatcloudcar.gif	image/gif	51600
SE-D-coordinatedattack.gif	SE-D-coordinatedattack.gif	image/gif	54977
SE-D-comehereyoubigcoward.gif	SE-D-comehereyoubigcoward.gif	image/png	302001
SE-D-corporalgrenwick.gif	SE-D-corporalgrenwick.gif	image/gif	43940
SE-D-coruscant.gif	SE-D-coruscant.gif	image/gif	30947
SE-D-corulagoperative.gif	SE-D-corulagoperative.gif	image/gif	53211
SE-D-corporalprescott.gif	SE-D-corporalprescott.gif	image/gif	61871
SE-D-coruscantimperialcity.gif	SE-D-coruscantimperialcity.gif	image/gif	71028
SE-D-coruscantdockingbay.gif	SE-D-coruscantdockingbay.gif	image/gif	99241
SE-D-countersurpriseassault.gif	SE-D-countersurpriseassault.gif	image/gif	66806
SE-D-dagobah-decipher-archive.gif	SE-D-dagobah-decipher-archive.gif	image/gif	35844
SE-D-dantooineoperative.gif	SE-D-dantooineoperative.gif	image/gif	63750
SE-D-darthvaderdarklordofthesith.gif	SE-D-darthvaderdarklordofthesith.gif	image/gif	43308
SE-D-coruscantimperialsquare.gif	SE-D-coruscantimperialsquare.gif	image/png	370845
SE-D-deathsquadronstardestroyer.gif	SE-D-deathsquadronstardestroyer.gif	image/gif	40685
SE-D-dagobah.gif	SE-D-dagobah.gif	image/png	273712
SE-D-deathstarassaultsquadron.gif	SE-D-deathstarassaultsquadron.gif	image/gif	44146
SE-D-deathstardetentionblockcontrolroom.gif	SE-D-deathstardetentionblockcontrolroom.gif	image/gif	73933
SE-D-desert.gif	SE-D-desert.gif	image/gif	70077
SE-D-desilijictattoo.gif	SE-D-desilijictattoo.gif	image/gif	47415
SE-D-dewback.gif	SE-D-dewback.gif	image/gif	49202
SE-D-dodobodonawieedo.gif	SE-D-dodobodonawieedo.gif	image/gif	50372
SE-D-disruptorpistol.gif	SE-D-disruptorpistol.gif	image/gif	54696
SE-D-destroyedhomestead.gif	SE-D-destroyedhomestead.gif	image/gif	37116
SE-D-dreadedimperialstarfleet.gif	SE-D-dreadedimperialstarfleet.gif	image/gif	49321
SE-D-dunewalker.gif	SE-D-dunewalker.gif	image/gif	38080
SE-D-drevazanssawedoffblaster.gif	SE-D-drevazanssawedoffblaster.gif	image/gif	48856
SE-D-empiressinisteragents.gif	SE-D-empiressinisteragents.gif	image/gif	39812
SE-D-eriaduoperative.gif	SE-D-eriaduoperative.gif	image/gif	58818
SE-D-firepower.gif	SE-D-firepower.gif	image/gif	57920
SE-D-feltiperntrevaggsstunrifle.gif	SE-D-feltiperntrevaggsstunrifle.gif	image/gif	57571
SE-D-executordockingbay.gif	SE-D-executordockingbay.gif	image/gif	66904
SE-D-firststrike.gif	SE-D-firststrike.gif	image/gif	48212
SE-D-flaresracingswoop.gif	SE-D-flaresracingswoop.gif	image/gif	49884
SE-D-flawlessmarksmanship.gif	SE-D-flawlessmarksmanship.gif	image/gif	50801
SE-D-fondor.gif	SE-D-fondor.gif	image/gif	38893
SE-D-floatingrefinery.gif	SE-D-floatingrefinery.gif	image/png	294640
SE-D-gelayeens.gif	SE-D-gelayeens.gif	image/gif	52146
SE-D-greeata.gif	SE-D-greeata.gif	image/gif	50322
SE-D-heavyfirezone.gif	SE-D-heavyfirezone.gif	image/gif	53558
SE-D-forest.gif	SE-D-forest.gif	image/gif	65323
SE-D-homingbeacon.gif	SE-D-homingbeacon.gif	image/gif	45486
SE-D-huntingparty.gif	SE-D-huntingparty.gif	image/gif	40256
SE-D-huntdownanddestroythejedi.gif	SE-D-huntdownanddestroythejedi.gif	image/gif	46267
SE-D-iasathetraitorofjawacanyon.gif	SE-D-iasathetraitorofjawacanyon.gif	image/gif	46756
SE-D-imperialpropaganda.gif	SE-D-imperialpropaganda.gif	image/gif	37993
SE-D-icantshakehim.gif	SE-D-icantshakehim.gif	image/gif	53828
SE-D-im4099.gif	SE-D-im4099.gif	image/gif	49553
SE-D-imperialcontrol.gif	SE-D-imperialcontrol.gif	image/gif	61095
SE-D-imperialoccupation.gif	SE-D-imperialoccupation.gif	image/gif	46973
SE-D-inthehandsoftheempire.gif	SE-D-inthehandsoftheempire.gif	image/gif	47393
SE-D-inrange.gif	SE-D-inrange.gif	image/png	313670
SE-D-intrudermissile.gif	SE-D-intrudermissile.gif	image/gif	46949
SE-D-jabba.gif	SE-D-jabba.gif	image/gif	49726
SE-D-jabbasinfluence.gif	SE-D-jabbasinfluence.gif	image/gif	60060
SE-D-isboperations.gif	SE-D-isboperations.gif	image/gif	62704
SE-D-jabbasspacecruiser.gif	SE-D-jabbasspacecruiser.gif	image/gif	50064
SE-D-jabbasthroughwithyou.gif	SE-D-jabbasthroughwithyou.gif	image/gif	43850
SE-D-jabbastwerps.gif	SE-D-jabbastwerps.gif	image/gif	50505
SE-D-kuat.gif	SE-D-kuat.gif	image/gif	32521
SE-D-kiffexoperative.gif	SE-D-kiffexoperative.gif	image/gif	50411
SE-D-lobel.gif	SE-D-lobel.gif	image/gif	67517
SE-D-kashyyykoperative.gif	SE-D-kashyyykoperative.gif	image/gif	63622
SE-D-kraytdragon.gif	SE-D-kraytdragon.gif	image/gif	65807
SE-D-jungle.gif	SE-D-jungle.gif	image/gif	77456
SE-D-kesseloperative.gif	SE-D-kesseloperative.gif	image/gif	59611
SE-D-kuatdriveyards.gif	SE-D-kuatdriveyards.gif	image/gif	48392
SE-D-lobot.gif	SE-D-lobot.gif	image/gif	42989
SE-D-makurth.gif	SE-D-makurth.gif	image/gif	48134
SE-D-masterfulmove.gif	SE-D-masterfulmove.gif	image/gif	51233
SE-D-myfavoritedecoration.gif	SE-D-myfavoritedecoration.gif	image/gif	48998
SE-D-lynme.gif	SE-D-lynme.gif	image/gif	55256
SE-D-nalhuttaoperative.gif	SE-D-nalhuttaoperative.gif	image/gif	53304
SE-D-nebit.gif	SE-D-nebit.gif	image/gif	44010
SE-D-niadoduegad.gif	SE-D-niadoduegad.gif	image/gif	49328
SE-D-oppressiveenforcement.gif	SE-D-oppressiveenforcement.gif	image/gif	52772
SE-D-ordmantelloperative.gif	SE-D-ordmantelloperative.gif	image/gif	51522
SE-D-nobargain.gif	SE-D-nobargain.gif	image/gif	49700
SE-D-onearm.gif	SE-D-onearm.gif	image/gif	62981
SE-D-os721inobsidian1.gif	SE-D-os721inobsidian1.gif	image/gif	48288
SE-D-os7210.gif	SE-D-os7210.gif	image/gif	56444
SE-D-outerrimscout.gif	SE-D-outerrimscout.gif	image/gif	52124
SE-D-os722inobsidian2.gif	SE-D-os722inobsidian2.gif	image/gif	45975
SE-D-patrolcraft.gif	SE-D-patrolcraft.gif	image/gif	47178
SE-D-overwhelmed.gif	SE-D-overwhelmed.gif	image/gif	40875
SE-D-pondababasholdoutblaster.gif	SE-D-pondababasholdoutblaster.gif	image/gif	55561
SE-D-planetarysubjugation.gif	SE-D-planetarysubjugation.gif	image/gif	46464
SE-D-putallsectionsonalert.gif	SE-D-putallsectionsonalert.gif	image/gif	46612
SE-D-r2a5.gif	SE-D-r2a5.gif	image/gif	52415
SE-D-raithaloperative.gif	SE-D-raithaloperative.gif	image/gif	56647
SE-D-prideoftheempire.gif	SE-D-prideoftheempire.gif	image/png	279767
SE-D-rendilistardrive.gif	SE-D-rendilistardrive.gif	image/gif	32304
SE-D-returntobase.gif	SE-D-returntobase.gif	image/gif	36229
SE-D-ralltiiroperations.gif	SE-D-ralltiiroperations.gif	image/gif	49093
SE-D-rappertunie.gif	SE-D-rappertunie.gif	image/gif	60731
SE-D-rebelbaseoccupation.gif	SE-D-rebelbaseoccupation.gif	image/gif	42702
SE-D-relentlesspursuit.gif	SE-D-relentlesspursuit.gif	image/gif	41249
SE-D-rendili.gif	SE-D-rendili.gif	image/gif	40846
SE-D-rockwart.gif	SE-D-rockwart.gif	image/gif	76312
SE-D-ronto.gif	SE-D-ronto.gif	image/gif	50346
SE-D-rruruurrr.gif	SE-D-rruruurrr.gif	image/gif	51097
SE-D-rystall.gif	SE-D-rystall.gif	image/gif	43859
SE-D-sacrifice.gif	SE-D-sacrifice.gif	image/gif	55003
SE-D-secretplans.gif	SE-D-secretplans.gif	image/gif	52993
SE-D-sandtrooper.gif	SE-D-sandtrooper.gif	image/gif	52430
SE-D-sarlacc.gif	SE-D-sarlacc.gif	image/gif	74170
SE-D-sentinelclasslandingcraft.gif	SE-D-sentinelclasslandingcraft.gif	image/gif	45954
SE-D-sergeantmajorenfield.gif	SE-D-sergeantmajorenfield.gif	image/gif	44416
SE-D-sergeantmajorbursk.gif	SE-D-sergeantmajorbursk.gif	image/gif	67174
SE-D-sergeantmerril.gif	SE-D-sergeantmerril.gif	image/gif	62242
SE-D-sfsls93lasercannons.gif	SE-D-sfsls93lasercannons.gif	image/gif	38113
SE-D-sergeantnarthax.gif	SE-D-sergeantnarthax.gif	image/gif	47060
SE-D-sergeanttorent.gif	SE-D-sergeanttorent.gif	image/gif	45268
SE-D-shortrangefighters.gif	SE-D-shortrangefighters.gif	image/gif	43704
SE-D-sienarfleetsystems.gif	SE-D-sienarfleetsystems.gif	image/png	302024
SE-D-surfacedefense.gif	SE-D-surfacedefense.gif	image/gif	40327
SE-D-spaceportcity.gif	SE-D-spaceportcity.gif	image/gif	79099
SE-D-spaceportstreet.gif	SE-D-spaceportstreet.gif	image/gif	73050
SE-D-strategicreserves.gif	SE-D-strategicreserves.gif	image/gif	43253
SE-D-spaceportdockingbay.gif	SE-D-spaceportdockingbay.gif	image/gif	82828
SE-D-spaceportprefectsoffice.gif	SE-D-spaceportprefectsoffice.gif	image/gif	100615
SE-D-swamp.gif	SE-D-swamp.gif	image/gif	68900
SE-D-swoopmercenary.gif	SE-D-swoopmercenary.gif	image/gif	66927
SE-D-sysnootles.gif	SE-D-sysnootles.gif	image/gif	46516
SE-D-tarkinsbounty-decipher-archive.gif	SE-D-tarkinsbounty-decipher-archive.gif	image/gif	53748
SE-D-tatooinekraytdragonpass.gif	SE-D-tatooinekraytdragonpass.gif	image/gif	73936
SE-D-tatooinejawacanyon.gif	SE-D-tatooinejawacanyon.gif	image/gif	63751
SE-D-tarkinsbounty.gif	SE-D-tarkinsbounty.gif	image/gif	55408
SE-D-tatooineoccupation.gif	SE-D-tatooineoccupation.gif	image/gif	48425
SE-D-tauntaunskull.gif	SE-D-tauntaunskull.gif	image/gif	51265
SE-D-theirfirehasgoneoutoftheuniverse.gif	SE-D-theirfirehasgoneoutoftheuniverse.gif	image/gif	48655
SE-D-theyrecomingintoofast.gif	SE-D-theyrecomingintoofast.gif	image/gif	41016
SE-D-theyveshutdownthemainreactor.gif	SE-D-theyveshutdownthemainreactor.gif	image/gif	40784
SE-D-tiedefendermarki.gif	SE-D-tiedefendermarki.gif	image/gif	43847
SE-D-umpassstay.gif	SE-D-umpassstay.gif	image/gif	48539
SE-D-troopersabacc.gif	SE-D-troopersabacc.gif	image/gif	52652
SE-D-urorrurrrsbantha.gif	SE-D-urorrurrrsbantha.gif	image/gif	53723
SE-D-urrur.gif	SE-D-urrur.gif	image/gif	54443
SE-D-vengeance.gif	SE-D-vengeance.gif	image/gif	38174
SE-D-vaderspersonalshuttle.gif	SE-D-vaderspersonalshuttle.gif	image/gif	39267
SE-D-watchyourback.gif	SE-D-watchyourback.gif	image/gif	38689
SE-D-wittinssandcrawler.gif	SE-D-wittinssandcrawler.gif	image/gif	42245
SE-D-womprat.gif	SE-D-womprat.gif	image/gif	70794
SE-D-wakeelmui.gif	SE-D-wakeelmui.gif	image/gif	32950
SE-L-air2racingswoop.gif	SE-L-air2racingswoop.gif	image/gif	113911
SE-L-alderaanoperative.gif	SE-L-alderaanoperative.gif	image/gif	101672
SE-L-anoatoperative.gif	SE-L-anoatoperative.gif	image/gif	90641
SE-L-allwingsreportin.gif	SE-L-allwingsreportin.gif	image/gif	98476
SE-L-antillesmaneuver.gif	SE-L-antillesmaneuver.gif	image/gif	95077
SE-L-balancedattack.gif	SE-L-balancedattack.gif	image/gif	86299
SE-L-asp707.gif	SE-L-asp707.gif	image/gif	93877
SE-L-benkenobi-decipher-archive.gif	SE-L-benkenobi-decipher-archive.gif	image/gif	136075
SE-L-bothanspy.gif	SE-L-bothanspy.gif	image/gif	95150
SE-L-bothawuioperative.gif	SE-L-bothawuioperative.gif	image/gif	100414
SE-L-brenquersey.gif	SE-L-brenquersey.gif	image/gif	74469
SE-L-benkenobi.gif	SE-L-benkenobi.gif	image/png	412639
SE-L-bronburs.gif	SE-L-bronburs.gif	image/gif	89512
SE-L-bothawui.gif	SE-L-bothawui.gif	image/png	336368
SE-L-bwingattackfighter.gif	SE-L-bwingattackfighter.gif	image/gif	83245
SE-L-cloudcitywestgallery.gif	SE-L-cloudcitywestgallery.gif	image/gif	92632
SE-L-camie.gif	SE-L-camie.gif	image/gif	75797
SE-L-cloudcitycelebration.gif	SE-L-cloudcitycelebration.gif	image/gif	94175
SE-L-cloudcitycasino.gif	SE-L-cloudcitycasino.gif	image/gif	91522
SE-L-clakdorviioperative.gif	SE-L-clakdorviioperative.gif	image/gif	85612
SE-L-cloudcitydowntownplaza.gif	SE-L-cloudcitydowntownplaza.gif	image/gif	94100
SE-L-cloudcitycoretunnel.gif	SE-L-cloudcitycoretunnel.gif	image/gif	109890
SE-L-cloudcitynorthcorridor.gif	SE-L-cloudcitynorthcorridor.gif	image/gif	104637
SE-L-colonelfeyngospic.gif	SE-L-colonelfeyngospic.gif	image/gif	89260
SE-L-coruscant.gif	SE-L-coruscant.gif	image/gif	32922
SE-L-corelliaoperative.gif	SE-L-corelliaoperative.gif	image/gif	83099
SE-L-corellianengineeringcorporation.gif	SE-L-corellianengineeringcorporation.gif	image/gif	98709
SE-L-dantooinebaseoperations.gif	SE-L-dantooinebaseoperations.gif	image/gif	71478
SE-L-darklighterspin.gif	SE-L-darklighterspin.gif	image/gif	95756
SE-L-coruscantcelebration.gif	SE-L-coruscantcelebration.gif	image/gif	106310
SE-L-commanderwedgeantilles.gif	SE-L-commanderwedgeantilles.gif	image/png	426982
SE-L-deathstar.gif	SE-L-deathstar.gif	image/gif	33895
SE-L-deathstardetentionblockcorridor.gif	SE-L-deathstardetentionblockcorridor.gif	image/gif	97518
SE-L-debnoli.gif	SE-L-debnoli.gif	image/gif	73567
SE-L-desert.gif	SE-L-desert.gif	image/gif	72813
SE-L-directassault.gif	SE-L-directassault.gif	image/gif	91836
SE-L-desperatetactics.gif	SE-L-desperatetactics.gif	image/gif	99354
SE-L-disruptorpistol.gif	SE-L-disruptorpistol.gif	image/gif	100095
SE-L-dockingandrepairfacilities.gif	SE-L-dockingandrepairfacilities.gif	image/gif	107295
SE-L-donttreadonme.gif	SE-L-donttreadonme.gif	image/gif	114351
SE-L-downwiththeemperor.gif	SE-L-downwiththeemperor.gif	image/gif	110397
SE-L-drawtheirfire.gif	SE-L-drawtheirfire.gif	image/gif	111609
SE-L-droidmerchant-decipher-archive.gif	SE-L-droidmerchant-decipher-archive.gif	image/gif	108611
SE-L-elyhekrue.gif	SE-L-elyhekrue.gif	image/gif	83178
SE-L-echobasetrooperrifle.gif	SE-L-echobasetrooperrifle.gif	image/gif	109641
SE-L-droidmerchant.gif	SE-L-droidmerchant.gif	image/png	409158
SE-L-entrenchment.gif	SE-L-entrenchment.gif	image/gif	110487
SE-L-farm.gif	SE-L-farm.gif	image/gif	103807
SE-L-firinmorett.gif	SE-L-firinmorett.gif	image/gif	82104
SE-L-firstaid.gif	SE-L-firstaid.gif	image/gif	95139
SE-L-generalmcquarrie.gif	SE-L-generalmcquarrie.gif	image/gif	90281
SE-L-forest.gif	SE-L-forest.gif	image/gif	118538
SE-L-gold3.gif	SE-L-gold3.gif	image/gif	83751
SE-L-gold4.gif	SE-L-gold4.gif	image/gif	85136
SE-L-gold6.gif	SE-L-gold6.gif	image/gif	81782
SE-L-gooneetay.gif	SE-L-gooneetay.gif	image/gif	101196
SE-L-harcseff.gif	SE-L-harcseff.gif	image/gif	86307
SE-L-grondornmuse.gif	SE-L-grondornmuse.gif	image/png	410777
SE-L-heroesofyavin.gif	SE-L-heroesofyavin.gif	image/gif	108181
SE-L-harvest.gif	SE-L-harvest.gif	image/gif	102298
SE-L-heroicsacrifice.gif	SE-L-heroicsacrifice.gif	image/gif	120639
SE-L-hitandrun.gif	SE-L-hitandrun.gif	image/gif	92755
SE-L-hiddenbase.gif	SE-L-hiddenbase.gif	image/png	410272
SE-L-holokand.gif	SE-L-holokand.gif	image/gif	91300
SE-L-hothsentry.gif	SE-L-hothsentry.gif	image/gif	91043
SE-L-imperialatrocity.gif	SE-L-imperialatrocity.gif	image/gif	99720
SE-L-incomcorporation.gif	SE-L-incomcorporation.gif	image/gif	117234
SE-L-incomengineer.gif	SE-L-incomengineer.gif	image/gif	105367
SE-L-itsnotmyfault.gif	SE-L-itsnotmyfault.gif	image/gif	102138
SE-L-johyowza.gif	SE-L-johyowza.gif	image/gif	88912
SE-L-intrudermissile.gif	SE-L-intrudermissile.gif	image/png	415028
SE-L-jungle.gif	SE-L-jungle.gif	image/gif	109631
SE-L-kalitssandcrawler.gif	SE-L-kalitssandcrawler.gif	image/gif	104555
SE-L-kiffexoperative.gif	SE-L-kiffexoperative.gif	image/gif	79939
SE-L-ketwol.gif	SE-L-ketwol.gif	image/gif	89733
SE-L-kashyyykoperative.gif	SE-L-kashyyykoperative.gif	image/gif	102904
SE-L-kirdoiiioperative.gif	SE-L-kirdoiiioperative.gif	image/gif	96897
SE-L-koensayrmanufacturing.gif	SE-L-koensayrmanufacturing.gif	image/gif	121922
SE-L-landosblasterrifle.gif	SE-L-landosblasterrifle.gif	image/gif	105179
SE-L-leiasblasterrifle.gif	SE-L-leiasblasterrifle.gif	image/gif	103883
SE-L-lieutenantnaytaan.gif	SE-L-lieutenantnaytaan.gif	image/gif	85296
SE-L-liberation.gif	SE-L-liberation.gif	image/gif	96447
SE-L-lieutenantlepira.gif	SE-L-lieutenantlepira.gif	image/gif	94449
SE-L-lieutenanttarnmison.gif	SE-L-lieutenanttarnmison.gif	image/gif	95978
SE-L-legendarystarfighter.gif	SE-L-legendarystarfighter.gif	image/png	404324
SE-L-localdefense.gif	SE-L-localdefense.gif	image/gif	98673
SE-L-localuprising.gif	SE-L-localuprising.gif	image/gif	95947
SE-L-majorpalotorshan.gif	SE-L-majorpalotorshan.gif	image/gif	99821
SE-L-mechanicalfailure.gif	SE-L-mechanicalfailure.gif	image/gif	95063
SE-L-mediumbulkfreighter.gif	SE-L-mediumbulkfreighter.gif	image/gif	96144
SE-L-melas.gif	SE-L-melas.gif	image/gif	78969
SE-L-mindwhatyouhavelearned.gif	SE-L-mindwhatyouhavelearned.gif	image/gif	86952
SE-L-maneuveringflaps.gif	SE-L-maneuveringflaps.gif	image/gif	106358
SE-L-meditation.gif	SE-L-meditation.gif	image/gif	104250
SE-L-moisturefarmer.gif	SE-L-moisturefarmer.gif	image/gif	93163
SE-L-moredangerousthanyourealize.gif	SE-L-moredangerousthanyourealize.gif	image/gif	87048
SE-L-nebdulo.gif	SE-L-nebdulo.gif	image/gif	87804
SE-L-oldtimes.gif	SE-L-oldtimes.gif	image/gif	108802
SE-L-nickoftime.gif	SE-L-nickoftime.gif	image/gif	105038
SE-L-organizedattack.gif	SE-L-organizedattack.gif	image/gif	112827
SE-L-patrolcraft.gif	SE-L-patrolcraft.gif	image/gif	108659
SE-L-portablescanner.gif	SE-L-portablescanner.gif	image/gif	106528
SE-L-ontarget.gif	SE-L-ontarget.gif	image/gif	94787
SE-L-powerpivot.gif	SE-L-powerpivot.gif	image/gif	90599
SE-L-precisehit.gif	SE-L-precisehit.gif	image/gif	122082
SE-L-r3a2.gif	SE-L-r3a2.gif	image/gif	84931
SE-L-ralltiiroperative.gif	SE-L-ralltiiroperative.gif	image/gif	102027
SE-L-rapidfire.gif	SE-L-rapidfire.gif	image/gif	102560
SE-L-ralltiirfreightercaptain.gif	SE-L-ralltiirfreightercaptain.gif	image/gif	99952
SE-L-rebelfleet.gif	SE-L-rebelfleet.gif	image/gif	82889
SE-L-red10.gif	SE-L-red10.gif	image/gif	91984
SE-L-red7.gif	SE-L-red7.gif	image/gif	105967
SE-L-rebelambush.gif	SE-L-rebelambush.gif	image/gif	91794
SE-L-r3t2.gif	SE-L-r3t2.gif	image/gif	109830
SE-L-princessorgana.gif	SE-L-princessorgana.gif	image/gif	89085
SE-L-roche.gif	SE-L-roche.gif	image/gif	46918
SE-L-rescuetheprincess.gif	SE-L-rescuetheprincess.gif	image/gif	86575
SE-L-ryletorsyn.gif	SE-L-ryletorsyn.gif	image/gif	86880
SE-L-red8.gif	SE-L-red8.gif	image/gif	90516
SE-L-rendezvouspoint.gif	SE-L-rendezvouspoint.gif	image/gif	95870
SE-L-red9.gif	SE-L-red9.gif	image/gif	99373
SE-L-ronto.gif	SE-L-ronto.gif	image/gif	113180
SE-L-rogue4.gif	SE-L-rogue4.gif	image/gif	99895
SE-L-saveyouitcan.gif	SE-L-saveyouitcan.gif	image/gif	91449
SE-L-sandspeeder.gif	SE-L-sandspeeder.gif	image/gif	80413
SE-L-scrambledtransmission.gif	SE-L-scrambledtransmission.gif	image/gif	88257
SE-L-sergeantedian.gif	SE-L-sergeantedian.gif	image/gif	89202
SE-L-scurrier.gif	SE-L-scurrier.gif	image/gif	83738
SE-L-sergeanthollis.gif	SE-L-sergeanthollis.gif	image/gif	85039
SE-L-slaynkorpilfacilities.gif	SE-L-slaynkorpilfacilities.gif	image/gif	111956
SE-L-sfoils.gif	SE-L-sfoils.gif	image/gif	109251
SE-L-spaceportcity.gif	SE-L-spaceportcity.gif	image/gif	81139
SE-L-sometimesiamazeevenmyself.gif	SE-L-sometimesiamazeevenmyself.gif	image/gif	90317
SE-L-sothpetikkin.gif	SE-L-sothpetikkin.gif	image/gif	86835
SE-L-spaceportdockingbay.gif	SE-L-spaceportdockingbay.gif	image/gif	107844
SE-L-slightweaponsmalfunction.gif	SE-L-slightweaponsmalfunction.gif	image/gif	107739
SE-L-spiral.gif	SE-L-spiral.gif	image/gif	85414
SE-L-spaceportstreet.gif	SE-L-spaceportstreet.gif	image/gif	101094
SE-L-stardestroyer.gif	SE-L-stardestroyer.gif	image/gif	108868
SE-L-steadyaim.gif	SE-L-steadyaim.gif	image/gif	93062
SE-L-suppressivefire.gif	SE-L-suppressivefire.gif	image/gif	105065
SE-L-staysharp.gif	SE-L-staysharp.gif	image/gif	115649
SE-L-tatooinecelebration.gif	SE-L-tatooinecelebration.gif	image/gif	119099
SE-L-tatooinetoschestation.gif	SE-L-tatooinetoschestation.gif	image/gif	80952
SE-L-tatooineanchorhead.gif	SE-L-tatooineanchorhead.gif	image/gif	93221
SE-L-tatooinejabbaspalace.gif	SE-L-tatooinejabbaspalace.gif	image/gif	73276
SE-L-tatooinejawacanyon.gif	SE-L-tatooinejawacanyon.gif	image/gif	104016
SE-L-tatooinebeggarscanyon.gif	SE-L-tatooinebeggarscanyon.gif	image/gif	94898
SE-L-tawsskhaa.gif	SE-L-tawsskhaa.gif	image/gif	79309
SE-L-thedit.gif	SE-L-thedit.gif	image/gif	96048
SE-L-theplanetthatitsfarthestfrom.gif	SE-L-theplanetthatitsfarthestfrom.gif	image/gif	83056
SE-L-theronnett.gif	SE-L-theronnett.gif	image/gif	87096
SE-L-theyretrackingus.gif	SE-L-theyretrackingus.gif	image/gif	91567
SE-L-tibrinoperative.gif	SE-L-tibrinoperative.gif	image/gif	89626
SE-L-tk422.gif	SE-L-tk422.gif	image/gif	54079
SE-L-uhoh.gif	SE-L-uhoh.gif	image/gif	92254
SE-L-troopersabacc.gif	SE-L-troopersabacc.gif	image/gif	104389
SE-L-uutkik.gif	SE-L-uutkik.gif	image/gif	79812
SE-L-wiseadvice.gif	SE-L-wiseadvice.gif	image/gif	97147
SE-L-swamp.gif	SE-L-swamp.gif	image/gif	109046
SE-L-weaponsdisplay.gif	SE-L-weaponsdisplay.gif	image/gif	102777
SE-L-wookiee.gif	SE-L-wookiee.gif	image/gif	93331
SE-L-wristcomlink.gif	SE-L-wristcomlink.gif	image/gif	102804
SE-L-xwingassaultsquadron.gif	SE-L-xwingassaultsquadron.gif	image/gif	103633
SE-L-xwinglasercannon.gif	SE-L-xwinglasercannon.gif	image/gif	105982
SE-L-yavin4trooper.gif	SE-L-yavin4trooper.gif	image/gif	84580
SE-L-yavin4massassiheadquarters.gif	SE-L-yavin4massassiheadquarters.gif	image/gif	115805
SE-L-t47battleformation.gif	SE-L-t47battleformation.gif	image/gif	81855
SE-L-systemswillslipthroughyourfingers.gif	SE-L-systemswillslipthroughyourfingers.gif	image/png	435682
SE-Limited-display.png	SE-Limited-display.png	image/png	336498
SE-Limited-glossary.png	SE-Limited-glossary.png	image/png	78364
SE-Limited-rulebook.png	SE-Limited-rulebook.png	image/png	75851
SE-Limited-pack.png	SE-Limited-pack.png	image/png	104204
SE-Limited-four-panel-poster-back.png	SE-Limited-four-panel-poster-back.png	image/png	1787857
SE-Limited-four-panel-poster.png	SE-Limited-four-panel-poster.png	image/png	2053587
SE-Limited-starters.png	SE-Limited-starters.png	image/png	164296
Second-Anthology-checklist.png	Second-Anthology-checklist.png	image/png	155935
Second-Anthology-box.png	Second-Anthology-box.png	image/png	303876
Set-V0-title.jpg	Set-V0-title.jpg	image/jpeg	19090
SE-Limited-ls-rare-sheet.png	SE-Limited-ls-rare-sheet.png	image/png	6367216
Set-V0-title.gif	Set-V0-title.gif	image/gif	45623
SWCCG_2023_AdvancedRulebook.pdf	SWCCG_2023_AdvancedRulebook.pdf	application/pdf	3406262
Set-PS1-title.png	Set-PS1-title.png	image/png	580975
Set-V1-title.jpg	Set-V1-title.jpg	image/jpeg	32520
Second-Anthology-preview-cards.png	Second-Anthology-preview-cards.png	image/png	1057222
Set-V1-title.gif	Set-V1-title.gif	image/gif	42633
Set-V10-title.jpg	Set-V10-title.jpg	image/jpeg	35116
Set-V11-title.jpg	Set-V11-title.jpg	image/jpeg	34087
Set-V10-title.gif	Set-V10-title.gif	image/gif	41119
Set-V11-title.gif	Set-V11-title.gif	image/gif	42476
Set-V12-title.gif	Set-V12-title.gif	image/gif	39132
Set-V13-title.gif	Set-V13-title.gif	image/gif	35726
Set-V12-title.jpg	Set-V12-title.jpg	image/jpeg	32066
Set-V13-title.jpg	Set-V13-title.jpg	image/jpeg	28803
Set-V14-title.gif	Set-V14-title.gif	image/gif	36125
Set-V14-title.jpg	Set-V14-title.jpg	image/jpeg	30744
Set-V15-title.jpg	Set-V15-title.jpg	image/jpeg	29106
Set-V15-title.gif	Set-V15-title.gif	image/gif	41638
Set-V16-title.gif	Set-V16-title.gif	image/gif	26057
Set-V16-title.jpg	Set-V16-title.jpg	image/jpeg	24781
Set-V17-title.gif	Set-V17-title.gif	image/gif	37078
Set-V17-title.jpg	Set-V17-title.jpg	image/jpeg	30721
Set-V18-title.gif	Set-V18-title.gif	image/gif	35276
Set-V20-title.jpg	Set-V20-title.jpg	image/jpeg	21372
Set-V19-title.jpg	Set-V19-title.jpg	image/jpeg	24612
Set-V2-title.jpg	Set-V2-title.jpg	image/jpeg	34777
Set-V2-title.gif	Set-V2-title.gif	image/gif	40496
Set-V18-title.jpg	Set-V18-title.jpg	image/jpeg	25536
Set-V21-title.gif	Set-V21-title.gif	image/gif	39119
Set-V20-title.gif	Set-V20-title.gif	image/gif	45842
Set-V19-title.gif	Set-V19-title.gif	image/gif	45934
Set-V23-title.jpg	Set-V23-title.jpg	image/jpeg	20322
Set-V21-title.jpg	Set-V21-title.jpg	image/jpeg	30983
Set-V23-title.gif	Set-V23-title.gif	image/gif	48824
Set-V22-title.jpg	Set-V22-title.jpg	image/jpeg	18620
Set-V22-title.gif	Set-V22-title.gif	image/gif	42903
Set-V25-title.gif	Set-V25-title.gif	image/gif	52511
Set-V25-title.jpg	Set-V25-title.jpg	image/jpeg	18724
Set-V26-title.gif	Set-V26-title.gif	image/gif	39656
Set-V24-title.gif	Set-V24-title.gif	image/gif	42650
Set-V27-title.gif	Set-V27-title.gif	image/gif	3395
Set-V24-title.jpg	Set-V24-title.jpg	image/jpeg	11663
Set-V26-title.jpg	Set-V26-title.jpg	image/jpeg	14616
Set-V27-title.jpg	Set-V27-title.jpg	image/jpeg	37763
Set-V3-title.gif	Set-V3-title.gif	image/gif	39974
Set-V3-title.jpg	Set-V3-title.jpg	image/jpeg	37351
Set-V4-title.gif	Set-V4-title.gif	image/gif	43495
Set-V4-title.jpg	Set-V4-title.jpg	image/jpeg	34705
Set-V5-title.jpg	Set-V5-title.jpg	image/jpeg	37910
Set-V5-title.gif	Set-V5-title.gif	image/gif	44490
Set-V6-title.jpg	Set-V6-title.jpg	image/jpeg	33660
Set-V6-title.gif	Set-V6-title.gif	image/gif	42171
Set-V7-title.jpg	Set-V7-title.jpg	image/jpeg	36281
Set-V7-title.gif	Set-V7-title.gif	image/gif	47215
Set-V8-title.gif	Set-V8-title.gif	image/gif	40505
Set-V8-title.jpg	Set-V8-title.jpg	image/jpeg	34165
Set-VB1-title.jpg	Set-VB1-title.jpg	image/jpeg	17148
Set-V9-title.jpg	Set-V9-title.jpg	image/jpeg	34068
Set-VB3-title.jpg	Set-VB3-title.jpg	image/jpeg	15204
Set-VB2-title.jpg	Set-VB2-title.jpg	image/jpeg	12539
Set-VB4-title.jpg	Set-VB4-title.jpg	image/jpeg	15790
Set-VB5-title.jpg	Set-VB5-title.jpg	image/jpeg	15693
Set-VB6-title.jpg	Set-VB6-title.jpg	image/jpeg	15956
Set-VB7-title.jpg	Set-VB7-title.jpg	image/jpeg	8393
Set-VB8-title.jpg	Set-VB8-title.jpg	image/jpeg	8806
Set-VB9-title.jpg	Set-VB9-title.jpg	image/jpeg	8454
Set-V9-title.gif	Set-V9-title.gif	image/gif	43511
Set-VD-title.jpg	Set-VD-title.jpg	image/jpeg	37027
Set-VD-title.gif	Set-VD-title.gif	image/gif	42622
Set-VP-title.gif	Set-VP-title.gif	image/gif	41679
Set-VP-title.jpg	Set-VP-title.jpg	image/jpeg	32073
Set-VS10O-title.png	Set-VS10O-title.png	image/png	236540
Set-VS11O-title.png	Set-VS11O-title.png	image/png	281587
Set-VS12O-title.png	Set-VS12O-title.png	image/png	329416
Set-VS13O-title.png	Set-VS13O-title.png	image/png	365744
Set-VS16O-title.png	Set-VS16O-title.png	image/png	317251
Set-VS14O-title.png	Set-VS14O-title.png	image/png	2159103
Set-VS15O-title.png	Set-VS15O-title.png	image/png	1173988
Set-VS1O-title-tile.png	Set-VS1O-title-tile.png	image/png	220013
Set-VS2O-title.png	Set-VS2O-title.png	image/png	319837
Set-VS3O-title.png	Set-VS3O-title.png	image/png	286434
Set-VS1O-title.png	Set-VS1O-title.png	image/png	1469087
Set-VS4O-title.png	Set-VS4O-title.png	image/png	304274
Set-VSh-title.jpg	Set-VSh-title.jpg	image/jpeg	9050
Set-VS17O-title.png	Set-VS17O-title.png	image/png	1871961
Set-VS5O-title.png	Set-VS5O-title.png	image/png	254863
Set-VS6O-title.png	Set-VS6O-title.png	image/png	265292
Set-VS7O-title.png	Set-VS7O-title.png	image/png	304455
Set-VS8O-title.png	Set-VS8O-title.png	image/png	290071
Set-a-new-hope-pack.jpg	Set-a-new-hope-pack.jpg	image/jpeg	22228
Set-VS9O-title.png	Set-VS9O-title.png	image/png	299406
Set-cloud-city-pack.jpg	Set-cloud-city-pack.jpg	image/jpeg	14281
Set-a-new-hope.jpg	Set-a-new-hope.jpg	image/jpeg	83586
Set-cloud-city.jpg	Set-cloud-city.jpg	image/jpeg	14281
Set-coruscant-pack.jpg	Set-coruscant-pack.jpg	image/jpeg	14697
Set-coruscant.jpg	Set-coruscant.jpg	image/jpeg	14697
Set-coruscant.gif	Set-coruscant.gif	image/gif	76849
Set-anewhope.gif	Set-anewhope.gif	image/png	419367
Set-cloudcity.gif	Set-cloudcity.gif	image/png	372985
Set-dagobah-pack.jpg	Set-dagobah-pack.jpg	image/jpeg	63286
Set-dagobah.gif	Set-dagobah.gif	image/gif	97607
Set-death-star-ii-pack.jpg	Set-death-star-ii-pack.jpg	image/jpeg	33064
Set-dagobah.jpg	Set-dagobah.jpg	image/jpeg	63286
Set-death-star-ii.jpg	Set-death-star-ii.jpg	image/jpeg	33064
Set-deathstar2.gif	Set-deathstar2.gif	image/gif	62056
Set-ds2-starter-ls-store.jpg	Set-ds2-starter-ls-store.jpg	image/jpeg	37773
Set-ds2-starter-ls-store2.jpg	Set-ds2-starter-ls-store2.jpg	image/jpeg	33139
Set-endor-pack.jpg	Set-endor-pack.jpg	image/jpeg	39693
Set-ds2-starter-ds.jpg	Set-ds2-starter-ds.jpg	image/jpeg	523736
Set-ds2starter.gif	Set-ds2starter.gif	image/gif	74290
Set-endor.jpg	Set-endor.jpg	image/jpeg	39693
Set-enhanced-cloud-city.jpg	Set-enhanced-cloud-city.jpg	image/jpeg	19649
Set-ds2-starter-ls.jpg	Set-ds2-starter-ls.jpg	image/jpeg	594476
Set-endor.gif	Set-endor.gif	image/gif	105728
Set-enhanced-premiere.jpg	Set-enhanced-premiere.jpg	image/jpeg	19304
Set-ds2-starters.jpg	Set-ds2-starters.jpg	image/jpeg	1175378
Set-enhanced-jabbas-palace.jpg	Set-enhanced-jabbas-palace.jpg	image/jpeg	40892
Set-enhancedpremiere.gif	Set-enhancedpremiere.gif	image/gif	85121
Set-esb-2p.jpg	Set-esb-2p.jpg	image/jpeg	48381
Set-first-anthology.jpg	Set-first-anthology.jpg	image/jpeg	96416
Set-hoth.jpg	Set-hoth.jpg	image/jpeg	28800
Set-hoth-pack.jpg	Set-hoth-pack.jpg	image/jpeg	202809
Set-hoth.gif	Set-hoth.gif	image/png	431673
Set-jabbas-palace.jpg	Set-jabbas-palace.jpg	image/jpeg	24767
Set-jabbas-palace-pack.jpg	Set-jabbas-palace-pack.jpg	image/jpeg	24767
Set-jp-sealed.jpg	Set-jp-sealed.jpg	image/jpeg	15924
Set-jedi-pack.jpg	Set-jedi-pack.jpg	image/jpeg	45373
Set-jedipack.gif	Set-jedipack.gif	image/gif	76974
Set-jpsd.gif	Set-jpsd.gif	image/png	446758
Set-premiere-limited-pack.jpg	Set-premiere-limited-pack.jpg	image/jpeg	24946
Set-jabbaspalace.gif	Set-jabbaspalace.gif	image/png	360142
Set-premiere-unlimited-pack.jpg	Set-premiere-unlimited-pack.jpg	image/jpeg	22567
Set-otsd.gif	Set-otsd.gif	image/png	425353
Set-otsd.jpg	Set-otsd.jpg	image/jpeg	48639
Set-premiere-limited.jpg	Set-premiere-limited.jpg	image/jpeg	62025
Set-premiere-2p.jpg	Set-premiere-2p.jpg	image/jpeg	97333
Set-premiere-unlimited.jpg	Set-premiere-unlimited.jpg	image/jpeg	22567
Set-rebelleader.gif	Set-rebelleader.gif	image/gif	113342
Set-reflections-iii.jpg	Set-reflections-iii.jpg	image/jpeg	42902
Set-rebel-leader.jpg	Set-rebel-leader.jpg	image/jpeg	149218
Set-reflections-ii.jpg	Set-reflections-ii.jpg	image/jpeg	125149
Set-reflections.jpg	Set-reflections.jpg	image/jpeg	61970
Set-premiere.gif	Set-premiere.gif	image/png	414168
Set-reflections2.gif	Set-reflections2.gif	image/gif	76540
Set-reflections3.gif	Set-reflections3.gif	image/gif	93262
Set-second-anthology.jpg	Set-second-anthology.jpg	image/jpeg	21264
Set-revised-anh.jpg	Set-revised-anh.jpg	image/jpeg	94275
Set-revised-dagobah.jpg	Set-revised-dagobah.jpg	image/jpeg	66593
Set-special-edition-pack.jpg	Set-special-edition-pack.jpg	image/jpeg	43838
Set-special-edition.jpg	Set-special-edition.jpg	image/jpeg	43838
Set-tatooine-pack.jpg	Set-tatooine-pack.jpg	image/jpeg	23357
Set-tatooine.gif	Set-tatooine.gif	image/gif	97099
Set-tatooine.jpg	Set-tatooine.jpg	image/jpeg	23357
Set-theed-palace-pack.jpg	Set-theed-palace-pack.jpg	image/jpeg	42083
Set-third-anthology.jpg	Set-third-anthology.jpg	image/jpeg	26102
Set-theed-palace.jpg	Set-theed-palace.jpg	image/jpeg	42083
Set-theedpalace.gif	Set-theedpalace.gif	image/gif	93661
Set-specialedition.gif	Set-specialedition.gif	image/gif	43308
SpecialEdition-D-prideoftheempire-decipher-archive.gif	SpecialEdition-D-prideoftheempire-decipher-archive.gif	image/gif	38948
SpecialEdition-D-inrange-decipher-archive.gif	SpecialEdition-D-inrange-decipher-archive.gif	image/gif	59307
SpecialEdition-D-sienarfleetsystems-decipher-archive.gif	SpecialEdition-D-sienarfleetsystems-decipher-archive.gif	image/gif	47460
SoTE-Skywalkers-Ad-DSII-Starter-Deck.webp	SoTE-Skywalkers-Ad-DSII-Starter-Deck.webp	image/webp	358018
SpecialEdition-L-grondornmuse-decipher-archive.gif	SpecialEdition-L-grondornmuse-decipher-archive.gif	image/gif	94256
SpecialEdition-L-r3t2-decipher-archive.gif	SpecialEdition-L-r3t2-decipher-archive.gif	image/gif	99373
SpecialEdition-L-sandspeeder-decipher-archive.gif	SpecialEdition-L-sandspeeder-decipher-archive.gif	image/gif	99185
TA-L-artoodetooinred5.gif	TA-L-artoodetooinred5.gif	image/gif	91605
TA-D-theultimatepowerintheuniverse.gif	TA-D-theultimatepowerintheuniverse.gif	image/png	290669
TA-L-anewsecretbase.gif	TA-L-anewsecretbase.gif	image/gif	105606
TA-D-setyourcourseforalderaan.gif	TA-D-setyourcourseforalderaan.gif	image/png	315635
TA-L-echobasegarrison.gif	TA-L-echobasegarrison.gif	image/gif	105782
TA-L-massassibaseoperations.gif	TA-L-massassibaseoperations.gif	image/gif	83837
TA-L-oneinamillion.gif	TA-L-oneinamillion.gif	image/gif	84045
Set-revised-hoth.jpg	Set-revised-hoth.jpg	image/jpeg	202809
TA-L-prisoner2187.gif	TA-L-prisoner2187.gif	image/gif	82033
Tat-D-amillionvoicescryingout.gif	Tat-D-amillionvoicescryingout.gif	image/gif	77373
Tat-D-aurrasing.gif	Tat-D-aurrasing.gif	image/gif	85501
Tat-D-boontaevepodrace.gif	Tat-D-boontaevepodrace.gif	image/gif	79019
Tat-D-aurrasing_ai.gif	Tat-D-aurrasing_ai.gif	image/gif	88677
Tat-D-dudboltspodracer.gif	Tat-D-dudboltspodracer.gif	image/gif	68146
Tat-D-benquadinarospodracer.gif	Tat-D-benquadinarospodracer.gif	image/gif	79021
Tat-D-darthmaul_ai.gif	Tat-D-darthmaul_ai.gif	image/gif	85368
Tat-D-darthmaul.gif	Tat-D-darthmaul.gif	image/gif	74170
Tat-D-daroe.gif	Tat-D-daroe.gif	image/gif	79208
Tat-D-imsorry.gif	Tat-D-imsorry.gif	image/gif	76227
Tat-D-hisnameisanakin.gif	Tat-D-hisnameisanakin.gif	image/gif	80650
Tat-D-gragra.gif	Tat-D-gragra.gif	image/gif	81062
Tat-D-hitracer.gif	Tat-D-hitracer.gif	image/gif	74822
Tat-D-ifthetracewascorrect.gif	Tat-D-ifthetracewascorrect.gif	image/gif	81252
Tat-D-ghanagleemort.gif	Tat-D-ghanagleemort.gif	image/gif	76427
Tat-D-fanfare.gif	Tat-D-fanfare.gif	image/gif	89282
Tat-D-gamallwironicc.gif	Tat-D-gamallwironicc.gif	image/gif	72816
Tat-D-lightsaberparry.gif	Tat-D-lightsaberparry.gif	image/gif	73893
Tat-D-nichubana.gif	Tat-D-nichubana.gif	image/gif	82162
Tat-D-joinme.gif	Tat-D-joinme.gif	image/gif	82107
Tat-D-lathe.gif	Tat-D-lathe.gif	image/gif	83694
Tat-D-maulselectrobinoculars.gif	Tat-D-maulselectrobinoculars.gif	image/gif	73632
Tat-D-pitcrews.gif	Tat-D-pitcrews.gif	image/gif	79316
Tat-D-maulslightsaber.gif	Tat-D-maulslightsaber.gif	image/gif	73848
Tat-D-iwillfindthemquicklymaster.gif	Tat-D-iwillfindthemquicklymaster.gif	image/png	275942
Tat-D-podracercollision.gif	Tat-D-podracercollision.gif	image/gif	77381
Tat-D-quietlyobserving.gif	Tat-D-quietlyobserving.gif	image/gif	83045
Tat-D-pitdroid.gif	Tat-D-pitdroid.gif	image/gif	78365
Tat-D-rachalthyst.gif	Tat-D-rachalthyst.gif	image/gif	83986
Tat-D-sebulbaspodracer.gif	Tat-D-sebulbaspodracer.gif	image/gif	80874
Tat-D-sebulba.gif	Tat-D-sebulba.gif	image/gif	89336
Tat-D-sebulba_ai.gif	Tat-D-sebulba_ai.gif	image/gif	86549
Tat-D-sithfury.gif	Tat-D-sithfury.gif	image/gif	80135
Tat-D-tatooinepodracearena.gif	Tat-D-tatooinepodracearena.gif	image/gif	89255
Tat-D-tatooinemosespa.gif	Tat-D-tatooinemosespa.gif	image/gif	91376
Tat-D-tatooinedesertlandingsite.gif	Tat-D-tatooinedesertlandingsite.gif	image/gif	71730
Tat-D-startyourengines.gif	Tat-D-startyourengines.gif	image/gif	81301
Tat-D-sithprobedroid.gif	Tat-D-sithprobedroid.gif	image/gif	85561
Tat-D-teemtopagaliespodracer.gif	Tat-D-teemtopagaliespodracer.gif	image/gif	84490
Tat-D-thereisnoconflict.gif	Tat-D-thereisnoconflict.gif	image/gif	70444
Tat-D-vadersanger.gif	Tat-D-vadersanger.gif	image/gif	71486
Tat-D-watto_ai.gif	Tat-D-watto_ai.gif	image/gif	77208
Tat-D-wattoschancecube.gif	Tat-D-wattoschancecube.gif	image/gif	70710
Tat-D-weshalldoubleourefforts.gif	Tat-D-weshalldoubleourefforts.gif	image/gif	78515
Tat-D-wattosbox.gif	Tat-D-wattosbox.gif	image/gif	84328
Tat-D-watto.gif	Tat-D-watto.gif	image/gif	76294
Tat-D-youswindledme.gif	Tat-D-youswindledme.gif	image/gif	72343
Tat-D-youmaystartyourlanding.gif	Tat-D-youmaystartyourlanding.gif	image/gif	76409
Tat-D-youwantthisdontyou.gif	Tat-D-youwantthisdontyou.gif	image/gif	82723
Tat-L-ajedisconcentration.gif	Tat-L-ajedisconcentration.gif	image/gif	91716
Tat-L-ajedispatience.gif	Tat-L-ajedispatience.gif	image/gif	93995
Tat-L-anakinspodracer.gif	Tat-L-anakinspodracer.gif	image/gif	93736
Tat-L-astepbackward.gif	Tat-L-astepbackward.gif	image/gif	98294
Tat-L-ajedisresilience-decipher-archive.gif	Tat-L-ajedisresilience-decipher-archive.gif	image/gif	129318
Tat-L-boontaevepodrace.gif	Tat-L-boontaevepodrace.gif	image/gif	96493
Tat-L-ajedisresilience.gif	Tat-L-ajedisresilience.gif	image/png	392424
Tat-L-changingtheodds.gif	Tat-L-changingtheodds.gif	image/gif	98274
Tat-L-denebboth.gif	Tat-L-denebboth.gif	image/gif	93350
Tat-L-calderarighim.gif	Tat-L-calderarighim.gif	image/gif	93408
Tat-L-briskymorningmunchen.gif	Tat-L-briskymorningmunchen.gif	image/gif	101835
Tat-L-eitherwayyouwin.gif	Tat-L-eitherwayyouwin.gif	image/gif	93281
Tat-L-dontdothatagain.gif	Tat-L-dontdothatagain.gif	image/gif	98660
Tat-L-ajedisfocus.gif	Tat-L-ajedisfocus.gif	image/gif	92793
Tat-L-endofareign.gif	Tat-L-endofareign.gif	image/gif	99212
Tat-L-enteringthearena.gif	Tat-L-enteringthearena.gif	image/gif	102785
Tat-L-eopie.gif	Tat-L-eopie.gif	image/gif	99943
Tat-L-icantbelievehesgone.gif	Tat-L-icantbelievehesgone.gif	image/gif	93736
Tat-L-eventuallyyoulllose.gif	Tat-L-eventuallyyoulllose.gif	image/gif	103482
Tat-L-grugnak.gif	Tat-L-grugnak.gif	image/gif	97445
Tat-L-greatshotkid.gif	Tat-L-greatshotkid.gif	image/png	427168
Tat-L-ididit.gif	Tat-L-ididit.gif	image/png	425771
Tat-L-jarjarbinks.gif	Tat-L-jarjarbinks.gif	image/gif	99130
Tat-L-keepingtheempireoutforever.gif	Tat-L-keepingtheempireoutforever.gif	image/gif	96905
Tat-L-neckandneck.gif	Tat-L-neckandneck.gif	image/gif	95863
Tat-L-locirosen.gif	Tat-L-locirosen.gif	image/gif	95365
Tat-L-losingtrack.gif	Tat-L-losingtrack.gif	image/gif	90405
Tat-L-jediescape.gif	Tat-L-jediescape.gif	image/gif	101460
Tat-L-obiwankenobipadawanlearner.gif	Tat-L-obiwankenobipadawanlearner.gif	image/gif	93436
Tat-L-obiwankenobipadawanlearner_ai.gif	Tat-L-obiwankenobipadawanlearner_ai.gif	image/gif	94429
Tat-L-padmenaberrie.gif	Tat-L-padmenaberrie.gif	image/gif	95725
Tat-L-quigonjinn_ai.gif	Tat-L-quigonjinn_ai.gif	image/gif	95363
Tat-L-quigonjinn.gif	Tat-L-quigonjinn.gif	image/gif	97099
Tat-L-podraceprep.gif	Tat-L-podraceprep.gif	image/gif	106856
Tat-L-padmenaberrie_ai.gif	Tat-L-padmenaberrie_ai.gif	image/gif	100119
Tat-L-quigonjinnslightsaber.gif	Tat-L-quigonjinnslightsaber.gif	image/gif	91299
Tat-L-quigonjinnslightsaber_ai.gif	Tat-L-quigonjinnslightsaber_ai.gif	image/gif	91415
Tat-L-shmiskywalker.gif	Tat-L-shmiskywalker.gif	image/gif	95010
Tat-L-tatooinecityoutskirts.gif	Tat-L-tatooinecityoutskirts.gif	image/gif	68603
Tat-L-tatooinemosespa.gif	Tat-L-tatooinemosespa.gif	image/gif	85525
Tat-L-tatooinepodracearena.gif	Tat-L-tatooinepodracearena.gif	image/gif	95116
Tat-L-tatooineslavequarters.gif	Tat-L-tatooineslavequarters.gif	image/gif	85236
Tat-L-thecamp.gif	Tat-L-thecamp.gif	image/gif	90665
Tat-L-threepiowithhispartsshowing_ai.gif	Tat-L-threepiowithhispartsshowing_ai.gif	image/gif	94637
Tat-L-theshieldisdown.gif	Tat-L-theshieldisdown.gif	image/gif	100495
Tat-L-threepiowithhispartsshowing.gif	Tat-L-threepiowithhispartsshowing.gif	image/gif	105389
Tat-L-tatooinepodracerbay.gif	Tat-L-tatooinepodracerbay.gif	image/gif	90108
Tat-L-whatwasit.gif	Tat-L-whatwasit.gif	image/gif	86856
Tat-L-toocloseforcomfort.gif	Tat-L-toocloseforcomfort.gif	image/gif	96931
Tat-L-yottsorren.gif	Tat-L-yottsorren.gif	image/gif	88829
Tat-L-youllfindimfullofsurprises.gif	Tat-L-youllfindimfullofsurprises.gif	image/gif	96499
Tatooine-L-greatshotkid-decipher-archive.gif	Tatooine-L-greatshotkid-decipher-archive.gif	image/gif	122110
Theed-D-3b310.gif	Theed-D-3b310.gif	image/gif	80650
Theed-D-3b3888.gif	Theed-D-3b3888.gif	image/gif	79012
Theed-D-aatassaultleader.gif	Theed-D-aatassaultleader.gif	image/gif	74185
Theed-D-3b321.gif	Theed-D-3b321.gif	image/gif	79043
Theed-D-3b31204.gif	Theed-D-3b31204.gif	image/gif	78357
Tatooine-Limited-pack.png	Tatooine-Limited-pack.png	image/png	114887
Tatooine-rule-page.png	Tatooine-rule-page.png	image/png	290701
Tatooine-Limited-box.png	Tatooine-Limited-box.png	image/png	417936
Theed-D-afterher.gif	Theed-D-afterher.gif	image/gif	79864
Theed-D-armoredattacktank.gif	Theed-D-armoredattacktank.gif	image/gif	71870
Theed-D-atlastwearegettingresults.gif	Theed-D-atlastwearegettingresults.gif	image/gif	80304
Theed-D-activatethedroids.gif	Theed-D-activatethedroids.gif	image/gif	85494
Theed-D-aatlasercannon.gif	Theed-D-aatlasercannon.gif	image/gif	66405
Theed-D-battledroidpilot.gif	Theed-D-battledroidpilot.gif	image/gif	79109
Theed-D-blockadeflagship.gif	Theed-D-blockadeflagship.gif	image/gif	81557
Theed-D-blockadeflagshipdockingbay.gif	Theed-D-blockadeflagshipdockingbay.gif	image/gif	110610
Theed-D-captaindaultaydofine.gif	Theed-D-captaindaultaydofine.gif	image/gif	81418
Theed-D-ceasefire.gif	Theed-D-ceasefire.gif	image/gif	72201
Theed-D-darthmaulwithlightsaber.gif	Theed-D-darthmaulwithlightsaber.gif	image/gif	75239
Theed-D-battledroidofficer.gif	Theed-D-battledroidofficer.gif	image/gif	81942
Theed-D-bokaskol.gif	Theed-D-bokaskol.gif	image/gif	82208
Theed-D-darthsidious_ai.gif	Theed-D-darthsidious_ai.gif	image/gif	74044
Theed-D-darthsidious.gif	Theed-D-darthsidious.gif	image/gif	76857
Theed-D-dfs1015.gif	Theed-D-dfs1015.gif	image/gif	82144
Theed-D-fightersstraightahead.gif	Theed-D-fightersstraightahead.gif	image/gif	68300
Theed-D-dfs1308.gif	Theed-D-dfs1308.gif	image/gif	84129
Theed-D-droidstarfighterlasercannons.gif	Theed-D-droidstarfighterlasercannons.gif	image/gif	65966
Theed-D-dropyourweapons.gif	Theed-D-dropyourweapons.gif	image/gif	88674
Theed-D-dfssquadronstarfighter.gif	Theed-D-dfssquadronstarfighter.gif	image/png	326763
Theed-D-halt.gif	Theed-D-halt.gif	image/gif	79714
Theed-D-incompletecontrol.gif	Theed-D-incompletecontrol.gif	image/gif	73317
Theed-D-infantrybattledroid.gif	Theed-D-infantrybattledroid.gif	image/gif	85292
Theed-D-multitrooptransport.gif	Theed-D-multitrooptransport.gif	image/gif	82848
Theed-D-invasion.gif	Theed-D-invasion.gif	image/gif	86491
Theed-D-naboooccupation.gif	Theed-D-naboooccupation.gif	image/gif	81678
Theed-D-nabootheedpalacehallway.gif	Theed-D-nabootheedpalacehallway.gif	image/gif	115320
Theed-D-masterdestroyers.gif	Theed-D-masterdestroyers.gif	image/gif	86828
Theed-D-nothingcangetthroughourshield.gif	Theed-D-nothingcangetthroughourshield.gif	image/gif	83769
Theed-D-nutegunrayneimoidianviceroy.gif	Theed-D-nutegunrayneimoidianviceroy.gif	image/gif	90336
Theed-D-oom9.gif	Theed-D-oom9.gif	image/gif	77126
Theed-D-energyshelllaunchers.gif	Theed-D-energyshelllaunchers.gif	image/gif	60811
Theed-D-raynovaca.gif	Theed-D-raynovaca.gif	image/gif	75867
Theed-D-runehaakolegalcounsel.gif	Theed-D-runehaakolegalcounsel.gif	image/gif	83668
Theed-D-droidracks.gif	Theed-D-droidracks.gif	image/gif	90493
Theed-D-nutegunrayneimoidianviceroy_ai.gif	Theed-D-nutegunrayneimoidianviceroy_ai.gif	image/gif	85259
Theed-D-openfire.gif	Theed-D-openfire.gif	image/gif	65279
Theed-D-senatehovercam.gif	Theed-D-senatehovercam.gif	image/gif	68728
Theed-D-dfs327.gif	Theed-D-dfs327.gif	image/gif	75927
Theed-D-silunch.gif	Theed-D-silunch.gif	image/gif	85855
Theed-D-runehaakolegalcounsel_ai.gif	Theed-D-runehaakolegalcounsel_ai.gif	image/gif	84481
Theed-D-singletrooperaerialplatform.gif	Theed-D-singletrooperaerialplatform.gif	image/gif	77099
Theed-D-ssa306.gif	Theed-D-ssa306.gif	image/gif	81174
Theed-D-ssa1015.gif	Theed-D-ssa1015.gif	image/gif	86088
Theed-D-owo1withbackup.gif	Theed-D-owo1withbackup.gif	image/gif	88630
Theed-D-ssa719.gif	Theed-D-ssa719.gif	image/gif	85689
Theed-D-stapblastercannons.gif	Theed-D-stapblastercannons.gif	image/gif	69992
Theed-D-rollingrollingrolling.gif	Theed-D-rollingrollingrolling.gif	image/gif	75659
Theed-D-takethemaway.gif	Theed-D-takethemaway.gif	image/gif	81872
Theed-D-tankcommander.gif	Theed-D-tankcommander.gif	image/gif	75584
Theed-D-thedeflectorshieldistoostrong.gif	Theed-D-thedeflectorshieldistoostrong.gif	image/gif	65144
Theed-D-theretheyare.gif	Theed-D-theretheyare.gif	image/gif	76924
Theed-D-thisisnotgood.gif	Theed-D-thisisnotgood.gif	image/gif	70743
Theed-D-tradefederationlandingcraft.gif	Theed-D-tradefederationlandingcraft.gif	image/gif	85063
Theed-D-tradefederationtactics.gif	Theed-D-tradefederationtactics.gif	image/gif	77228
Theed-D-tt6.gif	Theed-D-tt6.gif	image/gif	85819
Theed-D-werehitartoo.gif	Theed-D-werehitartoo.gif	image/gif	71386
Theed-D-tt9.gif	Theed-D-tt9.gif	image/gif	90384
Theed-L-artoobravelittledroid.gif	Theed-L-artoobravelittledroid.gif	image/gif	87225
Theed-L-amidalasblaster.gif	Theed-L-amidalasblaster.gif	image/gif	90457
Theed-L-artoobravelittledroid_ai.gif	Theed-L-artoobravelittledroid_ai.gif	image/gif	90581
Theed-L-ascensionguns.gif	Theed-L-ascensionguns.gif	image/gif	97173
Theed-L-bigboomers.gif	Theed-L-bigboomers.gif	image/gif	91799
Theed-L-blockadeflagshipdockingbay.gif	Theed-L-blockadeflagshipdockingbay.gif	image/gif	118536
Theed-L-bossnass.gif	Theed-L-bossnass.gif	image/gif	92549
Theed-L-bossnass_ai.gif	Theed-L-bossnass_ai.gif	image/gif	96005
Theed-L-bravo1.gif	Theed-L-bravo1.gif	image/gif	98310
Theed-L-bravo2.gif	Theed-L-bravo2.gif	image/gif	98433
Theed-L-booma.gif	Theed-L-booma.gif	image/png	420036
Theed-L-bravo3.gif	Theed-L-bravo3.gif	image/gif	93215
Theed-L-bravo4.gif	Theed-L-bravo4.gif	image/gif	93821
Theed-L-bravo5.gif	Theed-L-bravo5.gif	image/gif	92971
Theed-L-bravofighter.gif	Theed-L-bravofighter.gif	image/gif	96228
Theed-L-captaintarpalselectropole.gif	Theed-L-captaintarpalselectropole.gif	image/gif	93575
Theed-L-captaintarpals.gif	Theed-L-captaintarpals.gif	image/gif	93136
Theed-L-corporalrushing.gif	Theed-L-corporalrushing.gif	image/gif	96725
Theed-L-damsdenna.gif	Theed-L-damsdenna.gif	image/gif	95424
Theed-L-electropole.gif	Theed-L-electropole.gif	image/gif	93804
Theed-L-fambaa.gif	Theed-L-fambaa.gif	image/gif	94500
Theed-L-generaljarjar_ai.gif	Theed-L-generaljarjar_ai.gif	image/gif	88705
Theed-L-generaljarjar.gif	Theed-L-generaljarjar.gif	image/gif	95209
Theed-L-gettoyourships.gif	Theed-L-gettoyourships.gif	image/gif	95360
Theed-L-gianspeeder.gif	Theed-L-gianspeeder.gif	image/gif	102388
Theed-L-gunganenergyshield.gif	Theed-L-gunganenergyshield.gif	image/gif	90123
Theed-L-gimmealift.gif	Theed-L-gimmealift.gif	image/gif	89344
Theed-L-gungangeneral.gif	Theed-L-gungangeneral.gif	image/gif	99564
Theed-L-gunganguard.gif	Theed-L-gunganguard.gif	image/gif	98459
Theed-L-illtryspinning.gif	Theed-L-illtryspinning.gif	image/gif	66530
Theed-L-itsonautomaticpilot.gif	Theed-L-itsonautomaticpilot.gif	image/gif	95107
Theed-L-jerusjannick.gif	Theed-L-jerusjannick.gif	image/gif	90454
Theed-L-kaadu.gif	Theed-L-kaadu.gif	image/gif	99780
Theed-L-lieutenantryakirsch.gif	Theed-L-lieutenantryakirsch.gif	image/gif	88877
Theed-L-lieutenantchamberlyn.gif	Theed-L-lieutenantchamberlyn.gif	image/gif	98427
Theed-L-letsgoleft.gif	Theed-L-letsgoleft.gif	image/gif	82572
Theed-L-macewindujedimaster.gif	Theed-L-macewindujedimaster.gif	image/gif	88172
Theed-L-lieutenantarvenwendik.gif	Theed-L-lieutenantarvenwendik.gif	image/gif	86597
Theed-L-macewindujedimaster_ai.gif	Theed-L-macewindujedimaster_ai.gif	image/gif	91406
Theed-L-naboobossnassschambers.gif	Theed-L-naboobossnassschambers.gif	image/gif	120104
Theed-L-naboocelebration.gif	Theed-L-naboocelebration.gif	image/gif	102012
Theed-L-nogibenupgeneraljarjar.gif	Theed-L-nogibenupgeneraljarjar.gif	image/gif	93137
Theed-L-officerellberger.gif	Theed-L-officerellberger.gif	image/gif	89920
Theed-L-officerdolphe.gif	Theed-L-officerdolphe.gif	image/gif	90999
Theed-L-officerperosei.gif	Theed-L-officerperosei.gif	image/gif	86564
Theed-L-panakaprotectorofthequeen_ai.gif	Theed-L-panakaprotectorofthequeen_ai.gif	image/gif	91814
Theed-L-nabootheedpalacehallway.gif	Theed-L-nabootheedpalacehallway.gif	image/gif	112285
Theed-L-naboootohgungaentrance.gif	Theed-L-naboootohgungaentrance.gif	image/gif	112649
Theed-L-panakaprotectorofthequeen.gif	Theed-L-panakaprotectorofthequeen.gif	image/gif	98881
Theed-L-quigonjinnwithlightsaber.gif	Theed-L-quigonjinnwithlightsaber.gif	image/gif	90301
Theed-L-queenamidala.gif	Theed-L-queenamidala.gif	image/gif	93661
Theed-L-protontorpedoes.gif	Theed-L-protontorpedoes.gif	image/gif	92668
Theed-L-queenamidala_ai.gif	Theed-L-queenamidala_ai.gif	image/gif	96033
Theed-L-repbeen.gif	Theed-L-repbeen.gif	image/gif	88608
Theed-L-ricoliebravoleader.gif	Theed-L-ricoliebravoleader.gif	image/gif	94157
Theed-L-royalnaboosecurityofficer.gif	Theed-L-royalnaboosecurityofficer.gif	image/gif	97716
Theed-L-senatehovercam.gif	Theed-L-senatehovercam.gif	image/gif	89383
Theed-L-wedidnthitit.gif	Theed-L-wedidnthitit.gif	image/gif	90930
Theed-L-takethis.gif	Theed-L-takethis.gif	image/gif	90321
Theed-L-wehaveaplan.gif	Theed-L-wehaveaplan.gif	image/gif	89727
Theed-L-wedonthavetimeforthis.gif	Theed-L-wedonthavetimeforthis.gif	image/gif	93900
Theed-L-wesagottagrandarmy.gif	Theed-L-wesagottagrandarmy.gif	image/gif	90954
Theed-L-theywinthisround.gif	Theed-L-theywinthisround.gif	image/gif	102868
Theed-L-steadysteady.gif	Theed-L-steadysteady.gif	image/gif	103341
Theed-L-theywillbelostandconfused.gif	Theed-L-theywillbelostandconfused.gif	image/gif	102463
Theed-L-whoooo.gif	Theed-L-whoooo.gif	image/gif	92788
Theed-L-wesareadytodooursapart.gif	Theed-L-wesareadytodooursapart.gif	image/gif	95958
Theed-card-list-2.png	Theed-card-list-2.png	image/png	18598
Theed-card-list-1.png	Theed-card-list-1.png	image/png	19126
Theed-Limited-pack.png	Theed-Limited-pack.png	image/png	125065
Third-Anthology-checklist.png	Third-Anthology-checklist.png	image/png	169285
Theed-Limited-box.png	Theed-Limited-box.png	image/png	485203
Third-Anthology-box.png	Third-Anthology-box.png	image/png	390327
Third-Anthology-premiums.png	Third-Anthology-premiums.png	image/png	972358
V0-D-altercoruscant.gif	V0-D-altercoruscant.gif	image/png	302690
V0-D-adaylongremembered.gif	V0-D-adaylongremembered.gif	image/png	304988
V0-D-alterpremiere.gif	V0-D-alterpremiere.gif	image/png	323653
V0-D-aratechcorporation.gif	V0-D-aratechcorporation.gif	image/png	319761
V0-D-4lomwithconcussionrifle.gif	V0-D-4lomwithconcussionrifle.gif	image/png	365841
V0-D-4lomwithconcussionrifle_ai.gif	V0-D-4lomwithconcussionrifle_ai.gif	image/png	370769
V0-D-admiralmotti.gif	V0-D-admiralmotti.gif	image/png	357951
V0-D-5d6ra7.gif	V0-D-5d6ra7.gif	image/png	1064769
V0-D-blasterrifle.gif	V0-D-blasterrifle.gif	image/png	357265
V0-D-blasterrack.gif	V0-D-blasterrack.gif	image/png	301560
V0-D-blizzardscout1.gif	V0-D-blizzardscout1.gif	image/png	327428
V0-D-black5.gif	V0-D-black5.gif	image/png	330913
V0-D-arica.gif	V0-D-arica.gif	image/png	370535
V0-D-black2.gif	V0-D-black2.gif	image/png	352168
V0-D-blizzard2.gif	V0-D-blizzard2.gif	image/png	347486
V0-D-blockadesupportship.gif	V0-D-blockadesupportship.gif	image/png	339465
V0-D-bobafettinslavei.gif	V0-D-bobafettinslavei.gif	image/png	361962
V0-D-bossk.gif	V0-D-bossk.gif	image/png	369600
V0-D-bosskinhoundstooth.gif	V0-D-bosskinhoundstooth.gif	image/png	360903
V0-D-coarseandroughandirritating.gif	V0-D-coarseandroughandirritating.gif	image/png	305862
V0-D-cloudcitysecuritytower.gif	V0-D-cloudcitysecuritytower.gif	image/png	379684
V0-D-closecall.gif	V0-D-closecall.gif	image/png	309257
V0-D-coarseandroughandirritating_ai.gif	V0-D-coarseandroughandirritating_ai.gif	image/png	268244
V0-D-coloneljendoninonyx1.gif	V0-D-coloneljendoninonyx1.gif	image/png	376858
V0-D-combatreadiness.gif	V0-D-combatreadiness.gif	image/png	339317
V0-D-combatresponse.gif	V0-D-combatresponse.gif	image/png	324379
V0-D-countdooku_ai.gif	V0-D-countdooku_ai.gif	image/png	331806
V0-D-conquest_ai.gif	V0-D-conquest_ai.gif	image/png	327604
V0-D-countdooku.gif	V0-D-countdooku.gif	image/png	326673
V0-D-darthvader.gif	V0-D-darthvader.gif	image/png	374804
V0-D-conquest.gif	V0-D-conquest.gif	image/png	376950
V0-D-defensivefire.gif	V0-D-defensivefire.gif	image/png	299017
V0-D-dookuslightsaber.gif	V0-D-dookuslightsaber.gif	image/png	329874
V0-D-dengarwithblastercarbine.gif	V0-D-dengarwithblastercarbine.gif	image/png	391345
V0-D-dookuslightsaber_ai.gif	V0-D-dookuslightsaber_ai.gif	image/png	347944
V0-D-drk1darkeyeprobedroid.gif	V0-D-drk1darkeyeprobedroid.gif	image/png	338279
V0-D-droideka.gif	V0-D-droideka.gif	image/png	355419
V0-D-droideka_ai.gif	V0-D-droideka_ai.gif	image/png	353532
V0-D-ds615.gif	V0-D-ds615.gif	image/png	385453
V0-D-ds615_ai.gif	V0-D-ds615_ai.gif	image/png	352295
V0-D-elisinhinthra.gif	V0-D-elisinhinthra.gif	image/png	351360
V0-D-forcefield.gif	V0-D-forcefield.gif	image/png	297796
V0-D-forcepush.gif	V0-D-forcepush.gif	image/png	332231
V0-D-generalveers.gif	V0-D-generalveers.gif	image/png	374027
V0-D-houndstooth.gif	V0-D-houndstooth.gif	image/png	353198
V0-D-grandmofftarkin.gif	V0-D-grandmofftarkin.gif	image/png	370180
V0-D-establishcontrol.gif	V0-D-establishcontrol.gif	image/png	331249
V0-D-icantshakehim.gif	V0-D-icantshakehim.gif	image/png	318513
V0-D-imageofthedarklord.gif	V0-D-imageofthedarklord.gif	image/png	293729
V0-D-ig88.gif	V0-D-ig88.gif	image/png	363738
V0-D-imperialdecree.gif	V0-D-imperialdecree.gif	image/png	306428
V0-D-imperialdecree_ai.gif	V0-D-imperialdecree_ai.gif	image/png	293769
V0-D-jabbathehutt.gif	V0-D-jabbathehutt.gif	image/png	361784
V0-D-imbalance&kintanstrider.gif	V0-D-imbalance&kintanstrider.gif	image/png	347702
V0-D-knowledgeanddefense.gif	V0-D-knowledgeanddefense.gif	image/png	313648
V0-D-kuatdriveyards.gif	V0-D-kuatdriveyards.gif	image/png	326849
V0-D-maareksteletheemperorsreach.gif	V0-D-maareksteletheemperorsreach.gif	image/png	358168
V0-D-maareksteletheemperorsreach_ai.gif	V0-D-maareksteletheemperorsreach_ai.gif	image/png	318214
V0-D-marajadewithlightsaber.gif	V0-D-marajadewithlightsaber.gif	image/png	359966
V0-D-probot_ai.gif	V0-D-probot_ai.gif	image/gif	241214
V0-D-pondababa.gif	V0-D-pondababa.gif	image/png	352530
V0-D-probot.gif	V0-D-probot.gif	image/png	346750
V0-D-onyx2.gif	V0-D-onyx2.gif	image/png	357299
V0-D-rtichweei.gif	V0-D-rtichweei.gif	image/png	371197
V0-D-sithfury.gif	V0-D-sithfury.gif	image/png	303167
V0-D-somethingspecialplannedforthem.gif	V0-D-somethingspecialplannedforthem.gif	image/png	309121
V0-D-sneakattack.gif	V0-D-sneakattack.gif	image/png	303787
V0-D-stinger.gif	V0-D-stinger.gif	image/png	346161
V0-D-surfacedefense.gif	V0-D-surfacedefense.gif	image/png	299401
V0-D-vaderspersonalshuttle.gif	V0-D-vaderspersonalshuttle.gif	image/png	366751
V0-D-tarkindoctrine.gif	V0-D-tarkindoctrine.gif	image/png	311616
V0-D-vigo.gif	V0-D-vigo.gif	image/png	352991
V0-D-ysanneisard.gif	V0-D-ysanneisard.gif	image/png	323707
V0-D-youllbedead!.gif	V0-D-youllbedead!.gif	image/png	303987
V0-L-aaylasecura.gif	V0-L-aaylasecura.gif	image/png	413654
V0-L-aaylasecura_ai.gif	V0-L-aaylasecura_ai.gif	image/png	397277
V0-L-acclamatorclassassaultship.gif	V0-L-acclamatorclassassaultship.gif	image/png	422559
V0-L-altercoruscant.gif	V0-L-altercoruscant.gif	image/png	391745
V0-L-agoodblasteratyourside.gif	V0-L-agoodblasteratyourside.gif	image/png	412298
V0-L-anakinskywalkerpadawanlearner_ai.gif	V0-L-anakinskywalkerpadawanlearner_ai.gif	image/png	435114
V0-L-angerfearaggression.gif	V0-L-angerfearaggression.gif	image/png	427129
V0-L-alterpremiere.gif	V0-L-alterpremiere.gif	image/png	431620
V0-L-beldonseye.gif	V0-L-beldonseye.gif	image/png	427233
V0-L-anakinskywalkerpadawanlearner.gif	V0-L-anakinskywalkerpadawanlearner.gif	image/png	393267
V0-L-antillesmaneuver.gif	V0-L-antillesmaneuver.gif	image/png	431645
V0-L-blasterrifle.gif	V0-L-blasterrifle.gif	image/png	431749
V0-L-captainrex501stlegion_ai.gif	V0-L-captainrex501stlegion_ai.gif	image/png	426711
V0-L-captainrex501stlegionholo_ai.gif	V0-L-captainrex501stlegionholo_ai.gif	image/png	416393
V0-L-bravofighter.gif	V0-L-bravofighter.gif	image/png	428022
V0-L-boosterinpulsarskate.gif	V0-L-boosterinpulsarskate.gif	image/png	450532
V0-L-captainrex501stlegion.gif	V0-L-captainrex501stlegion.gif	image/png	440279
V0-L-carefulplanning.gif	V0-L-carefulplanning.gif	image/png	428131
V0-L-captainyutaniwithblastercannon.gif	V0-L-captainyutaniwithblastercannon.gif	image/png	439305
V0-L-commandercody.gif	V0-L-commandercody.gif	image/png	420811
V0-L-chewie.gif	V0-L-chewie.gif	image/png	432942
V0-L-commandercody_ai.gif	V0-L-commandercody_ai.gif	image/png	420829
V0-L-commandernarra.gif	V0-L-commandernarra.gif	image/png	417007
V0-L-coruscantnightclub.gif	V0-L-coruscantnightclub.gif	image/png	409516
V0-L-commanderlukeskywalker.gif	V0-L-commanderlukeskywalker.gif	image/png	430783
V0-L-coruscantnightclub_ai.gif	V0-L-coruscantnightclub_ai.gif	image/png	310471
V0-L-daughterofskywalker.gif	V0-L-daughterofskywalker.gif	image/png	423501
V0-L-donttreadonme.gif	V0-L-donttreadonme.gif	image/png	417537
V0-L-derekhobbieklivian.gif	V0-L-derekhobbieklivian.gif	image/png	428066
V0-L-dorme.gif	V0-L-dorme.gif	image/png	439345
V0-L-downwiththeemperor.gif	V0-L-downwiththeemperor.gif	image/png	417706
V0-L-forluck.gif	V0-L-forluck.gif	image/png	412750
V0-L-foundsomeoneyouhave.gif	V0-L-foundsomeoneyouhave.gif	image/png	428728
V0-L-generalairencracken.gif	V0-L-generalairencracken.gif	image/png	422055
V0-L-generalsolo.gif	V0-L-generalsolo.gif	image/png	428942
V0-L-han.gif	V0-L-han.gif	image/png	407055
V0-L-goldleaderingold1.gif	V0-L-goldleaderingold1.gif	image/png	465276
V0-L-hansheavyblasterpistol.gif	V0-L-hansheavyblasterpistol.gif	image/png	437884
V0-L-harcseff.gif	V0-L-harcseff.gif	image/png	405604
V0-L-idontlikesand.gif	V0-L-idontlikesand.gif	image/png	385045
V0-L-impressivemostimpressive.gif	V0-L-impressivemostimpressive.gif	image/png	385354
V0-L-imustbeallowedtospeak.gif	V0-L-imustbeallowedtospeak.gif	image/png	398087
V0-L-idontlikesand_ai.gif	V0-L-idontlikesand_ai.gif	image/png	361603
V0-L-imustbeallowedtospeak_ai.gif	V0-L-imustbeallowedtospeak_ai.gif	image/png	316443
V0-L-jedilevitation.gif	V0-L-jedilevitation.gif	image/png	414213
V0-L-leesubsirln.gif	V0-L-leesubsirln.gif	image/png	439497
V0-L-leia.gif	V0-L-leia.gif	image/png	414595
V0-L-klorslug.gif	V0-L-klorslug.gif	image/png	403817
V0-L-lobot.gif	V0-L-lobot.gif	image/png	406109
V0-L-lukeskywalker.gif	V0-L-lukeskywalker.gif	image/png	412791
V0-L-lukesbionichand.gif	V0-L-lukesbionichand.gif	image/png	414834
V0-L-lukeskywalkerrebelscout.gif	V0-L-lukeskywalkerrebelscout.gif	image/png	414862
V0-L-lukeskywalker_ai.gif	V0-L-lukeskywalker_ai.gif	image/png	418371
V0-L-madakorinradiantvii.gif	V0-L-madakorinradiantvii.gif	image/png	419184
V0-L-maneuveringflaps.gif	V0-L-maneuveringflaps.gif	image/png	391780
V0-L-masterquigon.gif	V0-L-masterquigon.gif	image/png	426484
V0-L-masterquigon_ai.gif	V0-L-masterquigon_ai.gif	image/png	427351
V0-L-narshaddaa.gif	V0-L-narshaddaa.gif	image/png	396664
V0-L-moncalamaridockyards.gif	V0-L-moncalamaridockyards.gif	image/png	408256
V0-L-obiwankenobipadawanlearner.gif	V0-L-obiwankenobipadawanlearner.gif	image/png	413494
V0-L-narshaddaa_ai.gif	V0-L-narshaddaa_ai.gif	image/png	350117
V0-L-obiwankenobipadawanlearner_ai.gif	V0-L-obiwankenobipadawanlearner_ai.gif	image/png	423660
V0-L-overseer.gif	V0-L-overseer.gif	image/png	416558
V0-L-putthatdown.gif	V0-L-putthatdown.gif	image/png	418543
V0-L-r3poarthreepio.gif	V0-L-r3poarthreepio.gif	image/png	456664
V0-L-red1.gif	V0-L-red1.gif	image/png	439748
V0-L-red8.gif	V0-L-red8.gif	image/png	457117
V0-L-saitorrkalfas.gif	V0-L-saitorrkalfas.gif	image/png	415288
V0-L-starshiplevitation.gif	V0-L-starshiplevitation.gif	image/png	426516
V0-L-strikeforce.gif	V0-L-strikeforce.gif	image/png	433622
V0-L-themythrolback.gif	V0-L-themythrolback.gif	image/png	414600
V0-L-wedgeinredsquadron1.gif	V0-L-wedgeinredsquadron1.gif	image/png	442773
V0-L-themythrolfront.gif	V0-L-themythrolfront.gif	image/png	467384
V1-D-accordingtomydesign.gif	V1-D-accordingtomydesign.gif	image/png	321831
V0-L-wokling.gif	V0-L-wokling.gif	image/png	438874
V1-D-adarktimefortherebellion.gif	V1-D-adarktimefortherebellion.gif	image/png	311287
V1-D-coldfeet.gif	V1-D-coldfeet.gif	image/png	310652
V1-D-colonelwullfyularen.gif	V1-D-colonelwullfyularen.gif	image/png	344826
V1-D-corporalvandolay.gif	V1-D-corporalvandolay.gif	image/png	350591
V1-D-despair.gif	V1-D-despair.gif	image/png	275751
V1-D-coruscantimperialcity.gif	V1-D-coruscantimperialcity.gif	image/png	375996
V1-D-endorshield.gif	V1-D-endorshield.gif	image/png	289290
V1-D-imperialenforcement.gif	V1-D-imperialenforcement.gif	image/png	292366
V1-D-imperialentanglements.gif	V1-D-imperialentanglements.gif	image/png	292604
V1-D-jabbashaven.gif	V1-D-jabbashaven.gif	image/png	283270
V1-D-jangofett_ai.gif	V1-D-jangofett_ai.gif	image/png	343607
V1-D-ltpoltreidum.gif	V1-D-ltpoltreidum.gif	image/png	348050
V1-D-ngokwarbeast.gif	V1-D-ngokwarbeast.gif	image/png	299349
V1-D-jangofett.gif	V1-D-jangofett.gif	image/png	335750
V1-D-noonetostopusthistime.gif	V1-D-noonetostopusthistime.gif	image/png	313035
V1-D-slaveisymboloffear.gif	V1-D-slaveisymboloffear.gif	image/png	303977
V1-D-djaspuhr.gif	V1-D-djaspuhr.gif	image/png	353236
V1-D-slaveisymboloffear_ai.gif	V1-D-slaveisymboloffear_ai.gif	image/png	324333
V1-D-stalker.gif	V1-D-stalker.gif	image/png	381878
V1-D-turnitoffturnitoff.gif	V1-D-turnitoffturnitoff.gif	image/png	280207
V1-D-tiesentryships.gif	V1-D-tiesentryships.gif	image/png	318088
V1-D-wooof.gif	V1-D-wooof.gif	image/png	355265
V1-L-anewsecretbase.gif	V1-L-anewsecretbase.gif	image/png	390227
V1-L-anoat.gif	V1-L-anoat.gif	image/png	300542
V1-L-ascensionguns.gif	V1-L-ascensionguns.gif	image/png	405405
V1-L-dashinrogue12.gif	V1-L-dashinrogue12.gif	image/png	410560
V1-L-escapepod.gif	V1-L-escapepod.gif	image/png	434452
V1-L-greenleaderingreensquadron1.gif	V1-L-greenleaderingreensquadron1.gif	image/png	429702
V1-L-landocalrissian.gif	V1-L-landocalrissian.gif	image/png	371694
V1-L-greenleaderingreensquadron1_ai.gif	V1-L-greenleaderingreensquadron1_ai.gif	image/png	415578
V1-L-hearmebabyholdtogether.gif	V1-L-hearmebabyholdtogether.gif	image/png	421326
V1-L-macewindu_ai3.gif	V1-L-macewindu_ai3.gif	image/png	415184
V1-L-macewinduslightsaber.gif	V1-L-macewinduslightsaber.gif	image/png	436468
V1-L-macewindu_ai2.gif	V1-L-macewindu_ai2.gif	image/png	402822
V1-L-macewindu.gif	V1-L-macewindu.gif	image/png	397399
V1-L-macewindu_ai.gif	V1-L-macewindu_ai.gif	image/png	415222
V1-L-melas.gif	V1-L-melas.gif	image/png	394628
V1-L-nabootheedpalacehallway.gif	V1-L-nabootheedpalacehallway.gif	image/png	388855
V1-L-obiwankenobi.gif	V1-L-obiwankenobi.gif	image/png	409275
V1-L-princessleia.gif	V1-L-princessleia.gif	image/png	406766
V1-L-perimeterscan.gif	V1-L-perimeterscan.gif	image/png	398549
V1-L-macewinduslightsaber_ai.gif	V1-L-macewinduslightsaber_ai.gif	image/png	413201
V1-L-r2d2.gif	V1-L-r2d2.gif	image/png	446171
V1-L-r2d2_ai.gif	V1-L-r2d2_ai.gif	image/png	441601
V1-L-tantiveiv_ai.gif	V1-L-tantiveiv_ai.gif	image/png	424744
V1-L-seekinganaudience.gif	V1-L-seekinganaudience.gif	image/png	400135
V1-L-sabotage.gif	V1-L-sabotage.gif	image/png	410373
V1-L-tantiveiv.gif	V1-L-tantiveiv.gif	image/png	421858
V10-D-black3.gif	V10-D-black3.gif	image/png	340187
V1-L-yane.gif	V1-L-yane.gif	image/png	411542
V10-D-commanderbrandei.gif	V10-D-commanderbrandei.gif	image/png	367127
V10-D-ineveraskthatquestion.gif	V10-D-ineveraskthatquestion.gif	image/png	279426
V10-D-kylorenstiesilencer.gif	V10-D-kylorenstiesilencer.gif	image/png	261200
V10-D-deathstarreactorterminal.gif	V10-D-deathstarreactorterminal.gif	image/png	294300
V10-D-marquandinblizzard6.gif	V10-D-marquandinblizzard6.gif	image/png	330723
V10-D-jabbasspacecruiser.gif	V10-D-jabbasspacecruiser.gif	image/png	359123
V10-D-mustafar.gif	V10-D-mustafar.gif	image/png	225411
V10-D-insignificantrebellion.gif	V10-D-insignificantrebellion.gif	image/png	327904
V10-D-silenceisgolden.gif	V10-D-silenceisgolden.gif	image/png	279078
V10-D-ootagootasolo.gif	V10-D-ootagootasolo.gif	image/png	293144
V10-D-thedarkpath.gif	V10-D-thedarkpath.gif	image/png	303009
V10-D-thegrandinquisitor.gif	V10-D-thegrandinquisitor.gif	image/png	332469
V10-D-nutegunray.gif	V10-D-nutegunray.gif	image/png	352564
V10-D-thegrandinquisitor_ai.gif	V10-D-thegrandinquisitor_ai.gif	image/png	351847
V1-L-welltakethelongway.gif	V1-L-welltakethelongway.gif	image/png	431879
V10-L-ahchtosaddle.gif	V10-L-ahchtosaddle.gif	image/png	312243
V10-L-anakinslightsaber.gif	V10-L-anakinslightsaber.gif	image/png	419330
V10-L-ambush.gif	V10-L-ambush.gif	image/png	412799
V10-L-anakinslightsaber_ai.gif	V10-L-anakinslightsaber_ai.gif	image/png	420748
V10-L-ahchtosaddle_ai.gif	V10-L-ahchtosaddle_ai.gif	image/png	340479
V10-L-bluesquadron1.gif	V10-L-bluesquadron1.gif	image/png	434762
V10-L-boshekgrittysmuggler.gif	V10-L-boshekgrittysmuggler.gif	image/png	413835
V10-L-ancientwateringhole.gif	V10-L-ancientwateringhole.gif	image/png	401226
V10-L-clonesquadleader.gif	V10-L-clonesquadleader.gif	image/png	453307
V10-L-dashrendar.gif	V10-L-dashrendar.gif	image/png	406068
V10-L-clonetrooper.gif	V10-L-clonetrooper.gif	image/png	454874
V10-L-dutch.gif	V10-L-dutch.gif	image/png	446801
V10-L-ezrabridger.gif	V10-L-ezrabridger.gif	image/png	399928
V10-L-hothmainpowergenerators.gif	V10-L-hothmainpowergenerators.gif	image/png	395822
V10-L-jedibusiness.gif	V10-L-jedibusiness.gif	image/png	393454
V10-L-itstrueallofit.gif	V10-L-itstrueallofit.gif	image/png	412085
V10-L-jedibusiness_ai.gif	V10-L-jedibusiness_ai.gif	image/png	386303
V10-L-kitfisto.gif	V10-L-kitfisto.gif	image/png	416009
V10-L-jedimindtrick.gif	V10-L-jedimindtrick.gif	image/png	377843
V10-L-lukeskywalkerthelastjedi.gif	V10-L-lukeskywalkerthelastjedi.gif	image/png	421509
V10-L-lukeskywalkerthelastjedi_ai.gif	V10-L-lukeskywalkerthelastjedi_ai.gif	image/png	423104
V10-L-kitfisto_ai.gif	V10-L-kitfisto_ai.gif	image/png	410323
V10-L-paploo.gif	V10-L-paploo.gif	image/png	399846
V10-L-partofthetribe.gif	V10-L-partofthetribe.gif	image/png	419865
V10-L-plokoon.gif	V10-L-plokoon.gif	image/png	404973
V10-L-plokoon_ai.gif	V10-L-plokoon_ai.gif	image/png	412521
V10-L-quiteamercenary.gif	V10-L-quiteamercenary.gif	image/png	398675
V10-L-thehyperdrivegeneratorsgone.gif	V10-L-thehyperdrivegeneratorsgone.gif	image/png	398876
V10-L-wellneedanewone.gif	V10-L-wellneedanewone.gif	image/png	405210
V11-D-alwaystwothereare.gif	V11-D-alwaystwothereare.gif	image/png	284557
V11-D-avaluablehostage.gif	V11-D-avaluablehostage.gif	image/png	284581
V11-D-coruscant500republica.gif	V11-D-coruscant500republica.gif	image/png	322276
V11-D-carbonitechamberconsole.gif	V11-D-carbonitechamberconsole.gif	image/png	301425
V11-D-coruscantprivateplatform.gif	V11-D-coruscantprivateplatform.gif	image/png	406181
V11-D-darkjedilightsaber.gif	V11-D-darkjedilightsaber.gif	image/png	317167
V11-D-dqar.gif	V11-D-dqar.gif	image/png	361207
V11-D-hesallyoursbountyhunter.gif	V11-D-hesallyoursbountyhunter.gif	image/png	294049
V10-L-v4xdskispeeder.gif	V10-L-v4xdskispeeder.gif	image/png	445263
V11-D-insidiousprisoner.gif	V11-D-insidiousprisoner.gif	image/png	298441
V11-D-igmagnaguard.gif	V11-D-igmagnaguard.gif	image/png	331986
V11-D-invisiblehand.gif	V11-D-invisiblehand.gif	image/png	286727
V11-D-invisiblehand_ai.gif	V11-D-invisiblehand_ai.gif	image/png	338322
V11-D-astunningmove.gif	V11-D-astunningmove.gif	image/png	265821
V11-D-invisiblehandbridge.gif	V11-D-invisiblehandbridge.gif	image/png	337413
V11-D-invisiblehanddockingbay.gif	V11-D-invisiblehanddockingbay.gif	image/png	315593
V11-D-invisiblehandhallway328.gif	V11-D-invisiblehandhallway328.gif	image/png	359727
V11-D-invisiblehandobservatoryentrance.gif	V11-D-invisiblehandobservatoryentrance.gif	image/png	350353
V11-D-ladyproxima.gif	V11-D-ladyproxima.gif	image/png	364279
V11-D-mitthrawnuruodo.gif	V11-D-mitthrawnuruodo.gif	image/png	361540
V11-D-prideoftheempire.gif	V11-D-prideoftheempire.gif	image/png	283542
V11-D-ltpoldinlehuse.gif	V11-D-ltpoldinlehuse.gif	image/png	365614
V11-D-quietlyobserving.gif	V11-D-quietlyobserving.gif	image/png	297646
V11-D-reeyees.gif	V11-D-reeyees.gif	image/png	355551
V11-D-sebulba.gif	V11-D-sebulba.gif	image/png	360515
V11-D-sebulba_ai.gif	V11-D-sebulba_ai.gif	image/png	363064
V11-D-tradefederationtactics.gif	V11-D-tradefederationtactics.gif	image/png	296127
V11-D-vadersanger.gif	V11-D-vadersanger.gif	image/png	288678
V11-D-twilekadvisor.gif	V11-D-twilekadvisor.gif	image/png	282719
V11-D-sergeantnarthaxwithewebblaster.gif	V11-D-sergeantnarthaxwithewebblaster.gif	image/png	363507
V11-D-vengeance.gif	V11-D-vengeance.gif	image/png	362923
V11-L-ahchto.gif	V11-L-ahchto.gif	image/png	197553
V11-L-ahchtojeditemple.gif	V11-L-ahchtojeditemple.gif	image/png	387359
V11-L-ahchtocliffs.gif	V11-L-ahchtocliffs.gif	image/png	394754
V11-L-ahchtojedivillage.gif	V11-L-ahchtojedivillage.gif	image/png	399919
V11-L-bb8inblacksquadron1_ai.gif	V11-L-bb8inblacksquadron1_ai.gif	image/png	399852
V11-L-beldonseyeallmyurchins.gif	V11-L-beldonseyeallmyurchins.gif	image/png	405450
V11-L-ahchtolukeshut.gif	V11-L-ahchtolukeshut.gif	image/png	390091
V11-L-bb8inblacksquadron1.gif	V11-L-bb8inblacksquadron1.gif	image/png	434162
V11-L-cloningcylinders.gif	V11-L-cloningcylinders.gif	image/png	394181
V11-L-ahsokatano.gif	V11-L-ahsokatano.gif	image/png	411234
V11-L-commandervandenwillard.gif	V11-L-commandervandenwillard.gif	image/png	422531
V11-L-kamino.gif	V11-L-kamino.gif	image/png	249899
V11-L-forceprojection.gif	V11-L-forceprojection.gif	image/png	420484
V11-L-cyborgconstruct.gif	V11-L-cyborgconstruct.gif	image/png	384156
V11-L-jedilightsaber_ai.gif	V11-L-jedilightsaber_ai.gif	image/png	410896
V11-L-jedilightsaber.gif	V11-L-jedilightsaber.gif	image/png	436530
V11-L-kaminoclonetrainingcenter.gif	V11-L-kaminoclonetrainingcenter.gif	image/png	369430
V11-L-kaminoclonebirthingcenter.gif	V11-L-kaminoclonebirthingcenter.gif	image/png	368981
V11-L-libertine.gif	V11-L-libertine.gif	image/png	418339
V11-L-maketenmenfeellikeahundred.gif	V11-L-maketenmenfeellikeahundred.gif	image/png	426753
V11-L-mazscastlehiddenrecess.gif	V11-L-mazscastlehiddenrecess.gif	image/png	376049
V11-L-squadronassignments.gif	V11-L-squadronassignments.gif	image/png	417127
V11-L-seeyouaroundkid.gif	V11-L-seeyouaroundkid.gif	image/png	396951
V11-L-rendezvouspointontatooine.gif	V11-L-rendezvouspointontatooine.gif	image/png	405362
V11-L-mazscastleantechamber.gif	V11-L-mazscastleantechamber.gif	image/png	375453
V11-L-rebeltrooperreinforcements.gif	V11-L-rebeltrooperreinforcements.gif	image/png	445760
V11-L-mazkanata.gif	V11-L-mazkanata.gif	image/png	397323
V11-L-takodana.gif	V11-L-takodana.gif	image/png	216089
V11-L-viceadmiralholdo.gif	V11-L-viceadmiralholdo.gif	image/png	414789
V11-L-thegalaxymayneedalegend.gif	V11-L-thegalaxymayneedalegend.gif	image/png	404830
V11-L-weneedlukeskywalker.gif	V11-L-weneedlukeskywalker.gif	image/png	378004
V11-L-tallielintrainblue1.gif	V11-L-tallielintrainblue1.gif	image/png	425609
V11-L-whereshan.gif	V11-L-whereshan.gif	image/png	396712
V11-L-takodanamazscastle.gif	V11-L-takodanamazscastle.gif	image/png	372451
V11-L-yavin4.gif	V11-L-yavin4.gif	image/png	325123
V12-D-admiraltrench.gif	V12-D-admiraltrench.gif	image/png	355276
V12-D-allegiantgeneralpryde.gif	V12-D-allegiantgeneralpryde.gif	image/png	371813
V12-D-admiraltrenchholo_ai.gif	V12-D-admiraltrenchholo_ai.gif	image/png	334303
V12-D-aurrasingwithblasterrifle_ai2.gif	V12-D-aurrasingwithblasterrifle_ai2.gif	image/png	345462
V12-D-aurrasingwithblasterrifle.gif	V12-D-aurrasingwithblasterrifle.gif	image/png	356964
V12-D-aurrasingwithblasterrifle_ai.gif	V12-D-aurrasingwithblasterrifle_ai.gif	image/png	353829
V12-D-eviliseverywhere.gif	V12-D-eviliseverywhere.gif	image/png	283005
V12-D-moffgideon.gif	V12-D-moffgideon.gif	image/png	314867
V13-D-admiralozzel.gif	V13-D-admiralozzel.gif	image/png	350182
V13-D-alawlesstime.gif	V13-D-alawlesstime.gif	image/png	278564
V13-D-crimsondawnblaster.gif	V13-D-crimsondawnblaster.gif	image/png	327593
V13-D-blacksunblaster.gif	V13-D-blacksunblaster.gif	image/png	332130
V13-D-alawlesstime_ai.gif	V13-D-alawlesstime_ai.gif	image/png	325517
V13-D-darthtyranus.gif	V13-D-darthtyranus.gif	image/png	346347
V12-D-slipslidingaway.gif	V12-D-slipslidingaway.gif	image/png	320275
V13-D-dathomirmaulschambers.gif	V13-D-dathomirmaulschambers.gif	image/png	335506
V13-D-darthtyranus_ai.gif	V13-D-darthtyranus_ai.gif	image/png	336482
V13-D-eighthbrother.gif	V13-D-eighthbrother.gif	image/png	342373
V13-D-dathomirmaulschambers_ai.gif	V13-D-dathomirmaulschambers_ai.gif	image/png	359071
V13-D-drydenvos.gif	V13-D-drydenvos.gif	image/png	325020
V13-D-executorcontrolstation.gif	V13-D-executorcontrolstation.gif	image/png	330476
V13-D-aemongremmwithpercussivecannon.gif	V13-D-aemongremmwithpercussivecannon.gif	image/png	360670
V13-D-farmorefrighteningthandeath.gif	V13-D-farmorefrighteningthandeath.gif	image/png	281778
V13-D-fifthbrother.gif	V13-D-fifthbrother.gif	image/png	306720
V13-D-firstlightbar.gif	V13-D-firstlightbar.gif	image/png	333189
V13-D-firstlightreceptionarea.gif	V13-D-firstlightreceptionarea.gif	image/png	307828
V13-D-huntdownanddestroythejedi.gif	V13-D-huntdownanddestroythejedi.gif	image/png	302500
V13-D-firstlightdrydensstudy.gif	V13-D-firstlightdrydensstudy.gif	image/png	318796
V13-D-hylobonenforcer.gif	V13-D-hylobonenforcer.gif	image/png	365838
V13-D-id9probedroid.gif	V13-D-id9probedroid.gif	image/png	374244
V13-D-imperialcodecylinder.gif	V13-D-imperialcodecylinder.gif	image/png	303324
V13-D-ineveraskforanythingtwice.gif	V13-D-ineveraskforanythingtwice.gif	image/png	302215
V13-D-ivebeensearchingforyouforsometime_ai.gif	V13-D-ivebeensearchingforyouforsometime_ai.gif	image/png	297864
V13-D-ivebeensearchingforyouforsometime.gif	V13-D-ivebeensearchingforyouforsometime.gif	image/png	288494
V13-D-malachorsithtempleupperchamber.gif	V13-D-malachorsithtempleupperchamber.gif	image/png	341179
V13-D-malachorsithtempleentrance.gif	V13-D-malachorsithtempleentrance.gif	image/png	375067
V13-D-margo.gif	V13-D-margo.gif	image/png	338329
V13-D-maul.gif	V13-D-maul.gif	image/png	339250
V13-D-maul_ai.gif	V13-D-maul_ai.gif	image/png	340970
V13-D-ninthsister.gif	V13-D-ninthsister.gif	image/png	330791
V13-D-planetaryrings.gif	V13-D-planetaryrings.gif	image/png	306595
V13-D-seventhsister.gif	V13-D-seventhsister.gif	image/png	350141
V13-D-shadowcollective.gif	V13-D-shadowcollective.gif	image/png	311473
V13-D-therearemanyhuntingyounow.gif	V13-D-therearemanyhuntingyounow.gif	image/png	269466
V13-D-theirfirehasgoneoutoftheuniverse.gif	V13-D-theirfirehasgoneoutoftheuniverse.gif	image/png	305431
V13-D-visageoftheemperor.gif	V13-D-visageoftheemperor.gif	image/png	308161
V13-D-wakeelmui.gif	V13-D-wakeelmui.gif	image/png	350937
V13-D-workingmuchmoreclosely.gif	V13-D-workingmuchmoreclosely.gif	image/png	290860
V13-L-corellia.gif	V13-L-corellia.gif	image/png	211874
V13-L-captainlandocalrissian.gif	V13-L-captainlandocalrissian.gif	image/png	402590
V13-D-youknowwhoianswerto.gif	V13-D-youknowwhoianswerto.gif	image/png	273302
V13-L-anakinskywalker.gif	V13-L-anakinskywalker.gif	image/png	410166
V13-L-chewbacca.gif	V13-L-chewbacca.gif	image/png	417920
V13-L-deathstariichasmwalkway.gif	V13-L-deathstariichasmwalkway.gif	image/png	374194
V13-L-hansdice.gif	V13-L-hansdice.gif	image/png	409967
V13-L-hansolo.gif	V13-L-hansolo.gif	image/png	396652
V13-L-hesthebestsmuggleraround.gif	V13-L-hesthebestsmuggleraround.gif	image/png	363233
V13-L-kessel.gif	V13-L-kessel.gif	image/png	329084
V13-L-ivegotareallygoodfeelingaboutthis.gif	V13-L-ivegotareallygoodfeelingaboutthis.gif	image/png	423373
V13-L-kesselrun.gif	V13-L-kesselrun.gif	image/png	394485
V13-L-l337.gif	V13-L-l337.gif	image/png	439325
V13-L-leiasresistancetransport.gif	V13-L-leiasresistancetransport.gif	image/png	436339
V13-L-leiasresistancetransport_ai.gif	V13-L-leiasresistancetransport_ai.gif	image/gif	376846
V13-L-meditation.gif	V13-L-meditation.gif	image/png	389341
V13-L-quigonjinnserenejedi.gif	V13-L-quigonjinnserenejedi.gif	image/png	418094
V13-L-qira_ai.gif	V13-L-qira_ai.gif	image/png	386670
V13-L-riodurant.gif	V13-L-riodurant.gif	image/png	401106
V13-L-qira.gif	V13-L-qira.gif	image/png	396414
V14-D-darksaber.gif	V14-D-darksaber.gif	image/png	309222
V14-D-bestoonlegacy.gif	V14-D-bestoonlegacy.gif	image/png	317356
V14-D-altercollateraldamage.gif	V14-D-altercollateraldamage.gif	image/png	341264
V13-L-rock.gif	V13-L-rock.gif	image/png	425782
V13-L-val.gif	V13-L-val.gif	image/png	408985
V13-L-savareenstandoff.gif	V13-L-savareenstandoff.gif	image/png	397913
V13-L-yodamasteroftheforce.gif	V13-L-yodamasteroftheforce.gif	image/png	434176
V13-L-tobiasbeckett.gif	V13-L-tobiasbeckett.gif	image/png	414177
V14-D-darksaber_ai.gif	V14-D-darksaber_ai.gif	image/png	325590
V14-D-kijimids.gif	V14-D-kijimids.gif	image/png	283705
V14-D-palpatineemperorreturned_ai.gif	V14-D-palpatineemperorreturned_ai.gif	image/png	357205
V14-D-ochi.gif	V14-D-ochi.gif	image/png	352443
V14-D-intimidatorpersecutor.gif	V14-D-intimidatorpersecutor.gif	image/png	350952
V14-D-palpatineemperorreturned.gif	V14-D-palpatineemperorreturned.gif	image/png	339241
V14-D-exegolsiththrone.gif	V14-D-exegolsiththrone.gif	image/png	373013
V14-D-steadfast.gif	V14-D-steadfast.gif	image/png	342498
V14-D-steadfast_ai.gif	V14-D-steadfast_ai.gif	image/gif	408424
V14-D-thedeadspeak.gif	V14-D-thedeadspeak.gif	image/png	290192
V14-D-thefirstorderwasjustthebeginning.gif	V14-D-thefirstorderwasjustthebeginning.gif	image/png	303289
V14-D-theclient.gif	V14-D-theclient.gif	image/png	329166
V14-L-ahsokasshotolightsaber.gif	V14-L-ahsokasshotolightsaber.gif	image/png	392440
V14-L-alterfriendlyfire.gif	V14-L-alterfriendlyfire.gif	image/png	425135
V14-L-arc170starfighter.gif	V14-L-arc170starfighter.gif	image/png	418128
V14-L-beaumontkin.gif	V14-L-beaumontkin.gif	image/png	433603
V14-L-corporalpao.gif	V14-L-corporalpao.gif	image/png	443143
V14-L-dindjarin.gif	V14-L-dindjarin.gif	image/png	393788
V14-L-endorchiefchirpashut.gif	V14-L-endorchiefchirpashut.gif	image/png	389780
V14-L-ouronlyhope.gif	V14-L-ouronlyhope.gif	image/png	409899
V14-L-dindjarin_ai.gif	V14-L-dindjarin_ai.gif	image/png	411389
V14-L-plokoonsjedistarfighter.gif	V14-L-plokoonsjedistarfighter.gif	image/png	428865
V14-L-plokoonsjedistarfighter_ai.gif	V14-L-plokoonsjedistarfighter_ai.gif	image/png	445182
V14-L-reyallofthejedi.gif	V14-L-reyallofthejedi.gif	image/png	408211
V15-D-admiralpiett.gif	V15-D-admiralpiett.gif	image/png	367955
V14-L-reyallofthejedi_ai.gif	V14-L-reyallofthejedi_ai.gif	image/png	419607
V15-D-dannikjerriko.gif	V15-D-dannikjerriko.gif	image/png	365561
V15-D-rukh.gif	V15-D-rukh.gif	image/png	356072
V15-D-emperorsorders.gif	V15-D-emperorsorders.gif	image/png	271143
V15-D-ubrikkianindustries.gif	V15-D-ubrikkianindustries.gif	image/png	299891
V15-D-blizzard8.gif	V15-D-blizzard8.gif	image/png	329326
V15-L-apowerloss.gif	V15-L-apowerloss.gif	image/png	404263
V15-L-apowerloss_ai.gif	V15-L-apowerloss_ai.gif	image/png	417051
V15-L-c3po.gif	V15-L-c3po.gif	image/png	444726
V15-L-calkestis.gif	V15-L-calkestis.gif	image/png	409527
V15-L-deathstarcentralcore.gif	V15-L-deathstarcentralcore.gif	image/png	379498
V15-L-deathstarhangar327.gif	V15-L-deathstarhangar327.gif	image/png	387459
V15-L-cell2187.gif	V15-L-cell2187.gif	image/png	403232
V15-L-deathstartrashcompactor.gif	V15-L-deathstartrashcompactor.gif	image/png	420459
V15-L-deathstardetentionblockcorridor.gif	V15-L-deathstardetentionblockcorridor.gif	image/png	397879
V15-L-fortherepublic.gif	V15-L-fortherepublic.gif	image/png	413227
V15-L-jannah.gif	V15-L-jannah.gif	image/png	420146
V15-L-kashyyykforestdepths.gif	V15-L-kashyyykforestdepths.gif	image/png	407127
V15-L-kashyyykkachirho.gif	V15-L-kashyyykkachirho.gif	image/png	386674
V15-L-hansolooptimisticgeneral.gif	V15-L-hansolooptimisticgeneral.gif	image/png	410622
V15-L-larmadacy.gif	V15-L-larmadacy.gif	image/png	411280
V15-L-letthewookieewin.gif	V15-L-letthewookieewin.gif	image/png	443620
V15-L-oddballstorrentstarfighter.gif	V15-L-oddballstorrentstarfighter.gif	image/png	398316
V15-L-rescuetheprincess.gif	V15-L-rescuetheprincess.gif	image/png	421698
V15-L-slightweaponsmalfunction.gif	V15-L-slightweaponsmalfunction.gif	image/png	424695
V15-L-sometimesiamazeevenmyself.gif	V15-L-sometimesiamazeevenmyself.gif	image/png	434576
V16-D-alienmob.gif	V16-D-alienmob.gif	image/png	346370
V15-L-stolenstormtrooperblasterrifle.gif	V15-L-stolenstormtrooperblasterrifle.gif	image/png	453554
V16-D-asithlegend.gif	V16-D-asithlegend.gif	image/png	292009
V15-L-uncivilizedblaster.gif	V15-L-uncivilizedblaster.gif	image/png	421886
V15-L-tk422.gif	V15-L-tk422.gif	image/png	345320
V16-D-avenger.gif	V16-D-avenger.gif	image/png	358352
V16-D-coruscanttheworks.gif	V16-D-coruscanttheworks.gif	image/png	382204
V16-D-coruscanttheworks_ai.gif	V16-D-coruscanttheworks_ai.gif	image/png	429858
V16-D-darthvaderbetrayerofthejedi.gif	V16-D-darthvaderbetrayerofthejedi.gif	image/png	334728
V16-D-darthvaderbetrayerofthejedi_ai.gif	V16-D-darthvaderbetrayerofthejedi_ai.gif	image/png	343156
V16-D-deathstar.gif	V16-D-deathstar.gif	image/png	364480
V16-D-deathstar_ai.gif	V16-D-deathstar_ai.gif	image/png	372190
V16-D-devastator.gif	V16-D-devastator.gif	image/png	360100
V16-D-naboo.gif	V16-D-naboo.gif	image/png	368534
V16-D-mustafarprivateplatformdockingbay.gif	V16-D-mustafarprivateplatformdockingbay.gif	image/png	353284
V16-D-onthevergeofgreatness.gif	V16-D-onthevergeofgreatness.gif	image/png	339320
V16-D-scarifbeach.gif	V16-D-scarifbeach.gif	image/png	333638
V16-D-projectivetelepathy.gif	V16-D-projectivetelepathy.gif	image/png	297249
V16-D-scarif.gif	V16-D-scarif.gif	image/png	319385
V16-D-scarifcitadeltower.gif	V16-D-scarifcitadeltower.gif	image/png	409885
V16-D-scarifcommandcenter.gif	V16-D-scarifcommandcenter.gif	image/png	377326
V16-D-superlaser.gif	V16-D-superlaser.gif	image/png	357058
V16-D-shieldgate.gif	V16-D-shieldgate.gif	image/png	313519
V16-D-scariflandingpadfivedockingbay.gif	V16-D-scariflandingpadfivedockingbay.gif	image/png	356769
V16-D-takingcontroloftheweapon.gif	V16-D-takingcontroloftheweapon.gif	image/png	272915
V16-L-anakinskywalkerjediknight.gif	V16-L-anakinskywalkerjediknight.gif	image/png	406249
V16-L-alienrabble.gif	V16-L-alienrabble.gif	image/png	422804
V16-L-anakinskywalkerjediknight_ai.gif	V16-L-anakinskywalkerjediknight_ai.gif	image/png	397004
V16-L-bowcaster.gif	V16-L-bowcaster.gif	image/png	452692
V16-L-chewbaccadefenderofkashyyyk.gif	V16-L-chewbaccadefenderofkashyyyk.gif	image/png	431677
V16-L-communing.gif	V16-L-communing.gif	image/png	411612
V16-L-coruscantjeditemplemeditationroom.gif	V16-L-coruscantjeditemplemeditationroom.gif	image/png	332387
V16-L-coruscantjeditemplemeditationroom_ai.gif	V16-L-coruscantjeditemplemeditationroom_ai.gif	image/png	364741
V16-L-dagobahyodashut_ai.gif	V16-L-dagobahyodashut_ai.gif	image/gif	392638
V16-L-dagobahyodashut.gif	V16-L-dagobahyodashut.gif	image/png	400508
V16-L-figrindanthemodalnodes.gif	V16-L-figrindanthemodalnodes.gif	image/png	393960
V16-L-freerideendorcelebration.gif	V16-L-freerideendorcelebration.gif	image/png	418979
V16-L-grogu.gif	V16-L-grogu.gif	image/png	404712
V16-L-heavyinfantrymandalorian.gif	V16-L-heavyinfantrymandalorian.gif	image/png	388679
V16-L-iampartofthelivingforce.gif	V16-L-iampartofthelivingforce.gif	image/png	402398
V16-L-jediholocron.gif	V16-L-jediholocron.gif	image/png	401200
V16-L-kashyyyksacredfallsforest.gif	V16-L-kashyyyksacredfallsforest.gif	image/png	423914
V16-L-offworldjawas.gif	V16-L-offworldjawas.gif	image/png	410358
V16-L-landoherooftherebellion.gif	V16-L-landoherooftherebellion.gif	image/png	387106
V16-L-ketwol.gif	V16-L-ketwol.gif	image/png	407458
V16-L-masterkenobi.gif	V16-L-masterkenobi.gif	image/png	386033
V16-L-masterquigonjinnanoldfriend.gif	V16-L-masterquigonjinnanoldfriend.gif	image/png	397027
V16-L-kashyyykworksettlement121.gif	V16-L-kashyyykworksettlement121.gif	image/png	386183
V16-L-masteryoda.gif	V16-L-masteryoda.gif	image/png	408614
V16-L-thisiswherethefunbegins.gif	V16-L-thisiswherethefunbegins.gif	image/png	378677
V16-L-tatooineobiwanshut_ai.gif	V16-L-tatooineobiwanshut_ai.gif	image/gif	323966
V16-L-paigetico.gif	V16-L-paigetico.gif	image/png	409335
V16-L-wookieeguide.gif	V16-L-wookieeguide.gif	image/png	415565
V16-L-tatooineobiwanshut.gif	V16-L-tatooineobiwanshut.gif	image/png	370505
V16-L-tarfful.gif	V16-L-tarfful.gif	image/png	437192
V16-L-wookieeroar.gif	V16-L-wookieeroar.gif	image/png	418587
V17-D-aneffectivedemonstration.gif	V17-D-aneffectivedemonstration.gif	image/png	269138
V17-D-blastdoorcontrols.gif	V17-D-blastdoorcontrols.gif	image/png	324312
V16-L-wookieewarrior.gif	V16-L-wookieewarrior.gif	image/png	442709
V17-D-blizzard1.gif	V17-D-blizzard1.gif	image/png	340534
V17-D-bb9e.gif	V17-D-bb9e.gif	image/png	351895
V16-L-yarua.gif	V16-L-yarua.gif	image/png	448122
V17-D-beginlandingyourtroopsfightersstraightahead.gif	V17-D-beginlandingyourtroopsfightersstraightahead.gif	image/png	344625
V17-D-burg.gif	V17-D-burg.gif	image/png	341462
V17-D-captainneeda.gif	V17-D-captainneeda.gif	image/png	368559
V17-D-deputydirectorharusison.gif	V17-D-deputydirectorharusison.gif	image/png	319817
V17-D-eriadu.gif	V17-D-eriadu.gif	image/png	374539
V17-D-coruscantguard.gif	V17-D-coruscantguard.gif	image/png	368260
V17-D-garsaxon.gif	V17-D-garsaxon.gif	image/png	350930
V17-D-grummgar.gif	V17-D-grummgar.gif	image/png	355467
V16-L-wookieehomestead.gif	V16-L-wookieehomestead.gif	image/png	428465
V17-D-hothnorthridge.gif	V17-D-hothnorthridge.gif	image/png	393316
V17-D-landocalrissianvadersbroker.gif	V17-D-landocalrissianvadersbroker.gif	image/png	363010
V17-D-momentoftriumph.gif	V17-D-momentoftriumph.gif	image/png	306625
V17-D-officervalinhess.gif	V17-D-officervalinhess.gif	image/png	329575
V17-D-passelargente.gif	V17-D-passelargente.gif	image/png	363622
V17-D-malachorsithtemplegateway.gif	V17-D-malachorsithtemplegateway.gif	image/png	397427
V17-D-qiratoplieutenant.gif	V17-D-qiratoplieutenant.gif	image/png	356913
V17-D-revengeofthesith.gif	V17-D-revengeofthesith.gif	image/png	284115
V17-D-sidiouslightsaber.gif	V17-D-sidiouslightsaber.gif	image/png	299999
V17-D-riseofthesith.gif	V17-D-riseofthesith.gif	image/png	286417
V17-D-unlimitedpower.gif	V17-D-unlimitedpower.gif	image/png	282828
V17-D-wattambor.gif	V17-D-wattambor.gif	image/png	345942
V17-D-tragedyofplagueis.gif	V17-D-tragedyofplagueis.gif	image/png	266287
V17-L-admiralkilian.gif	V17-L-admiralkilian.gif	image/png	421219
V17-L-ajanklosstrainingcourse.gif	V17-L-ajanklosstrainingcourse.gif	image/png	380954
V17-L-ajanklosstrainingcourse_ai.gif	V17-L-ajanklosstrainingcourse_ai.gif	image/png	462705
V17-L-anotherpatheticlifeformsecuritycontrol.gif	V17-L-anotherpatheticlifeformsecuritycontrol.gif	image/png	403577
V17-L-cliegglars.gif	V17-L-cliegglars.gif	image/png	421395
V17-L-boba.gif	V17-L-boba.gif	image/png	399082
V17-L-bewithme.gif	V17-L-bewithme.gif	image/png	427334
V17-L-endoranakinsfuneralpyre.gif	V17-L-endoranakinsfuneralpyre.gif	image/png	326096
V17-L-dagobah.gif	V17-L-dagobah.gif	image/png	423004
V17-L-bokatan.gif	V17-L-bokatan.gif	image/png	412966
V17-L-endoranakinsfuneralpyre_ai.gif	V17-L-endoranakinsfuneralpyre_ai.gif	image/png	358647
V17-L-everythingweneed.gif	V17-L-everythingweneed.gif	image/png	433443
V17-L-heroofathousanddevices.gif	V17-L-heroofathousanddevices.gif	image/png	432155
V17-L-kananjarrusjediknight.gif	V17-L-kananjarrusjediknight.gif	image/png	394817
V17-L-grakchawwaa.gif	V17-L-grakchawwaa.gif	image/png	452615
V17-L-marajade.gif	V17-L-marajade.gif	image/png	419688
V17-L-kefbiroceanicwreckage.gif	V17-L-kefbiroceanicwreckage.gif	image/png	369291
V17-L-myparentswerestrong.gif	V17-L-myparentswerestrong.gif	image/png	400546
V17-L-nowthisispodracing.gif	V17-L-nowthisispodracing.gif	image/png	406676
V17-L-profunditydockingbay.gif	V17-L-profunditydockingbay.gif	image/png	398181
V17-L-r3a2.gif	V17-L-r3a2.gif	image/png	441018
V17-L-tatooineskywalkerhut.gif	V17-L-tatooineskywalkerhut.gif	image/png	381793
V17-L-returnofajedi.gif	V17-L-returnofajedi.gif	image/png	420110
V17-L-tatooineslavequarters.gif	V17-L-tatooineslavequarters.gif	image/png	383864
V17-L-thedestinyofajedi.gif	V17-L-thedestinyofajedi.gif	image/png	402361
V17-L-theforceisstronginmyfamily.gif	V17-L-theforceisstronginmyfamily.gif	image/png	372941
V17-L-theriseofskywalker.gif	V17-L-theriseofskywalker.gif	image/png	401056
V17-L-yourthoughtsdwellonyourmother.gif	V17-L-yourthoughtsdwellonyourmother.gif	image/png	401704
V17-L-yourthoughtsdwellonyourmother_ai.gif	V17-L-yourthoughtsdwellonyourmother_ai.gif	image/png	392340
V18-D-adarktimefortherebelliontarkinsorders.gif	V18-D-adarktimefortherebelliontarkinsorders.gif	image/png	332120
V18-D-crushtherebellion.gif	V18-D-crushtherebellion.gif	image/png	297057
V18-D-hesnogoodtomedead.gif	V18-D-hesnogoodtomedead.gif	image/png	275627
V18-D-alpha1.gif	V18-D-alpha1.gif	image/png	352191
V18-D-hosnianprime.gif	V18-D-hosnianprime.gif	image/png	320103
V18-D-ihaveyounow.gif	V18-D-ihaveyounow.gif	image/png	302746
V18-D-imperialcommandinrange.gif	V18-D-imperialcommandinrange.gif	image/png	352445
V18-D-nichubana.gif	V18-D-nichubana.gif	image/png	303712
V18-D-malastare.gif	V18-D-malastare.gif	image/png	388626
V18-D-sealoffthebridge.gif	V18-D-sealoffthebridge.gif	image/png	303177
V18-L-beststarpilotinthegalaxy.gif	V18-L-beststarpilotinthegalaxy.gif	image/png	402301
V18-L-computerinterface.gif	V18-L-computerinterface.gif	image/png	399610
V18-L-deathstariiturboliftwalkway.gif	V18-L-deathstariiturboliftwalkway.gif	image/png	360355
V18-L-deathstarlevel6coreshaftcorridor.gif	V18-L-deathstarlevel6coreshaftcorridor.gif	image/png	376939
V18-L-fallofthelegend.gif	V18-L-fallofthelegend.gif	image/png	422221
V18-L-fleetadmiralgialackbar.gif	V18-L-fleetadmiralgialackbar.gif	image/png	414670
V18-L-imustbeallowedtospeaksmugglersblues.gif	V18-L-imustbeallowedtospeaksmugglersblues.gif	image/png	395744
V18-L-liswarr.gif	V18-L-liswarr.gif	image/png	429898
V18-L-localdefenseputthatdown.gif	V18-L-localdefenseputthatdown.gif	image/png	410270
V18-L-masterluke.gif	V18-L-masterluke.gif	image/png	405779
V18-L-kefbiroceanicruins.gif	V18-L-kefbiroceanicruins.gif	image/png	384157
V18-L-masterquigonwithlightsaber.gif	V18-L-masterquigonwithlightsaber.gif	image/png	408160
V18-L-masterwindu.gif	V18-L-masterwindu.gif	image/png	410542
V18-L-masterwindu_ai.gif	V18-L-masterwindu_ai.gif	image/png	412226
V18-L-ouneeta.gif	V18-L-ouneeta.gif	image/png	418208
V18-L-outrider.gif	V18-L-outrider.gif	image/png	447287
V18-L-polismassa.gif	V18-L-polismassa.gif	image/png	406639
V18-L-outrider_ai.gif	V18-L-outrider_ai.gif	image/png	462370
V18-L-tydirium_ai.gif	V18-L-tydirium_ai.gif	image/png	384920
V19-D-agreattacticiancreatesplans.gif	V19-D-agreattacticiancreatesplans.gif	image/png	289670
V19-D-chimaera.gif	V19-D-chimaera.gif	image/png	377216
V18-L-sagwa.gif	V18-L-sagwa.gif	image/png	426265
V18-L-tydirium.gif	V18-L-tydirium.gif	image/png	423580
V18-L-tatooinemoseisley.gif	V18-L-tatooinemoseisley.gif	image/png	373693
V18-L-rebelleadershipcriticalerrorrevealed.gif	V18-L-rebelleadershipcriticalerrorrevealed.gif	image/png	414998
V18-L-takeaseatyoungskywalker.gif	V18-L-takeaseatyoungskywalker.gif	image/png	383336
V19-D-elansleazebaggano.gif	V19-D-elansleazebaggano.gif	image/png	314647
V19-D-chimaera_ai.gif	V19-D-chimaera_ai.gif	image/png	329402
V19-D-daultaydofine.gif	V19-D-daultaydofine.gif	image/png	388982
V19-D-ensignelivanto.gif	V19-D-ensignelivanto.gif	image/png	332939
V19-D-fennecshand.gif	V19-D-fennecshand.gif	image/png	345275
V19-D-governorpryce.gif	V19-D-governorpryce.gif	image/png	324356
V19-D-grievousgambit.gif	V19-D-grievousgambit.gif	image/png	292199
V19-D-historyphilosophyandart.gif	V19-D-historyphilosophyandart.gif	image/png	264599
V19-D-lothal.gif	V19-D-lothal.gif	image/png	362537
V19-D-lothaladvancedprojectslaboratory.gif	V19-D-lothaladvancedprojectslaboratory.gif	image/png	373414
V19-D-lothalcapitalcity.gif	V19-D-lothalcapitalcity.gif	image/png	374310
V19-D-lothalimperialstripmines.gif	V19-D-lothalimperialstripmines.gif	image/png	416226
V19-D-noescape.gif	V19-D-noescape.gif	image/png	310166
V19-D-lothalimperialcomplex.gif	V19-D-lothalimperialcomplex.gif	image/png	401934
V19-D-observationholocam.gif	V19-D-observationholocam.gif	image/png	311727
V19-D-magistratemorganelsbeth.gif	V19-D-magistratemorganelsbeth.gif	image/png	360348
V19-D-surelyyoucandobetter.gif	V19-D-surelyyoucandobetter.gif	image/png	289466
V19-D-theemperorrelentless.gif	V19-D-theemperorrelentless.gif	image/png	358812
V19-D-theresultisoftenresentment.gif	V19-D-theresultisoftenresentment.gif	image/png	313240
V19-D-thrawnpincer.gif	V19-D-thrawnpincer.gif	image/png	311719
V19-D-thrawnsartcollection.gif	V19-D-thrawnsartcollection.gif	image/png	259256
V19-D-tuskenraiderwithhuntingrifle.gif	V19-D-tuskenraiderwithhuntingrifle.gif	image/png	338830
V19-D-understandartunderstandaspecies.gif	V19-D-understandartunderstandaspecies.gif	image/png	264519
V19-D-thunderflare.gif	V19-D-thunderflare.gif	image/png	361172
V19-D-unkarplutt.gif	V19-D-unkarplutt.gif	image/png	339151
V19-D-vader.gif	V19-D-vader.gif	image/png	346122
V19-D-vaderslightsaber.gif	V19-D-vaderslightsaber.gif	image/png	330921
V19-L-artoo.gif	V19-L-artoo.gif	image/png	432624
V19-D-vaderslightsaber_ai.gif	V19-D-vaderslightsaber_ai.gif	image/png	311938
V19-L-babufrik.gif	V19-L-babufrik.gif	image/png	415369
V19-L-caradunewithheavyblasterrifle.gif	V19-L-caradunewithheavyblasterrifle.gif	image/png	399079
V19-L-coruscantjeditemple.gif	V19-L-coruscantjeditemple.gif	image/png	355734
V19-L-ezraheroofphoenixsquadron.gif	V19-L-ezraheroofphoenixsquadron.gif	image/png	383535
V19-L-coruscantjeditemple_ai.gif	V19-L-coruscantjeditemple_ai.gif	image/png	382065
V19-L-dexterjettster.gif	V19-L-dexterjettster.gif	image/png	381660
V19-L-fennrau.gif	V19-L-fennrau.gif	image/png	414335
V19-L-ezrasblasterlightsaber.gif	V19-L-ezrasblasterlightsaber.gif	image/png	424870
V19-L-lothal.gif	V19-L-lothal.gif	image/png	365564
V19-L-liberationoflothal.gif	V19-L-liberationoflothal.gif	image/png	443068
V19-L-lothalcapitalcity.gif	V19-L-lothalcapitalcity.gif	image/png	349610
V19-L-malachor.gif	V19-L-malachor.gif	image/png	279881
V19-L-lothaljeditemple.gif	V19-L-lothaljeditemple.gif	image/png	336894
V19-L-mandalore.gif	V19-L-mandalore.gif	image/png	389734
V19-L-lothalcommtowere272ezrasroost.gif	V19-L-lothalcommtowere272ezrasroost.gif	image/png	362942
V19-L-lothaltarkintown.gif	V19-L-lothaltarkintown.gif	image/png	372836
V19-L-steadysteadybargainingtable.gif	V19-L-steadysteadybargainingtable.gif	image/png	412148
V19-L-phoenixsquadronoperations.gif	V19-L-phoenixsquadronoperations.gif	image/png	404061
V19-L-thisisourrebellion.gif	V19-L-thisisourrebellion.gif	image/png	389480
V19-L-utinni.gif	V19-L-utinni.gif	image/png	413256
V19-L-weathervane.gif	V19-L-weathervane.gif	image/png	389037
V2-D-black6.gif	V2-D-black6.gif	image/png	334686
V2-D-binder.gif	V2-D-binder.gif	image/png	332457
V19-L-zerohour.gif	V19-L-zerohour.gif	image/png	420548
V2-D-daroe_ai.gif	V2-D-daroe_ai.gif	image/png	342318
V2-D-daroe.gif	V2-D-daroe.gif	image/png	369264
V2-D-generalnevar.gif	V2-D-generalnevar.gif	image/png	354409
V2-D-jabbastrophies.gif	V2-D-jabbastrophies.gif	image/png	285944
V2-D-tempestscout3.gif	V2-D-tempestscout3.gif	image/png	340425
V2-L-azureangel_ai.gif	V2-L-azureangel_ai.gif	image/png	411186
V2-L-forcelevitation.gif	V2-L-forcelevitation.gif	image/png	417234
V2-D-potesnitkin.gif	V2-D-potesnitkin.gif	image/png	356242
V2-L-corranhorninrogue9.gif	V2-L-corranhorninrogue9.gif	image/png	438970
V2-L-azureangel.gif	V2-L-azureangel.gif	image/png	434228
V2-L-leiaorgana.gif	V2-L-leiaorgana.gif	image/png	412758
V2-L-likemyfatherbeforeme.gif	V2-L-likemyfatherbeforeme.gif	image/png	409636
V2-L-likemyfatherbeforeme_ai.gif	V2-L-likemyfatherbeforeme_ai.gif	image/png	394852
V2-L-palaceraider.gif	V2-L-palaceraider.gif	image/png	410191
V2-L-wedgeantilles.gif	V2-L-wedgeantilles.gif	image/png	405744
V2-L-yodakeeperofthepeace_ai.gif	V2-L-yodakeeperofthepeace_ai.gif	image/png	420995
V2-L-yodakeeperofthepeace.gif	V2-L-yodakeeperofthepeace.gif	image/png	429341
V2-L-yodakeeperofthepeace_ai2.gif	V2-L-yodakeeperofthepeace_ai2.gif	image/png	417898
V20-D-bibfortunaheirtothepalace.gif	V20-D-bibfortunaheirtothepalace.gif	image/png	336166
V20-D-ralltiir.gif	V20-D-ralltiir.gif	image/png	366341
V20-D-thirdsister.gif	V20-D-thirdsister.gif	image/png	313790
V20-D-zuckuss.gif	V20-D-zuckuss.gif	image/png	332084
V20-L-nabootheedpalacegenerator.gif	V20-L-nabootheedpalacegenerator.gif	image/png	389666
V20-L-beskardeflection.gif	V20-L-beskardeflection.gif	image/png	405257
V20-L-millenniumfalcon.gif	V20-L-millenniumfalcon.gif	image/png	462844
V20-L-prisoner2187.gif	V20-L-prisoner2187.gif	image/png	410518
V21-D-accelerate.gif	V21-D-accelerate.gif	image/png	286060
V21-D-asajjventress.gif	V21-D-asajjventress.gif	image/png	349692
V21-D-asajjventresslightsabers.gif	V21-D-asajjventresslightsabers.gif	image/png	331516
V21-D-captainmodterrik.gif	V21-D-captainmodterrik.gif	image/png	321003
V21-D-cloudcitychasmwalkway.gif	V21-D-cloudcitychasmwalkway.gif	image/png	400073
V21-D-coloneljendoninvaderspersonalshuttle.gif	V21-D-coloneljendoninvaderspersonalshuttle.gif	image/png	340037
V21-D-corporalavarik.gif	V21-D-corporalavarik.gif	image/png	347094
V21-D-comscandetection.gif	V21-D-comscandetection.gif	image/png	305257
V21-D-commanderpraji.gif	V21-D-commanderpraji.gif	image/png	342372
V21-D-corporaloberk.gif	V21-D-corporaloberk.gif	image/png	366710
V21-D-darkcollaboration.gif	V21-D-darkcollaboration.gif	image/png	305369
V21-D-corporaldrazin.gif	V21-D-corporaldrazin.gif	image/png	367101
V21-D-deactivatedhyperdrive.gif	V21-D-deactivatedhyperdrive.gif	image/png	304450
V21-D-generaltagge.gif	V21-D-generaltagge.gif	image/png	334620
V21-D-lieutenantdedrameero.gif	V21-D-lieutenantdedrameero.gif	image/png	340198
V21-D-hyperwavescan.gif	V21-D-hyperwavescan.gif	image/png	318969
V21-D-jurijuice.gif	V21-D-jurijuice.gif	image/png	284191
V21-D-firstlight.gif	V21-D-firstlight.gif	image/png	315332
V21-D-huttinfluence.gif	V21-D-huttinfluence.gif	image/png	301960
V21-D-jakkuniimamarketplace.gif	V21-D-jakkuniimamarketplace.gif	image/png	346289
V21-D-majorpartagaz.gif	V21-D-majorpartagaz.gif	image/png	336016
V21-D-sendadetachmentdown.gif	V21-D-sendadetachmentdown.gif	image/png	281245
V21-D-powerofthehutt.gif	V21-D-powerofthehutt.gif	image/png	308960
V21-D-royalescort.gif	V21-D-royalescort.gif	image/png	323650
V21-D-tatooinegreatpitofcarkoon.gif	V21-D-tatooinegreatpitofcarkoon.gif	image/png	352071
V21-D-tatooinecantina.gif	V21-D-tatooinecantina.gif	image/png	357525
V21-D-tatooineimperiallandingsite.gif	V21-D-tatooineimperiallandingsite.gif	image/png	343015
V21-D-shatteredhope.gif	V21-D-shatteredhope.gif	image/png	296407
V21-D-sergeanttarl.gif	V21-D-sergeanttarl.gif	image/png	354434
V21-D-tatooinejawacamp.gif	V21-D-tatooinejawacamp.gif	image/png	367148
V21-D-tatooinemoseisley.gif	V21-D-tatooinemoseisley.gif	image/png	360323
V21-D-vadersmalediction.gif	V21-D-vadersmalediction.gif	image/png	298499
V21-D-vadersobsession.gif	V21-D-vadersobsession.gif	image/png	300832
V21-D-tatooineoccupation.gif	V21-D-tatooineoccupation.gif	image/png	296621
V21-D-tentacle.gif	V21-D-tentacle.gif	image/png	311437
V21-D-td4445.gif	V21-D-td4445.gif	image/png	367902
V21-D-wellguarded.gif	V21-D-wellguarded.gif	image/png	301858
V21-L-admiralyularen.gif	V21-L-admiralyularen.gif	image/png	403869
V21-L-agift.gif	V21-L-agift.gif	image/png	398684
V21-D-zuckussand4lominmisthunter.gif	V21-D-zuckussand4lominmisthunter.gif	image/png	352260
V21-L-ajedisfury.gif	V21-L-ajedisfury.gif	image/png	370358
V21-L-anakinsdestiny.gif	V21-L-anakinsdestiny.gif	image/png	410590
V21-L-anakinskywalkerjunkyardslave.gif	V21-L-anakinskywalkerjunkyardslave.gif	image/png	405781
V21-L-assemblyarea.gif	V21-L-assemblyarea.gif	image/png	353683
V21-L-aremoteplanet.gif	V21-L-aremoteplanet.gif	image/png	413456
V21-L-atpeace.gif	V21-L-atpeace.gif	image/png	422796
V21-L-christophsis.gif	V21-L-christophsis.gif	image/png	229502
V21-L-battleofgeonosis.gif	V21-L-battleofgeonosis.gif	image/png	394674
V21-L-battleofchristophsis.gif	V21-L-battleofchristophsis.gif	image/png	398592
V21-L-christophsischaleydonia.gif	V21-L-christophsischaleydonia.gif	image/png	341928
V21-L-clonepilot.gif	V21-L-clonepilot.gif	image/png	407628
V21-L-creditswilldofine.gif	V21-L-creditswilldofine.gif	image/png	390899
V21-L-clonecommandcenter.gif	V21-L-clonecommandcenter.gif	image/png	368805
V21-L-eitherwayyouwin.gif	V21-L-eitherwayyouwin.gif	image/png	395440
V21-L-endurance.gif	V21-L-endurance.gif	image/png	424769
V21-L-galacticrepublicnavy.gif	V21-L-galacticrepublicnavy.gif	image/png	401373
V21-L-eventuallyyoulllose.gif	V21-L-eventuallyyoulllose.gif	image/png	408904
V21-L-geonosis.gif	V21-L-geonosis.gif	image/png	218664
V21-L-geonosisbadlandsofngzi.gif	V21-L-geonosisbadlandsofngzi.gif	image/png	363467
V21-L-generationonearmoralwaysholdsup.gif	V21-L-generationonearmoralwaysholdsup.gif	image/png	411005
V21-L-grapplinghook.gif	V21-L-grapplinghook.gif	image/png	441138
V21-L-grievouswillrunandhide.gif	V21-L-grievouswillrunandhide.gif	image/png	406269
V21-L-hisdestiny.gif	V21-L-hisdestiny.gif	image/png	401007
V21-L-hansmedal.gif	V21-L-hansmedal.gif	image/png	403522
V21-L-icantbelievehesgone.gif	V21-L-icantbelievehesgone.gif	image/png	407532
V21-L-huntforthedroidgeneral.gif	V21-L-huntforthedroidgeneral.gif	image/png	414509
V21-L-hesacoward.gif	V21-L-hesacoward.gif	image/png	418699
V21-L-quigonjinnslightsaber_ai.gif	V21-L-quigonjinnslightsaber_ai.gif	image/png	403177
V21-L-quigonjinnslightsaber.gif	V21-L-quigonjinnslightsaber.gif	image/png	419933
V21-L-resolute.gif	V21-L-resolute.gif	image/png	375807
V21-L-securitycontrol.gif	V21-L-securitycontrol.gif	image/png	424494
V21-L-scannertechs.gif	V21-L-scannertechs.gif	image/png	403542
V21-L-strikeplanning.gif	V21-L-strikeplanning.gif	image/png	402322
V21-L-supplyroute.gif	V21-L-supplyroute.gif	image/png	353757
V22-D-afineadditiontomycollection.gif	V22-D-afineadditiontomycollection.gif	image/png	288911
V21-L-tatooinemosespa.gif	V21-L-tatooinemosespa.gif	image/png	367760
V22-D-aplek.gif	V22-D-aplek.gif	image/png	331731
V22-D-atatcannon.gif	V22-D-atatcannon.gif	image/png	326915
V22-D-bobafettwithblasterrifle.gif	V22-D-bobafettwithblasterrifle.gif	image/png	331715
V22-D-danzborin.gif	V22-D-danzborin.gif	image/png	351448
V22-D-holowanlaboratories.gif	V22-D-holowanlaboratories.gif	image/png	299837
V22-D-hothmainpowergenerators.gif	V22-D-hothmainpowergenerators.gif	image/png	388098
V22-D-forcepushpodracercollision.gif	V22-D-forcepushpodracercollision.gif	image/png	325713
V22-D-imperialtroopshaveenteredthebase.gif	V22-D-imperialtroopshaveenteredthebase.gif	image/png	312885
V22-D-blackkrrsantan.gif	V22-D-blackkrrsantan.gif	image/png	369418
V22-D-imperialtroopshaveenteredthebase_ai.gif	V22-D-imperialtroopshaveenteredthebase_ai.gif	image/png	324346
V22-D-kylomasteroftheknightsofren.gif	V22-D-kylomasteroftheknightsofren.gif	image/png	354568
V22-D-nightbuzzard.gif	V22-D-nightbuzzard.gif	image/png	328485
V22-D-palpatinegalacticemperor.gif	V22-D-palpatinegalacticemperor.gif	image/png	363119
V22-D-targetthemaingenerator.gif	V22-D-targetthemaingenerator.gif	image/png	334509
V22-D-theshieldwillbedowninmoments_ai.gif	V22-D-theshieldwillbedowninmoments_ai.gif	image/png	303284
V22-D-theshieldwillbedowninmoments.gif	V22-D-theshieldwillbedowninmoments.gif	image/png	282859
V22-D-tonnikasisters.gif	V22-D-tonnikasisters.gif	image/png	354650
V22-D-yourpowersareweakoldman.gif	V22-D-yourpowersareweakoldman.gif	image/png	286240
V22-D-walkergarrison.gif	V22-D-walkergarrison.gif	image/png	301987
V22-D-vadersmachination.gif	V22-D-vadersmachination.gif	image/png	305172
V22-L-echobasetrooper.gif	V22-L-echobasetrooper.gif	image/png	427418
V22-L-generalpoedameron.gif	V22-L-generalpoedameron.gif	image/png	403003
V22-L-hothsnowtrench.gif	V22-L-hothsnowtrench.gif	image/png	382150
V22-L-imreadyforanything.gif	V22-L-imreadyforanything.gif	image/png	418398
V22-L-attackpatterndelta.gif	V22-L-attackpatterndelta.gif	image/png	407558
V22-L-lonerogue.gif	V22-L-lonerogue.gif	image/png	394008
V22-L-prepareforgroundassault.gif	V22-L-prepareforgroundassault.gif	image/png	423773
V22-L-reflection.gif	V22-L-reflection.gif	image/png	394693
V22-L-theempireknowswerehere.gif	V22-L-theempireknowswerehere.gif	image/png	432316
V22-L-niennunbsullustansmuggler.gif	V22-L-niennunbsullustansmuggler.gif	image/png	386050
V22-L-twilightisuponme.gif	V22-L-twilightisuponme.gif	image/png	408455
V22-L-youngskywalker.gif	V22-L-youngskywalker.gif	image/png	410574
V23-D-bespin.gif	V23-D-bespin.gif	image/png	241977
V23-D-darkdeal.gif	V23-D-darkdeal.gif	image/png	290384
V23-D-echobasedestroyed.gif	V23-D-echobasedestroyed.gif	image/png	284314
V23-D-electrorangefinder.gif	V23-D-electrorangefinder.gif	image/png	328845
V23-D-elivantoindreadnaught.gif	V23-D-elivantoindreadnaught.gif	image/png	338031
V23-D-gorkoresh.gif	V23-D-gorkoresh.gif	image/png	344791
V23-D-notwithinsightorreach.gif	V23-D-notwithinsightorreach.gif	image/png	289713
V23-D-ominousrumors.gif	V23-D-ominousrumors.gif	image/png	280855
V23-D-imperialassault.gif	V23-D-imperialassault.gif	image/png	307671
V23-D-maulinscimitar.gif	V23-D-maulinscimitar.gif	image/png	324156
V23-D-js1975.gif	V23-D-js1975.gif	image/png	328688
V23-D-moffgideonsuitedforbattle.gif	V23-D-moffgideonsuitedforbattle.gif	image/png	370424
V23-D-lobotlandosbroker.gif	V23-D-lobotlandosbroker.gif	image/png	333120
V23-D-physicalchoke.gif	V23-D-physicalchoke.gif	image/png	293498
V23-D-probetelemetry.gif	V23-D-probetelemetry.gif	image/png	315768
V23-D-td110.gif	V23-D-td110.gif	image/png	322905
V23-D-wuher.gif	V23-D-wuher.gif	image/png	360933
V23-D-riteofpassage.gif	V23-D-riteofpassage.gif	image/png	316163
V23-D-theemperorshand.gif	V23-D-theemperorshand.gif	image/png	265159
V23-D-theempiresback.gif	V23-D-theempiresback.gif	image/png	297081
V23-D-youngfool.gif	V23-D-youngfool.gif	image/png	274847
V23-D-youreyescandeceiveyou.gif	V23-D-youreyescandeceiveyou.gif	image/png	290653
V23-D-zuckusswithsnarerifle.gif	V23-D-zuckusswithsnarerifle.gif	image/png	357340
V23-L-boushh.gif	V23-L-boushh.gif	image/png	346036
V23-L-ahsokafriendofthefamily.gif	V23-L-ahsokafriendofthefamily.gif	image/png	392508
V23-L-choke.gif	V23-L-choke.gif	image/png	406163
V23-L-corranhornjedi.gif	V23-L-corranhornjedi.gif	image/png	422004
V23-L-cb23.gif	V23-L-cb23.gif	image/png	429351
V23-L-ajedisfocus.gif	V23-L-ajedisfocus.gif	image/png	375106
V23-L-deathstardockingcontrolroom327.gif	V23-L-deathstardockingcontrolroom327.gif	image/png	352986
V23-L-eyesinthedark.gif	V23-L-eyesinthedark.gif	image/png	416535
V23-L-jabbaslastchance.gif	V23-L-jabbaslastchance.gif	image/png	396234
V23-L-jynersoheroicrebel.gif	V23-L-jynersoheroicrebel.gif	image/png	393496
V23-L-lifeday.gif	V23-L-lifeday.gif	image/png	417417
V23-L-outofcommission.gif	V23-L-outofcommission.gif	image/png	379184
V23-L-passagetothealderaansystem.gif	V23-L-passagetothealderaansystem.gif	image/png	395816
V23-L-hothdefensiveperimeter.gif	V23-L-hothdefensiveperimeter.gif	image/png	366281
V23-L-porg.gif	V23-L-porg.gif	image/png	322368
V23-L-rebelassault.gif	V23-L-rebelassault.gif	image/png	391200
V23-L-tatooinehutttraderoutedesert.gif	V23-L-tatooinehutttraderoutedesert.gif	image/png	345057
V23-L-sabinepadawanlearner.gif	V23-L-sabinepadawanlearner.gif	image/png	393164
V23-L-scomplinkaccess.gif	V23-L-scomplinkaccess.gif	image/png	397803
V23-L-quantumstorm.gif	V23-L-quantumstorm.gif	image/png	451591
V23-L-transmissionterminated.gif	V23-L-transmissionterminated.gif	image/png	403108
V24-D-allwrappedup.gif	V24-D-allwrappedup.gif	image/png	265442
V24-D-bt1triplezero.gif	V24-D-bt1triplezero.gif	image/png	348634
V24-D-baronsoontirfel.gif	V24-D-baronsoontirfel.gif	image/png	352541
V24-D-starspeeder1000.gif	V24-D-starspeeder1000.gif	image/png	317997
V24-D-ordmantell.gif	V24-D-ordmantell.gif	image/png	364960
V24-D-darthplagueis.gif	V24-D-darthplagueis.gif	image/png	360021
V24-L-acunningwarrior.gif	V24-L-acunningwarrior.gif	image/png	383232
V24-L-balancedattackdarklighterspin.gif	V24-L-balancedattackdarklighterspin.gif	image/png	358403
V24-D-secondsister.gif	V24-D-secondsister.gif	image/png	357947
V24-L-beilertvalance.gif	V24-L-beilertvalance.gif	image/png	387245
V24-L-bensolo.gif	V24-L-bensolo.gif	image/png	398981
V24-L-bokatansgauntletstarfighter.gif	V24-L-bokatansgauntletstarfighter.gif	image/png	407844
V24-L-cloudcitylowercorridor.gif	V24-L-cloudcitylowercorridor.gif	image/png	365009
V24-L-generalcrixmadine.gif	V24-L-generalcrixmadine.gif	image/png	417010
V24-L-corporalrushing.gif	V24-L-corporalrushing.gif	image/png	429333
V24-L-hansolo.gif	V24-L-hansolo.gif	image/png	421591
V24-L-jaxxonttumperakki.gif	V24-L-jaxxonttumperakki.gif	image/png	373829
V24-L-jedimarshalavarkriss.gif	V24-L-jedimarshalavarkriss.gif	image/png	427758
V24-L-liberator.gif	V24-L-liberator.gif	image/png	422870
V25-D-atm6cannon.gif	V25-D-atm6cannon.gif	image/png	321745
V24-L-tatooinedunesea.gif	V24-L-tatooinedunesea.gif	image/png	362202
V24-L-zevinrogue2.gif	V24-L-zevinrogue2.gif	image/png	398695
V25-D-baylanskoll.gif	V25-D-baylanskoll.gif	image/png	343238
V24-L-starspeeder3000.gif	V24-L-starspeeder3000.gif	image/png	414669
V24-L-sonofskywalker.gif	V24-L-sonofskywalker.gif	image/png	431456
V25-D-bibfortuna.gif	V25-D-bibfortuna.gif	image/png	343470
V25-D-blastpoints.gif	V25-D-blastpoints.gif	image/png	295512
V25-D-captainmodencanady.gif	V25-D-captainmodencanady.gif	image/png	310210
V25-D-ds613.gif	V25-D-ds613.gif	image/png	373326
V25-D-cardo.gif	V25-D-cardo.gif	image/png	370407
V25-D-craitsaltplateau.gif	V25-D-craitsaltplateau.gif	image/png	358100
V25-D-craitoutpostentrancecavern.gif	V25-D-craitoutpostentrancecavern.gif	image/png	361393
V25-D-fulminatrix.gif	V25-D-fulminatrix.gif	image/png	300204
V25-D-firstorderatm6.gif	V25-D-firstorderatm6.gif	image/png	331271
V25-D-crait.gif	V25-D-crait.gif	image/png	263296
V25-D-ig88spulsecannon.gif	V25-D-ig88spulsecannon.gif	image/png	332154
V25-D-mastersidious.gif	V25-D-mastersidious.gif	image/png	366200
V25-D-moremore.gif	V25-D-moremore.gif	image/png	303853
V25-D-navyofthefirstorder.gif	V25-D-navyofthefirstorder.gif	image/png	303837
V25-D-nocivilityonlypolitics.gif	V25-D-nocivilityonlypolitics.gif	image/png	315482
V25-D-orbitalbombardment.gif	V25-D-orbitalbombardment.gif	image/png	288630
V25-D-silunch.gif	V25-D-silunch.gif	image/png	364749
V25-D-stranded.gif	V25-D-stranded.gif	image/png	307108
V25-D-supremacy.gif	V25-D-supremacy.gif	image/png	340675
V25-D-supremacythroneroom.gif	V25-D-supremacythroneroom.gif	image/png	268574
V25-D-supremacybridge.gif	V25-D-supremacybridge.gif	image/png	341765
V25-D-theclientsbounty.gif	V25-D-theclientsbounty.gif	image/png	281677
V25-D-tatooinedesertheart.gif	V25-D-tatooinedesertheart.gif	image/png	337705
V25-D-thefirstorderreigns.gif	V25-D-thefirstorderreigns.gif	image/png	308906
V25-D-theresistanceisdoomed.gif	V25-D-theresistanceisdoomed.gif	image/png	283547
V25-D-thegrandinquisitorslightsaber.gif	V25-D-thegrandinquisitorslightsaber.gif	image/png	307585
V25-D-trackedfleet.gif	V25-D-trackedfleet.gif	image/png	254168
V25-D-vicrul.gif	V25-D-vicrul.gif	image/png	352998
V25-D-withthunderousapplause.gif	V25-D-withthunderousapplause.gif	image/png	332258
V25-L-captainhansolo.gif	V25-L-captainhansolo.gif	image/png	376570
V25-L-agoodfriend.gif	V25-L-agoodfriend.gif	image/png	378230
V25-L-chewiewithblasterrifle.gif	V25-L-chewiewithblasterrifle.gif	image/png	430718
V25-L-cloudcitycarbonitechamber.gif	V25-L-cloudcitycarbonitechamber.gif	image/png	348916
V25-L-cloudcitybeldonscorridor.gif	V25-L-cloudcitybeldonscorridor.gif	image/png	379932
V25-L-courageofaskywalker.gif	V25-L-courageofaskywalker.gif	image/png	406386
V25-L-criticalerrorrevealed.gif	V25-L-criticalerrorrevealed.gif	image/png	413413
V25-L-finnresistancehero.gif	V25-L-finnresistancehero.gif	image/png	421985
V25-L-endorrebellandingsiteforest.gif	V25-L-endorrebellandingsiteforest.gif	image/png	430624
V25-L-idontneedtheirscumeither.gif	V25-L-idontneedtheirscumeither.gif	image/png	406496
V25-L-dindjarinsmodifiedn1.gif	V25-L-dindjarinsmodifiedn1.gif	image/png	403387
V25-L-howlibertydies.gif	V25-L-howlibertydies.gif	image/png	447606
V25-L-itisthefutureyousee.gif	V25-L-itisthefutureyousee.gif	image/png	420920
V25-L-landowithblasterrifle.gif	V25-L-landowithblasterrifle.gif	image/png	413093
V25-L-honoringwhattheyfightfor.gif	V25-L-honoringwhattheyfightfor.gif	image/png	401125
V25-L-leiaslightsaber.gif	V25-L-leiaslightsaber.gif	image/png	397906
V25-L-orrimaarko.gif	V25-L-orrimaarko.gif	image/png	411928
V25-L-newleadershipisneeded.gif	V25-L-newleadershipisneeded.gif	image/png	393685
V25-L-nodisintegrations.gif	V25-L-nodisintegrations.gif	image/png	410566
V25-L-mindwhatyouhavelearned.gif	V25-L-mindwhatyouhavelearned.gif	image/png	434264
V25-L-mysisterhasit.gif	V25-L-mysisterhasit.gif	image/png	416778
V25-L-patience.gif	V25-L-patience.gif	image/png	415771
V25-L-majorpanno.gif	V25-L-majorpanno.gif	image/png	418289
V25-L-wuta.gif	V25-L-wuta.gif	image/png	437985
V25-L-saveyouitcan.gif	V25-L-saveyouitcan.gif	image/png	422819
V25-L-yodashope.gif	V25-L-yodashope.gif	image/png	399709
V26-D-cloudcitydiningroom.gif	V26-D-cloudcitydiningroom.gif	image/png	376805
V26-D-coruscant.gif	V26-D-coruscant.gif	image/png	329519
V25-L-youwillgotothedagobahsystem.gif	V25-L-youwillgotothedagobahsystem.gif	image/png	400322
V26-D-endlesslegions.gif	V26-D-endlesslegions.gif	image/png	294083
V26-D-garindanimperialspy.gif	V26-D-garindanimperialspy.gif	image/png	355970
V26-D-guri.gif	V26-D-guri.gif	image/png	317767
V26-D-imsorry.gif	V26-D-imsorry.gif	image/png	291348
V26-D-marajadetheemperorshand.gif	V26-D-marajadetheemperorshand.gif	image/png	361021
V26-D-ommniboxitsworse.gif	V26-D-ommniboxitsworse.gif	image/png	350498
V26-D-informationexchange.gif	V26-D-informationexchange.gif	image/png	284332
V26-D-prayidontalteritanyfurther.gif	V26-D-prayidontalteritanyfurther.gif	image/png	282349
V26-D-rystall.gif	V26-D-rystall.gif	image/png	311137
V26-D-salaciouscrumb.gif	V26-D-salaciouscrumb.gif	image/png	348344
V26-D-thisdealisgettingworseallthetime.gif	V26-D-thisdealisgettingworseallthetime.gif	image/png	301275
V26-L-jabiimstarshiphangar.gif	V26-L-jabiimstarshiphangar.gif	image/png	377406
V26-L-jabiimpathoperationscenter.gif	V26-L-jabiimpathoperationscenter.gif	image/png	395893
V26-D-welcomehomelordtyranus.gif	V26-D-welcomehomelordtyranus.gif	image/png	265992
V26-L-gatheralliesandtrain.gif	V26-L-gatheralliesandtrain.gif	image/png	388875
V26-L-fallenorder.gif	V26-L-fallenorder.gif	image/png	405444
V26-L-kashyyykchewieshut.gif	V26-L-kashyyykchewieshut.gif	image/png	370675
V26-L-kelleranbeq.gif	V26-L-kelleranbeq.gif	image/png	394868
V26-L-kelnacca.gif	V26-L-kelnacca.gif	image/png	436463
V26-L-mapuzominingvillage.gif	V26-L-mapuzominingvillage.gif	image/png	393768
V26-L-mapuzosafehouse.gif	V26-L-mapuzosafehouse.gif	image/png	399825
V26-L-launchingtheassault.gif	V26-L-launchingtheassault.gif	image/png	406908
V26-L-mapuzoundergroundcorridor.gif	V26-L-mapuzoundergroundcorridor.gif	image/png	363364
V26-L-obiwankenobijediinexile.gif	V26-L-obiwankenobijediinexile.gif	image/png	423114
V26-L-quinlanvos.gif	V26-L-quinlanvos.gif	image/png	415642
V26-L-pelimotto.gif	V26-L-pelimotto.gif	image/png	387991
V27-D-behindeverything.gif	V27-D-behindeverything.gif	image/png	293613
V26-L-thehiddenpath.gif	V26-L-thehiddenpath.gif	image/png	392946
V27-D-invisiblehandobservationplatform.gif	V27-D-invisiblehandobservationplatform.gif	image/png	347790
V26-L-somethingaboutthisboy.gif	V26-L-somethingaboutthisboy.gif	image/png	419510
V27-L-anewhope.gif	V27-L-anewhope.gif	image/png	376533
V27-L-chewbaccaofkashyyyk.gif	V27-L-chewbaccaofkashyyyk.gif	image/png	441871
V27-L-podraceprep.gif	V27-L-podraceprep.gif	image/png	422472
V27-L-commandotraining.gif	V27-L-commandotraining.gif	image/png	434038
V3-D-agentkallus_ai.gif	V3-D-agentkallus_ai.gif	image/png	337959
V3-D-agentkallus.gif	V3-D-agentkallus.gif	image/png	339959
V3-D-commandernemet.gif	V3-D-commandernemet.gif	image/png	353778
V3-D-banisskeegpilotinstructor.gif	V3-D-banisskeegpilotinstructor.gif	image/png	350639
V3-D-cadbane.gif	V3-D-cadbane.gif	image/png	351321
V3-D-coruscant.gif	V3-D-coruscant.gif	image/png	373393
V3-D-coruscant_ai.gif	V3-D-coruscant_ai.gif	image/gif	252909
V3-D-coruscantxizorspalace.gif	V3-D-coruscantxizorspalace.gif	image/png	356244
V3-D-darthmaullonehunter.gif	V3-D-darthmaullonehunter.gif	image/png	337187
V3-D-darthmaullonehunter_ai.gif	V3-D-darthmaullonehunter_ai.gif	image/png	339351
V3-D-darthmaullonehunter_ai2.gif	V3-D-darthmaullonehunter_ai2.gif	image/png	324558
V3-D-darthmaullonehunter_ai3.gif	V3-D-darthmaullonehunter_ai3.gif	image/png	347872
V3-D-falleensfist.gif	V3-D-falleensfist.gif	image/png	369025
V3-D-generalgrievous.gif	V3-D-generalgrievous.gif	image/png	355048
V3-D-generalgrievous_ai.gif	V3-D-generalgrievous_ai.gif	image/png	348029
V3-D-deflectorshieldgenerators.gif	V3-D-deflectorshieldgenerators.gif	image/png	330961
V3-D-generalgrievousholo_ai.gif	V3-D-generalgrievousholo_ai.gif	image/png	335192
V3-D-ortugg.gif	V3-D-ortugg.gif	image/png	362780
V3-D-tatooine.gif	V3-D-tatooine.gif	image/png	340892
V3-D-xizorspalaceuplinkstation.gif	V3-D-xizorspalaceuplinkstation.gif	image/png	370317
V3-L-admiralackbar.gif	V3-L-admiralackbar.gif	image/png	416623
V3-L-aweaknesscanbefound.gif	V3-L-aweaknesscanbefound.gif	image/png	466205
V3-L-brighthope.gif	V3-L-brighthope.gif	image/png	417879
V3-L-captainraymusantilles.gif	V3-L-captainraymusantilles.gif	image/png	416193
V3-L-ct5555fives.gif	V3-L-ct5555fives.gif	image/png	416038
V3-L-diplomaticmissiontoalderaan.gif	V3-L-diplomaticmissiontoalderaan.gif	image/png	441868
V3-L-ct5555fives_ai.gif	V3-L-ct5555fives_ai.gif	image/png	476818
V3-L-ellorrsmadakpilotinstructor.gif	V3-L-ellorrsmadakpilotinstructor.gif	image/png	411861
V3-L-endorcommandoteam.gif	V3-L-endorcommandoteam.gif	image/png	453700
V3-L-kananjarrus.gif	V3-L-kananjarrus.gif	image/png	405360
V3-L-leslomytacema.gif	V3-L-leslomytacema.gif	image/png	411956
V3-L-kananjarrus_ai.gif	V3-L-kananjarrus_ai.gif	image/png	407803
V3-L-majorbrenderlin.gif	V3-L-majorbrenderlin.gif	image/png	425339
V3-L-padmenaberrie.gif	V3-L-padmenaberrie.gif	image/png	413043
V3-L-moncalamariadmiral.gif	V3-L-moncalamariadmiral.gif	image/png	410641
V3-L-r2d2c3po.gif	V3-L-r2d2c3po.gif	image/png	425195
V3-L-padmenaberrie_ai.gif	V3-L-padmenaberrie_ai.gif	image/png	407534
V3-L-rebelleadership.gif	V3-L-rebelleadership.gif	image/png	420904
V3-L-stolendatatapes.gif	V3-L-stolendatatapes.gif	image/png	425932
V3-L-stolendatatapes_ai.gif	V3-L-stolendatatapes_ai.gif	image/png	420899
V3-L-theforceisstrongwiththisone.gif	V3-L-theforceisstrongwiththisone.gif	image/png	410828
V3-L-torynfarr.gif	V3-L-torynfarr.gif	image/png	409340
V3-L-theshieldisdown.gif	V3-L-theshieldisdown.gif	image/png	409517
V3-L-wildkarrde.gif	V3-L-wildkarrde.gif	image/png	424099
V4-D-bowtothefirstorder.gif	V4-D-bowtothefirstorder.gif	image/png	292808
V4-D-captainphasma_ai.gif	V4-D-captainphasma_ai.gif	image/png	317482
V4-D-captainbewil.gif	V4-D-captainbewil.gif	image/png	313538
V4-D-captainphasma.gif	V4-D-captainphasma.gif	image/png	337646
V4-D-bowtothefirstorder_ai.gif	V4-D-bowtothefirstorder_ai.gif	image/png	372240
V4-D-b2battledroid.gif	V4-D-b2battledroid.gif	image/png	353119
V3-L-wildkarrde_ai.gif	V3-L-wildkarrde_ai.gif	image/png	412701
V4-D-b2battledroid_ai.gif	V4-D-b2battledroid_ai.gif	image/png	343510
V4-D-firstorderstormtrooper.gif	V4-D-firstorderstormtrooper.gif	image/png	344772
V4-D-finalizer.gif	V4-D-finalizer.gif	image/png	293900
V4-D-f11dblasterrifle.gif	V4-D-f11dblasterrifle.gif	image/png	362437
V4-D-fn2003.gif	V4-D-fn2003.gif	image/png	329096
V4-D-finalizer_ai.gif	V4-D-finalizer_ai.gif	image/png	328455
V4-D-generalhux_ai.gif	V4-D-generalhux_ai.gif	image/png	318362
V4-D-generalhux.gif	V4-D-generalhux.gif	image/png	343295
V4-D-forcefreeze.gif	V4-D-forcefreeze.gif	image/png	278374
V4-D-greedo.gif	V4-D-greedo.gif	image/png	348196
V4-D-huntingparty.gif	V4-D-huntingparty.gif	image/png	286759
V4-D-jabbassailbarge.gif	V4-D-jabbassailbarge.gif	image/png	313337
V4-D-jakku.gif	V4-D-jakku.gif	image/png	347004
V4-D-jakku_ai.gif	V4-D-jakku_ai.gif	image/png	352109
V4-D-jakkulandingsite.gif	V4-D-jakkulandingsite.gif	image/png	344739
V4-D-jakkutuanulvillage.gif	V4-D-jakkutuanulvillage.gif	image/png	355399
V4-D-kyloren.gif	V4-D-kyloren.gif	image/png	310112
V4-D-kylorenscommandshuttle.gif	V4-D-kylorenscommandshuttle.gif	image/png	349263
V4-D-zamwesell.gif	V4-D-zamwesell.gif	image/png	316039
V4-D-kylorenslightsaber.gif	V4-D-kylorenslightsaber.gif	image/png	336199
V4-D-tarkin.gif	V4-D-tarkin.gif	image/png	356537
V4-D-stormtrooperpatrol.gif	V4-D-stormtrooperpatrol.gif	image/png	359559
V4-D-zamwesell_ai.gif	V4-D-zamwesell_ai.gif	image/png	318073
V4-L-areyouokay.gif	V4-L-areyouokay.gif	image/png	427624
V4-L-bailorgana.gif	V4-L-bailorgana.gif	image/png	424646
V4-L-bb8.gif	V4-L-bb8.gif	image/png	407566
V4-L-captainherasyndulla.gif	V4-L-captainherasyndulla.gif	image/png	396997
V4-L-bb8_ai.gif	V4-L-bb8_ai.gif	image/png	403434
V4-L-captainherasyndulla_ai.gif	V4-L-captainherasyndulla_ai.gif	image/png	424064
V4-L-chewiewithbowcaster.gif	V4-L-chewiewithbowcaster.gif	image/png	425005
V4-L-chewiewithbowcaster_ai.gif	V4-L-chewiewithbowcaster_ai.gif	image/png	430396
V4-L-captainherasyndulla_ai2.gif	V4-L-captainherasyndulla_ai2.gif	image/png	402585
V4-L-crusherroodown.gif	V4-L-crusherroodown.gif	image/png	425913
V4-L-endorbunker.gif	V4-L-endorbunker.gif	image/png	389360
V4-L-endor.gif	V4-L-endor.gif	image/png	389036
V4-L-finn.gif	V4-L-finn.gif	image/png	410458
V4-L-escapepodweredoomed.gif	V4-L-escapepodweredoomed.gif	image/png	414997
V4-L-finn_ai.gif	V4-L-finn_ai.gif	image/png	413384
V4-L-graveyardofgiants.gif	V4-L-graveyardofgiants.gif	image/png	420352
V4-L-imgettingprettygoodatthis.gif	V4-L-imgettingprettygoodatthis.gif	image/png	418608
V4-L-jakku.gif	V4-L-jakku.gif	image/png	374564
V4-L-jakkuniimaoutpostshipyard.gif	V4-L-jakkuniimaoutpostshipyard.gif	image/png	387786
V4-L-jakku_ai.gif	V4-L-jakku_ai.gif	image/png	360984
V4-L-jakkuniimaoutpostshipyard_ai.gif	V4-L-jakkuniimaoutpostshipyard_ai.gif	image/png	384240
V4-L-jakkuravagercrashsite.gif	V4-L-jakkuravagercrashsite.gif	image/png	377869
V4-L-jakkustarshipgraveyard.gif	V4-L-jakkustarshipgraveyard.gif	image/png	366158
V4-L-jakkureysencampment.gif	V4-L-jakkureysencampment.gif	image/png	392084
V4-L-jakkureysencampment_ai.gif	V4-L-jakkureysencampment_ai.gif	image/png	430249
V4-L-jakkutuanulvillage.gif	V4-L-jakkutuanulvillage.gif	image/png	384969
V4-L-keepyoureyesopen.gif	V4-L-keepyoureyesopen.gif	image/png	409330
V4-L-jakkutuanulvillage_ai.gif	V4-L-jakkutuanulvillage_ai.gif	image/png	348646
V4-L-lorsantekka_ai.gif	V4-L-lorsantekka_ai.gif	image/png	441024
V4-L-mindfulofthefuture.gif	V4-L-mindfulofthefuture.gif	image/png	389433
V4-L-oldallies.gif	V4-L-oldallies.gif	image/png	434133
V4-L-masanya.gif	V4-L-masanya.gif	image/png	424823
V4-L-lorsantekka.gif	V4-L-lorsantekka.gif	image/png	448856
V4-L-poedameron.gif	V4-L-poedameron.gif	image/png	420518
V4-L-rey.gif	V4-L-rey.gif	image/png	407344
V4-L-poedameron_ai.gif	V4-L-poedameron_ai.gif	image/png	414675
V4-L-solo.gif	V4-L-solo.gif	image/png	392097
V4-L-rey_ai.gif	V4-L-rey_ai.gif	image/png	454793
V4-L-stolenfirstordertiefighter.gif	V4-L-stolenfirstordertiefighter.gif	image/png	420003
V4-L-senatormonmothma.gif	V4-L-senatormonmothma.gif	image/png	413390
V4-L-solo_ai.gif	V4-L-solo_ai.gif	image/png	404161
V4-L-thefalconjunkyardgarbageback.gif	V4-L-thefalconjunkyardgarbageback.gif	image/png	380466
V4-L-thefalconjunkyardgarbageback_ai.gif	V4-L-thefalconjunkyardgarbageback_ai.gif	image/png	396211
V4-L-thefalconjunkyardgarbagefront.gif	V4-L-thefalconjunkyardgarbagefront.gif	image/png	375528
V4-L-thefalconjunkyardgarbagefront_ai.gif	V4-L-thefalconjunkyardgarbagefront_ai.gif	image/png	438974
V4-L-thegarbagewilldo.gif	V4-L-thegarbagewilldo.gif	image/png	432057
V4-L-theronnett.gif	V4-L-theronnett.gif	image/png	416711
V4-L-wereleaving.gif	V4-L-wereleaving.gif	image/png	413105
V4-L-weneedyourhelp.gif	V4-L-weneedyourhelp.gif	image/png	417517
V4-L-tuanulvillager.gif	V4-L-tuanulvillager.gif	image/png	445694
V4-L-youdohaveyourmoments.gif	V4-L-youdohaveyourmoments.gif	image/png	393878
V4-L-youassumetoomuch.gif	V4-L-youassumetoomuch.gif	image/png	414220
V5-D-atrophysacrificed.gif	V5-D-atrophysacrificed.gif	image/png	320520
V5-D-bobafettsblasterrifle.gif	V5-D-bobafettsblasterrifle.gif	image/png	336475
V5-D-captainjonusinscimitar2.gif	V5-D-captainjonusinscimitar2.gif	image/png	346125
V5-D-dathcha.gif	V5-D-dathcha.gif	image/png	353308
V5-D-emperorpalpatineforeseer.gif	V5-D-emperorpalpatineforeseer.gif	image/png	371699
V5-D-dengar.gif	V5-D-dengar.gif	image/png	357301
V5-D-hondoohnaka.gif	V5-D-hondoohnaka.gif	image/png	334959
V5-D-hondoohnaka_ai.gif	V5-D-hondoohnaka_ai.gif	image/png	346321
V5-D-iamyourfather.gif	V5-D-iamyourfather.gif	image/png	281974
V5-D-iamyourfather_ai.gif	V5-D-iamyourfather_ai.gif	image/png	277207
V5-D-lukeskywalkertheemperorsprizeback.gif	V5-D-lukeskywalkertheemperorsprizeback.gif	image/png	404742
V5-D-overseeingitpersonally.gif	V5-D-overseeingitpersonally.gif	image/png	299809
V5-D-lukeskywalkertheemperorsprizefront.gif	V5-D-lukeskywalkertheemperorsprizefront.gif	image/png	471261
V5-D-pointman.gif	V5-D-pointman.gif	image/png	288155
V5-D-simaloo.gif	V5-D-simaloo.gif	image/png	345980
V5-D-velkentezeri.gif	V5-D-velkentezeri.gif	image/png	328502
V5-L-commanderwedgeantilles.gif	V5-L-commanderwedgeantilles.gif	image/png	429964
V5-L-ensignchadhilse.gif	V5-L-ensignchadhilse.gif	image/png	435390
V5-L-tatooinelarsmoisturefarm_ai.gif	V5-L-tatooinelarsmoisturefarm_ai.gif	image/png	349827
V5-L-rebelflightsuit.gif	V5-L-rebelflightsuit.gif	image/png	411515
V5-L-ricinqueensroyalstarship.gif	V5-L-ricinqueensroyalstarship.gif	image/png	433169
V5-L-tatooinelarsmoisturefarm.gif	V5-L-tatooinelarsmoisturefarm.gif	image/png	343690
V5-L-leiaofalderaan.gif	V5-L-leiaofalderaan.gif	image/png	403118
V5-L-redemption.gif	V5-L-redemption.gif	image/png	425626
V5-L-tychocelchu.gif	V5-L-tychocelchu.gif	image/png	429246
V6-D-anymethodsnecessary.gif	V6-D-anymethodsnecessary.gif	image/gif	328104
V5-L-tychoingreensquadron3.gif	V5-L-tychoingreensquadron3.gif	image/png	431015
V6-D-bobafett.gif	V6-D-bobafett.gif	image/gif	358104
V6-D-deathtrooper.gif	V6-D-deathtrooper.gif	image/gif	409159
V6-D-xizorsbounty.gif	V6-D-xizorsbounty.gif	image/gif	302174
V6-D-veers.gif	V6-D-veers.gif	image/gif	372990
V6-D-vaderscustomtie.gif	V6-D-vaderscustomtie.gif	image/gif	373923
V5-L-hanchewieandthefalcon.gif	V5-L-hanchewieandthefalcon.gif	image/png	430638
V6-L-bodhirook.gif	V6-L-bodhirook.gif	image/png	415983
V6-L-jynerso_ai.gif	V6-L-jynerso_ai.gif	image/png	350362
V6-L-k2so.gif	V6-L-k2so.gif	image/png	436263
V6-L-calalder.gif	V6-L-calalder.gif	image/gif	479870
V6-L-captaincassianandor.gif	V6-L-captaincassianandor.gif	image/gif	456462
V6-L-jynerso.gif	V6-L-jynerso.gif	image/gif	380560
V6-L-rogueone.gif	V6-L-rogueone.gif	image/gif	455859
V6-L-rogueone_ai.gif	V6-L-rogueone_ai.gif	image/png	463694
V7-D-directororsonkrennic.gif	V7-D-directororsonkrennic.gif	image/png	338687
V6-L-thefalcon.gif	V6-L-thefalcon.gif	image/gif	487974
V7-D-establishsecretbase.gif	V7-D-establishsecretbase.gif	image/png	299266
V7-D-grandadmiralthrawn.gif	V7-D-grandadmiralthrawn.gif	image/png	344618
V6-L-whatchancedowehave.gif	V6-L-whatchancedowehave.gif	image/gif	444135
V7-D-grandadmiralthrawn_ai.gif	V7-D-grandadmiralthrawn_ai.gif	image/png	321038
V7-D-mesonmartinet.gif	V7-D-mesonmartinet.gif	image/png	329469
V7-D-punishingone.gif	V7-D-punishingone.gif	image/png	305144
V7-D-savageopress.gif	V7-D-savageopress.gif	image/png	341039
V7-D-savageopress_ai.gif	V7-D-savageopress_ai.gif	image/png	337152
V7-D-quiggold.gif	V7-D-quiggold.gif	image/png	336678
V7-D-securityprecautions.gif	V7-D-securityprecautions.gif	image/png	308469
V7-D-sidonithano.gif	V7-D-sidonithano.gif	image/png	313386
V7-D-specterofthesupremeleader.gif	V7-D-specterofthesupremeleader.gif	image/png	268390
V7-L-bazemalbuswithcannon.gif	V7-L-bazemalbuswithcannon.gif	image/png	417303
V7-L-chirrutimwe.gif	V7-L-chirrutimwe.gif	image/png	427170
V7-L-chirrutimwe_ai.gif	V7-L-chirrutimwe_ai.gif	image/png	403408
V7-L-generalleiaorgana.gif	V7-L-generalleiaorgana.gif	image/png	407292
V7-L-diceibegon.gif	V7-L-diceibegon.gif	image/png	424497
V7-L-depabillaba.gif	V7-L-depabillaba.gif	image/png	408883
V7-L-generalleiaorgana_ai.gif	V7-L-generalleiaorgana_ai.gif	image/png	414164
V7-D-directororsonkrennic_ai.gif	V7-D-directororsonkrennic_ai.gif	image/png	325656
V7-L-ghost.gif	V7-L-ghost.gif	image/png	416942
V7-L-helpmeobiwankenobi.gif	V7-L-helpmeobiwankenobi.gif	image/png	390757
V7-L-ithinkicanhandlemyself.gif	V7-L-ithinkicanhandlemyself.gif	image/png	397598
V7-L-jakkudockingbay.gif	V7-L-jakkudockingbay.gif	image/png	331970
V7-L-lukeshuntingrifle.gif	V7-L-lukeshuntingrifle.gif	image/png	434029
V7-L-kinkian.gif	V7-L-kinkian.gif	image/png	403444
V7-L-majorcaluanematt.gif	V7-L-majorcaluanematt.gif	image/png	423784
V7-L-majortaslinbrance.gif	V7-L-majortaslinbrance.gif	image/png	411714
V7-L-profundity.gif	V7-L-profundity.gif	image/png	419378
V7-L-profundity_ai.gif	V7-L-profundity_ai.gif	image/png	428507
V7-L-rebellionsarebuiltonhope.gif	V7-L-rebellionsarebuiltonhope.gif	image/png	399321
V7-L-sabinewren.gif	V7-L-sabinewren.gif	image/png	413190
V7-L-thisismyship.gif	V7-L-thisismyship.gif	image/png	375229
V7-L-theyretrackingus.gif	V7-L-theyretrackingus.gif	image/png	393859
V7-L-yoda.gif	V7-L-yoda.gif	image/png	434087
V8-D-alertmystardestroyer.gif	V8-D-alertmystardestroyer.gif	image/png	298683
V8-D-andnowyoullgiveittome.gif	V8-D-andnowyoullgiveittome.gif	image/png	326873
V8-D-captainpeavey.gif	V8-D-captainpeavey.gif	image/png	328665
V8-D-darthvaderemperorsenforcer.gif	V8-D-darthvaderemperorsenforcer.gif	image/png	329083
V8-D-darthvaderemperorsenforcer_ai.gif	V8-D-darthvaderemperorsenforcer_ai.gif	image/png	352614
V8-D-doubleback.gif	V8-D-doubleback.gif	image/png	292098
V8-D-darthvaderslightsaber.gif	V8-D-darthvaderslightsaber.gif	image/png	347613
V8-D-deathstarwarroom.gif	V8-D-deathstarwarroom.gif	image/png	368767
V8-D-droidracks.gif	V8-D-droidracks.gif	image/png	332225
V8-D-fn2199nines.gif	V8-D-fn2199nines.gif	image/png	362127
V8-D-hothiceplains.gif	V8-D-hothiceplains.gif	image/png	351168
V8-D-hothiceplains_ai.gif	V8-D-hothiceplains_ai.gif	image/png	331455
V8-D-iwantthatmap.gif	V8-D-iwantthatmap.gif	image/png	337939
V8-D-jedha.gif	V8-D-jedha.gif	image/png	192477
V8-D-iwillfinishwhatyoustarted.gif	V8-D-iwillfinishwhatyoustarted.gif	image/png	297297
V8-D-kirkanos.gif	V8-D-kirkanos.gif	image/png	364870
V8-D-lieutenantdopheldmitaka.gif	V8-D-lieutenantdopheldmitaka.gif	image/png	308505
V8-D-lordmaulwithlightsaber.gif	V8-D-lordmaulwithlightsaber.gif	image/png	334414
V8-D-lordsidious.gif	V8-D-lordsidious.gif	image/png	348999
V8-D-marajadeinvt49decimator.gif	V8-D-marajadeinvt49decimator.gif	image/png	343535
V8-D-lordsidious_ai.gif	V8-D-lordsidious_ai.gif	image/png	345113
V8-D-mynkyneugh.gif	V8-D-mynkyneugh.gif	image/png	345105
V8-D-operationalasplanned.gif	V8-D-operationalasplanned.gif	image/png	299013
V8-D-sonicbombardment.gif	V8-D-sonicbombardment.gif	image/png	299169
V8-D-starkillerbase.gif	V8-D-starkillerbase.gif	image/png	312367
V8-D-starkillerbase_ai.gif	V8-D-starkillerbase_ai.gif	image/png	312554
V8-D-starkillerbasedockingbay.gif	V8-D-starkillerbasedockingbay.gif	image/png	412967
V8-D-starkillerbaseforest.gif	V8-D-starkillerbaseforest.gif	image/png	393075
V8-D-starkillerbaseinterrogationroomprison.gif	V8-D-starkillerbaseinterrogationroomprison.gif	image/png	359701
V8-D-tarkinsbounty.gif	V8-D-tarkinsbounty.gif	image/png	306638
V8-D-starkillerbaseshieldcontrol.gif	V8-D-starkillerbaseshieldcontrol.gif	image/png	367202
V8-D-tatooinemosespa.gif	V8-D-tatooinemosespa.gif	image/png	378938
V8-D-wherearethosedroidekas.gif	V8-D-wherearethosedroidekas.gif	image/png	306369
V8-D-youknowwhativecomefor.gif	V8-D-youknowwhativecomefor.gif	image/png	291276
V8-D-youswindledme.gif	V8-D-youswindledme.gif	image/png	294764
V8-L-corellianslip.gif	V8-L-corellianslip.gif	image/png	404406
V8-L-cc2237oddball.gif	V8-L-cc2237oddball.gif	image/png	427798
V8-L-corporaldelevar.gif	V8-L-corporaldelevar.gif	image/png	423660
V8-L-c110pchopper.gif	V8-L-c110pchopper.gif	image/png	424533
V8-L-admiraluostatura.gif	V8-L-admiraluostatura.gif	image/png	428653
V8-L-elloasty.gif	V8-L-elloasty.gif	image/png	398140
V8-L-heisthechosenone.gif	V8-L-heisthechosenone.gif	image/png	413005
V8-L-endorewokvillage.gif	V8-L-endorewokvillage.gif	image/png	397269
V8-L-generalcarlistrieekan.gif	V8-L-generalcarlistrieekan.gif	image/png	421192
V8-L-lukesblasterpistol.gif	V8-L-lukesblasterpistol.gif	image/png	421019
V8-L-ilcomunica.gif	V8-L-ilcomunica.gif	image/png	416918
V8-L-hewillbringbalance.gif	V8-L-hewillbringbalance.gif	image/png	409225
V8-L-ivegotabadfeelingabout.gif	V8-L-ivegotabadfeelingabout.gif	image/png	408935
V8-L-lukeskywalkertherebellionshope.gif	V8-L-lukeskywalkertherebellionshope.gif	image/png	387037
V8-L-lukeskywalkertherebellionshope_ai.gif	V8-L-lukeskywalkertherebellionshope_ai.gif	image/png	410379
V8-L-mandalorianmishap.gif	V8-L-mandalorianmishap.gif	image/png	345406
V8-L-prophecyoftheforce.gif	V8-L-prophecyoftheforce.gif	image/png	410850
V8-L-majorharterkalonia.gif	V8-L-majorharterkalonia.gif	image/png	438900
V8-L-redsquadron6.gif	V8-L-redsquadron6.gif	image/png	426266
V8-L-restorefreedomtothegalaxy.gif	V8-L-restorefreedomtothegalaxy.gif	image/png	429720
V8-L-phantom.gif	V8-L-phantom.gif	image/png	455223
V8-L-restorefreedomtothegalaxy_ai.gif	V8-L-restorefreedomtothegalaxy_ai.gif	image/png	394084
V8-L-rkikdnecheroofthedunesea.gif	V8-L-rkikdnecheroofthedunesea.gif	image/png	424107
V8-L-temminsnapwexley.gif	V8-L-temminsnapwexley.gif	image/png	427142
V8-L-walkersighting.gif	V8-L-walkersighting.gif	image/png	392451
V8-L-thetimetofightisnow.gif	V8-L-thetimetofightisnow.gif	image/png	440987
V8-L-suppressivefire.gif	V8-L-suppressivefire.gif	image/png	393178
V8-L-yarnadalgargan.gif	V8-L-yarnadalgargan.gif	image/png	404108
V8-L-whydoeseveryonewanttogobacktojakku.gif	V8-L-whydoeseveryonewanttogobacktojakku.gif	image/png	388859
V8-L-yavin4massassiwarroom.gif	V8-L-yavin4massassiwarroom.gif	image/png	390670
V8-L-zeborrelios.gif	V8-L-zeborrelios.gif	image/png	396402
V9-D-apologyaccepted.gif	V9-D-apologyaccepted.gif	image/png	300303
V9-D-aninklingofitsdestructivepotential.gif	V9-D-aninklingofitsdestructivepotential.gif	image/png	303899
V8-L-yavin4baseoperations.gif	V8-L-yavin4baseoperations.gif	image/png	436050
V9-D-balatik.gif	V9-D-balatik.gif	image/png	338666
V9-D-chiefbast.gif	V9-D-chiefbast.gif	image/png	335478
V9-D-commenceprimaryignition.gif	V9-D-commenceprimaryignition.gif	image/png	297184
V9-D-drchellilonaaphra.gif	V9-D-drchellilonaaphra.gif	image/png	327448
V9-D-deathsquadronassignment.gif	V9-D-deathsquadronassignment.gif	image/png	289093
V9-D-firstorderspecialforcestie.gif	V9-D-firstorderspecialforcestie.gif	image/png	323513
V9-D-drchellilonaaphra_ai.gif	V9-D-drchellilonaaphra_ai.gif	image/png	343337
V9-D-jedhajedhacity.gif	V9-D-jedhajedhacity.gif	image/png	392183
V9-D-jedhajedhacity_ai.gif	V9-D-jedhajedhacity_ai.gif	image/png	339544
V9-D-kylorenwithlightsaber.gif	V9-D-kylorenwithlightsaber.gif	image/png	318305
V9-D-krennicdeathstarcommandant.gif	V9-D-krennicdeathstarcommandant.gif	image/png	339081
V9-D-lanadobreedsacrifice.gif	V9-D-lanadobreedsacrifice.gif	image/png	349778
V9-D-kylorenwithlightsaber_ai.gif	V9-D-kylorenwithlightsaber_ai.gif	image/png	325402
V9-D-prepareforasurfaceattack.gif	V9-D-prepareforasurfaceattack.gif	image/png	287764
V9-D-mustafarvaderscastle_ai.gif	V9-D-mustafarvaderscastle_ai.gif	image/png	299144
V9-D-mustafarvaderscastle.gif	V9-D-mustafarvaderscastle.gif	image/png	341099
V9-D-lieutenantvenka.gif	V9-D-lieutenantvenka.gif	image/png	367238
V9-D-shadowsoftheempire.gif	V9-D-shadowsoftheempire.gif	image/png	302813
V9-D-supremeleadersnoke.gif	V9-D-supremeleadersnoke.gif	image/png	353391
V9-D-theywillbenomatchforyou.gif	V9-D-theywillbenomatchforyou.gif	image/png	288927
V9-D-vanee.gif	V9-D-vanee.gif	image/png	331161
V9-D-vanee_ai.gif	V9-D-vanee_ai.gif	image/png	351698
V9-D-xizorspalacesewer.gif	V9-D-xizorspalacesewer.gif	image/png	375631
V9-L-abraveresistance.gif	V9-L-abraveresistance.gif	image/png	388583
V9-D-supremeleadersnoke_ai.gif	V9-D-supremeleadersnoke_ai.gif	image/png	347898
V9-L-blue11.gif	V9-L-blue11.gif	image/png	411100
V9-L-admiralraddus.gif	V9-L-admiralraddus.gif	image/png	411271
V9-L-commanderruescottmelshi.gif	V9-L-commanderruescottmelshi.gif	image/png	432558
V9-L-effectiverepairsstarshiplevitation.gif	V9-L-effectiverepairsstarshiplevitation.gif	image/png	428979
V9-L-galenerso_ai.gif	V9-L-galenerso_ai.gif	image/png	404692
V9-L-galenerso.gif	V9-L-galenerso.gif	image/png	410913
V9-L-ct5385tup.gif	V9-L-ct5385tup.gif	image/png	433789
V9-L-generaldodonna.gif	V9-L-generaldodonna.gif	image/png	416607
V9-L-generalkenobi.gif	V9-L-generalkenobi.gif	image/png	449928
V9-L-generalkenobi_ai.gif	V9-L-generalkenobi_ai.gif	image/png	443155
V9-L-generalwalexblissex.gif	V9-L-generalwalexblissex.gif	image/png	394535
V9-L-lieutenantkaydelconnix.gif	V9-L-lieutenantkaydelconnix.gif	image/png	406788
V9-L-knightsoftheoldrepublic.gif	V9-L-knightsoftheoldrepublic.gif	image/png	428630
V9-L-laksivrak.gif	V9-L-laksivrak.gif	image/png	423200
V9-L-lightmaker.gif	V9-L-lightmaker.gif	image/png	405695
V9-L-odinnesloorfirstaid.gif	V9-L-odinnesloorfirstaid.gif	image/png	424509
V9-L-red5.gif	V9-L-red5.gif	image/png	442368
V9-L-relativelyunprotected.gif	V9-L-relativelyunprotected.gif	image/png	397214
V9-L-reywithlightsaber.gif	V9-L-reywithlightsaber.gif	image/png	402187
V9-L-rescueintheclouds.gif	V9-L-rescueintheclouds.gif	image/png	432000
V9-L-reywithlightsaber_ai.gif	V9-L-reywithlightsaber_ai.gif	image/png	408225
V9-L-scarif.gif	V9-L-scarif.gif	image/png	359679
V9-L-sawgerrera.gif	V9-L-sawgerrera.gif	image/png	419985
V9-L-rosetico.gif	V9-L-rosetico.gif	image/png	422720
V9-L-scarifbeach.gif	V9-L-scarifbeach.gif	image/png	346421
V9-L-scarifdatavault.gif	V9-L-scarifdatavault.gif	image/png	408368
V9-L-scariflandingpadnine_ai.gif	V9-L-scariflandingpadnine_ai.gif	image/png	382078
V9-L-scariflandingpadnine.gif	V9-L-scariflandingpadnine.gif	image/png	391510
V9-L-scarifdatavault_ai.gif	V9-L-scarifdatavault_ai.gif	image/png	375624
V9-L-scarifturboliftcomplex.gif	V9-L-scarifturboliftcomplex.gif	image/png	415225
V9-L-stardust.gif	V9-L-stardust.gif	image/png	421706
V9-L-taidusefla.gif	V9-L-taidusefla.gif	image/png	420499
V9-L-theyhavenoideawerecoming.gif	V9-L-theyhavenoideawerecoming.gif	image/png	426186
V9-L-untilwewinorthechancesarespent.gif	V9-L-untilwewinorthechancesarespent.gif	image/png	422111
VB1-D-abrightcentertotheuniverse-pre.gif	VB1-D-abrightcentertotheuniverse-pre.gif	image/gif	69664
VB1-D-abrightcentertotheuniverse.gif	VB1-D-abrightcentertotheuniverse.gif	image/gif	69664
VB1-D-adisturbanceintheforce-pre.gif	VB1-D-adisturbanceintheforce-pre.gif	image/gif	69657
VB1-D-adisturbanceintheforce.gif	VB1-D-adisturbanceintheforce.gif	image/gif	69657
V9-L-yavin4massassiruins.gif	V9-L-yavin4massassiruins.gif	image/png	372251
V9-L-yoxgit.gif	V9-L-yoxgit.gif	image/png	431582
VB1-D-admiralmotti-pre.gif	VB1-D-admiralmotti-pre.gif	image/gif	88952
VB1-D-admiralmotti.gif	VB1-D-admiralmotti.gif	image/gif	88952
VB1-D-assaultrifle.gif	VB1-D-assaultrifle.gif	image/gif	71650
VB1-D-assaultrifle-pre.gif	VB1-D-assaultrifle-pre.gif	image/gif	71650
VB1-D-astromechshortage-pre.gif	VB1-D-astromechshortage-pre.gif	image/gif	80070
VB1-D-astromechshortage.gif	VB1-D-astromechshortage.gif	image/gif	80070
VB1-D-bantha-pre.gif	VB1-D-bantha-pre.gif	image/gif	76545
VB1-D-bantha.gif	VB1-D-bantha.gif	image/gif	76545
VB1-D-black3-pre.gif	VB1-D-black3-pre.gif	image/gif	65650
VB1-D-black3.gif	VB1-D-black3.gif	image/gif	65650
VB1-D-besieged.gif	VB1-D-besieged.gif	image/gif	78867
VB1-D-black2.gif	VB1-D-black2.gif	image/gif	78423
VB1-D-besieged-pre.gif	VB1-D-besieged-pre.gif	image/gif	78867
VB1-D-black2-pre.gif	VB1-D-black2-pre.gif	image/gif	78423
VB1-D-blasterrack-pre.gif	VB1-D-blasterrack-pre.gif	image/gif	74167
VB1-D-blasterrack.gif	VB1-D-blasterrack.gif	image/gif	74167
VB1-D-bobafett-pre.gif	VB1-D-bobafett-pre.gif	image/gif	89360
VB1-D-comewithme-pre.gif	VB1-D-comewithme-pre.gif	image/gif	66166
VB1-D-bobafett.gif	VB1-D-bobafett.gif	image/gif	89360
VB1-D-comewithme.gif	VB1-D-comewithme.gif	image/gif	66166
VB1-D-collateraldamage.gif	VB1-D-collateraldamage.gif	image/gif	56136
VB1-D-collateraldamage-pre.gif	VB1-D-collateraldamage-pre.gif	image/gif	56136
VB1-D-cyclone1.gif	VB1-D-cyclone1.gif	image/gif	38980
VB1-D-cyclone1-pre.gif	VB1-D-cyclone1-pre.gif	image/gif	38980
VB1-D-commanderpraji-pre.gif	VB1-D-commanderpraji-pre.gif	image/gif	68373
VB1-D-commanderpraji.gif	VB1-D-commanderpraji.gif	image/gif	68373
VB1-D-conquest-pre.gif	VB1-D-conquest-pre.gif	image/gif	82654
VB1-D-conquest.gif	VB1-D-conquest.gif	image/gif	82654
VB1-D-coordinatedattack-pre.gif	VB1-D-coordinatedattack-pre.gif	image/gif	71254
VB1-D-coordinatedattack.gif	VB1-D-coordinatedattack.gif	image/gif	71254
VB1-D-dannikjerriko.gif	VB1-D-dannikjerriko.gif	image/gif	71171
VB1-D-dannikjerriko-pre.gif	VB1-D-dannikjerriko-pre.gif	image/gif	71171
VB1-D-danzborin-pre.gif	VB1-D-danzborin-pre.gif	image/gif	62077
VB1-D-danzborin.gif	VB1-D-danzborin.gif	image/gif	62077
VB1-D-darkforces.gif	VB1-D-darkforces.gif	image/gif	68629
VB1-D-darkforces-pre.gif	VB1-D-darkforces-pre.gif	image/gif	68629
VB1-D-darthvader-pre.gif	VB1-D-darthvader-pre.gif	image/gif	91558
VB1-D-darthvader.gif	VB1-D-darthvader.gif	image/gif	91558
VB1-D-deathstargunner-pre.gif	VB1-D-deathstargunner-pre.gif	image/gif	49212
VB1-D-devastator-pre.gif	VB1-D-devastator-pre.gif	image/gif	49706
VB1-D-deathstargunner.gif	VB1-D-deathstargunner.gif	image/gif	49212
VB1-D-devastator.gif	VB1-D-devastator.gif	image/gif	49706
VB1-D-djaspuhr.gif	VB1-D-djaspuhr.gif	image/gif	73793
VB1-D-dewback.gif	VB1-D-dewback.gif	image/gif	51185
VB1-D-dewback-pre.gif	VB1-D-dewback-pre.gif	image/gif	51185
VB1-D-djaspuhr-pre.gif	VB1-D-djaspuhr-pre.gif	image/gif	73793
VB1-D-emergencydeployment-pre.gif	VB1-D-emergencydeployment-pre.gif	image/gif	67797
VB1-D-emergencydeployment.gif	VB1-D-emergencydeployment.gif	image/gif	67797
VB1-D-forcedservitude-pre.gif	VB1-D-forcedservitude-pre.gif	image/gif	64631
VB1-D-forcedservitude.gif	VB1-D-forcedservitude.gif	image/gif	64631
VB1-D-generaltagge-pre.gif	VB1-D-generaltagge-pre.gif	image/gif	76531
VB1-D-fusiongeneratorsupplytanks-pre.gif	VB1-D-fusiongeneratorsupplytanks-pre.gif	image/gif	72651
VB1-D-fusiongeneratorsupplytanks.gif	VB1-D-fusiongeneratorsupplytanks.gif	image/gif	72651
VB1-D-generaltagge.gif	VB1-D-generaltagge.gif	image/gif	76531
VB1-D-greedo-pre.gif	VB1-D-greedo-pre.gif	image/gif	73754
VB1-D-greedo.gif	VB1-D-greedo.gif	image/gif	73754
VB1-D-gravelstorm-pre.gif	VB1-D-gravelstorm-pre.gif	image/gif	61476
VB1-D-gravelstorm.gif	VB1-D-gravelstorm.gif	image/gif	61476
VB1-D-hemdazon-pre.gif	VB1-D-hemdazon-pre.gif	image/gif	66294
VB1-D-hemdazon.gif	VB1-D-hemdazon.gif	image/gif	66294
VB1-D-hanseeker-pre.gif	VB1-D-hanseeker-pre.gif	image/gif	79324
VB1-D-hanseeker.gif	VB1-D-hanseeker.gif	image/gif	79324
VB1-D-hyperwavescan-pre.gif	VB1-D-hyperwavescan-pre.gif	image/gif	60931
VB1-D-hyperwavescan.gif	VB1-D-hyperwavescan.gif	image/gif	60931
VB1-D-icantshakehim-pre.gif	VB1-D-icantshakehim-pre.gif	image/gif	55627
VB1-D-icantshakehim.gif	VB1-D-icantshakehim.gif	image/gif	55627
VB1-D-imontheleader.gif	VB1-D-imontheleader.gif	image/gif	67048
VB1-D-imontheleader-pre.gif	VB1-D-imontheleader-pre.gif	image/gif	67048
VB1-D-imperialclassstardestroyer.gif	VB1-D-imperialclassstardestroyer.gif	image/gif	63258
VB1-D-imperialclassstardestroyer-pre.gif	VB1-D-imperialclassstardestroyer-pre.gif	image/gif	63258
VB1-D-imperialdetainment-pre.gif	VB1-D-imperialdetainment-pre.gif	image/gif	50392
VB1-D-imperialdetainment.gif	VB1-D-imperialdetainment.gif	image/gif	50392
VB1-D-imperialentanglements-pre.gif	VB1-D-imperialentanglements-pre.gif	image/gif	64390
VB1-D-imperialjustice-pre.gif	VB1-D-imperialjustice-pre.gif	image/gif	81913
VB1-D-imperialjustice.gif	VB1-D-imperialjustice.gif	image/gif	81913
VB1-D-imperialentanglements.gif	VB1-D-imperialentanglements.gif	image/gif	64390
VB1-D-imperialpilot-pre.gif	VB1-D-imperialpilot-pre.gif	image/gif	70989
VB1-D-imperialpilot.gif	VB1-D-imperialpilot.gif	image/gif	70989
VB1-D-imperialreinforcements-pre.gif	VB1-D-imperialreinforcements-pre.gif	image/gif	81999
VB1-D-ito.gif	VB1-D-ito.gif	image/gif	68590
VB1-D-ito-pre.gif	VB1-D-ito-pre.gif	image/gif	68590
VB1-D-informant-pre.gif	VB1-D-informant-pre.gif	image/gif	73581
VB1-D-informant.gif	VB1-D-informant.gif	image/gif	73581
VB1-D-imperialreinforcements.gif	VB1-D-imperialreinforcements.gif	image/gif	81999
VB1-D-ivelostartoo.gif	VB1-D-ivelostartoo.gif	image/gif	82725
VB1-D-ivelostartoo-pre.gif	VB1-D-ivelostartoo-pre.gif	image/gif	82725
VB1-D-jabbasinfluence-pre.gif	VB1-D-jabbasinfluence-pre.gif	image/gif	74420
VB1-D-jabbasinfluence.gif	VB1-D-jabbasinfluence.gif	image/gif	74420
VB1-D-kitikkeedkak.gif	VB1-D-kitikkeedkak.gif	image/gif	72670
VB1-D-jawapack.gif	VB1-D-jawapack.gif	image/gif	74555
VB1-D-jawapack-pre.gif	VB1-D-jawapack-pre.gif	image/gif	74555
VB1-D-ketmaliss.gif	VB1-D-ketmaliss.gif	image/gif	56931
VB1-D-ketmaliss-pre.gif	VB1-D-ketmaliss-pre.gif	image/gif	56931
VB1-D-kitikkeedkak-pre.gif	VB1-D-kitikkeedkak-pre.gif	image/gif	72670
VB1-D-labria-pre.gif	VB1-D-labria-pre.gif	image/gif	73187
VB1-D-leiaseeker-pre.gif	VB1-D-leiaseeker-pre.gif	image/gif	75320
VB1-D-labria.gif	VB1-D-labria.gif	image/gif	73187
VB1-D-looksirdroids.gif	VB1-D-looksirdroids.gif	image/gif	60381
VB1-D-looksirdroids-pre.gif	VB1-D-looksirdroids-pre.gif	image/gif	60381
VB1-D-localtrouble.gif	VB1-D-localtrouble.gif	image/gif	77571
VB1-D-localtrouble-pre.gif	VB1-D-localtrouble-pre.gif	image/gif	77571
VB1-D-leiaseeker.gif	VB1-D-leiaseeker.gif	image/gif	75320
VB1-D-lukeluuuuke-pre.gif	VB1-D-lukeluuuuke-pre.gif	image/gif	72130
VB1-D-lukeluuuuke.gif	VB1-D-lukeluuuuke.gif	image/gif	72130
VB1-D-maneuvercheck-pre.gif	VB1-D-maneuvercheck-pre.gif	image/gif	50113
VB1-D-maneuvercheck.gif	VB1-D-maneuvercheck.gif	image/gif	50113
VB1-D-noonetostopusthistime.gif	VB1-D-noonetostopusthistime.gif	image/gif	70400
VB1-D-molator-pre.gif	VB1-D-molator-pre.gif	image/gif	73937
VB1-D-molator.gif	VB1-D-molator.gif	image/gif	73937
VB1-D-organasceremonialnecklace-pre.gif	VB1-D-organasceremonialnecklace-pre.gif	image/gif	60788
VB1-D-organasceremonialnecklace.gif	VB1-D-organasceremonialnecklace.gif	image/gif	60788
VB1-D-noonetostopusthistime-pre.gif	VB1-D-noonetostopusthistime-pre.gif	image/gif	70400
VB1-D-ootagootasolo.gif	VB1-D-ootagootasolo.gif	image/gif	74721
VB1-D-ootagootasolo-pre.gif	VB1-D-ootagootasolo-pre.gif	image/gif	74721
VB1-D-prophetess.gif	VB1-D-prophetess.gif	image/gif	76787
VB1-D-reservepilot.gif	VB1-D-reservepilot.gif	image/gif	78709
VB1-D-reservepilot-pre.gif	VB1-D-reservepilot-pre.gif	image/gif	78709
VB1-D-rodian.gif	VB1-D-rodian.gif	image/gif	80962
VB1-D-rodian-pre.gif	VB1-D-rodian-pre.gif	image/gif	80962
VB1-D-reegesk.gif	VB1-D-reegesk.gif	image/gif	73214
VB1-D-prophetess-pre.gif	VB1-D-prophetess-pre.gif	image/gif	76787
VB1-D-reegesk-pre.gif	VB1-D-reegesk-pre.gif	image/gif	73214
VB1-D-sandtrooper-pre.gif	VB1-D-sandtrooper-pre.gif	image/gif	53667
VB1-D-sandcrawler-pre.gif	VB1-D-sandcrawler-pre.gif	image/gif	69158
VB1-D-sandtrooper.gif	VB1-D-sandtrooper.gif	image/gif	53667
VB1-D-sandcrawler.gif	VB1-D-sandcrawler.gif	image/gif	69158
VB1-D-sendadetachmentdown.gif	VB1-D-sendadetachmentdown.gif	image/gif	64784
VB1-D-spiceminesofkessel.gif	VB1-D-spiceminesofkessel.gif	image/gif	68495
VB1-D-spiceminesofkessel-pre.gif	VB1-D-spiceminesofkessel-pre.gif	image/gif	68495
VB1-D-sendadetachmentdown-pre.gif	VB1-D-sendadetachmentdown-pre.gif	image/gif	64784
VB1-D-stormtrooper-pre.gif	VB1-D-stormtrooper-pre.gif	image/gif	77701
VB1-D-sunsdown-pre.gif	VB1-D-sunsdown-pre.gif	image/gif	67706
VB1-D-sunsdown.gif	VB1-D-sunsdown.gif	image/gif	67706
VB1-D-stormtrooper.gif	VB1-D-stormtrooper.gif	image/gif	77701
VB1-D-surfacedefense-pre.gif	VB1-D-surfacedefense-pre.gif	image/gif	43652
VB1-D-surfacedefense.gif	VB1-D-surfacedefense.gif	image/gif	43652
VB1-D-tacticalrecall-pre.gif	VB1-D-tacticalrecall-pre.gif	image/gif	71500
VB1-D-tacticalrecall.gif	VB1-D-tacticalrecall.gif	image/gif	71500
VB1-D-tarkin-pre.gif	VB1-D-tarkin-pre.gif	image/gif	69358
VB1-D-tarkindoctrine-pre.gif	VB1-D-tarkindoctrine-pre.gif	image/gif	59960
VB1-D-tarkindoctrine.gif	VB1-D-tarkindoctrine.gif	image/gif	59960
VB1-D-tarkin.gif	VB1-D-tarkin.gif	image/gif	69358
VB1-D-tentacle.gif	VB1-D-tentacle.gif	image/gif	80685
VB1-D-tentacle-pre.gif	VB1-D-tentacle-pre.gif	image/gif	80685
VB1-D-tatooinemoseisley-pre.gif	VB1-D-tatooinemoseisley-pre.gif	image/gif	81145
VB1-D-tatooinemoseisley.gif	VB1-D-tatooinemoseisley.gif	image/gif	81145
VB1-D-theempiresback.gif	VB1-D-theempiresback.gif	image/gif	63846
VB1-D-trooperdavinfelth-pre.gif	VB1-D-trooperdavinfelth-pre.gif	image/gif	71349
VB1-D-trooperdavinfelth.gif	VB1-D-trooperdavinfelth.gif	image/gif	71349
VB1-D-theempiresback-pre.gif	VB1-D-theempiresback-pre.gif	image/gif	63846
VB1-D-undercover-pre.gif	VB1-D-undercover-pre.gif	image/gif	70769
VB1-D-undercover.gif	VB1-D-undercover.gif	image/gif	70769
VB1-D-urorrurrr.gif	VB1-D-urorrurrr.gif	image/gif	75624
VB1-D-urorrurrr-pre.gif	VB1-D-urorrurrr-pre.gif	image/gif	75624
VB1-D-urorrurrrsbantha.gif	VB1-D-urorrurrrsbantha.gif	image/gif	74353
VB1-D-urorrurrrsbantha-pre.gif	VB1-D-urorrurrrsbantha-pre.gif	image/gif	74353
VB1-D-urrur.gif	VB1-D-urrur.gif	image/gif	70088
VB1-D-urrur-pre.gif	VB1-D-urrur-pre.gif	image/gif	70088
VB1-D-utinni.gif	VB1-D-utinni.gif	image/gif	68525
VB1-D-vader-pre.gif	VB1-D-vader-pre.gif	image/gif	89088
VB1-D-utinni-pre.gif	VB1-D-utinni-pre.gif	image/gif	68525
VB1-D-vader.gif	VB1-D-vader.gif	image/gif	89088
VB1-D-watchyourback.gif	VB1-D-watchyourback.gif	image/gif	53256
VB1-D-wereallgonnabealotthinner-pre.gif	VB1-D-wereallgonnabealotthinner-pre.gif	image/gif	75269
VB1-D-watchyourback-pre.gif	VB1-D-watchyourback-pre.gif	image/gif	53256
VB1-D-wereallgonnabealotthinner.gif	VB1-D-wereallgonnabealotthinner.gif	image/gif	75269
VB1-L-alderaanblownaway.gif	VB1-L-alderaanblownaway.gif	image/gif	76793
VB1-L-alderaanblownaway-pre.gif	VB1-L-alderaanblownaway-pre.gif	image/gif	76793
VB1-L-advancepreparation.gif	VB1-L-advancepreparation.gif	image/gif	107487
VB1-L-advancepreparation-pre.gif	VB1-L-advancepreparation-pre.gif	image/gif	107487
VB1-L-antillesmaneuver-pre.gif	VB1-L-antillesmaneuver-pre.gif	image/gif	91548
VB1-L-antillesmaneuver.gif	VB1-L-antillesmaneuver.gif	image/gif	91548
VB1-L-atremorintheforce.gif	VB1-L-atremorintheforce.gif	image/gif	97561
VB1-L-artoo-pre.gif	VB1-L-artoo-pre.gif	image/gif	103841
VB1-L-artoo.gif	VB1-L-artoo.gif	image/gif	103841
VB1-L-atremorintheforce-pre.gif	VB1-L-atremorintheforce-pre.gif	image/gif	97561
VB1-L-balancedattack-pre.gif	VB1-L-balancedattack-pre.gif	image/gif	85743
VB1-L-balancedattack.gif	VB1-L-balancedattack.gif	image/gif	85743
VB1-L-berulars-pre.gif	VB1-L-berulars-pre.gif	image/gif	117726
VB1-L-biggsdarklighter-pre.gif	VB1-L-biggsdarklighter-pre.gif	image/gif	96368
VB1-L-biggsdarklighter.gif	VB1-L-biggsdarklighter.gif	image/gif	96368
VB1-L-berulars.gif	VB1-L-berulars.gif	image/gif	117726
VB1-L-berustew-pre.gif	VB1-L-berustew-pre.gif	image/gif	111894
VB1-L-berustew.gif	VB1-L-berustew.gif	image/gif	111894
VB1-L-boshek.gif	VB1-L-boshek.gif	image/gif	92419
VB1-L-boshek-pre.gif	VB1-L-boshek-pre.gif	image/gif	92419
VB1-L-bronburs-pre.gif	VB1-L-bronburs-pre.gif	image/gif	94401
VB1-L-bronburs.gif	VB1-L-bronburs.gif	image/gif	94401
VB1-L-brainiac-pre.gif	VB1-L-brainiac-pre.gif	image/gif	107923
VB1-L-brainiac.gif	VB1-L-brainiac.gif	image/gif	107923
VB1-L-c3po-pre.gif	VB1-L-c3po-pre.gif	image/gif	100187
VB1-L-c3po.gif	VB1-L-c3po.gif	image/gif	100187
VB1-L-cantinabrawl-pre.gif	VB1-L-cantinabrawl-pre.gif	image/gif	103137
VB1-L-cantinabrawl.gif	VB1-L-cantinabrawl.gif	image/gif	103137
VB1-L-cell2187-pre.gif	VB1-L-cell2187-pre.gif	image/gif	96348
VB1-L-cell2187.gif	VB1-L-cell2187.gif	image/gif	96348
VB1-L-chewieenraged.gif	VB1-L-chewieenraged.gif	image/gif	94755
VB1-L-chewbacca-pre.gif	VB1-L-chewbacca-pre.gif	image/gif	112888
VB1-L-chewbacca.gif	VB1-L-chewbacca.gif	image/gif	112888
VB1-L-chewieenraged-pre.gif	VB1-L-chewieenraged-pre.gif	image/gif	94755
VB1-L-colonelfeyngospic-pre.gif	VB1-L-colonelfeyngospic-pre.gif	image/gif	103157
VB1-L-colonelfeyngospic.gif	VB1-L-colonelfeyngospic.gif	image/gif	103157
VB1-L-commanderevramlajaie.gif	VB1-L-commanderevramlajaie.gif	image/gif	99866
VB1-L-commanderevramlajaie-pre.gif	VB1-L-commanderevramlajaie-pre.gif	image/gif	99866
VB1-L-commandervandenwillard-pre.gif	VB1-L-commandervandenwillard-pre.gif	image/gif	102523
VB1-L-commandervandenwillard.gif	VB1-L-commandervandenwillard.gif	image/gif	102523
VB1-L-demotion.gif	VB1-L-demotion.gif	image/gif	86105
VB1-L-crashsitememorial-pre.gif	VB1-L-crashsitememorial-pre.gif	image/gif	98853
VB1-L-crashsitememorial.gif	VB1-L-crashsitememorial.gif	image/gif	98853
VB1-L-demotion-pre.gif	VB1-L-demotion-pre.gif	image/gif	86105
VB1-L-debnoli-pre.gif	VB1-L-debnoli-pre.gif	image/gif	98441
VB1-L-debnoli.gif	VB1-L-debnoli.gif	image/gif	98441
VB1-L-darklighterspin.gif	VB1-L-darklighterspin.gif	image/gif	102061
VB1-L-darklighterspin-pre.gif	VB1-L-darklighterspin-pre.gif	image/gif	102061
VB1-L-escapepod.gif	VB1-L-escapepod.gif	image/gif	92787
VB1-L-escapepod-pre.gif	VB1-L-escapepod-pre.gif	image/gif	92787
VB1-L-donttreadonme-pre.gif	VB1-L-donttreadonme-pre.gif	image/gif	113979
VB1-L-forluck-pre.gif	VB1-L-forluck-pre.gif	image/gif	101221
VB1-L-forluck.gif	VB1-L-forluck.gif	image/gif	101221
VB1-L-faithfulservice.gif	VB1-L-faithfulservice.gif	image/gif	94700
VB1-L-fusiongeneratorsupplytanks-pre.gif	VB1-L-fusiongeneratorsupplytanks-pre.gif	image/gif	103432
VB1-L-fusiongeneratorsupplytanks.gif	VB1-L-fusiongeneratorsupplytanks.gif	image/gif	103432
VB1-L-faithfulservice-pre.gif	VB1-L-faithfulservice-pre.gif	image/gif	94700
VB1-L-generaldodonna-pre.gif	VB1-L-generaldodonna-pre.gif	image/gif	85295
VB1-L-gold1-pre.gif	VB1-L-gold1-pre.gif	image/gif	95747
VB1-L-generaldodonna.gif	VB1-L-generaldodonna.gif	image/gif	85295
VB1-L-gold1.gif	VB1-L-gold1.gif	image/gif	95747
VB1-L-donttreadonme.gif	VB1-L-donttreadonme.gif	image/gif	113979
VB1-L-goldleaderingold1.gif	VB1-L-goldleaderingold1.gif	image/gif	103363
VB1-L-goldleaderingold1-pre.gif	VB1-L-goldleaderingold1-pre.gif	image/gif	103363
VB1-L-grapplinghook.gif	VB1-L-grapplinghook.gif	image/gif	104320
VB1-L-grapplinghook-pre.gif	VB1-L-grapplinghook-pre.gif	image/gif	104320
VB1-L-hansback-pre.gif	VB1-L-hansback-pre.gif	image/gif	92870
VB1-L-hansback.gif	VB1-L-hansback.gif	image/gif	92870
VB1-L-hansdice-pre.gif	VB1-L-hansdice-pre.gif	image/gif	91900
VB1-L-hansdice.gif	VB1-L-hansdice.gif	image/gif	91900
VB1-L-hansheavyblasterpistol.gif	VB1-L-hansheavyblasterpistol.gif	image/gif	92904
VB1-L-hansheavyblasterpistol-pre.gif	VB1-L-hansheavyblasterpistol-pre.gif	image/gif	92904
VB1-L-hansolo.gif	VB1-L-hansolo.gif	image/gif	109635
VB1-L-harvest.gif	VB1-L-harvest.gif	image/gif	102050
VB1-L-hansolo-pre.gif	VB1-L-hansolo-pre.gif	image/gif	109635
VB1-L-harvest-pre.gif	VB1-L-harvest-pre.gif	image/gif	102050
VB1-L-hiddenfortress-pre.gif	VB1-L-hiddenfortress-pre.gif	image/gif	101079
VB1-L-hiddenfortress.gif	VB1-L-hiddenfortress.gif	image/gif	101079
VB1-L-icantbelievehesgone-pre.gif	VB1-L-icantbelievehesgone-pre.gif	image/gif	92358
VB1-L-icantbelievehesgone.gif	VB1-L-icantbelievehesgone.gif	image/gif	92358
VB1-L-il19-pre.gif	VB1-L-il19-pre.gif	image/gif	86553
VB1-L-intothegarbagechuteflyboy.gif	VB1-L-intothegarbagechuteflyboy.gif	image/gif	95931
VB1-L-intothegarbagechuteflyboy-pre.gif	VB1-L-intothegarbagechuteflyboy-pre.gif	image/gif	95931
VB1-L-il19.gif	VB1-L-il19.gif	image/gif	86553
VB1-L-jawasiesta-pre.gif	VB1-L-jawasiesta-pre.gif	image/gif	97323
VB1-L-jawasiesta.gif	VB1-L-jawasiesta.gif	image/gif	97323
VB1-L-jekporkins.gif	VB1-L-jekporkins.gif	image/gif	107409
VB1-L-jekporkins-pre.gif	VB1-L-jekporkins-pre.gif	image/gif	107409
VB1-L-klorslug.gif	VB1-L-klorslug.gif	image/gif	96904
VB1-L-larshydroponicsstation.gif	VB1-L-larshydroponicsstation.gif	image/gif	93997
VB1-L-larshydroponicsstation-pre.gif	VB1-L-larshydroponicsstation-pre.gif	image/gif	93997
VB1-L-klorslug-pre.gif	VB1-L-klorslug-pre.gif	image/gif	96904
VB1-L-larsvaporator-pre.gif	VB1-L-larsvaporator-pre.gif	image/gif	92004
VB1-L-larsvaporator.gif	VB1-L-larsvaporator.gif	image/gif	92004
VB1-L-learnabouttheforceluke-pre.gif	VB1-L-learnabouttheforceluke-pre.gif	image/gif	111279
VB1-L-learnabouttheforceluke.gif	VB1-L-learnabouttheforceluke.gif	image/gif	111279
VB1-L-leia-pre.gif	VB1-L-leia-pre.gif	image/gif	106840
VB1-L-leiasback.gif	VB1-L-leiasback.gif	image/gif	101267
VB1-L-leiasback-pre.gif	VB1-L-leiasback-pre.gif	image/gif	101267
VB1-L-leia.gif	VB1-L-leia.gif	image/gif	106840
VB1-L-leiassportingblaster-pre.gif	VB1-L-leiassportingblaster-pre.gif	image/gif	99438
VB1-L-leiassportingblaster.gif	VB1-L-leiassportingblaster.gif	image/gif	99438
VB1-L-logisticaldelay-pre.gif	VB1-L-logisticaldelay-pre.gif	image/gif	104028
VB1-L-logisticaldelay.gif	VB1-L-logisticaldelay.gif	image/gif	104028
VB1-L-luke-pre.gif	VB1-L-luke-pre.gif	image/gif	104779
VB1-L-luke.gif	VB1-L-luke.gif	image/gif	104779
VB1-L-lukesback.gif	VB1-L-lukesback.gif	image/gif	100999
VB1-L-lukesback-pre.gif	VB1-L-lukesback-pre.gif	image/gif	100999
VB1-L-lukeshuntingrifle-pre.gif	VB1-L-lukeshuntingrifle-pre.gif	image/gif	115085
VB1-L-lukeshuntingrifle.gif	VB1-L-lukeshuntingrifle.gif	image/gif	115085
VB1-L-lukeskywalker.gif	VB1-L-lukeskywalker.gif	image/gif	98785
VB1-L-lukeskywalker-pre.gif	VB1-L-lukeskywalker-pre.gif	image/gif	98785
VB1-L-millenniumfalcon-pre.gif	VB1-L-millenniumfalcon-pre.gif	image/gif	92880
VB1-L-millenniumfalcon.gif	VB1-L-millenniumfalcon.gif	image/gif	92880
VB1-L-melas-pre.gif	VB1-L-melas-pre.gif	image/gif	101984
VB1-L-melas.gif	VB1-L-melas.gif	image/gif	101984
VB1-L-nightfall-pre.gif	VB1-L-nightfall-pre.gif	image/gif	92650
VB1-L-nightfall.gif	VB1-L-nightfall.gif	image/gif	92650
VB1-L-obiwankenobi.gif	VB1-L-obiwankenobi.gif	image/gif	95233
VB1-L-obiwankenobi-pre.gif	VB1-L-obiwankenobi-pre.gif	image/gif	95233
VB1-L-ourmostdesperatehour-pre.gif	VB1-L-ourmostdesperatehour-pre.gif	image/gif	93582
VB1-L-obiwanscape-pre.gif	VB1-L-obiwanscape-pre.gif	image/gif	103121
VB1-L-ourmostdesperatehour.gif	VB1-L-ourmostdesperatehour.gif	image/gif	93582
VB1-L-obiwanscape.gif	VB1-L-obiwanscape.gif	image/gif	103121
VB1-L-owenlars-pre.gif	VB1-L-owenlars-pre.gif	image/gif	108911
VB1-L-owenlars.gif	VB1-L-owenlars.gif	image/gif	108911
VB1-L-panic-pre.gif	VB1-L-panic-pre.gif	image/gif	97958
VB1-L-panic.gif	VB1-L-panic.gif	image/gif	97958
VB1-L-plastoidarmor-pre.gif	VB1-L-plastoidarmor-pre.gif	image/gif	95580
VB1-L-plastoidarmor.gif	VB1-L-plastoidarmor.gif	image/gif	95580
VB1-L-precisehit.gif	VB1-L-precisehit.gif	image/gif	113732
VB1-L-precisehit-pre.gif	VB1-L-precisehit-pre.gif	image/gif	113732
VB1-L-r2d2-pre.gif	VB1-L-r2d2-pre.gif	image/gif	103940
VB1-L-rebeltech-pre.gif	VB1-L-rebeltech-pre.gif	image/gif	91404
VB1-L-r2d2.gif	VB1-L-r2d2.gif	image/gif	103940
VB1-L-rebelreinforcements-pre.gif	VB1-L-rebelreinforcements-pre.gif	image/gif	106514
VB1-L-rebelreinforcements.gif	VB1-L-rebelreinforcements.gif	image/gif	106514
VB1-L-rebeltech.gif	VB1-L-rebeltech.gif	image/gif	91404
VB1-L-rebeltrooper-pre.gif	VB1-L-rebeltrooper-pre.gif	image/gif	105608
VB1-L-rebeltrooper.gif	VB1-L-rebeltrooper.gif	image/gif	105608
VB1-L-redleader.gif	VB1-L-redleader.gif	image/gif	88242
VB1-L-redleader-pre.gif	VB1-L-redleader-pre.gif	image/gif	88242
VB1-L-red5-pre.gif	VB1-L-red5-pre.gif	image/gif	94719
VB1-L-returnofajedi.gif	VB1-L-returnofajedi.gif	image/gif	98444
VB1-L-returnofajedi-pre.gif	VB1-L-returnofajedi-pre.gif	image/gif	98444
VB1-L-red5.gif	VB1-L-red5.gif	image/gif	94719
VB1-L-rycarryjerd.gif	VB1-L-rycarryjerd.gif	image/gif	99081
VB1-L-rycarryjerd-pre.gif	VB1-L-rycarryjerd-pre.gif	image/gif	99081
VB1-L-saitorrkalfas-pre.gif	VB1-L-saitorrkalfas-pre.gif	image/gif	97907
VB1-L-saitorrkalfas.gif	VB1-L-saitorrkalfas.gif	image/gif	97907
VB1-L-sandcrawler-pre.gif	VB1-L-sandcrawler-pre.gif	image/gif	104022
VB1-L-sandcrawler.gif	VB1-L-sandcrawler.gif	image/gif	104022
VB1-L-sabotage.gif	VB1-L-sabotage.gif	image/gif	108288
VB1-L-sabotage-pre.gif	VB1-L-sabotage-pre.gif	image/gif	108288
VB1-L-scannertechs-pre.gif	VB1-L-scannertechs-pre.gif	image/gif	97088
VB1-L-scannertechs.gif	VB1-L-scannertechs.gif	image/gif	97088
VB1-L-tantiveiv-pre.gif	VB1-L-tantiveiv-pre.gif	image/gif	85641
VB1-L-tantiveiv.gif	VB1-L-tantiveiv.gif	image/gif	85641
VB1-L-solomahal-pre.gif	VB1-L-solomahal-pre.gif	image/gif	99176
VB1-L-specialmodifications.gif	VB1-L-specialmodifications.gif	image/gif	108665
VB1-L-specialmodifications-pre.gif	VB1-L-specialmodifications-pre.gif	image/gif	108665
VB1-L-tatooinelarsmoisturefarm-pre.gif	VB1-L-tatooinelarsmoisturefarm-pre.gif	image/gif	75994
VB1-L-solomahal.gif	VB1-L-solomahal.gif	image/gif	99176
VB1-L-theplanetthatitsfarthestfrom-pre.gif	VB1-L-theplanetthatitsfarthestfrom-pre.gif	image/gif	91159
VB1-L-tatooineutilitybelt.gif	VB1-L-tatooineutilitybelt.gif	image/gif	111706
VB1-L-tatooineutilitybelt-pre.gif	VB1-L-tatooineutilitybelt-pre.gif	image/gif	111706
VB1-L-theplanetthatitsfarthestfrom.gif	VB1-L-theplanetthatitsfarthestfrom.gif	image/gif	91159
VB1-L-theronnett-pre.gif	VB1-L-theronnett-pre.gif	image/gif	102508
VB1-L-theronnett.gif	VB1-L-theronnett.gif	image/gif	102508
VB1-L-tatooinelarsmoisturefarm.gif	VB1-L-tatooinelarsmoisturefarm.gif	image/gif	75994
VB1-L-undercover-pre.gif	VB1-L-undercover-pre.gif	image/gif	93806
VB1-L-undercover.gif	VB1-L-undercover.gif	image/gif	93806
VB1-L-utinni-pre.gif	VB1-L-utinni-pre.gif	image/gif	98104
VB1-L-utinni.gif	VB1-L-utinni.gif	image/gif	98104
VB1-L-wedgeantilles-pre.gif	VB1-L-wedgeantilles-pre.gif	image/gif	105307
VB1-L-wedgeantilles.gif	VB1-L-wedgeantilles.gif	image/gif	105307
VB1-L-yerkamig-pre.gif	VB1-L-yerkamig-pre.gif	image/gif	101459
VB1-L-yerkamig.gif	VB1-L-yerkamig.gif	image/gif	101459
VB2-D-3720to1.gif	VB2-D-3720to1.gif	image/gif	85963
VB2-D-3720to1-pre.gif	VB2-D-3720to1-pre.gif	image/gif	85963
VB2-D-abilityabilityability-pre.gif	VB2-D-abilityabilityability-pre.gif	image/gif	81914
VB2-D-abilityabilityability.gif	VB2-D-abilityabilityability.gif	image/gif	81914
VB2-D-admiralozzel-pre.gif	VB2-D-admiralozzel-pre.gif	image/gif	66950
VB2-D-admiralozzel.gif	VB2-D-admiralozzel.gif	image/gif	66950
VB2-D-alertmystardestroyer-pre.gif	VB2-D-alertmystardestroyer-pre.gif	image/gif	70561
VB2-D-alertmystardestroyer.gif	VB2-D-alertmystardestroyer.gif	image/gif	70561
VB2-D-atatcannon-pre.gif	VB2-D-atatcannon-pre.gif	image/gif	80890
VB2-D-atatcannon.gif	VB2-D-atatcannon.gif	image/gif	80890
VB2-D-atatdeploymentplatform.gif	VB2-D-atatdeploymentplatform.gif	image/gif	98552
VB2-D-atatdeploymentplatform-pre.gif	VB2-D-atatdeploymentplatform-pre.gif	image/gif	98552
VB2-D-atmosphericassault-pre.gif	VB2-D-atmosphericassault-pre.gif	image/gif	78713
VB2-D-atmosphericassault.gif	VB2-D-atmosphericassault.gif	image/gif	78713
VB2-D-awwwwcannotgetyourshipout-pre.gif	VB2-D-awwwwcannotgetyourshipout-pre.gif	image/gif	84649
VB2-D-awwwwcannotgetyourshipout.gif	VB2-D-awwwwcannotgetyourshipout.gif	image/gif	84649
VB2-D-blizzard1-pre.gif	VB2-D-blizzard1-pre.gif	image/gif	88215
VB2-D-blizzard1.gif	VB2-D-blizzard1.gif	image/gif	88215
VB2-D-blizzard2.gif	VB2-D-blizzard2.gif	image/gif	89018
VB2-D-blizzard2-pre.gif	VB2-D-blizzard2-pre.gif	image/gif	89018
VB2-D-blizzardscout1.gif	VB2-D-blizzardscout1.gif	image/gif	85230
VB2-D-blizzardscout1-pre.gif	VB2-D-blizzardscout1-pre.gif	image/gif	85230
VB2-D-bobafett-pre.gif	VB2-D-bobafett-pre.gif	image/gif	76616
VB2-D-bobafett.gif	VB2-D-bobafett.gif	image/gif	76616
VB2-D-bobafettsblasterrifle-pre.gif	VB2-D-bobafettsblasterrifle-pre.gif	image/gif	69280
VB2-D-bobafettsblasterrifle.gif	VB2-D-bobafettsblasterrifle.gif	image/gif	69280
VB2-D-bossk-pre.gif	VB2-D-bossk-pre.gif	image/gif	91296
VB2-D-bossk.gif	VB2-D-bossk.gif	image/gif	91296
VB2-D-bounty-pre.gif	VB2-D-bounty-pre.gif	image/gif	79363
VB2-D-brieflossofcontrol-pre.gif	VB2-D-brieflossofcontrol-pre.gif	image/gif	78097
VB2-D-bounty.gif	VB2-D-bounty.gif	image/gif	79363
VB2-D-brieflossofcontrol.gif	VB2-D-brieflossofcontrol.gif	image/gif	78097
VB2-D-captainbewil.gif	VB2-D-captainbewil.gif	image/gif	82189
VB2-D-captainbewil-pre.gif	VB2-D-captainbewil-pre.gif	image/gif	82189
VB2-D-captainlennox-pre.gif	VB2-D-captainlennox-pre.gif	image/gif	100304
VB2-D-captainpiett-pre.gif	VB2-D-captainpiett-pre.gif	image/gif	77896
VB2-D-captainlennox.gif	VB2-D-captainlennox.gif	image/gif	100304
VB2-D-captainpiett.gif	VB2-D-captainpiett.gif	image/gif	77896
VB2-D-closecall-pre.gif	VB2-D-closecall-pre.gif	image/gif	77694
VB2-D-closecall.gif	VB2-D-closecall.gif	image/gif	77694
VB2-D-commandernemet-pre.gif	VB2-D-commandernemet-pre.gif	image/gif	57076
VB2-D-commandernemet.gif	VB2-D-commandernemet.gif	image/gif	57076
VB2-D-comscandetection-pre.gif	VB2-D-comscandetection-pre.gif	image/gif	63713
VB2-D-comscandetection.gif	VB2-D-comscandetection.gif	image/gif	63713
VB2-D-corporalderdram-pre.gif	VB2-D-corporalderdram-pre.gif	image/gif	94001
VB2-D-corporalderdram.gif	VB2-D-corporalderdram.gif	image/gif	94001
VB2-D-corporalvandolay-pre.gif	VB2-D-corporalvandolay-pre.gif	image/gif	82863
VB2-D-corporalvandolay.gif	VB2-D-corporalvandolay.gif	image/gif	82863
VB2-D-debriszone.gif	VB2-D-debriszone.gif	image/gif	84007
VB2-D-debriszone-pre.gif	VB2-D-debriszone-pre.gif	image/gif	84007
VB2-D-defensivefire-pre.gif	VB2-D-defensivefire-pre.gif	image/gif	72810
VB2-D-defensivefire.gif	VB2-D-defensivefire.gif	image/gif	72810
VB2-D-deflectorshieldgenerators-pre.gif	VB2-D-deflectorshieldgenerators-pre.gif	image/gif	97598
VB2-D-deflectorshieldgenerators.gif	VB2-D-deflectorshieldgenerators.gif	image/gif	97598
VB2-D-dengar-pre.gif	VB2-D-dengar-pre.gif	image/gif	87216
VB2-D-dengar.gif	VB2-D-dengar.gif	image/gif	87216
VB2-D-desilijictattoo-pre.gif	VB2-D-desilijictattoo-pre.gif	image/gif	80418
VB2-D-desilijictattoo.gif	VB2-D-desilijictattoo.gif	image/gif	80418
VB2-D-despair-pre.gif	VB2-D-despair-pre.gif	image/gif	70356
VB2-D-e3po-pre.gif	VB2-D-e3po-pre.gif	image/gif	77665
VB2-D-e3po.gif	VB2-D-e3po.gif	image/gif	77665
VB2-D-despair.gif	VB2-D-despair.gif	image/gif	70356
VB2-D-fear.gif	VB2-D-fear.gif	image/gif	82892
VB2-D-flagship.gif	VB2-D-flagship.gif	image/gif	60584
VB2-D-flagship-pre.gif	VB2-D-flagship-pre.gif	image/gif	60584
VB2-D-fieldpromotion-pre.gif	VB2-D-fieldpromotion-pre.gif	image/gif	77162
VB2-D-forcedlanding.gif	VB2-D-forcedlanding.gif	image/gif	76247
VB2-D-fear-pre.gif	VB2-D-fear-pre.gif	image/gif	82892
VB2-D-forcedlanding-pre.gif	VB2-D-forcedlanding-pre.gif	image/gif	76247
VB2-D-fieldpromotion.gif	VB2-D-fieldpromotion.gif	image/gif	77162
VB2-D-houndstooth.gif	VB2-D-houndstooth.gif	image/gif	75553
VB2-D-hothblockade.gif	VB2-D-hothblockade.gif	image/gif	70617
VB2-D-hothblockade-pre.gif	VB2-D-hothblockade-pre.gif	image/gif	70617
VB2-D-hesallyoursbountyhunter.gif	VB2-D-hesallyoursbountyhunter.gif	image/gif	84234
VB2-D-houndstooth-pre.gif	VB2-D-houndstooth-pre.gif	image/gif	75553
VB2-D-hesallyoursbountyhunter-pre.gif	VB2-D-hesallyoursbountyhunter-pre.gif	image/gif	84234
VB2-D-generalveers-pre.gif	VB2-D-generalveers-pre.gif	image/gif	99651
VB2-D-generalveers.gif	VB2-D-generalveers.gif	image/gif	99651
VB2-D-iamyourfather-pre.gif	VB2-D-iamyourfather-pre.gif	image/gif	77658
VB2-D-iamyourfather.gif	VB2-D-iamyourfather.gif	image/gif	77658
VB2-D-ig88-pre.gif	VB2-D-ig88-pre.gif	image/gif	87574
VB2-D-ig88sneuralinhibitor-pre.gif	VB2-D-ig88sneuralinhibitor-pre.gif	image/gif	83732
VB2-D-ig88sneuralinhibitor.gif	VB2-D-ig88sneuralinhibitor.gif	image/gif	83732
VB2-D-ig88.gif	VB2-D-ig88.gif	image/gif	87574
VB2-D-imageofthedarklord-pre.gif	VB2-D-imageofthedarklord-pre.gif	image/gif	77118
VB2-D-imageofthedarklord.gif	VB2-D-imageofthedarklord.gif	image/gif	77118
VB2-D-imperialcontrol-pre.gif	VB2-D-imperialcontrol-pre.gif	image/gif	79404
VB2-D-imperialcontrol.gif	VB2-D-imperialcontrol.gif	image/gif	79404
VB2-D-imperialoccupation-pre.gif	VB2-D-imperialoccupation-pre.gif	image/gif	72401
VB2-D-imperialdecree-pre.gif	VB2-D-imperialdecree-pre.gif	image/gif	79375
VB2-D-imperialdomination.gif	VB2-D-imperialdomination.gif	image/gif	61685
VB2-D-imperialdecree.gif	VB2-D-imperialdecree.gif	image/gif	79375
VB2-D-imperialoccupation.gif	VB2-D-imperialoccupation.gif	image/gif	72401
VB2-D-imperialdomination-pre.gif	VB2-D-imperialdomination-pre.gif	image/gif	61685
VB2-D-imperialwarmachine-pre.gif	VB2-D-imperialwarmachine-pre.gif	image/gif	93921
VB2-D-imperialwarmachine.gif	VB2-D-imperialwarmachine.gif	image/gif	93921
VB2-D-iwantthatship.gif	VB2-D-iwantthatship.gif	image/gif	71283
VB2-D-iwantthatship-pre.gif	VB2-D-iwantthatship-pre.gif	image/gif	71283
VB2-D-landocalrissian-pre.gif	VB2-D-landocalrissian-pre.gif	image/gif	91298
VB2-D-imsorry.gif	VB2-D-imsorry.gif	image/gif	92199
VB2-D-imsorry-pre.gif	VB2-D-imsorry-pre.gif	image/gif	92199
VB2-D-landocalrissian.gif	VB2-D-landocalrissian.gif	image/gif	91298
VB2-D-landosystem-pre.gif	VB2-D-landosystem-pre.gif	image/gif	72039
VB2-D-landosystem.gif	VB2-D-landosystem.gif	image/gif	72039
VB2-D-misthunter.gif	VB2-D-misthunter.gif	image/gif	77504
VB2-D-locationlocationlocation.gif	VB2-D-locationlocationlocation.gif	image/gif	84081
VB2-D-locationlocationlocation-pre.gif	VB2-D-locationlocationlocation-pre.gif	image/gif	84081
VB2-D-misthunter-pre.gif	VB2-D-misthunter-pre.gif	image/gif	77504
VB2-D-levitationattack-pre.gif	VB2-D-levitationattack-pre.gif	image/gif	67300
VB2-D-levitationattack.gif	VB2-D-levitationattack.gif	image/gif	67300
VB2-D-muchangerinhim.gif	VB2-D-muchangerinhim.gif	image/gif	66058
VB2-D-muchangerinhim-pre.gif	VB2-D-muchangerinhim-pre.gif	image/gif	66058
VB2-D-obsidian10-pre.gif	VB2-D-obsidian10-pre.gif	image/gif	74286
VB2-D-precisiontargeting-pre.gif	VB2-D-precisiontargeting-pre.gif	image/gif	78379
VB2-D-obsidian10.gif	VB2-D-obsidian10.gif	image/gif	74286
VB2-D-onearm-pre.gif	VB2-D-onearm-pre.gif	image/gif	93519
VB2-D-onearm.gif	VB2-D-onearm.gif	image/gif	93519
VB2-D-precisiontargeting.gif	VB2-D-precisiontargeting.gif	image/gif	78379
VB2-D-prideoftheempire.gif	VB2-D-prideoftheempire.gif	image/gif	77391
VB2-D-prideoftheempire-pre.gif	VB2-D-prideoftheempire-pre.gif	image/gif	77391
VB2-D-probedroid-pre.gif	VB2-D-probedroid-pre.gif	image/gif	93884
VB2-D-probedroid.gif	VB2-D-probedroid.gif	image/gif	93884
VB2-D-probetelemetry-pre.gif	VB2-D-probetelemetry-pre.gif	image/gif	73521
VB2-D-probetelemetry.gif	VB2-D-probetelemetry.gif	image/gif	73521
VB2-D-punishingone-pre.gif	VB2-D-punishingone-pre.gif	image/gif	72733
VB2-D-punishingone.gif	VB2-D-punishingone.gif	image/gif	72733
VB2-D-releaseyouranger.gif	VB2-D-releaseyouranger.gif	image/gif	55587
VB2-D-releaseyouranger-pre.gif	VB2-D-releaseyouranger-pre.gif	image/gif	55587
VB2-D-selfdestructmechanism.gif	VB2-D-selfdestructmechanism.gif	image/gif	80968
VB2-D-shockingrevelation-pre.gif	VB2-D-shockingrevelation-pre.gif	image/gif	79516
VB2-D-sergeantmajorbursk-pre.gif	VB2-D-sergeantmajorbursk-pre.gif	image/gif	86183
VB2-D-selfdestructmechanism-pre.gif	VB2-D-selfdestructmechanism-pre.gif	image/gif	80968
VB2-D-sergeantmajorbursk.gif	VB2-D-sergeantmajorbursk.gif	image/gif	86183
VB2-D-shockingrevelation.gif	VB2-D-shockingrevelation.gif	image/gif	79516
VB2-D-slavei-pre.gif	VB2-D-slavei-pre.gif	image/gif	69100
VB2-D-slavei.gif	VB2-D-slavei.gif	image/gif	69100
VB2-D-specialdelivery.gif	VB2-D-specialdelivery.gif	image/gif	86468
VB2-D-stalker.gif	VB2-D-stalker.gif	image/gif	79766
VB2-D-slipslidingaway.gif	VB2-D-slipslidingaway.gif	image/gif	92515
VB2-D-stalker-pre.gif	VB2-D-stalker-pre.gif	image/gif	79766
VB2-D-specialdelivery-pre.gif	VB2-D-specialdelivery-pre.gif	image/gif	86468
VB2-D-slipslidingaway-pre.gif	VB2-D-slipslidingaway-pre.gif	image/gif	92515
VB2-D-stopmotion.gif	VB2-D-stopmotion.gif	image/gif	81722
VB2-D-stopmotion-pre.gif	VB2-D-stopmotion-pre.gif	image/gif	81722
VB2-D-suddenimpact-pre.gif	VB2-D-suddenimpact-pre.gif	image/gif	83745
VB2-D-takeevasiveaction.gif	VB2-D-takeevasiveaction.gif	image/gif	88335
VB2-D-thedarkpath-pre.gif	VB2-D-thedarkpath-pre.gif	image/gif	55670
VB2-D-thedarkpath.gif	VB2-D-thedarkpath.gif	image/gif	55670
VB2-D-takeevasiveaction-pre.gif	VB2-D-takeevasiveaction-pre.gif	image/gif	88335
VB2-D-suddenimpact.gif	VB2-D-suddenimpact.gif	image/gif	83745
VB2-D-theemperorsprize-pre.gif	VB2-D-theemperorsprize-pre.gif	image/gif	81835
VB2-D-theemperorsprize.gif	VB2-D-theemperorsprize.gif	image/gif	81835
VB2-D-thequickandeasypath-pre.gif	VB2-D-thequickandeasypath-pre.gif	image/gif	79362
VB2-D-thequickandeasypath.gif	VB2-D-thequickandeasypath.gif	image/gif	79362
VB2-D-vadersbounty-pre.gif	VB2-D-vadersbounty-pre.gif	image/gif	80014
VB2-D-vaderspersonalshuttle-pre.gif	VB2-D-vaderspersonalshuttle-pre.gif	image/gif	52381
VB2-D-vaderspersonalshuttle.gif	VB2-D-vaderspersonalshuttle.gif	image/gif	52381
VB2-D-vadersbounty.gif	VB2-D-vadersbounty.gif	image/gif	80014
VB2-D-voyeur-pre.gif	VB2-D-voyeur-pre.gif	image/gif	86933
VB2-D-voyeur.gif	VB2-D-voyeur.gif	image/gif	86933
VB2-D-veers-pre.gif	VB2-D-veers-pre.gif	image/gif	98086
VB2-D-veers.gif	VB2-D-veers.gif	image/gif	98086
VB2-D-weathervane-pre.gif	VB2-D-weathervane-pre.gif	image/gif	61966
VB2-D-wampa.gif	VB2-D-wampa.gif	image/gif	97003
VB2-D-warrantofficermkae.gif	VB2-D-warrantofficermkae.gif	image/gif	71365
VB2-D-wampa-pre.gif	VB2-D-wampa-pre.gif	image/gif	97003
VB2-D-weathervane.gif	VB2-D-weathervane.gif	image/gif	61966
VB2-D-warrantofficermkae-pre.gif	VB2-D-warrantofficermkae-pre.gif	image/gif	71365
VB2-D-werethebait.gif	VB2-D-werethebait.gif	image/gif	81886
VB2-D-werethebait-pre.gif	VB2-D-werethebait-pre.gif	image/gif	81886
VB2-D-zuckuss.gif	VB2-D-zuckuss.gif	image/gif	85216
VB2-D-zuckuss-pre.gif	VB2-D-zuckuss-pre.gif	image/gif	85216
VB2-L-accessdenied-pre.gif	VB2-L-accessdenied-pre.gif	image/gif	95836
VB2-L-21btooonebee.gif	VB2-L-21btooonebee.gif	image/gif	101567
VB2-L-21btooonebee-pre.gif	VB2-L-21btooonebee-pre.gif	image/gif	101567
VB2-L-accessdenied.gif	VB2-L-accessdenied.gif	image/gif	95836
VB2-L-advantage-pre.gif	VB2-L-advantage-pre.gif	image/gif	109565
VB2-L-advantage.gif	VB2-L-advantage.gif	image/gif	109565
VB2-L-allmyurchins.gif	VB2-L-allmyurchins.gif	image/gif	98310
VB2-L-allmyurchins-pre.gif	VB2-L-allmyurchins-pre.gif	image/gif	98310
VB2-L-anakinslightsaber-pre.gif	VB2-L-anakinslightsaber-pre.gif	image/gif	112406
VB2-L-artilleryremote-pre.gif	VB2-L-artilleryremote-pre.gif	image/gif	117441
VB2-L-anakinslightsaber.gif	VB2-L-anakinslightsaber.gif	image/gif	112406
VB2-L-asteroidsdonotconcernme.gif	VB2-L-asteroidsdonotconcernme.gif	image/gif	100415
VB2-L-asteroidsdonotconcernme-pre.gif	VB2-L-asteroidsdonotconcernme-pre.gif	image/gif	100415
VB2-L-artilleryremote.gif	VB2-L-artilleryremote.gif	image/gif	117441
VB2-L-attackpatterndelta.gif	VB2-L-attackpatterndelta.gif	image/gif	100710
VB2-L-attackpatterndelta-pre.gif	VB2-L-attackpatterndelta-pre.gif	image/gif	100710
VB2-L-awayputyourweapon-pre.gif	VB2-L-awayputyourweapon-pre.gif	image/gif	108291
VB2-L-awayputyourweapon.gif	VB2-L-awayputyourweapon.gif	image/gif	108291
VB2-L-brighthope.gif	VB2-L-brighthope.gif	image/gif	94952
VB2-L-brighthope-pre.gif	VB2-L-brighthope-pre.gif	image/gif	94952
VB2-L-beldonseye-pre.gif	VB2-L-beldonseye-pre.gif	image/gif	104901
VB2-L-beldonseye.gif	VB2-L-beldonseye.gif	image/gif	104901
VB2-L-chewie-pre.gif	VB2-L-chewie-pre.gif	image/gif	100159
VB2-L-chewie.gif	VB2-L-chewie.gif	image/gif	100159
VB2-L-civildisorder-pre.gif	VB2-L-civildisorder-pre.gif	image/gif	115576
VB2-L-civildisorder.gif	VB2-L-civildisorder.gif	image/gif	115576
VB2-L-computerinterface-pre.gif	VB2-L-computerinterface-pre.gif	image/gif	99187
VB2-L-commanderlukeskywalker-pre.gif	VB2-L-commanderlukeskywalker-pre.gif	image/gif	122336
VB2-L-commanderlukeskywalker.gif	VB2-L-commanderlukeskywalker.gif	image/gif	122336
VB2-L-computerinterface.gif	VB2-L-computerinterface.gif	image/gif	99187
VB2-L-courageofaskywalker-pre.gif	VB2-L-courageofaskywalker-pre.gif	image/gif	103628
VB2-L-courageofaskywalker.gif	VB2-L-courageofaskywalker.gif	image/gif	103628
VB2-L-darkdissension-pre.gif	VB2-L-darkdissension-pre.gif	image/gif	104895
VB2-L-descentintothedark-pre.gif	VB2-L-descentintothedark-pre.gif	image/gif	100252
VB2-L-descentintothedark.gif	VB2-L-descentintothedark.gif	image/gif	100252
VB2-L-darkdissension.gif	VB2-L-darkdissension.gif	image/gif	104895
VB2-L-duallasercannon.gif	VB2-L-duallasercannon.gif	image/gif	104590
VB2-L-dismantleonsight.gif	VB2-L-dismantleonsight.gif	image/gif	106288
VB2-L-dismantleonsight-pre.gif	VB2-L-dismantleonsight-pre.gif	image/gif	106288
VB2-L-encampment.gif	VB2-L-encampment.gif	image/gif	112784
VB2-L-duallasercannon-pre.gif	VB2-L-duallasercannon-pre.gif	image/gif	104590
VB2-L-echobasetrooperofficer.gif	VB2-L-echobasetrooperofficer.gif	image/gif	109874
VB2-L-entrenchment-pre.gif	VB2-L-entrenchment-pre.gif	image/gif	111673
VB2-L-echobasetrooperofficer-pre.gif	VB2-L-echobasetrooperofficer-pre.gif	image/gif	109874
VB2-L-entrenchment.gif	VB2-L-entrenchment.gif	image/gif	111673
VB2-L-encampment-pre.gif	VB2-L-encampment-pre.gif	image/gif	112784
VB2-L-evacuationcontrol-pre.gif	VB2-L-evacuationcontrol-pre.gif	image/gif	107862
VB2-L-evacuationcontrol.gif	VB2-L-evacuationcontrol.gif	image/gif	107862
VB2-L-flashofinsight-pre.gif	VB2-L-flashofinsight-pre.gif	image/gif	102691
VB2-L-flashofinsight.gif	VB2-L-flashofinsight.gif	image/gif	102691
VB2-L-foundsomeoneyouhave.gif	VB2-L-foundsomeoneyouhave.gif	image/gif	109517
VB2-L-foundsomeoneyouhave-pre.gif	VB2-L-foundsomeoneyouhave-pre.gif	image/gif	109517
VB2-L-frostbite-pre.gif	VB2-L-frostbite-pre.gif	image/gif	106277
VB2-L-frostbite.gif	VB2-L-frostbite.gif	image/gif	106277
VB2-L-gamblersluck-pre.gif	VB2-L-gamblersluck-pre.gif	image/gif	102228
VB2-L-generalcarlistrieekan-pre.gif	VB2-L-generalcarlistrieekan-pre.gif	image/gif	81501
VB2-L-generalcarlistrieekan.gif	VB2-L-generalcarlistrieekan.gif	image/gif	81501
VB2-L-gamblersluck.gif	VB2-L-gamblersluck.gif	image/gif	102228
VB2-L-hanstoolkit-pre.gif	VB2-L-hanstoolkit-pre.gif	image/gif	109941
VB2-L-harcseff-pre.gif	VB2-L-harcseff-pre.gif	image/gif	102679
VB2-L-hanstoolkit.gif	VB2-L-hanstoolkit.gif	image/gif	109941
VB2-L-harcseff.gif	VB2-L-harcseff.gif	image/gif	102679
VB2-L-hidinginthegarbage-pre.gif	VB2-L-hidinginthegarbage-pre.gif	image/gif	93967
VB2-L-hidinginthegarbage.gif	VB2-L-hidinginthegarbage.gif	image/gif	93967
VB2-L-hoppingmad-pre.gif	VB2-L-hoppingmad-pre.gif	image/gif	108379
VB2-L-hoppingmad.gif	VB2-L-hoppingmad.gif	image/gif	108379
VB2-L-impressivemostimpressive-pre.gif	VB2-L-impressivemostimpressive-pre.gif	image/gif	97456
VB2-L-hothechomedlab-pre.gif	VB2-L-hothechomedlab-pre.gif	image/gif	105979
VB2-L-hothechomedlab.gif	VB2-L-hothechomedlab.gif	image/gif	105979
VB2-L-impressivemostimpressive.gif	VB2-L-impressivemostimpressive.gif	image/gif	97456
VB2-L-ineffectivemaneuver.gif	VB2-L-ineffectivemaneuver.gif	image/gif	104927
VB2-L-ineffectivemaneuver-pre.gif	VB2-L-ineffectivemaneuver-pre.gif	image/gif	104927
VB2-L-itisthefutureyousee.gif	VB2-L-itisthefutureyousee.gif	image/gif	124504
VB2-L-itisthefutureyousee-pre.gif	VB2-L-itisthefutureyousee-pre.gif	image/gif	124504
VB2-L-jedilevitation-pre.gif	VB2-L-jedilevitation-pre.gif	image/gif	108269
VB2-L-jedilevitation.gif	VB2-L-jedilevitation.gif	image/gif	108269
VB2-L-jeroenwebb-pre.gif	VB2-L-jeroenwebb-pre.gif	image/gif	106767
VB2-L-jeroenwebb.gif	VB2-L-jeroenwebb.gif	image/gif	106767
VB2-L-kebyc-pre.gif	VB2-L-kebyc-pre.gif	image/gif	101146
VB2-L-kebyc.gif	VB2-L-kebyc.gif	image/gif	101146
VB2-L-keepyoureyesopen-pre.gif	VB2-L-keepyoureyesopen-pre.gif	image/gif	99044
VB2-L-keepyoureyesopen.gif	VB2-L-keepyoureyesopen.gif	image/gif	99044
VB2-L-leiaofalderaan-pre.gif	VB2-L-leiaofalderaan-pre.gif	image/gif	98604
VB2-L-landocalrissian-pre.gif	VB2-L-landocalrissian-pre.gif	image/gif	102652
VB2-L-leiaofalderaan.gif	VB2-L-leiaofalderaan.gif	image/gif	98604
VB2-L-landocalrissian.gif	VB2-L-landocalrissian.gif	image/gif	102652
VB2-L-levitation.gif	VB2-L-levitation.gif	image/gif	111804
VB2-L-levitation-pre.gif	VB2-L-levitation-pre.gif	image/gif	111804
VB2-L-liberation.gif	VB2-L-liberation.gif	image/gif	109241
VB2-L-liberation-pre.gif	VB2-L-liberation-pre.gif	image/gif	109241
VB2-L-lobot.gif	VB2-L-lobot.gif	image/gif	98855
VB2-L-lobot-pre.gif	VB2-L-lobot-pre.gif	image/gif	98855
VB2-L-lukesbionichand.gif	VB2-L-lukesbionichand.gif	image/gif	105410
VB2-L-lukesblasterpistol.gif	VB2-L-lukesblasterpistol.gif	image/gif	112866
VB2-L-lukesblasterpistol-pre.gif	VB2-L-lukesblasterpistol-pre.gif	image/gif	112866
VB2-L-lukesbionichand-pre.gif	VB2-L-lukesbionichand-pre.gif	image/gif	105410
VB2-L-localuprising-pre.gif	VB2-L-localuprising-pre.gif	image/gif	110554
VB2-L-localuprising.gif	VB2-L-localuprising.gif	image/gif	110554
VB2-L-maneuveringflaps.gif	VB2-L-maneuveringflaps.gif	image/gif	113562
VB2-L-maneuveringflaps-pre.gif	VB2-L-maneuveringflaps-pre.gif	image/gif	113562
VB2-L-nebdulo.gif	VB2-L-nebdulo.gif	image/gif	102287
VB2-L-nebdulo-pre.gif	VB2-L-nebdulo-pre.gif	image/gif	102287
VB2-L-niceofyouguystodropby-pre.gif	VB2-L-niceofyouguystodropby-pre.gif	image/gif	107294
VB2-L-niceofyouguystodropby.gif	VB2-L-niceofyouguystodropby.gif	image/gif	107294
VB2-L-nickoftime-pre.gif	VB2-L-nickoftime-pre.gif	image/gif	109191
VB2-L-nickoftime.gif	VB2-L-nickoftime.gif	image/gif	109191
VB2-L-obiwansapparition-pre.gif	VB2-L-obiwansapparition-pre.gif	image/gif	88659
VB2-L-nodisintegrations-pre.gif	VB2-L-nodisintegrations-pre.gif	image/gif	100275
VB2-L-obiwansapparition.gif	VB2-L-obiwansapparition.gif	image/gif	88659
VB2-L-noooooooooooo-pre.gif	VB2-L-noooooooooooo-pre.gif	image/gif	110508
VB2-L-nodisintegrations.gif	VB2-L-nodisintegrations.gif	image/gif	100275
VB2-L-noooooooooooo.gif	VB2-L-noooooooooooo.gif	image/gif	110508
VB2-L-perimeterscan-pre.gif	VB2-L-perimeterscan-pre.gif	image/gif	118751
VB2-L-perimeterscan.gif	VB2-L-perimeterscan.gif	image/gif	118751
VB2-L-putthatdown.gif	VB2-L-putthatdown.gif	image/gif	88153
VB2-L-putthatdown-pre.gif	VB2-L-putthatdown-pre.gif	image/gif	88153
VB2-L-polarizednegativepowercoupling.gif	VB2-L-polarizednegativepowercoupling.gif	image/gif	100114
VB2-L-princessleia-pre.gif	VB2-L-princessleia-pre.gif	image/gif	100026
VB2-L-polarizednegativepowercoupling-pre.gif	VB2-L-polarizednegativepowercoupling-pre.gif	image/gif	100114
VB2-L-princessleia.gif	VB2-L-princessleia.gif	image/gif	100026
VB2-L-r5m2arfiveemmtoo-pre.gif	VB2-L-r5m2arfiveemmtoo-pre.gif	image/gif	108306
VB2-L-r5m2arfiveemmtoo.gif	VB2-L-r5m2arfiveemmtoo.gif	image/gif	108306
VB2-L-redemption.gif	VB2-L-redemption.gif	image/gif	93993
VB2-L-redemption-pre.gif	VB2-L-redemption-pre.gif	image/gif	93993
VB2-L-rebelinfantry-pre.gif	VB2-L-rebelinfantry-pre.gif	image/gif	114859
VB2-L-rebelinfantry.gif	VB2-L-rebelinfantry.gif	image/gif	114859
VB2-L-rebelscout-pre.gif	VB2-L-rebelscout-pre.gif	image/gif	99147
VB2-L-rebelscout.gif	VB2-L-rebelscout.gif	image/gif	99147
VB2-L-redemptioncommandpost-pre.gif	VB2-L-redemptioncommandpost-pre.gif	image/gif	110628
VB2-L-redemptioncommandpost.gif	VB2-L-redemptioncommandpost.gif	image/gif	110628
VB2-L-smugglersblues-pre.gif	VB2-L-smugglersblues-pre.gif	image/gif	94273
VB2-L-smugglersblues.gif	VB2-L-smugglersblues.gif	image/gif	94273
VB2-L-romaslocknavander-pre.gif	VB2-L-romaslocknavander-pre.gif	image/gif	101754
VB2-L-romaslocknavander.gif	VB2-L-romaslocknavander.gif	image/gif	101754
VB2-L-shockinginformation.gif	VB2-L-shockinginformation.gif	image/gif	115413
VB2-L-shockinginformation-pre.gif	VB2-L-shockinginformation-pre.gif	image/gif	115413
VB2-L-sonofskywalker-pre.gif	VB2-L-sonofskywalker-pre.gif	image/gif	117705
VB2-L-sonofskywalker.gif	VB2-L-sonofskywalker.gif	image/gif	117705
VB2-L-starshiplevitation-pre.gif	VB2-L-starshiplevitation-pre.gif	image/gif	105215
VB2-L-starshiplevitation.gif	VB2-L-starshiplevitation.gif	image/gif	105215
VB2-L-surreptitiousglance.gif	VB2-L-surreptitiousglance.gif	image/gif	99051
VB2-L-surreptitiousglance-pre.gif	VB2-L-surreptitiousglance-pre.gif	image/gif	99051
VB2-L-tamizanderrey-pre.gif	VB2-L-tamizanderrey-pre.gif	image/gif	103868
VB2-L-tamizanderrey.gif	VB2-L-tamizanderrey.gif	image/gif	103868
VB2-L-tauntaunhandler-pre.gif	VB2-L-tauntaunhandler-pre.gif	image/gif	105222
VB2-L-tauntaunhandler.gif	VB2-L-tauntaunhandler.gif	image/gif	105222
VB2-L-tigranjamiro-pre.gif	VB2-L-tigranjamiro-pre.gif	image/gif	103613
VB2-L-throughtheforcethingsyouwillsee-pre.gif	VB2-L-throughtheforcethingsyouwillsee-pre.gif	image/gif	112283
VB2-L-tigranjamiro.gif	VB2-L-tigranjamiro.gif	image/gif	103613
VB2-L-throughtheforcethingsyouwillsee.gif	VB2-L-throughtheforcethingsyouwillsee.gif	image/gif	112283
VB2-L-torynfarr-pre.gif	VB2-L-torynfarr-pre.gif	image/gif	105173
VB2-L-torynfarr.gif	VB2-L-torynfarr.gif	image/gif	105173
VB2-L-visoredvision-pre.gif	VB2-L-visoredvision-pre.gif	image/gif	104602
VB2-L-visoredvision.gif	VB2-L-visoredvision.gif	image/gif	104602
VB2-L-walkersighting-pre.gif	VB2-L-walkersighting-pre.gif	image/gif	98743
VB2-L-warsnotmakeonegreat.gif	VB2-L-warsnotmakeonegreat.gif	image/gif	92257
VB2-L-warsnotmakeonegreat-pre.gif	VB2-L-warsnotmakeonegreat-pre.gif	image/gif	92257
VB2-L-walkersighting.gif	VB2-L-walkersighting.gif	image/gif	98743
VB2-L-weathervane-pre.gif	VB2-L-weathervane-pre.gif	image/gif	97101
VB2-L-weathervane.gif	VB2-L-weathervane.gif	image/gif	97101
VB2-L-wellfindhan.gif	VB2-L-wellfindhan.gif	image/gif	106043
VB2-L-wellfindhan-pre.gif	VB2-L-wellfindhan-pre.gif	image/gif	106043
VB2-L-wookieestrangle-pre.gif	VB2-L-wookieestrangle-pre.gif	image/gif	104693
VB2-L-wyronserper-pre.gif	VB2-L-wyronserper-pre.gif	image/gif	101892
VB2-L-wookieestrangle.gif	VB2-L-wookieestrangle.gif	image/gif	104693
VB2-L-yoda-pre.gif	VB2-L-yoda-pre.gif	image/gif	102483
VB2-L-wyronserper.gif	VB2-L-wyronserper.gif	image/gif	101892
VB2-L-yoda.gif	VB2-L-yoda.gif	image/gif	102483
VB2-L-youwillgotothedagobahsystem-pre.gif	VB2-L-youwillgotothedagobahsystem-pre.gif	image/gif	101857
VB2-L-youwillgotothedagobahsystem.gif	VB2-L-youwillgotothedagobahsystem.gif	image/gif	101857
VB3-D-abyssinornament&woundedwookiee.gif	VB3-D-abyssinornament&woundedwookiee.gif	image/gif	87855
VB3-D-accuser-pre.gif	VB3-D-accuser-pre.gif	image/gif	64673
VB3-D-abyssinornament&woundedwookiee-pre.gif	VB3-D-abyssinornament&woundedwookiee-pre.gif	image/gif	87855
VB3-D-accuser.gif	VB3-D-accuser.gif	image/gif	64673
VB3-D-allwrappedup-pre.gif	VB3-D-allwrappedup-pre.gif	image/gif	71111
VB3-D-allwrappedup.gif	VB3-D-allwrappedup.gif	image/gif	71111
VB3-D-aratechcorporation-pre.gif	VB3-D-aratechcorporation-pre.gif	image/gif	90825
VB3-D-aratechcorporation.gif	VB3-D-aratechcorporation.gif	image/gif	90825
VB3-D-banemalar.gif	VB3-D-banemalar.gif	image/gif	97976
VB3-D-banthaherd-pre.gif	VB3-D-banthaherd-pre.gif	image/gif	83308
VB3-D-atstdualcannon-pre.gif	VB3-D-atstdualcannon-pre.gif	image/gif	88279
VB3-D-banemalar-pre.gif	VB3-D-banemalar-pre.gif	image/gif	97976
VB3-D-atstdualcannon.gif	VB3-D-atstdualcannon.gif	image/gif	88279
VB3-D-banthaherd.gif	VB3-D-banthaherd.gif	image/gif	83308
VB3-D-bibfortuna.gif	VB3-D-bibfortuna.gif	image/gif	64727
VB3-D-bibfortuna-pre.gif	VB3-D-bibfortuna-pre.gif	image/gif	64727
VB3-D-captainyorr-pre.gif	VB3-D-captainyorr-pre.gif	image/gif	59512
VB3-D-captainyorr.gif	VB3-D-captainyorr.gif	image/gif	59512
VB3-D-caneadiss-pre.gif	VB3-D-caneadiss-pre.gif	image/gif	83961
VB3-D-caneadiss.gif	VB3-D-caneadiss.gif	image/gif	83961
VB3-D-concussionmissiles-pre.gif	VB3-D-concussionmissiles-pre.gif	image/gif	55123
VB3-D-concussionmissiles.gif	VB3-D-concussionmissiles.gif	image/gif	55123
VB3-D-crossfire-pre.gif	VB3-D-crossfire-pre.gif	image/gif	78102
VB3-D-commanderigar.gif	VB3-D-commanderigar.gif	image/gif	87592
VB3-D-darthvaderslightsaber-pre.gif	VB3-D-darthvaderslightsaber-pre.gif	image/gif	83812
VB3-D-crossfire.gif	VB3-D-crossfire.gif	image/gif	78102
VB3-D-commanderigar-pre.gif	VB3-D-commanderigar-pre.gif	image/gif	87592
VB3-D-darthvaderslightsaber.gif	VB3-D-darthvaderslightsaber.gif	image/gif	83812
VB3-D-denofthieves.gif	VB3-D-denofthieves.gif	image/gif	74203
VB3-D-deadewok-pre.gif	VB3-D-deadewok-pre.gif	image/gif	98851
VB3-D-denofthieves-pre.gif	VB3-D-denofthieves-pre.gif	image/gif	74203
VB3-D-deadewok.gif	VB3-D-deadewok.gif	image/gif	98851
VB3-D-dominator-pre.gif	VB3-D-dominator-pre.gif	image/gif	66920
VB3-D-dominator.gif	VB3-D-dominator.gif	image/gif	66920
VB3-D-dungeonprison.gif	VB3-D-dungeonprison.gif	image/gif	104429
VB3-D-dungeonprison-pre.gif	VB3-D-dungeonprison-pre.gif	image/gif	104429
VB3-D-endorshield-pre.gif	VB3-D-endorshield-pre.gif	image/gif	85353
VB3-D-empiresneworder-pre.gif	VB3-D-empiresneworder-pre.gif	image/gif	88215
VB3-D-emperorspower.gif	VB3-D-emperorspower.gif	image/gif	77689
VB3-D-emperorspower-pre.gif	VB3-D-emperorspower-pre.gif	image/gif	77689
VB3-D-empiresneworder.gif	VB3-D-empiresneworder.gif	image/gif	88215
VB3-D-endorshield.gif	VB3-D-endorshield.gif	image/gif	85353
VB3-D-establishsecretbase-pre.gif	VB3-D-establishsecretbase-pre.gif	image/gif	93922
VB3-D-establishsecretbase.gif	VB3-D-establishsecretbase.gif	image/gif	93922
VB3-D-flagshipoperations.gif	VB3-D-flagshipoperations.gif	image/gif	64307
VB3-D-flagshipoperations-pre.gif	VB3-D-flagshipoperations-pre.gif	image/gif	64307
VB3-D-feltiperntrevaggsstunrifle.gif	VB3-D-feltiperntrevaggsstunrifle.gif	image/gif	83844
VB3-D-feltiperntrevaggsstunrifle-pre.gif	VB3-D-feltiperntrevaggsstunrifle-pre.gif	image/gif	83844
VB3-D-fozec-pre.gif	VB3-D-fozec-pre.gif	image/gif	81863
VB3-D-freeze-pre.gif	VB3-D-freeze-pre.gif	image/gif	92712
VB3-D-fozec.gif	VB3-D-fozec.gif	image/gif	81863
VB3-D-freeze.gif	VB3-D-freeze.gif	image/gif	92712
VB3-D-gelayeens-pre.gif	VB3-D-gelayeens-pre.gif	image/gif	78646
VB3-D-huttbounty-pre.gif	VB3-D-huttbounty-pre.gif	image/gif	80430
VB3-D-hermiodle.gif	VB3-D-hermiodle.gif	image/gif	92077
VB3-D-gelayeens.gif	VB3-D-gelayeens.gif	image/gif	78646
VB3-D-hermiodle-pre.gif	VB3-D-hermiodle-pre.gif	image/gif	92077
VB3-D-huttbounty.gif	VB3-D-huttbounty.gif	image/gif	80430
VB3-D-imperialacademytraining-pre.gif	VB3-D-imperialacademytraining-pre.gif	image/gif	100448
VB3-D-imperialacademytraining.gif	VB3-D-imperialacademytraining.gif	image/gif	100448
VB3-D-inconsequentiallosses-pre.gif	VB3-D-inconsequentiallosses-pre.gif	image/gif	88153
VB3-D-jabbassailbarge-pre.gif	VB3-D-jabbassailbarge-pre.gif	image/gif	77659
VB3-D-inconsequentiallosses.gif	VB3-D-inconsequentiallosses.gif	image/gif	88153
VB3-D-jabbassailbarge.gif	VB3-D-jabbassailbarge.gif	image/gif	77659
VB3-D-imperialtyranny-pre.gif	VB3-D-imperialtyranny-pre.gif	image/gif	101607
VB3-D-imperialtyranny.gif	VB3-D-imperialtyranny.gif	image/gif	101607
VB3-D-jabbasspacecruiser-pre.gif	VB3-D-jabbasspacecruiser-pre.gif	image/gif	71347
VB3-D-jabbasspacecruiser.gif	VB3-D-jabbasspacecruiser.gif	image/gif	71347
VB3-D-jabbathehutt.gif	VB3-D-jabbathehutt.gif	image/gif	84120
VB3-D-jabbathehutt-pre.gif	VB3-D-jabbathehutt-pre.gif	image/gif	84120
VB3-D-jquille.gif	VB3-D-jquille.gif	image/gif	83937
VB3-D-jquille-pre.gif	VB3-D-jquille-pre.gif	image/gif	83937
VB3-D-lieutenantgrond-pre.gif	VB3-D-lieutenantgrond-pre.gif	image/gif	90220
VB3-D-lieutenantgrond.gif	VB3-D-lieutenantgrond.gif	image/gif	90220
VB3-D-lieutenantrenz-pre.gif	VB3-D-lieutenantrenz-pre.gif	image/gif	87016
VB3-D-lieutenantrenz.gif	VB3-D-lieutenantrenz.gif	image/gif	87016
VB3-D-majorhewex-pre.gif	VB3-D-majorhewex-pre.gif	image/gif	81291
VB3-D-majorhewex.gif	VB3-D-majorhewex.gif	image/gif	81291
VB3-D-lordvader.gif	VB3-D-lordvader.gif	image/gif	98667
VB3-D-malakili-pre.gif	VB3-D-malakili-pre.gif	image/gif	76482
VB3-D-lieutenantwatts-pre.gif	VB3-D-lieutenantwatts-pre.gif	image/gif	82226
VB3-D-lordvader-pre.gif	VB3-D-lordvader-pre.gif	image/gif	98667
VB3-D-lieutenantwatts.gif	VB3-D-lieutenantwatts.gif	image/gif	82226
VB3-D-nizucbek.gif	VB3-D-nizucbek.gif	image/gif	85457
VB3-D-nizucbek-pre.gif	VB3-D-nizucbek-pre.gif	image/gif	85457
VB3-D-noneshallpass.gif	VB3-D-noneshallpass.gif	image/gif	83494
VB3-D-outflank.gif	VB3-D-outflank.gif	image/gif	92738
VB3-D-outflank-pre.gif	VB3-D-outflank-pre.gif	image/gif	92738
VB3-D-noneshallpass-pre.gif	VB3-D-noneshallpass-pre.gif	image/gif	83494
VB3-D-pinneddown-pre.gif	VB3-D-pinneddown-pre.gif	image/gif	81776
VB3-D-sacrifice-pre.gif	VB3-D-sacrifice-pre.gif	image/gif	85337
VB3-D-pinneddown.gif	VB3-D-pinneddown.gif	image/gif	81776
VB3-D-sacrifice.gif	VB3-D-sacrifice.gif	image/gif	85337
VB3-D-sd17homingmissile-pre.gif	VB3-D-sd17homingmissile-pre.gif	image/gif	55483
VB3-D-sd17homingmissile.gif	VB3-D-sd17homingmissile.gif	image/gif	55483
VB3-D-scoutrecon.gif	VB3-D-scoutrecon.gif	image/gif	108508
VB3-D-scoutrecon-pre.gif	VB3-D-scoutrecon-pre.gif	image/gif	108508
VB3-D-malakili.gif	VB3-D-malakili.gif	image/gif	76482
VB3-D-securityprecautions-pre.gif	VB3-D-securityprecautions-pre.gif	image/gif	80444
VB3-D-sergeantwallen-pre.gif	VB3-D-sergeantwallen-pre.gif	image/gif	88964
VB3-D-sergeantwallen.gif	VB3-D-sergeantwallen.gif	image/gif	88964
VB3-D-simaloo-pre.gif	VB3-D-simaloo-pre.gif	image/gif	81413
VB3-D-securityprecautions.gif	VB3-D-securityprecautions.gif	image/gif	80444
VB3-D-simaloo.gif	VB3-D-simaloo.gif	image/gif	81413
VB3-D-sneakattack-pre.gif	VB3-D-sneakattack-pre.gif	image/gif	90914
VB3-D-sneakattack.gif	VB3-D-sneakattack.gif	image/gif	90914
VB3-D-somethingspecialplannedforthem-pre.gif	VB3-D-somethingspecialplannedforthem-pre.gif	image/gif	84054
VB3-D-somethingspecialplannedforthem.gif	VB3-D-somethingspecialplannedforthem.gif	image/gif	84054
VB3-D-theemperor-pre.gif	VB3-D-theemperor-pre.gif	image/gif	88121
VB3-D-theemperor.gif	VB3-D-theemperor.gif	image/gif	88121
VB3-D-vizam-pre.gif	VB3-D-vizam-pre.gif	image/gif	77485
VB3-D-vizam.gif	VB3-D-vizam.gif	image/gif	77485
VB3-D-twilekadvisor-pre.gif	VB3-D-twilekadvisor-pre.gif	image/gif	88044
VB3-D-twilekadvisor.gif	VB3-D-twilekadvisor.gif	image/gif	88044
VB3-D-wellearnedcommand-pre.gif	VB3-D-wellearnedcommand-pre.gif	image/gif	98633
VB3-D-wellearnedcommand.gif	VB3-D-wellearnedcommand.gif	image/gif	98633
VB3-D-wooof-pre.gif	VB3-D-wooof-pre.gif	image/gif	84260
VB3-D-wooof.gif	VB3-D-wooof.gif	image/gif	84260
VB3-D-woundedwookiee.gif	VB3-D-woundedwookiee.gif	image/gif	67314
VB3-D-woundedwookiee-pre.gif	VB3-D-woundedwookiee-pre.gif	image/gif	67314
VB3-L-admiralackbar-pre.gif	VB3-L-admiralackbar-pre.gif	image/gif	76006
VB3-L-admiralackbar.gif	VB3-L-admiralackbar.gif	image/gif	76006
VB3-D-youwantthisdontyou-pre.gif	VB3-D-youwantthisdontyou-pre.gif	image/gif	94034
VB3-D-youwantthisdontyou.gif	VB3-D-youwantthisdontyou.gif	image/gif	94034
VB3-L-a280sharpshooterrifle-pre.gif	VB3-L-a280sharpshooterrifle-pre.gif	image/gif	107212
VB3-L-a280sharpshooterrifle.gif	VB3-L-a280sharpshooterrifle.gif	image/gif	107212
VB3-L-ajedispatience.gif	VB3-L-ajedispatience.gif	image/gif	98995
VB3-L-ajedispatience-pre.gif	VB3-L-ajedispatience-pre.gif	image/gif	98995
VB3-L-bargainingtable-pre.gif	VB3-L-bargainingtable-pre.gif	image/gif	92877
VB3-L-bargainingtable.gif	VB3-L-bargainingtable.gif	image/gif	92877
VB3-L-attark.gif	VB3-L-attark.gif	image/gif	108028
VB3-L-avedluun.gif	VB3-L-avedluun.gif	image/gif	109129
VB3-L-bgj38.gif	VB3-L-bgj38.gif	image/gif	103832
VB3-L-bgj38-pre.gif	VB3-L-bgj38-pre.gif	image/gif	103832
VB3-L-avedluun-pre.gif	VB3-L-avedluun-pre.gif	image/gif	109129
VB3-L-chiefchirpa.gif	VB3-L-chiefchirpa.gif	image/gif	96224
VB3-L-chiefchirpa-pre.gif	VB3-L-chiefchirpa-pre.gif	image/gif	96224
VB3-L-attark-pre.gif	VB3-L-attark-pre.gif	image/gif	108028
VB3-L-chewiesatst.gif	VB3-L-chewiesatst.gif	image/gif	116416
VB3-L-chewiesatst-pre.gif	VB3-L-chewiesatst-pre.gif	image/gif	116416
VB3-L-corellianretort-pre.gif	VB3-L-corellianretort-pre.gif	image/gif	82836
VB3-L-commandotraining-pre.gif	VB3-L-commandotraining-pre.gif	image/gif	104997
VB3-L-commandotraining.gif	VB3-L-commandotraining.gif	image/gif	104997
VB3-L-corellianretort.gif	VB3-L-corellianretort.gif	image/gif	82836
VB3-L-countmein-pre.gif	VB3-L-countmein-pre.gif	image/gif	101514
VB3-L-countmein.gif	VB3-L-countmein.gif	image/gif	101514
VB3-L-covertlanding-pre.gif	VB3-L-covertlanding-pre.gif	image/gif	104636
VB3-L-covertlanding.gif	VB3-L-covertlanding.gif	image/gif	104636
VB3-L-dontforgetthedroids-pre.gif	VB3-L-dontforgetthedroids-pre.gif	image/gif	96992
VB3-L-diversionarytactics.gif	VB3-L-diversionarytactics.gif	image/gif	102830
VB3-L-diversionarytactics-pre.gif	VB3-L-diversionarytactics-pre.gif	image/gif	102830
VB3-L-dontforgetthedroids.gif	VB3-L-dontforgetthedroids.gif	image/gif	96992
VB3-L-endorcelebration-pre.gif	VB3-L-endorcelebration-pre.gif	image/gif	109350
VB3-L-endorcelebration.gif	VB3-L-endorcelebration.gif	image/gif	109350
VB3-L-endorewokvillage-pre.gif	VB3-L-endorewokvillage-pre.gif	image/gif	123564
VB3-L-enhancedprotontorpedoes-pre.gif	VB3-L-enhancedprotontorpedoes-pre.gif	image/gif	102205
VB3-L-endorewokvillage.gif	VB3-L-endorewokvillage.gif	image/gif	123564
VB3-L-enhancedprotontorpedoes.gif	VB3-L-enhancedprotontorpedoes.gif	image/gif	102205
VB3-L-generalsolo-pre.gif	VB3-L-generalsolo-pre.gif	image/gif	108337
VB3-L-generalsolo.gif	VB3-L-generalsolo.gif	image/gif	108337
VB3-L-generalwalexblissex-pre.gif	VB3-L-generalwalexblissex-pre.gif	image/gif	77029
VB3-L-generalwalexblissex.gif	VB3-L-generalwalexblissex.gif	image/gif	77029
VB3-L-han-pre.gif	VB3-L-han-pre.gif	image/gif	83160
VB3-L-han.gif	VB3-L-han.gif	image/gif	83160
VB3-L-greensquadron1-pre.gif	VB3-L-greensquadron1-pre.gif	image/gif	100497
VB3-L-greensquadron1.gif	VB3-L-greensquadron1.gif	image/gif	100497
VB3-L-imustbeallowedtospeak-pre.gif	VB3-L-imustbeallowedtospeak-pre.gif	image/gif	103112
VB3-L-imwithyoutoo-pre.gif	VB3-L-imwithyoutoo-pre.gif	image/gif	76886
VB3-L-imustbeallowedtospeak.gif	VB3-L-imustbeallowedtospeak.gif	image/gif	103112
VB3-L-imwithyoutoo.gif	VB3-L-imwithyoutoo.gif	image/gif	76886
VB3-L-iwonderwhotheyfound-pre.gif	VB3-L-iwonderwhotheyfound-pre.gif	image/gif	109590
VB3-L-iwonderwhotheyfound.gif	VB3-L-iwonderwhotheyfound.gif	image/gif	109590
VB3-L-kalit-pre.gif	VB3-L-kalit-pre.gif	image/gif	109645
VB3-L-kalit.gif	VB3-L-kalit.gif	image/gif	109645
VB3-L-kechukekukuta-pre.gif	VB3-L-kechukekukuta-pre.gif	image/gif	99860
VB3-L-kechukekukuta.gif	VB3-L-kechukekukuta.gif	image/gif	99860
VB3-L-laudica-pre.gif	VB3-L-laudica-pre.gif	image/gif	100522
VB3-L-laudica.gif	VB3-L-laudica.gif	image/gif	100522
VB3-L-letskeepalittleoptimismhere-pre.gif	VB3-L-letskeepalittleoptimismhere-pre.gif	image/gif	70223
VB3-L-leslomytacema-pre.gif	VB3-L-leslomytacema-pre.gif	image/gif	104425
VB3-L-letskeepalittleoptimismhere.gif	VB3-L-letskeepalittleoptimismhere.gif	image/gif	70223
VB3-L-leslomytacema.gif	VB3-L-leslomytacema.gif	image/gif	104425
VB3-L-lieutenantblount-pre.gif	VB3-L-lieutenantblount-pre.gif	image/gif	79581
VB3-L-lieutenantblount.gif	VB3-L-lieutenantblount.gif	image/gif	79581
VB3-L-lukesultimatum-pre.gif	VB3-L-lukesultimatum-pre.gif	image/gif	73165
VB3-L-lukesultimatum.gif	VB3-L-lukesultimatum.gif	image/gif	73165
VB3-L-mandalorianmishap-pre.gif	VB3-L-mandalorianmishap-pre.gif	image/gif	90988
VB3-L-lukeskywalkerrebelscout-pre.gif	VB3-L-lukeskywalkerrebelscout-pre.gif	image/gif	100054
VB3-L-lukeskywalkerrebelscout.gif	VB3-L-lukeskywalkerrebelscout.gif	image/gif	100054
VB3-L-mandalorianmishap.gif	VB3-L-mandalorianmishap.gif	image/gif	90988
VB3-L-masterluke-pre.gif	VB3-L-masterluke-pre.gif	image/gif	104103
VB3-L-masterluke.gif	VB3-L-masterluke.gif	image/gif	104103
VB3-L-moncalamaristarcruiser.gif	VB3-L-moncalamaristarcruiser.gif	image/gif	75392
VB3-L-moncalamaristarcruiser-pre.gif	VB3-L-moncalamaristarcruiser-pre.gif	image/gif	75392
VB3-L-ouronlyhope-pre.gif	VB3-L-ouronlyhope-pre.gif	image/gif	77785
VB3-L-orrimaarko-pre.gif	VB3-L-orrimaarko-pre.gif	image/gif	107301
VB3-L-orrimaarko.gif	VB3-L-orrimaarko.gif	image/gif	107301
VB3-L-princessleiaorgana-pre.gif	VB3-L-princessleiaorgana-pre.gif	image/gif	103921
VB3-L-princessleiaorgana.gif	VB3-L-princessleiaorgana.gif	image/gif	103921
VB3-L-rebelleadership-pre.gif	VB3-L-rebelleadership-pre.gif	image/gif	102367
VB3-L-rapiddeployment.gif	VB3-L-rapiddeployment.gif	image/gif	117570
VB3-L-rapiddeployment-pre.gif	VB3-L-rapiddeployment-pre.gif	image/gif	117570
VB3-L-ouronlyhope.gif	VB3-L-ouronlyhope.gif	image/gif	77785
VB3-L-redsquadron7-pre.gif	VB3-L-redsquadron7-pre.gif	image/gif	94892
VB3-L-rebelleadership.gif	VB3-L-rebelleadership.gif	image/gif	102367
VB3-L-redsquadron7.gif	VB3-L-redsquadron7.gif	image/gif	94892
VB3-L-seekinganaudience-pre.gif	VB3-L-seekinganaudience-pre.gif	image/gif	72788
VB3-L-seekinganaudience.gif	VB3-L-seekinganaudience.gif	image/gif	72788
VB3-L-strikeforce.gif	VB3-L-strikeforce.gif	image/gif	92708
VB3-L-seethreepio-pre.gif	VB3-L-seethreepio-pre.gif	image/gif	104013
VB3-L-seethreepio.gif	VB3-L-seethreepio.gif	image/gif	104013
VB3-L-strikeforce-pre.gif	VB3-L-strikeforce-pre.gif	image/gif	92708
VB3-L-superficialdamage-pre.gif	VB3-L-superficialdamage-pre.gif	image/gif	101222
VB3-L-superficialdamage.gif	VB3-L-superficialdamage.gif	image/gif	101222
VB3-L-takingthemwithus-pre.gif	VB3-L-takingthemwithus-pre.gif	image/gif	64968
VB3-L-takingthemwithus.gif	VB3-L-takingthemwithus.gif	image/gif	64968
VB3-L-tamtelskreej-pre.gif	VB3-L-tamtelskreej-pre.gif	image/gif	104794
VB3-L-tamtelskreej.gif	VB3-L-tamtelskreej.gif	image/gif	104794
VB3-L-tanusspijek.gif	VB3-L-tanusspijek.gif	image/gif	109264
VB3-L-tanusspijek-pre.gif	VB3-L-tanusspijek-pre.gif	image/gif	109264
VB3-L-thesignal.gif	VB3-L-thesignal.gif	image/gif	98608
VB3-L-thetimeforourattackhascome.gif	VB3-L-thetimeforourattackhascome.gif	image/gif	87730
VB3-L-thetimeforourattackhascome-pre.gif	VB3-L-thetimeforourattackhascome-pre.gif	image/gif	87730
VB3-L-thesignal-pre.gif	VB3-L-thesignal-pre.gif	image/gif	98608
VB3-L-tawsskhaa-pre.gif	VB3-L-tawsskhaa-pre.gif	image/gif	110548
VB3-L-tawsskhaa.gif	VB3-L-tawsskhaa.gif	image/gif	110548
VB3-L-thatsone.gif	VB3-L-thatsone.gif	image/gif	110492
VB3-L-thatsone-pre.gif	VB3-L-thatsone-pre.gif	image/gif	110492
VB3-L-uhoh.gif	VB3-L-uhoh.gif	image/gif	91815
VB3-L-tydirium.gif	VB3-L-tydirium.gif	image/gif	90895
VB3-L-tydirium-pre.gif	VB3-L-tydirium-pre.gif	image/gif	90895
VB3-L-uhoh-pre.gif	VB3-L-uhoh-pre.gif	image/gif	91815
VB3-L-yarnadalgargan-pre.gif	VB3-L-yarnadalgargan-pre.gif	image/gif	89219
VB3-L-yarnadalgargan.gif	VB3-L-yarnadalgargan.gif	image/gif	89219
VB3-L-wicket-pre.gif	VB3-L-wicket-pre.gif	image/gif	112519
VB3-L-wicket.gif	VB3-L-wicket.gif	image/gif	112519
VB4-D-adaylongremembered-pre.gif	VB4-D-adaylongremembered-pre.gif	image/gif	79186
VB4-D-arica-pre.gif	VB4-D-arica-pre.gif	image/gif	71773
VB4-D-adaylongremembered.gif	VB4-D-adaylongremembered.gif	image/gif	79186
VB4-D-arica.gif	VB4-D-arica.gif	image/gif	71773
VB4-D-blownclear-pre.gif	VB4-D-blownclear-pre.gif	image/gif	70094
VB4-D-blownclear.gif	VB4-D-blownclear.gif	image/gif	70094
VB4-D-caridaisbtrainingacademy.gif	VB4-D-caridaisbtrainingacademy.gif	image/gif	103814
VB4-D-caridaisbtrainingacademy-pre.gif	VB4-D-caridaisbtrainingacademy-pre.gif	image/gif	103814
VB4-D-coldfeet-pre.gif	VB4-D-coldfeet-pre.gif	image/gif	83257
VB4-D-coldfeet.gif	VB4-D-coldfeet.gif	image/gif	83257
VB4-D-colonelwullfyularen-pre.gif	VB4-D-colonelwullfyularen-pre.gif	image/gif	91653
VB4-D-colonelwullfyularen.gif	VB4-D-colonelwullfyularen.gif	image/gif	91653
VB4-D-combatreadiness-pre.gif	VB4-D-combatreadiness-pre.gif	image/gif	92252
VB4-D-combatreadiness.gif	VB4-D-combatreadiness.gif	image/gif	92252
VB4-D-coruscantisbcentraloffice-pre.gif	VB4-D-coruscantisbcentraloffice-pre.gif	image/gif	116460
VB4-D-coruscantisbcentraloffice.gif	VB4-D-coruscantisbcentraloffice.gif	image/gif	116460
VB4-D-crushtherebellion-pre.gif	VB4-D-crushtherebellion-pre.gif	image/gif	75522
VB4-D-darkreconnaissance.gif	VB4-D-darkreconnaissance.gif	image/gif	93432
VB4-D-crushtherebellion.gif	VB4-D-crushtherebellion.gif	image/gif	75522
VB4-D-darkreconnaissance-pre.gif	VB4-D-darkreconnaissance-pre.gif	image/gif	93432
VB4-D-deathstarconferenceroom.gif	VB4-D-deathstarconferenceroom.gif	image/gif	101923
VB4-D-deathstarconferenceroom-pre.gif	VB4-D-deathstarconferenceroom-pre.gif	image/gif	101923
VB4-D-deephatred-pre.gif	VB4-D-deephatred-pre.gif	image/gif	97637
VB4-D-deephatred.gif	VB4-D-deephatred.gif	image/gif	97637
VB4-D-dreadedimperialstarfleet-pre.gif	VB4-D-dreadedimperialstarfleet-pre.gif	image/gif	72867
VB4-D-dreadedimperialstarfleet.gif	VB4-D-dreadedimperialstarfleet.gif	image/gif	72867
VB4-D-executionarenapit.gif	VB4-D-executionarenapit.gif	image/gif	100511
VB4-D-executionarenapit-pre.gif	VB4-D-executionarenapit-pre.gif	image/gif	100511
VB4-D-frozendinner-pre.gif	VB4-D-frozendinner-pre.gif	image/gif	100110
VB4-D-frozendinner.gif	VB4-D-frozendinner.gif	image/gif	100110
VB4-D-frustration-pre.gif	VB4-D-frustration-pre.gif	image/gif	86553
VB4-D-frustration.gif	VB4-D-frustration.gif	image/gif	86553
VB4-D-galenmarekstarkiller-pre.gif	VB4-D-galenmarekstarkiller-pre.gif	image/gif	75615
VB4-D-galenmarekstarkiller.gif	VB4-D-galenmarekstarkiller.gif	image/gif	75615
VB4-D-galenmarekstarkillerai-pre.gif	VB4-D-galenmarekstarkillerai-pre.gif	image/gif	82701
VB4-D-galenmarekstarkillerai.gif	VB4-D-galenmarekstarkillerai.gif	image/gif	82701
VB4-D-galenslightsaber-pre.gif	VB4-D-galenslightsaber-pre.gif	image/gif	73123
VB4-D-galenslightsaber.gif	VB4-D-galenslightsaber.gif	image/gif	73123
VB4-D-giftofthemaster-pre.gif	VB4-D-giftofthemaster-pre.gif	image/gif	76509
VB4-D-giftofthemaster.gif	VB4-D-giftofthemaster.gif	image/gif	76509
VB4-D-grandadmiralthrawn-pre.gif	VB4-D-grandadmiralthrawn-pre.gif	image/gif	86935
VB4-D-grandadmiralthrawn.gif	VB4-D-grandadmiralthrawn.gif	image/gif	86935
VB4-D-heisnotready-pre.gif	VB4-D-heisnotready-pre.gif	image/gif	83146
VB4-D-guri-pre.gif	VB4-D-guri-pre.gif	image/gif	82217
VB4-D-guri.gif	VB4-D-guri.gif	image/gif	82217
VB4-D-heisnotready.gif	VB4-D-heisnotready.gif	image/gif	83146
VB4-D-huntdownanddestroythejedi-pre.gif	VB4-D-huntdownanddestroythejedi-pre.gif	image/gif	74320
VB4-D-huntdownanddestroythejedi.gif	VB4-D-huntdownanddestroythejedi.gif	image/gif	74320
VB4-D-ifthetracewascorrect.gif	VB4-D-ifthetracewascorrect.gif	image/gif	87398
VB4-D-ifthetracewascorrect-pre.gif	VB4-D-ifthetracewascorrect-pre.gif	image/gif	87398
VB4-D-imperialpropaganda-pre.gif	VB4-D-imperialpropaganda-pre.gif	image/gif	71937
VB4-D-imperialcodecylinder.gif	VB4-D-imperialcodecylinder.gif	image/gif	74687
VB4-D-imperialcodecylinder-pre.gif	VB4-D-imperialcodecylinder-pre.gif	image/gif	74687
VB4-D-imperialpropaganda.gif	VB4-D-imperialpropaganda.gif	image/gif	71937
VB4-D-imperialstormtrooper-pre.gif	VB4-D-imperialstormtrooper-pre.gif	image/gif	89907
VB4-D-imperialstormtrooper.gif	VB4-D-imperialstormtrooper.gif	image/gif	89907
VB4-D-informationexchange-pre.gif	VB4-D-informationexchange-pre.gif	image/gif	58945
VB4-D-informationexchange.gif	VB4-D-informationexchange.gif	image/gif	58945
VB4-D-insignificantrebellion.gif	VB4-D-insignificantrebellion.gif	image/gif	69310
VB4-D-insignificantrebellion-pre.gif	VB4-D-insignificantrebellion-pre.gif	image/gif	69310
VB4-D-isbsectoroffice-pre.gif	VB4-D-isbsectoroffice-pre.gif	image/gif	114736
VB4-D-itsworse-pre.gif	VB4-D-itsworse-pre.gif	image/gif	80657
VB4-D-isbsectoroffice.gif	VB4-D-isbsectoroffice.gif	image/gif	114736
VB4-D-itsworse.gif	VB4-D-itsworse.gif	image/gif	80657
VB4-D-janusgreejatus-pre.gif	VB4-D-janusgreejatus-pre.gif	image/gif	85950
VB4-D-janusgreejatus.gif	VB4-D-janusgreejatus.gif	image/gif	85950
VB4-D-junoeclipseblackleader.gif	VB4-D-junoeclipseblackleader.gif	image/gif	84162
VB4-D-junoeclipseblackleader-pre.gif	VB4-D-junoeclipseblackleader-pre.gif	image/gif	84162
VB4-D-junoeclipseblackleaderai-pre.gif	VB4-D-junoeclipseblackleaderai-pre.gif	image/gif	76744
VB4-D-junoeclipseblackleaderai.gif	VB4-D-junoeclipseblackleaderai.gif	image/gif	76744
VB4-D-katana-pre.gif	VB4-D-katana-pre.gif	image/gif	76332
VB4-D-katana.gif	VB4-D-katana.gif	image/gif	76332
VB4-D-kesselspiceminesdockingbay-pre.gif	VB4-D-kesselspiceminesdockingbay-pre.gif	image/gif	118798
VB4-D-kesselspiceminesextractionfacility.gif	VB4-D-kesselspiceminesextractionfacility.gif	image/gif	93411
VB4-D-kesselspiceminesprison.gif	VB4-D-kesselspiceminesprison.gif	image/gif	97076
VB4-D-knowledgeanddefense-pre.gif	VB4-D-knowledgeanddefense-pre.gif	image/gif	75671
VB4-D-knowledgeanddefense.gif	VB4-D-knowledgeanddefense.gif	image/gif	75671
VB4-D-kesselspiceminesdockingbay.gif	VB4-D-kesselspiceminesdockingbay.gif	image/gif	118798
VB4-D-kraytdragonbones-pre.gif	VB4-D-kraytdragonbones-pre.gif	image/gif	67350
VB4-D-kraytdragonbones.gif	VB4-D-kraytdragonbones.gif	image/gif	67350
VB4-D-kuatdriveyards-pre.gif	VB4-D-kuatdriveyards-pre.gif	image/gif	69773
VB4-D-kesselspiceminesextractionfacility-pre.gif	VB4-D-kesselspiceminesextractionfacility-pre.gif	image/gif	93411
VB4-D-kesselspiceminesprison-pre.gif	VB4-D-kesselspiceminesprison-pre.gif	image/gif	97076
VB4-D-kuatdriveyards.gif	VB4-D-kuatdriveyards.gif	image/gif	69773
VB4-D-mynkyneugh.gif	VB4-D-mynkyneugh.gif	image/gif	93840
VB4-D-lasergate.gif	VB4-D-lasergate.gif	image/gif	86408
VB4-D-letspassonthat.gif	VB4-D-letspassonthat.gif	image/gif	59644
VB4-D-mynkyneugh-pre.gif	VB4-D-mynkyneugh-pre.gif	image/gif	93840
VB4-D-letspassonthat-pre.gif	VB4-D-letspassonthat-pre.gif	image/gif	59644
VB4-D-marajadewithlightsaber-pre.gif	VB4-D-marajadewithlightsaber-pre.gif	image/gif	88521
VB4-D-nobargain-pre.gif	VB4-D-nobargain-pre.gif	image/gif	68184
VB4-D-marajadewithlightsaber.gif	VB4-D-marajadewithlightsaber.gif	image/gif	88521
VB4-D-onyx2.gif	VB4-D-onyx2.gif	image/gif	69095
VB4-D-officerevax-pre.gif	VB4-D-officerevax-pre.gif	image/gif	89646
VB4-D-nobargain.gif	VB4-D-nobargain.gif	image/gif	68184
VB4-D-lasergate-pre.gif	VB4-D-lasergate-pre.gif	image/gif	86408
VB4-D-princexizor-pre.gif	VB4-D-princexizor-pre.gif	image/gif	83871
VB4-D-onyx2-pre.gif	VB4-D-onyx2-pre.gif	image/gif	69095
VB4-D-officerevax.gif	VB4-D-officerevax.gif	image/gif	89646
VB4-D-princexizor.gif	VB4-D-princexizor.gif	image/gif	83871
VB4-D-quietlyobserving.gif	VB4-D-quietlyobserving.gif	image/gif	94595
VB4-D-r2a5-pre.gif	VB4-D-r2a5-pre.gif	image/gif	94949
VB4-D-r2a5.gif	VB4-D-r2a5.gif	image/gif	94949
VB4-D-quietlyobserving-pre.gif	VB4-D-quietlyobserving-pre.gif	image/gif	94595
VB4-D-raidercraft-pre.gif	VB4-D-raidercraft-pre.gif	image/gif	57794
VB4-D-raidercraft.gif	VB4-D-raidercraft.gif	image/gif	57794
VB4-D-ralltiirsupplyroute.gif	VB4-D-ralltiirsupplyroute.gif	image/gif	86828
VB4-D-rogueshadow-pre.gif	VB4-D-rogueshadow-pre.gif	image/gif	79940
VB4-D-scoutmercenary-pre.gif	VB4-D-scoutmercenary-pre.gif	image/gif	67645
VB4-D-shada.gif	VB4-D-shada.gif	image/gif	80579
VB4-D-shada-pre.gif	VB4-D-shada-pre.gif	image/gif	80579
VB4-D-stunningleader-pre.gif	VB4-D-stunningleader-pre.gif	image/gif	70076
VB4-D-stinger.gif	VB4-D-stinger.gif	image/gif	83019
VB4-D-stunningleader.gif	VB4-D-stunningleader.gif	image/gif	70076
VB4-D-rogueshadow.gif	VB4-D-rogueshadow.gif	image/gif	79940
VB4-D-theirfirehasgoneoutoftheuniverse-pre.gif	VB4-D-theirfirehasgoneoutoftheuniverse-pre.gif	image/gif	72035
VB4-D-theforceunleashed.gif	VB4-D-theforceunleashed.gif	image/gif	77639
VB4-D-thereisnotry&oppressiveenforcement-pre.gif	VB4-D-thereisnotry&oppressiveenforcement-pre.gif	image/gif	80392
VB4-D-theirfirehasgoneoutoftheuniverse.gif	VB4-D-theirfirehasgoneoutoftheuniverse.gif	image/gif	72035
VB4-D-thereisnotry&oppressiveenforcement.gif	VB4-D-thereisnotry&oppressiveenforcement.gif	image/gif	80392
VB4-D-thoserebelswontescapeus.gif	VB4-D-thoserebelswontescapeus.gif	image/gif	94809
VB4-D-stinger-pre.gif	VB4-D-stinger-pre.gif	image/gif	83019
VB4-D-thoserebelswontescapeus-pre.gif	VB4-D-thoserebelswontescapeus-pre.gif	image/gif	94809
VB4-D-tiefighterconstructionfacility-pre.gif	VB4-D-tiefighterconstructionfacility-pre.gif	image/gif	75058
VB4-D-theforceunleashed-pre.gif	VB4-D-theforceunleashed-pre.gif	image/gif	77639
VB4-D-scoutmercenary.gif	VB4-D-scoutmercenary.gif	image/gif	67645
VB4-D-thrawnsysalamir.gif	VB4-D-thrawnsysalamir.gif	image/gif	104509
VB4-D-unexpectedinterruption-pre.gif	VB4-D-unexpectedinterruption-pre.gif	image/gif	94275
VB4-D-thrawnsysalamir-pre.gif	VB4-D-thrawnsysalamir-pre.gif	image/gif	104509
VB4-D-unexpectedinterruption.gif	VB4-D-unexpectedinterruption.gif	image/gif	94275
VB4-L-angerfearaggression-pre.gif	VB4-L-angerfearaggression-pre.gif	image/gif	94516
VB4-L-angerfearaggression.gif	VB4-L-angerfearaggression.gif	image/gif	94516
VB4-L-boosterinpulsarskate-pre.gif	VB4-L-boosterinpulsarskate-pre.gif	image/gif	101511
VB4-L-boosterinpulsarskate.gif	VB4-L-boosterinpulsarskate.gif	image/gif	101511
VB4-L-carefulplanning-pre.gif	VB4-L-carefulplanning-pre.gif	image/gif	121455
VB4-L-carefulplanning.gif	VB4-L-carefulplanning.gif	image/gif	121455
VB4-D-tiefighterconstructionfacility.gif	VB4-D-tiefighterconstructionfacility.gif	image/gif	75058
VB4-L-chewbaccaprotector-pre.gif	VB4-L-chewbaccaprotector-pre.gif	image/gif	100250
VB4-L-corellia-pre.gif	VB4-L-corellia-pre.gif	image/gif	88522
VB4-L-chewbaccaprotector.gif	VB4-L-chewbaccaprotector.gif	image/gif	100250
VB4-L-corellia.gif	VB4-L-corellia.gif	image/gif	88522
VB4-D-ralltiirsupplyroute-pre.gif	VB4-D-ralltiirsupplyroute-pre.gif	image/gif	86828
VB4-L-corellianengineeringcorporation-pre.gif	VB4-L-corellianengineeringcorporation-pre.gif	image/gif	102089
VB4-L-corellianengineeringcorporation.gif	VB4-L-corellianengineeringcorporation.gif	image/gif	102089
VB4-L-dantooinebasedockingbay.gif	VB4-L-dantooinebasedockingbay.gif	image/gif	98066
VB4-L-dantooinebaseoperationscenter-pre.gif	VB4-L-dantooinebaseoperationscenter-pre.gif	image/gif	82447
VB4-L-dantooinebasedockingbay-pre.gif	VB4-L-dantooinebasedockingbay-pre.gif	image/gif	98066
VB4-L-dantooinebaseoperationscenter.gif	VB4-L-dantooinebaseoperationscenter.gif	image/gif	82447
VB4-L-dantooineengineeringcorps-pre.gif	VB4-L-dantooineengineeringcorps-pre.gif	image/gif	112193
VB4-L-dashrendar-pre.gif	VB4-L-dashrendar-pre.gif	image/gif	98553
VB4-L-dantooineengineeringcorps.gif	VB4-L-dantooineengineeringcorps.gif	image/gif	112193
VB4-L-dashrendar.gif	VB4-L-dashrendar.gif	image/gif	98553
VB4-L-disarmingcreature-pre.gif	VB4-L-disarmingcreature-pre.gif	image/gif	104305
VB4-L-disarmingcreature.gif	VB4-L-disarmingcreature.gif	image/gif	104305
VB4-L-downwiththeemperor-pre.gif	VB4-L-downwiththeemperor-pre.gif	image/gif	119085
VB4-L-downwiththeemperor.gif	VB4-L-downwiththeemperor.gif	image/gif	119085
VB4-L-ejecteject-pre.gif	VB4-L-ejecteject-pre.gif	image/gif	109765
VB4-L-ejecteject.gif	VB4-L-ejecteject.gif	image/gif	109765
VB4-L-ellorrsmadak-pre.gif	VB4-L-ellorrsmadak-pre.gif	image/gif	95019
VB4-L-ellorrsmadak.gif	VB4-L-ellorrsmadak.gif	image/gif	95019
VB4-L-eyesinthedark.gif	VB4-L-eyesinthedark.gif	image/gif	94512
VB4-L-eyesinthedark-pre.gif	VB4-L-eyesinthedark-pre.gif	image/gif	94512
VB4-L-fixer-pre.gif	VB4-L-fixer-pre.gif	image/gif	122095
VB4-L-fixer.gif	VB4-L-fixer.gif	image/gif	122095
VB4-L-hearmebabyholdtogether-pre.gif	VB4-L-hearmebabyholdtogether-pre.gif	image/gif	124524
VB4-L-hiddenbase.gif	VB4-L-hiddenbase.gif	image/gif	122474
VB4-L-hearmebabyholdtogether.gif	VB4-L-hearmebabyholdtogether.gif	image/gif	124524
VB4-L-hiddenbase-pre.gif	VB4-L-hiddenbase-pre.gif	image/gif	122474
VB4-L-imperialatrocity.gif	VB4-L-imperialatrocity.gif	image/gif	104193
VB4-L-imperialatrocity-pre.gif	VB4-L-imperialatrocity-pre.gif	image/gif	104193
VB4-L-infinity-pre.gif	VB4-L-infinity-pre.gif	image/gif	104683
VB4-L-infinity.gif	VB4-L-infinity.gif	image/gif	104683
VB4-L-insurrection-pre.gif	VB4-L-insurrection-pre.gif	image/gif	129022
VB4-L-larsprotocoldroid-pre.gif	VB4-L-larsprotocoldroid-pre.gif	image/gif	120063
VB4-L-insurrection.gif	VB4-L-insurrection.gif	image/gif	129022
VB4-L-larsprotocoldroid.gif	VB4-L-larsprotocoldroid.gif	image/gif	120063
VB4-L-lebo2d9leebo-pre.gif	VB4-L-lebo2d9leebo-pre.gif	image/gif	98847
VB4-L-lebo2d9leebo.gif	VB4-L-lebo2d9leebo.gif	image/gif	98847
VB4-L-marisbroodfallenjedi-pre.gif	VB4-L-marisbroodfallenjedi-pre.gif	image/gif	105106
VB4-L-marisbroodfallenjedi.gif	VB4-L-marisbroodfallenjedi.gif	image/gif	105106
VB4-L-marisbroodfallenjediai-pre.gif	VB4-L-marisbroodfallenjediai-pre.gif	image/gif	107886
VB4-L-mercenaryarmor-pre.gif	VB4-L-mercenaryarmor-pre.gif	image/gif	104156
VB4-L-marisbroodfallenjediai.gif	VB4-L-marisbroodfallenjediai.gif	image/gif	107886
VB4-L-mercenaryarmor.gif	VB4-L-mercenaryarmor.gif	image/gif	104156
VB4-L-noquestionsasked-pre.gif	VB4-L-noquestionsasked-pre.gif	image/gif	66461
VB4-L-raycryjerd-pre.gif	VB4-L-raycryjerd-pre.gif	image/gif	97655
VB4-L-raycryjerd.gif	VB4-L-raycryjerd.gif	image/gif	97655
VB4-L-noquestionsasked.gif	VB4-L-noquestionsasked.gif	image/gif	66461
VB4-L-quickdraw-pre.gif	VB4-L-quickdraw-pre.gif	image/gif	102504
VB4-L-outpost.gif	VB4-L-outpost.gif	image/gif	104710
VB4-L-outpost-pre.gif	VB4-L-outpost-pre.gif	image/gif	104710
VB4-L-quickdraw.gif	VB4-L-quickdraw.gif	image/gif	102504
VB4-L-rebelcellhiddenlandingsite.gif	VB4-L-rebelcellhiddenlandingsite.gif	image/gif	84240
VB4-L-rebelcellhiddenlandingsite-pre.gif	VB4-L-rebelcellhiddenlandingsite-pre.gif	image/gif	84240
VB4-L-rebelcellmonitoringstation.gif	VB4-L-rebelcellmonitoringstation.gif	image/gif	105543
VB4-L-rebelcellmonitoringstation-pre.gif	VB4-L-rebelcellmonitoringstation-pre.gif	image/gif	105543
VB4-L-rebelcellsituationroom.gif	VB4-L-rebelcellsituationroom.gif	image/gif	111598
VB4-L-rebelcellperimeter.gif	VB4-L-rebelcellperimeter.gif	image/gif	108516
VB4-L-rebelcellsituationroom-pre.gif	VB4-L-rebelcellsituationroom-pre.gif	image/gif	111598
VB4-L-rebelcellperimeter-pre.gif	VB4-L-rebelcellperimeter-pre.gif	image/gif	108516
VB4-L-red8.gif	VB4-L-red8.gif	image/gif	89523
VB4-L-red8-pre.gif	VB4-L-red8-pre.gif	image/gif	89523
VB4-L-scrambledtransmission.gif	VB4-L-scrambledtransmission.gif	image/gif	105727
VB4-L-scrambledtransmission-pre.gif	VB4-L-scrambledtransmission-pre.gif	image/gif	105727
VB4-L-sergeantdoallyn-pre.gif	VB4-L-sergeantdoallyn-pre.gif	image/gif	91494
VB4-L-senatorleiaorgana-pre.gif	VB4-L-senatorleiaorgana-pre.gif	image/gif	114576
VB4-L-senatorleiaorgana.gif	VB4-L-senatorleiaorgana.gif	image/gif	114576
VB4-L-sergeantdoallyn.gif	VB4-L-sergeantdoallyn.gif	image/gif	91494
VB4-L-shooshoo-pre.gif	VB4-L-shooshoo-pre.gif	image/gif	96941
VB4-L-shooshoo.gif	VB4-L-shooshoo.gif	image/gif	96941
VB4-L-skull.gif	VB4-L-skull.gif	image/gif	125061
VB4-L-skull-pre.gif	VB4-L-skull-pre.gif	image/gif	125061
VB4-L-systemswillslipthroughyourfingers-pre.gif	VB4-L-systemswillslipthroughyourfingers-pre.gif	image/gif	135784
VB4-L-systemswillslipthroughyourfingers.gif	VB4-L-systemswillslipthroughyourfingers.gif	image/gif	135784
VB4-L-talonkarrde.gif	VB4-L-talonkarrde.gif	image/gif	107971
VB4-L-talonkarrde-pre.gif	VB4-L-talonkarrde-pre.gif	image/gif	107971
VB4-L-tauntaunbones-pre.gif	VB4-L-tauntaunbones-pre.gif	image/gif	99894
VB4-L-tauntaunbones.gif	VB4-L-tauntaunbones.gif	image/gif	99894
VB4-L-thisplacecanbealittlerough.gif	VB4-L-thisplacecanbealittlerough.gif	image/gif	120740
VB4-L-thisplacecanbealittlerough-pre.gif	VB4-L-thisplacecanbealittlerough-pre.gif	image/gif	120740
VB4-L-tuskenbreathmask-pre.gif	VB4-L-tuskenbreathmask-pre.gif	image/gif	116652
VB4-L-tuskenbreathmask.gif	VB4-L-tuskenbreathmask.gif	image/gif	116652
VB4-L-unchartedsettlements-pre.gif	VB4-L-unchartedsettlements-pre.gif	image/gif	102445
VB4-L-unchartedsettlements.gif	VB4-L-unchartedsettlements.gif	image/gif	102445
VB4-L-watchyourstep-pre.gif	VB4-L-watchyourstep-pre.gif	image/gif	81393
VB4-L-watchyourstep.gif	VB4-L-watchyourstep.gif	image/gif	81393
VB4-L-wesjanson-pre.gif	VB4-L-wesjanson-pre.gif	image/gif	115700
VB4-L-wesjanson.gif	VB4-L-wesjanson.gif	image/gif	115700
VB4-L-wokling-pre.gif	VB4-L-wokling-pre.gif	image/gif	113533
VB4-L-wokling.gif	VB4-L-wokling.gif	image/gif	113533
VB4-L-yavin4jediacademy-pre.gif	VB4-L-yavin4jediacademy-pre.gif	image/gif	99139
VB4-L-yavin4jediacademy.gif	VB4-L-yavin4jediacademy.gif	image/gif	99139
VB4-L-yt1300transport-pre.gif	VB4-L-yt1300transport-pre.gif	image/gif	102676
VB5-D-asithsplans-pre.gif	VB5-D-asithsplans-pre.gif	image/gif	80835
VB5-D-atlastwearegettingresults.gif	VB5-D-atlastwearegettingresults.gif	image/gif	98650
VB5-D-atlastwearegettingresults-pre.gif	VB5-D-atlastwearegettingresults-pre.gif	image/gif	98650
VB5-D-aurrasing-pre.gif	VB5-D-aurrasing-pre.gif	image/gif	101133
VB5-D-anenemyoftherepublic-pre.gif	VB5-D-anenemyoftherepublic-pre.gif	image/gif	88007
VB4-L-yt1300transport.gif	VB4-L-yt1300transport.gif	image/gif	102676
VB5-D-asithsplans.gif	VB5-D-asithsplans.gif	image/gif	80835
VB5-D-aurrasing.gif	VB5-D-aurrasing.gif	image/gif	101133
VB5-D-coruscantchancellorsoffice-pre.gif	VB5-D-coruscantchancellorsoffice-pre.gif	image/gif	106953
VB5-D-chokk-pre.gif	VB5-D-chokk-pre.gif	image/gif	78042
VB5-D-coruscantchancellorsoffice.gif	VB5-D-coruscantchancellorsoffice.gif	image/gif	106953
VB5-D-chokk.gif	VB5-D-chokk.gif	image/gif	78042
VB5-D-anenemyoftherepublic.gif	VB5-D-anenemyoftherepublic.gif	image/gif	88007
VB5-D-aurrasingai.gif	VB5-D-aurrasingai.gif	image/gif	100999
VB5-D-aurrasingai-pre.gif	VB5-D-aurrasingai-pre.gif	image/gif	100999
VB5-D-darkjedilightsaber-pre.gif	VB5-D-darkjedilightsaber-pre.gif	image/gif	81068
VB5-D-darkjedilightsaber.gif	VB5-D-darkjedilightsaber.gif	image/gif	81068
VB5-D-daultaydofine-pre.gif	VB5-D-daultaydofine-pre.gif	image/gif	97989
VB5-D-coruscantguard-pre.gif	VB5-D-coruscantguard-pre.gif	image/gif	83188
VB5-D-daultaydofine.gif	VB5-D-daultaydofine.gif	image/gif	97989
VB5-D-establishcontrol-pre.gif	VB5-D-establishcontrol-pre.gif	image/gif	81845
VB5-D-elitesquadronstormtrooper-pre.gif	VB5-D-elitesquadronstormtrooper-pre.gif	image/gif	86727
VB5-D-establishcontrol.gif	VB5-D-establishcontrol.gif	image/gif	81845
VB5-D-forcepush.gif	VB5-D-forcepush.gif	image/gif	84164
VB5-D-expandtheempire-pre.gif	VB5-D-expandtheempire-pre.gif	image/gif	61278
VB5-D-kedertheblack-pre.gif	VB5-D-kedertheblack-pre.gif	image/gif	83133
VB5-D-expandtheempire.gif	VB5-D-expandtheempire.gif	image/gif	61278
VB5-D-kedertheblack.gif	VB5-D-kedertheblack.gif	image/gif	83133
VB5-D-elitesquadronstormtrooper.gif	VB5-D-elitesquadronstormtrooper.gif	image/gif	86727
VB5-D-coruscantguard.gif	VB5-D-coruscantguard.gif	image/gif	83188
VB5-D-lordsidious-pre.gif	VB5-D-lordsidious-pre.gif	image/gif	93644
VB5-D-lordsidious.gif	VB5-D-lordsidious.gif	image/gif	93644
VB5-D-jangofett.gif	VB5-D-jangofett.gif	image/gif	90646
VB5-D-maulssithspeeder-pre.gif	VB5-D-maulssithspeeder-pre.gif	image/gif	92595
VB5-D-nothingcangetthroughourshield-pre.gif	VB5-D-nothingcangetthroughourshield-pre.gif	image/gif	91953
VB5-D-nutegunraysbounty-pre.gif	VB5-D-nutegunraysbounty-pre.gif	image/gif	73461
VB5-D-maulssithspeeder.gif	VB5-D-maulssithspeeder.gif	image/gif	92595
VB5-D-mandalorianarmor.gif	VB5-D-mandalorianarmor.gif	image/gif	64278
VB5-D-nothingcangetthroughourshield.gif	VB5-D-nothingcangetthroughourshield.gif	image/gif	91953
VB5-D-sebulba-pre.gif	VB5-D-sebulba-pre.gif	image/gif	96509
VB5-D-jangofett-pre.gif	VB5-D-jangofett-pre.gif	image/gif	90646
VB5-D-sebulba.gif	VB5-D-sebulba.gif	image/gif	96509
VB5-D-order66-pre.gif	VB5-D-order66-pre.gif	image/gif	80266
VB5-D-sebulbaai-pre.gif	VB5-D-sebulbaai-pre.gif	image/gif	93585
VB5-D-order66.gif	VB5-D-order66.gif	image/gif	80266
VB5-D-mandalorianarmor-pre.gif	VB5-D-mandalorianarmor-pre.gif	image/gif	64278
VB5-D-sebulbaai.gif	VB5-D-sebulbaai.gif	image/gif	93585
VB5-D-sithfury-pre.gif	VB5-D-sithfury-pre.gif	image/gif	78904
VB5-D-sithfury.gif	VB5-D-sithfury.gif	image/gif	78904
VB5-D-nutegunraysbounty.gif	VB5-D-nutegunraysbounty.gif	image/gif	73461
VB5-D-forcepush-pre.gif	VB5-D-forcepush-pre.gif	image/gif	84164
VB5-D-strategicreserves-pre.gif	VB5-D-strategicreserves-pre.gif	image/gif	52622
VB5-D-strategicreserves.gif	VB5-D-strategicreserves.gif	image/gif	52622
VB5-D-sithprobedroid.gif	VB5-D-sithprobedroid.gif	image/gif	88316
VB5-D-tradefederationtactics.gif	VB5-D-tradefederationtactics.gif	image/gif	72673
VB5-D-tradefederationtactics-pre.gif	VB5-D-tradefederationtactics-pre.gif	image/gif	72673
VB5-D-trainedinthejediarts.gif	VB5-D-trainedinthejediarts.gif	image/gif	79255
VB5-D-trainedinthejediarts-pre.gif	VB5-D-trainedinthejediarts-pre.gif	image/gif	79255
VB5-D-vadersanger-pre.gif	VB5-D-vadersanger-pre.gif	image/gif	78091
VB5-D-vadersanger.gif	VB5-D-vadersanger.gif	image/gif	78091
VB5-D-sithprobedroid-pre.gif	VB5-D-sithprobedroid-pre.gif	image/gif	88316
VB5-D-wherearethosedroidekas-pre.gif	VB5-D-wherearethosedroidekas-pre.gif	image/gif	86071
VB5-D-watto-pre.gif	VB5-D-watto-pre.gif	image/gif	107364
VB5-D-watto.gif	VB5-D-watto.gif	image/gif	107364
VB5-D-wattoai-pre.gif	VB5-D-wattoai-pre.gif	image/gif	106884
VB5-D-wattoai.gif	VB5-D-wattoai.gif	image/gif	106884
VB5-D-wherearethosedroidekas.gif	VB5-D-wherearethosedroidekas.gif	image/gif	86071
VB5-D-wipethemoutallofthem-pre.gif	VB5-D-wipethemoutallofthem-pre.gif	image/gif	87293
VB5-D-wipethemoutallofthem.gif	VB5-D-wipethemoutallofthem.gif	image/gif	87293
VB5-D-withthunderousapplause-pre.gif	VB5-D-withthunderousapplause-pre.gif	image/gif	93360
VB5-D-withthunderousapplause.gif	VB5-D-withthunderousapplause.gif	image/gif	93360
VB5-L-ajediscunning-pre.gif	VB5-L-ajediscunning-pre.gif	image/gif	106194
VB5-L-ajediscunning.gif	VB5-L-ajediscunning.gif	image/gif	106194
VB5-L-ajedisplans-pre.gif	VB5-L-ajedisplans-pre.gif	image/gif	116133
VB5-L-ajedisplans.gif	VB5-L-ajedisplans.gif	image/gif	116133
VB5-L-alderaanconsularship-pre.gif	VB5-L-alderaanconsularship-pre.gif	image/gif	105527
VB5-L-ambush-pre.gif	VB5-L-ambush-pre.gif	image/gif	91008
VB5-L-ambush.gif	VB5-L-ambush.gif	image/gif	91008
VB5-L-anunusualamountoffear-pre.gif	VB5-L-anunusualamountoffear-pre.gif	image/gif	98391
VB5-L-alderaanconsularship.gif	VB5-L-alderaanconsularship.gif	image/gif	105527
VB5-L-artoobravelittledroid-pre.gif	VB5-L-artoobravelittledroid-pre.gif	image/gif	93932
VB5-L-anunusualamountoffear.gif	VB5-L-anunusualamountoffear.gif	image/gif	98391
VB5-L-artoobravelittledroid.gif	VB5-L-artoobravelittledroid.gif	image/gif	93932
VB5-L-artoobravelittledroidai-pre.gif	VB5-L-artoobravelittledroidai-pre.gif	image/gif	97881
VB5-L-artoobravelittledroidai.gif	VB5-L-artoobravelittledroidai.gif	image/gif	97881
VB5-L-bailorgana-pre.gif	VB5-L-bailorgana-pre.gif	image/gif	117220
VB5-L-bailorgana.gif	VB5-L-bailorgana.gif	image/gif	117220
VB5-L-blockadeflagshipprison-pre.gif	VB5-L-blockadeflagshipprison-pre.gif	image/gif	104815
VB5-L-blockadeflagshipprison.gif	VB5-L-blockadeflagshipprison.gif	image/gif	104815
VB5-L-bowcaster-pre.gif	VB5-L-bowcaster-pre.gif	image/gif	125084
VB5-L-bravofighter-pre.gif	VB5-L-bravofighter-pre.gif	image/gif	98798
VB5-L-bowcaster.gif	VB5-L-bowcaster.gif	image/gif	125084
VB5-L-bravofighter.gif	VB5-L-bravofighter.gif	image/gif	98798
VB5-L-changingtheodds-pre.gif	VB5-L-changingtheodds-pre.gif	image/gif	106346
VB5-L-changingtheodds.gif	VB5-L-changingtheodds.gif	image/gif	106346
VB5-L-chewbaccaofkashyyyk-pre.gif	VB5-L-chewbaccaofkashyyyk-pre.gif	image/gif	122180
VB5-L-chewbaccaofkashyyyk.gif	VB5-L-chewbaccaofkashyyyk.gif	image/gif	122180
VB5-L-clonepilot-pre.gif	VB5-L-clonepilot-pre.gif	image/gif	102545
VB5-L-clonepilot.gif	VB5-L-clonepilot.gif	image/gif	102545
VB5-L-clonetrooper-pre.gif	VB5-L-clonetrooper-pre.gif	image/gif	104030
VB5-L-clonetrooper.gif	VB5-L-clonetrooper.gif	image/gif	104030
VB5-L-coruscantjediarchives.gif	VB5-L-coruscantjediarchives.gif	image/gif	108114
VB5-L-coruscantjediarchives-pre.gif	VB5-L-coruscantjediarchives-pre.gif	image/gif	108114
VB5-L-coruscantjedicouncilchamber.gif	VB5-L-coruscantjedicouncilchamber.gif	image/gif	108960
VB5-L-coruscantjedicouncilchamber-pre.gif	VB5-L-coruscantjedicouncilchamber-pre.gif	image/gif	108960
VB5-L-coruscantnightclub-pre.gif	VB5-L-coruscantnightclub-pre.gif	image/gif	100147
VB5-L-coruscantnightclub.gif	VB5-L-coruscantnightclub.gif	image/gif	100147
VB5-L-coruscantsenatelandingplatform-pre.gif	VB5-L-coruscantsenatelandingplatform-pre.gif	image/gif	117633
VB5-L-coruscantsenatelandingplatform.gif	VB5-L-coruscantsenatelandingplatform.gif	image/gif	117633
VB5-L-duelofthefates.gif	VB5-L-duelofthefates.gif	image/gif	119053
VB5-L-duelofthefates-pre.gif	VB5-L-duelofthefates-pre.gif	image/gif	119053
VB5-L-elegantlightsaber.gif	VB5-L-elegantlightsaber.gif	image/gif	102070
VB5-L-elegantlightsaber-pre.gif	VB5-L-elegantlightsaber-pre.gif	image/gif	102070
VB5-L-grrrghrrrgh-pre.gif	VB5-L-grrrghrrrgh-pre.gif	image/gif	99436
VB5-L-grrrghrrrgh.gif	VB5-L-grrrghrrrgh.gif	image/gif	99436
VB5-L-jediadvisor-pre.gif	VB5-L-jediadvisor-pre.gif	image/gif	118714
VB5-L-jediadvisor.gif	VB5-L-jediadvisor.gif	image/gif	118714
VB5-L-jediguardian-pre.gif	VB5-L-jediguardian-pre.gif	image/gif	115104
VB5-L-jediguardian.gif	VB5-L-jediguardian.gif	image/gif	115104
VB5-L-jedilightsaber.gif	VB5-L-jedilightsaber.gif	image/gif	116582
VB5-L-jedilightsaber-pre.gif	VB5-L-jedilightsaber-pre.gif	image/gif	116582
VB5-L-jedistarfighter-pre.gif	VB5-L-jedistarfighter-pre.gif	image/gif	103026
VB5-L-jedisurvivor-pre.gif	VB5-L-jedisurvivor-pre.gif	image/gif	110542
VB5-L-kashyyyk-pre.gif	VB5-L-kashyyyk-pre.gif	image/gif	54603
VB5-L-kashyyyksacredforest.gif	VB5-L-kashyyyksacredforest.gif	image/gif	115408
VB5-L-kashyyyksacredforest-pre.gif	VB5-L-kashyyyksacredforest-pre.gif	image/gif	115408
VB5-L-jedisurvivor.gif	VB5-L-jedisurvivor.gif	image/gif	110542
VB5-L-kashyyykwookieehavenforest-pre.gif	VB5-L-kashyyykwookieehavenforest-pre.gif	image/gif	103407
VB5-L-kashyyykwookieehavenforest.gif	VB5-L-kashyyykwookieehavenforest.gif	image/gif	103407
VB5-L-kiadimundi-pre.gif	VB5-L-kiadimundi-pre.gif	image/gif	100396
VB5-L-letsgoleft-pre.gif	VB5-L-letsgoleft-pre.gif	image/gif	77888
VB5-L-kiadimundi.gif	VB5-L-kiadimundi.gif	image/gif	100396
VB5-L-kraytdragonhowl-pre.gif	VB5-L-kraytdragonhowl-pre.gif	image/gif	109976
VB5-L-kashyyyk.gif	VB5-L-kashyyyk.gif	image/gif	54603
VB5-L-kraytdragonhowl.gif	VB5-L-kraytdragonhowl.gif	image/gif	109976
VB5-L-jedistarfighter.gif	VB5-L-jedistarfighter.gif	image/gif	103026
VB5-L-letsgoleft.gif	VB5-L-letsgoleft.gif	image/gif	77888
VB5-L-lieutenantwilliams-pre.gif	VB5-L-lieutenantwilliams-pre.gif	image/gif	115907
VB5-L-macewindu-pre.gif	VB5-L-macewindu-pre.gif	image/gif	90531
VB5-L-macewindu.gif	VB5-L-macewindu.gif	image/gif	90531
VB5-L-macewinduai-pre.gif	VB5-L-macewinduai-pre.gif	image/gif	96447
VB5-L-masterquigon-pre.gif	VB5-L-masterquigon-pre.gif	image/gif	96476
VB5-L-lieutenantwilliams.gif	VB5-L-lieutenantwilliams.gif	image/gif	115907
VB5-L-macewinduai.gif	VB5-L-macewinduai.gif	image/gif	96447
VB5-L-masterquigonai-pre.gif	VB5-L-masterquigonai-pre.gif	image/gif	94438
VB5-L-masterquigonai.gif	VB5-L-masterquigonai.gif	image/gif	94438
VB5-L-obiwaninradiantvii.gif	VB5-L-obiwaninradiantvii.gif	image/gif	108538
VB5-L-obiwaninradiantvii-pre.gif	VB5-L-obiwaninradiantvii-pre.gif	image/gif	108538
VB5-L-obiwankenobijediknight-pre.gif	VB5-L-obiwankenobijediknight-pre.gif	image/gif	97110
VB5-L-obiwankenobijediknight.gif	VB5-L-obiwankenobijediknight.gif	image/gif	97110
VB5-L-masterquigon.gif	VB5-L-masterquigon.gif	image/gif	96476
VB5-L-plokoon.gif	VB5-L-plokoon.gif	image/gif	112518
VB5-L-padmenaberrie-pre.gif	VB5-L-padmenaberrie-pre.gif	image/gif	99080
VB5-L-padmenaberrieai-pre.gif	VB5-L-padmenaberrieai-pre.gif	image/gif	103008
VB5-L-padmenaberrieai.gif	VB5-L-padmenaberrieai.gif	image/gif	103008
VB5-L-plokoon-pre.gif	VB5-L-plokoon-pre.gif	image/gif	112518
VB5-L-republiccorvette.gif	VB5-L-republiccorvette.gif	image/gif	106490
VB5-L-padmenaberrie.gif	VB5-L-padmenaberrie.gif	image/gif	99080
VB5-L-republiccorvette-pre.gif	VB5-L-republiccorvette-pre.gif	image/gif	106490
VB5-L-republictrooperwithblasterrifle.gif	VB5-L-republictrooperwithblasterrifle.gif	image/gif	116803
VB5-L-senatorjarjarbinks-pre.gif	VB5-L-senatorjarjarbinks-pre.gif	image/gif	119570
VB5-L-republictrooperwithblasterrifle-pre.gif	VB5-L-republictrooperwithblasterrifle-pre.gif	image/gif	116803
VB5-L-senatormonmothma.gif	VB5-L-senatormonmothma.gif	image/gif	115342
VB5-L-senatorjarjarbinksai-pre.gif	VB5-L-senatorjarjarbinksai-pre.gif	image/gif	115783
VB5-L-senatorjarjarbinksai.gif	VB5-L-senatorjarjarbinksai.gif	image/gif	115783
VB5-L-senatormonmothma-pre.gif	VB5-L-senatormonmothma-pre.gif	image/gif	115342
VB5-L-senatorjarjarbinks.gif	VB5-L-senatorjarjarbinks.gif	image/gif	119570
VB5-L-senatorpadmeamidala-pre.gif	VB5-L-senatorpadmeamidala-pre.gif	image/gif	109678
VB5-L-senatorpadmeamidala.gif	VB5-L-senatorpadmeamidala.gif	image/gif	109678
VB5-L-sothisishowlibertydies-pre.gif	VB5-L-sothisishowlibertydies-pre.gif	image/gif	120566
VB5-L-supremechancellorpalpatine.gif	VB5-L-supremechancellorpalpatine.gif	image/gif	113714
VB5-L-sothisishowlibertydies.gif	VB5-L-sothisishowlibertydies.gif	image/gif	120566
VB5-L-supremechancellorpalpatine-pre.gif	VB5-L-supremechancellorpalpatine-pre.gif	image/gif	113714
VB5-L-theywillbelostandconfused.gif	VB5-L-theywillbelostandconfused.gif	image/gif	116524
VB5-L-theywillbelostandconfused-pre.gif	VB5-L-theywillbelostandconfused-pre.gif	image/gif	116524
VB5-L-wehaveaplan-pre.gif	VB5-L-wehaveaplan-pre.gif	image/gif	98902
VB5-L-wehaveaplan.gif	VB5-L-wehaveaplan.gif	image/gif	98902
VB5-L-wellhandlethis-pre.gif	VB5-L-wellhandlethis-pre.gif	image/gif	114045
VB5-L-welltakethelongway-pre.gif	VB5-L-welltakethelongway-pre.gif	image/gif	101417
VB5-L-wellhandlethis.gif	VB5-L-wellhandlethis.gif	image/gif	114045
VB5-L-wesareadytodooursapart.gif	VB5-L-wesareadytodooursapart.gif	image/gif	100559
VB5-L-wesareadytodooursapart-pre.gif	VB5-L-wesareadytodooursapart-pre.gif	image/gif	100559
VB5-L-welltakethelongway.gif	VB5-L-welltakethelongway.gif	image/gif	101417
VB5-L-wookieeroar-pre.gif	VB5-L-wookieeroar-pre.gif	image/gif	114975
VB5-L-wookieeguide-pre.gif	VB5-L-wookieeguide-pre.gif	image/gif	117416
VB5-L-wookieeguide.gif	VB5-L-wookieeguide.gif	image/gif	117416
VB5-L-wookiee.gif	VB5-L-wookiee.gif	image/gif	120928
VB5-L-wookiee-pre.gif	VB5-L-wookiee-pre.gif	image/gif	120928
VB5-L-yarua-pre.gif	VB5-L-yarua-pre.gif	image/gif	108695
VB5-L-wookieeroar.gif	VB5-L-wookieeroar.gif	image/gif	114975
VB5-L-yarua.gif	VB5-L-yarua.gif	image/gif	108695
VB6-D-3b310-pre.gif	VB6-D-3b310-pre.gif	image/gif	87446
VB6-D-3b310.gif	VB6-D-3b310.gif	image/gif	87446
VB5-L-yodagreatwarrior-pre.gif	VB5-L-yodagreatwarrior-pre.gif	image/gif	113826
VB5-L-yodaseniorcouncilmemberai-pre.gif	VB5-L-yodaseniorcouncilmemberai-pre.gif	image/gif	109019
VB5-L-yodaseniorcouncilmember.gif	VB5-L-yodaseniorcouncilmember.gif	image/gif	109507
VB5-L-yodaseniorcouncilmember-pre.gif	VB5-L-yodaseniorcouncilmember-pre.gif	image/gif	109507
VB5-L-yodaseniorcouncilmemberai.gif	VB5-L-yodaseniorcouncilmemberai.gif	image/gif	109019
VB5-L-yodagreatwarrior.gif	VB5-L-yodagreatwarrior.gif	image/gif	113826
VB6-D-4lomwithconcussionrifle-pre.gif	VB6-D-4lomwithconcussionrifle-pre.gif	image/gif	60313
VB6-D-4lomwithconcussionrifle.gif	VB6-D-4lomwithconcussionrifle.gif	image/gif	60313
VB6-D-alteringthedeal.gif	VB6-D-alteringthedeal.gif	image/gif	62722
VB6-D-admiralmottibattlestationcoordinator-pre.gif	VB6-D-admiralmottibattlestationcoordinator-pre.gif	image/gif	79203
VB6-D-alteringthedeal-pre.gif	VB6-D-alteringthedeal-pre.gif	image/gif	62722
VB6-D-admiralpiett-pre.gif	VB6-D-admiralpiett-pre.gif	image/gif	73493
VB6-D-admiralpiett.gif	VB6-D-admiralpiett.gif	image/gif	73493
VB6-D-admiralmottibattlestationcoordinator.gif	VB6-D-admiralmottibattlestationcoordinator.gif	image/gif	79203
VB6-D-atatdriver.gif	VB6-D-atatdriver.gif	image/gif	86672
VB6-D-atatdriver-pre.gif	VB6-D-atatdriver-pre.gif	image/gif	86672
VB6-D-black1-pre.gif	VB6-D-black1-pre.gif	image/gif	75843
VB6-D-blasterrifle-pre.gif	VB6-D-blasterrifle-pre.gif	image/gif	92632
VB6-D-black1.gif	VB6-D-black1.gif	image/gif	75843
VB6-D-blasterrifle.gif	VB6-D-blasterrifle.gif	image/gif	92632
VB6-D-blizzard4-pre.gif	VB6-D-blizzard4-pre.gif	image/gif	109032
VB6-D-blizzard4.gif	VB6-D-blizzard4.gif	image/gif	109032
VB6-D-blockadesupportship-pre.gif	VB6-D-blockadesupportship-pre.gif	image/gif	79996
VB6-D-blockadesupportship.gif	VB6-D-blockadesupportship.gif	image/gif	79996
VB6-D-bobafettbountyhunter-pre.gif	VB6-D-bobafettbountyhunter-pre.gif	image/gif	82976
VB6-D-bobafettinslavei.gif	VB6-D-bobafettinslavei.gif	image/gif	81131
VB6-D-bobafettbountyhunter.gif	VB6-D-bobafettbountyhunter.gif	image/gif	82976
VB6-D-bobafettinslavei-pre.gif	VB6-D-bobafettinslavei-pre.gif	image/gif	81131
VB6-D-bobafettrelentlessbountyhunter-pre.gif	VB6-D-bobafettrelentlessbountyhunter-pre.gif	image/gif	83242
VB6-D-bobafettrelentlessbountyhunter.gif	VB6-D-bobafettrelentlessbountyhunter.gif	image/gif	83242
VB6-D-bosskinhoundstooth-pre.gif	VB6-D-bosskinhoundstooth-pre.gif	image/gif	61192
VB6-D-bosskinhoundstooth.gif	VB6-D-bosskinhoundstooth.gif	image/gif	61192
VB6-D-breacheddefenses&molator.gif	VB6-D-breacheddefenses&molator.gif	image/gif	88266
VB6-D-breacheddefenses&molator-pre.gif	VB6-D-breacheddefenses&molator-pre.gif	image/gif	88266
VB6-D-brangusglee-pre.gif	VB6-D-brangusglee-pre.gif	image/gif	104531
VB6-D-brangusglee.gif	VB6-D-brangusglee.gif	image/gif	104531
VB6-D-brokenconcentration-pre.gif	VB6-D-brokenconcentration-pre.gif	image/gif	72210
VB6-D-brokenconcentration.gif	VB6-D-brokenconcentration.gif	image/gif	72210
VB6-D-cadbane-pre.gif	VB6-D-cadbane-pre.gif	image/gif	94726
VB6-D-cadbane.gif	VB6-D-cadbane.gif	image/gif	94726
VB6-D-captainmodterrik-pre.gif	VB6-D-captainmodterrik-pre.gif	image/gif	85503
VB6-D-captainmodterrik.gif	VB6-D-captainmodterrik.gif	image/gif	85503
VB6-D-carnorjaxroyalguard-pre.gif	VB6-D-carnorjaxroyalguard-pre.gif	image/gif	73472
VB6-D-carnorjaxroyalguard.gif	VB6-D-carnorjaxroyalguard.gif	image/gif	73472
VB6-D-cloudcitydiningroom-pre.gif	VB6-D-cloudcitydiningroom-pre.gif	image/gif	88042
VB6-D-cloudcitydiningroom.gif	VB6-D-cloudcitydiningroom.gif	image/gif	88042
VB6-D-comlink-pre.gif	VB6-D-comlink-pre.gif	image/gif	54807
VB6-D-comlink.gif	VB6-D-comlink.gif	image/gif	54807
VB6-D-coloneljendoninonyx1-pre.gif	VB6-D-coloneljendoninonyx1-pre.gif	image/gif	110884
VB6-D-coloneljendoninonyx1.gif	VB6-D-coloneljendoninonyx1.gif	image/gif	110884
VB6-D-commanderdainejir-pre.gif	VB6-D-commanderdainejir-pre.gif	image/gif	104175
VB6-D-cyclonewalker.gif	VB6-D-cyclonewalker.gif	image/gif	97000
VB6-D-cyclonewalker-pre.gif	VB6-D-cyclonewalker-pre.gif	image/gif	97000
VB6-D-commanderdainejir.gif	VB6-D-commanderdainejir.gif	image/gif	104175
VB6-D-darkwaters&kraytdragonbones-pre.gif	VB6-D-darkwaters&kraytdragonbones-pre.gif	image/gif	87270
VB6-D-darkwaters&kraytdragonbones.gif	VB6-D-darkwaters&kraytdragonbones.gif	image/gif	87270
VB6-D-darthmaulwithlightsaber-pre.gif	VB6-D-darthmaulwithlightsaber-pre.gif	image/gif	105809
VB6-D-darthmaulwithlightsaber.gif	VB6-D-darthmaulwithlightsaber.gif	image/gif	105809
VB6-D-deploymentorders-pre.gif	VB6-D-deploymentorders-pre.gif	image/gif	64198
VB6-D-dathomirwitch-pre.gif	VB6-D-dathomirwitch-pre.gif	image/gif	74721
VB6-D-dathomirwitch.gif	VB6-D-dathomirwitch.gif	image/gif	74721
VB6-D-deploymentorders.gif	VB6-D-deploymentorders.gif	image/gif	64198
VB6-D-dianoga.gif	VB6-D-dianoga.gif	image/gif	84124
VB6-D-darthvaderbetrayerofthejedi-pre.gif	VB6-D-darthvaderbetrayerofthejedi-pre.gif	image/gif	79681
VB6-D-darthvaderbetrayerofthejedi.gif	VB6-D-darthvaderbetrayerofthejedi.gif	image/gif	79681
VB6-D-dianoga-pre.gif	VB6-D-dianoga-pre.gif	image/gif	84124
VB6-D-droidwalker-pre.gif	VB6-D-droidwalker-pre.gif	image/gif	98459
VB6-D-droidracks.gif	VB6-D-droidracks.gif	image/gif	94128
VB6-D-drop.gif	VB6-D-drop.gif	image/gif	70087
VB6-D-drop-pre.gif	VB6-D-drop-pre.gif	image/gif	70087
VB6-D-ds6111inblack11.gif	VB6-D-ds6111inblack11.gif	image/gif	80462
VB6-D-ds6111inblack11-pre.gif	VB6-D-ds6111inblack11-pre.gif	image/gif	80462
VB6-D-droidwalker.gif	VB6-D-droidwalker.gif	image/gif	98459
VB6-D-droidracks-pre.gif	VB6-D-droidracks-pre.gif	image/gif	94128
VB6-D-epicduel-pre.gif	VB6-D-epicduel-pre.gif	image/gif	67439
VB6-D-epicduel.gif	VB6-D-epicduel.gif	image/gif	67439
VB6-D-fleetsecurityprotocols-pre.gif	VB6-D-fleetsecurityprotocols-pre.gif	image/gif	74668
VB6-D-forcefield-pre.gif	VB6-D-forcefield-pre.gif	image/gif	86229
VB6-D-forcefield.gif	VB6-D-forcefield.gif	image/gif	86229
VB6-D-fleetsecurityprotocols.gif	VB6-D-fleetsecurityprotocols.gif	image/gif	74668
VB6-D-fettsblasterrifle.gif	VB6-D-fettsblasterrifle.gif	image/gif	88064
VB6-D-fettsblasterrifle-pre.gif	VB6-D-fettsblasterrifle-pre.gif	image/gif	88064
VB6-D-galenslightsabervadersgift-pre.gif	VB6-D-galenslightsabervadersgift-pre.gif	image/gif	91067
VB6-D-galenslightsabervadersgift.gif	VB6-D-galenslightsabervadersgift.gif	image/gif	91067
VB6-D-grottowerribee-pre.gif	VB6-D-grottowerribee-pre.gif	image/gif	83516
VB6-D-grottowerribee.gif	VB6-D-grottowerribee.gif	image/gif	83516
VB6-D-guildofassassins.gif	VB6-D-guildofassassins.gif	image/gif	95808
VB6-D-guildofassassins-pre.gif	VB6-D-guildofassassins-pre.gif	image/gif	95808
VB6-D-hesnojedi.gif	VB6-D-hesnojedi.gif	image/gif	77183
VB6-D-hesnojedi-pre.gif	VB6-D-hesnojedi-pre.gif	image/gif	77183
VB6-D-hothiceplains-pre.gif	VB6-D-hothiceplains-pre.gif	image/gif	85304
VB6-D-huttinfluence-pre.gif	VB6-D-huttinfluence-pre.gif	image/gif	71180
VB6-D-hothiceplains.gif	VB6-D-hothiceplains.gif	image/gif	85304
VB6-D-huttinfluence.gif	VB6-D-huttinfluence.gif	image/gif	71180
VB6-D-imbalance&kintanstrider-pre.gif	VB6-D-imbalance&kintanstrider-pre.gif	image/gif	85528
VB6-D-imbalance&kintanstrider.gif	VB6-D-imbalance&kintanstrider.gif	image/gif	85528
VB6-D-ig88renegadedroid.gif	VB6-D-ig88renegadedroid.gif	image/gif	105400
VB6-D-ig88renegadedroid-pre.gif	VB6-D-ig88renegadedroid-pre.gif	image/gif	105400
VB6-D-isbblasterpistol-pre.gif	VB6-D-isbblasterpistol-pre.gif	image/gif	92969
VB6-D-isbblasterpistol.gif	VB6-D-isbblasterpistol.gif	image/gif	92969
VB6-D-justifier-pre.gif	VB6-D-justifier-pre.gif	image/gif	47220
VB6-D-justifier.gif	VB6-D-justifier.gif	image/gif	47220
VB6-D-jodokast-pre.gif	VB6-D-jodokast-pre.gif	image/gif	102730
VB6-D-jodokast.gif	VB6-D-jodokast.gif	image/gif	102730
VB6-D-kashyyykwookieeslavingcamp-pre.gif	VB6-D-kashyyykwookieeslavingcamp-pre.gif	image/gif	109074
VB6-D-kashyyykwookieeslavingcamp.gif	VB6-D-kashyyykwookieeslavingcamp.gif	image/gif	109074
VB6-D-kirkanoswithforcepike-pre.gif	VB6-D-kirkanoswithforcepike-pre.gif	image/gif	88978
VB6-D-kirkanoswithforcepike.gif	VB6-D-kirkanoswithforcepike.gif	image/gif	88978
VB6-D-lanadobreed&sacrifice.gif	VB6-D-lanadobreed&sacrifice.gif	image/gif	96273
VB6-D-lanadobreed&sacrifice-pre.gif	VB6-D-lanadobreed&sacrifice-pre.gif	image/gif	96273
VB6-D-lieutenantcecius-pre.gif	VB6-D-lieutenantcecius-pre.gif	image/gif	69273
VB6-D-lieutenantcecius.gif	VB6-D-lieutenantcecius.gif	image/gif	69273
VB6-D-lightsaberdeficiency-pre.gif	VB6-D-lightsaberdeficiency-pre.gif	image/gif	71430
VB6-D-lightsaberdeficiency.gif	VB6-D-lightsaberdeficiency.gif	image/gif	71430
VB6-D-lonepilot-pre.gif	VB6-D-lonepilot-pre.gif	image/gif	97328
VB6-D-lonepilot.gif	VB6-D-lonepilot.gif	image/gif	97328
VB6-D-maareksteletheemperorsreach.gif	VB6-D-maareksteletheemperorsreach.gif	image/gif	86781
VB6-D-maareksteletheemperorsreach-pre.gif	VB6-D-maareksteletheemperorsreach-pre.gif	image/gif	86781
VB6-D-marquandinblizzard6.gif	VB6-D-marquandinblizzard6.gif	image/gif	97241
VB6-D-marquandinblizzard6-pre.gif	VB6-D-marquandinblizzard6-pre.gif	image/gif	97241
VB6-D-massassiwarrior-pre.gif	VB6-D-massassiwarrior-pre.gif	image/gif	94114
VB6-D-massassiwarrior.gif	VB6-D-massassiwarrior.gif	image/gif	94114
VB6-D-mercenaryshadowpirate-pre.gif	VB6-D-mercenaryshadowpirate-pre.gif	image/gif	92401
VB6-D-mercenaryshadowpirate.gif	VB6-D-mercenaryshadowpirate.gif	image/gif	92401
VB6-D-mofftarkindeathstarcommandant.gif	VB6-D-mofftarkindeathstarcommandant.gif	image/gif	78058
VB6-D-mofftarkindeathstarcommandant-pre.gif	VB6-D-mofftarkindeathstarcommandant-pre.gif	image/gif	78058
VB6-D-nichubana-pre.gif	VB6-D-nichubana-pre.gif	image/gif	85270
VB6-D-nichubana.gif	VB6-D-nichubana.gif	image/gif	85270
VB6-D-onebeautifulthing-pre.gif	VB6-D-onebeautifulthing-pre.gif	image/gif	79582
VB6-D-onebeautifulthing.gif	VB6-D-onebeautifulthing.gif	image/gif	79582
VB6-D-onebrightspot-pre.gif	VB6-D-onebrightspot-pre.gif	image/gif	88920
VB6-D-onebrightspot.gif	VB6-D-onebrightspot.gif	image/gif	88920
VB6-D-p13&p14-pre.gif	VB6-D-p13&p14-pre.gif	image/gif	92945
VB6-D-p13&p14.gif	VB6-D-p13&p14.gif	image/gif	92945
VB6-D-operationalasplanned.gif	VB6-D-operationalasplanned.gif	image/gif	106313
VB6-D-operationalasplanned-pre.gif	VB6-D-operationalasplanned-pre.gif	image/gif	106313
VB6-D-pondababa-pre.gif	VB6-D-pondababa-pre.gif	image/gif	106907
VB6-D-pondababa.gif	VB6-D-pondababa.gif	image/gif	106907
VB6-D-powerofthesith-pre.gif	VB6-D-powerofthesith-pre.gif	image/gif	72363
VB6-D-powerofthesith.gif	VB6-D-powerofthesith.gif	image/gif	72363
VB6-D-probot.gif	VB6-D-probot.gif	image/gif	92868
VB6-D-probot-pre.gif	VB6-D-probot-pre.gif	image/gif	92868
VB6-D-programtrap-pre.gif	VB6-D-programtrap-pre.gif	image/gif	87236
VB6-D-programtrap.gif	VB6-D-programtrap.gif	image/gif	87236
VB6-D-protocolfailure-pre.gif	VB6-D-protocolfailure-pre.gif	image/gif	78494
VB6-D-protocolfailure.gif	VB6-D-protocolfailure.gif	image/gif	78494
VB6-D-ralltiirspaceportfinancialdistrict-pre.gif	VB6-D-ralltiirspaceportfinancialdistrict-pre.gif	image/gif	117977
VB6-D-ralltiirspaceportfinancialdistrict.gif	VB6-D-ralltiirspaceportfinancialdistrict.gif	image/gif	117977
VB6-D-rancormount-pre.gif	VB6-D-rancormount-pre.gif	image/gif	86108
VB6-D-rancormount.gif	VB6-D-rancormount.gif	image/gif	86108
VB6-D-remotedepot-pre.gif	VB6-D-remotedepot-pre.gif	image/gif	88960
VB6-D-remotedepot.gif	VB6-D-remotedepot.gif	image/gif	88960
VB6-D-revengeofthesith-pre.gif	VB6-D-revengeofthesith-pre.gif	image/gif	95902
VB6-D-revengeofthesith.gif	VB6-D-revengeofthesith.gif	image/gif	95902
VB6-D-royalescort-pre.gif	VB6-D-royalescort-pre.gif	image/gif	75442
VB6-D-royalescort.gif	VB6-D-royalescort.gif	image/gif	75442
VB6-D-securitybattledroid.gif	VB6-D-securitybattledroid.gif	image/gif	108550
VB6-D-securitybattledroid-pre.gif	VB6-D-securitybattledroid-pre.gif	image/gif	108550
VB6-D-tarkinsbounty.gif	VB6-D-tarkinsbounty.gif	image/gif	69614
VB6-D-stormclouds.gif	VB6-D-stormclouds.gif	image/gif	55448
VB6-D-sobeitjedi.gif	VB6-D-sobeitjedi.gif	image/gif	72926
VB6-D-stormclouds-pre.gif	VB6-D-stormclouds-pre.gif	image/gif	55448
VB6-D-sobeitjedi-pre.gif	VB6-D-sobeitjedi-pre.gif	image/gif	72926
VB6-D-tarkinsbounty-pre.gif	VB6-D-tarkinsbounty-pre.gif	image/gif	69614
VB6-D-stardestroyercommandstation.gif	VB6-D-stardestroyercommandstation.gif	image/gif	103531
VB6-D-stardestroyercommandstation-pre.gif	VB6-D-stardestroyercommandstation-pre.gif	image/gif	103531
VB6-D-tarkinsorders.gif	VB6-D-tarkinsorders.gif	image/gif	72651
VB6-D-tarkinsorders-pre.gif	VB6-D-tarkinsorders-pre.gif	image/gif	72651
VB6-D-tatooinemosespa-pre.gif	VB6-D-tatooinemosespa-pre.gif	image/gif	87311
VB6-D-tdoshokhuntingvow-pre.gif	VB6-D-tdoshokhuntingvow-pre.gif	image/gif	86302
VB6-D-tdoshokhuntingvow.gif	VB6-D-tdoshokhuntingvow.gif	image/gif	86302
VB6-D-tatooinemosespa.gif	VB6-D-tatooinemosespa.gif	image/gif	87311
VB6-D-theemperoriscominghere-pre.gif	VB6-D-theemperoriscominghere-pre.gif	image/gif	102713
VB6-D-theemperoriscominghere.gif	VB6-D-theemperoriscominghere.gif	image/gif	102713
VB6-D-thok&thug-pre.gif	VB6-D-thok&thug-pre.gif	image/gif	87583
VB6-D-tiesentryships.gif	VB6-D-tiesentryships.gif	image/gif	64009
VB6-D-tiesentryships-pre.gif	VB6-D-tiesentryships-pre.gif	image/gif	64009
VB6-D-thok&thug.gif	VB6-D-thok&thug.gif	image/gif	87583
VB6-D-tieavenger-pre.gif	VB6-D-tieavenger-pre.gif	image/gif	81231
VB6-D-tieavenger.gif	VB6-D-tieavenger.gif	image/gif	81231
VB6-D-walkergarrison.gif	VB6-D-walkergarrison.gif	image/gif	67932
VB6-D-walkergarrison-pre.gif	VB6-D-walkergarrison-pre.gif	image/gif	67932
VB6-D-whydidntyoutellme.gif	VB6-D-whydidntyoutellme.gif	image/gif	70804
VB6-D-wehaveaprisoner&icantshakehim-pre.gif	VB6-D-wehaveaprisoner&icantshakehim-pre.gif	image/gif	82893
VB6-D-wehaveaprisoner&icantshakehim.gif	VB6-D-wehaveaprisoner&icantshakehim.gif	image/gif	82893
VB6-D-weaponlevitation&theempiresback.gif	VB6-D-weaponlevitation&theempiresback.gif	image/gif	86693
VB6-D-whydidntyoutellme-pre.gif	VB6-D-whydidntyoutellme-pre.gif	image/gif	70804
VB6-D-weaponlevitation&theempiresback-pre.gif	VB6-D-weaponlevitation&theempiresback-pre.gif	image/gif	86693
VB6-D-youoverestimatetheirchances.gif	VB6-D-youoverestimatetheirchances.gif	image/gif	78119
VB6-D-youoverestimatetheirchances-pre.gif	VB6-D-youoverestimatetheirchances-pre.gif	image/gif	78119
VB6-L-antillesmaneuver&rebelreinforcements.gif	VB6-L-antillesmaneuver&rebelreinforcements.gif	image/gif	109067
VB6-L-antillesmaneuver&rebelreinforcements-pre.gif	VB6-L-antillesmaneuver&rebelreinforcements-pre.gif	image/gif	109067
VB6-L-armedanddangerous&kraytdragonhowl.gif	VB6-L-armedanddangerous&kraytdragonhowl.gif	image/gif	110567
VB6-L-armedanddangerous&kraytdragonhowl-pre.gif	VB6-L-armedanddangerous&kraytdragonhowl-pre.gif	image/gif	110567
VB6-L-ascensionguns-pre.gif	VB6-L-ascensionguns-pre.gif	image/gif	120445
VB6-L-ascensionguns.gif	VB6-L-ascensionguns.gif	image/gif	120445
VB6-L-atpeace.gif	VB6-L-atpeace.gif	image/gif	105886
VB6-L-atpeace-pre.gif	VB6-L-atpeace-pre.gif	image/gif	105886
VB6-L-baragwin-pre.gif	VB6-L-baragwin-pre.gif	image/gif	107625
VB6-L-baragwin.gif	VB6-L-baragwin.gif	image/gif	107625
VB6-L-beastrider-pre.gif	VB6-L-beastrider-pre.gif	image/gif	102821
VB6-L-beastrider.gif	VB6-L-beastrider.gif	image/gif	102821
VB6-L-boshekbrashsmuggler-pre.gif	VB6-L-boshekbrashsmuggler-pre.gif	image/gif	110173
VB6-L-boshekbrashsmuggler.gif	VB6-L-boshekbrashsmuggler.gif	image/gif	110173
VB6-L-commandotraining&klorslug-pre.gif	VB6-L-commandotraining&klorslug-pre.gif	image/gif	119018
VB6-L-commandotraining&klorslug.gif	VB6-L-commandotraining&klorslug.gif	image/gif	119018
VB6-L-darkapproach-pre.gif	VB6-L-darkapproach-pre.gif	image/gif	85541
VB6-L-darkapproach.gif	VB6-L-darkapproach.gif	image/gif	85541
VB6-L-dashinrogue10.gif	VB6-L-dashinrogue10.gif	image/gif	103256
VB6-L-dashinrogue10-pre.gif	VB6-L-dashinrogue10-pre.gif	image/gif	103256
VB6-L-daughterofskywalker-pre.gif	VB6-L-daughterofskywalker-pre.gif	image/gif	116295
VB6-L-daughterofskywalker.gif	VB6-L-daughterofskywalker.gif	image/gif	116295
VB6-L-desperatereach-pre.gif	VB6-L-desperatereach-pre.gif	image/gif	100871
VB6-L-desperatereach.gif	VB6-L-desperatereach.gif	image/gif	100871
VB6-L-desperatetactics.gif	VB6-L-desperatetactics.gif	image/gif	93793
VB6-L-desperatetactics-pre.gif	VB6-L-desperatetactics-pre.gif	image/gif	93793
VB6-L-dressel.gif	VB6-L-dressel.gif	image/gif	51256
VB6-L-dressel-pre.gif	VB6-L-dressel-pre.gif	image/gif	51256
VB6-L-dontunderestimateourchances-pre.gif	VB6-L-dontunderestimateourchances-pre.gif	image/gif	103629
VB6-L-dontunderestimateourchances.gif	VB6-L-dontunderestimateourchances.gif	image/gif	103629
VB6-L-firefight.gif	VB6-L-firefight.gif	image/gif	110262
VB6-L-firefight-pre.gif	VB6-L-firefight-pre.gif	image/gif	110262
VB6-L-generalsolomahal-pre.gif	VB6-L-generalsolomahal-pre.gif	image/gif	107179
VB6-L-generalsolomahal.gif	VB6-L-generalsolomahal.gif	image/gif	107179
VB6-L-gundark.gif	VB6-L-gundark.gif	image/gif	101908
VB6-L-gundark-pre.gif	VB6-L-gundark-pre.gif	image/gif	101908
VB6-L-hanchewieandthefalcon-pre.gif	VB6-L-hanchewieandthefalcon-pre.gif	image/gif	114559
VB6-L-hanchewieandthefalcon.gif	VB6-L-hanchewieandthefalcon.gif	image/gif	114559
VB6-L-hansolocourageoussmuggler-pre.gif	VB6-L-hansolocourageoussmuggler-pre.gif	image/gif	116796
VB6-L-hansolocourageoussmuggler.gif	VB6-L-hansolocourageoussmuggler.gif	image/gif	116796
VB6-L-hothechocommandcenterwarroom-pre.gif	VB6-L-hothechocommandcenterwarroom-pre.gif	image/gif	106547
VB6-L-hothechocommandcenterwarroom.gif	VB6-L-hothechocommandcenterwarroom.gif	image/gif	106547
VB6-L-hothmainpowergenerators-pre.gif	VB6-L-hothmainpowergenerators-pre.gif	image/gif	102897
VB6-L-hothmainpowergenerators.gif	VB6-L-hothmainpowergenerators.gif	image/gif	102897
VB6-L-idontneedtheirscumeither-pre.gif	VB6-L-idontneedtheirscumeither-pre.gif	image/gif	110358
VB6-L-idontneedtheirscumeither.gif	VB6-L-idontneedtheirscumeither.gif	image/gif	110358
VB6-L-imheretorescueyou-pre.gif	VB6-L-imheretorescueyou-pre.gif	image/gif	117461
VB6-L-imheretorescueyou.gif	VB6-L-imheretorescueyou.gif	image/gif	117461
VB6-L-incomcorporation&koensayrmanufacturing.gif	VB6-L-incomcorporation&koensayrmanufacturing.gif	image/gif	119647
VB6-L-incomcorporation&koensayrmanufacturing-pre.gif	VB6-L-incomcorporation&koensayrmanufacturing-pre.gif	image/gif	119647
VB6-L-ivedecidedtogoback-pre.gif	VB6-L-ivedecidedtogoback-pre.gif	image/gif	97588
VB6-L-ivedecidedtogoback.gif	VB6-L-ivedecidedtogoback.gif	image/gif	97588
VB6-L-itsnotmyfault-pre.gif	VB6-L-itsnotmyfault-pre.gif	image/gif	102020
VB6-L-itsnotmyfault.gif	VB6-L-itsnotmyfault.gif	image/gif	102020
VB6-L-jabbasprizeback-pre.gif	VB6-L-jabbasprizeback-pre.gif	image/gif	85908
VB6-L-jabbasprizeback.gif	VB6-L-jabbasprizeback.gif	image/gif	85908
VB6-L-jabbasprizefront.gif	VB6-L-jabbasprizefront.gif	image/gif	131090
VB6-L-jabbasprizefront-pre.gif	VB6-L-jabbasprizefront-pre.gif	image/gif	131090
VB6-L-jabbathisisyourlastchance-pre.gif	VB6-L-jabbathisisyourlastchance-pre.gif	image/gif	104775
VB6-L-jabbathisisyourlastchance.gif	VB6-L-jabbathisisyourlastchance.gif	image/gif	104775
VB6-L-jedipilot-pre.gif	VB6-L-jedipilot-pre.gif	image/gif	105403
VB6-L-jedipilot.gif	VB6-L-jedipilot.gif	image/gif	105403
VB6-L-kaadu-pre.gif	VB6-L-kaadu-pre.gif	image/gif	101580
VB6-L-kaadu.gif	VB6-L-kaadu.gif	image/gif	101580
VB6-L-kashyyykforestdepths.gif	VB6-L-kashyyykforestdepths.gif	image/gif	83882
VB6-L-kashyyykforestdepths-pre.gif	VB6-L-kashyyykforestdepths-pre.gif	image/gif	83882
VB6-L-landocalrissianscoundrel-pre.gif	VB6-L-landocalrissianscoundrel-pre.gif	image/gif	129059
VB6-L-landocalrissianscoundrel.gif	VB6-L-landocalrissianscoundrel.gif	image/gif	129059
VB6-L-letthewookieewin-pre.gif	VB6-L-letthewookieewin-pre.gif	image/gif	109658
VB6-L-maneuveringflaps&nickoftime.gif	VB6-L-maneuveringflaps&nickoftime.gif	image/gif	106917
VB6-L-letthewookieewin.gif	VB6-L-letthewookieewin.gif	image/gif	109658
VB6-L-leiaoptimisticleader-pre.gif	VB6-L-leiaoptimisticleader-pre.gif	image/gif	119368
VB6-L-lukeskywalkerstrongintheforce-pre.gif	VB6-L-lukeskywalkerstrongintheforce-pre.gif	image/gif	116301
VB6-L-leiaoptimisticleader.gif	VB6-L-leiaoptimisticleader.gif	image/gif	119368
VB6-L-lukeskywalkerstrongintheforce.gif	VB6-L-lukeskywalkerstrongintheforce.gif	image/gif	116301
VB6-L-obiwankenobipadawanlearner-pre.gif	VB6-L-obiwankenobipadawanlearner-pre.gif	image/gif	93003
VB6-L-mindwhatyouhavelearned-pre.gif	VB6-L-mindwhatyouhavelearned-pre.gif	image/gif	116079
VB6-L-moncalamaridockyards-pre.gif	VB6-L-moncalamaridockyards-pre.gif	image/gif	101172
VB6-L-obiwancrazywizard-pre.gif	VB6-L-obiwancrazywizard-pre.gif	image/gif	113625
VB6-L-moncalamaridockyards.gif	VB6-L-moncalamaridockyards.gif	image/gif	101172
VB6-L-obiwancrazywizard.gif	VB6-L-obiwancrazywizard.gif	image/gif	113625
VB6-L-maneuveringflaps&nickoftime-pre.gif	VB6-L-maneuveringflaps&nickoftime-pre.gif	image/gif	106917
VB6-L-obiwankenobipadawanlearner.gif	VB6-L-obiwankenobipadawanlearner.gif	image/gif	93003
VB6-L-obiwankenobipadawanlearnerai-pre.gif	VB6-L-obiwankenobipadawanlearnerai-pre.gif	image/gif	92088
VB6-L-obiwankenobipadawanlearnerai.gif	VB6-L-obiwankenobipadawanlearnerai.gif	image/gif	92088
VB6-L-outofsomewhere-pre.gif	VB6-L-outofsomewhere-pre.gif	image/gif	93543
VB6-L-odinnesloor&firstaid.gif	VB6-L-odinnesloor&firstaid.gif	image/gif	120186
VB6-L-odinnesloor&firstaid-pre.gif	VB6-L-odinnesloor&firstaid-pre.gif	image/gif	120186
VB6-L-outofsomewhere.gif	VB6-L-outofsomewhere.gif	image/gif	93543
VB6-L-phylogandish-pre.gif	VB6-L-phylogandish-pre.gif	image/gif	84047
VB6-L-overseer-pre.gif	VB6-L-overseer-pre.gif	image/gif	99090
VB6-L-phylogandish.gif	VB6-L-phylogandish.gif	image/gif	84047
VB6-L-overseer.gif	VB6-L-overseer.gif	image/gif	99090
VB6-L-protector-pre.gif	VB6-L-protector-pre.gif	image/gif	97057
VB6-L-protector.gif	VB6-L-protector.gif	image/gif	97057
VB6-L-red1-pre.gif	VB6-L-red1-pre.gif	image/gif	104478
VB6-L-mindwhatyouhavelearned.gif	VB6-L-mindwhatyouhavelearned.gif	image/gif	116079
VB6-L-red1.gif	VB6-L-red1.gif	image/gif	104478
VB6-L-republiclogistics-pre.gif	VB6-L-republiclogistics-pre.gif	image/gif	104350
VB6-L-reflection.gif	VB6-L-reflection.gif	image/gif	111112
VB6-L-reflection-pre.gif	VB6-L-reflection-pre.gif	image/gif	111112
VB6-L-republicstarfighter-pre.gif	VB6-L-republicstarfighter-pre.gif	image/gif	73764
VB6-L-republiclogistics.gif	VB6-L-republiclogistics.gif	image/gif	104350
VB6-L-republicstarfighter.gif	VB6-L-republicstarfighter.gif	image/gif	73764
VB6-L-returnofthejedi-pre.gif	VB6-L-returnofthejedi-pre.gif	image/gif	104395
VB6-L-returnofthejedi.gif	VB6-L-returnofthejedi.gif	image/gif	104395
VB6-L-roguesquadronxwing-pre.gif	VB6-L-roguesquadronxwing-pre.gif	image/gif	114473
VB6-L-saveyouitcan-pre.gif	VB6-L-saveyouitcan-pre.gif	image/gif	121886
VB6-L-roguesquadronxwing.gif	VB6-L-roguesquadronxwing.gif	image/gif	114473
VB6-L-saveyouitcan.gif	VB6-L-saveyouitcan.gif	image/gif	121886
VB6-L-scomplinkaccess-pre.gif	VB6-L-scomplinkaccess-pre.gif	image/gif	105057
VB6-L-scomplinkaccess.gif	VB6-L-scomplinkaccess.gif	image/gif	105057
VB6-L-securitybreach-pre.gif	VB6-L-securitybreach-pre.gif	image/gif	118272
VB6-L-securitybreach.gif	VB6-L-securitybreach.gif	image/gif	118272
VB6-L-solohan-pre.gif	VB6-L-solohan-pre.gif	image/gif	97057
VB6-L-solohan.gif	VB6-L-solohan.gif	image/gif	97057
VB6-L-snowspeedergarrison-pre.gif	VB6-L-snowspeedergarrison-pre.gif	image/gif	99629
VB6-L-spaceportscoundrelsguild-pre.gif	VB6-L-spaceportscoundrelsguild-pre.gif	image/gif	92660
VB6-L-snowspeedergarrison.gif	VB6-L-snowspeedergarrison.gif	image/gif	99629
VB6-L-spaceportscoundrelsguild.gif	VB6-L-spaceportscoundrelsguild.gif	image/gif	92660
VB6-L-strongisvader-pre.gif	VB6-L-strongisvader-pre.gif	image/gif	122639
VB6-L-tatooinequeenslandingsite.gif	VB6-L-tatooinequeenslandingsite.gif	image/gif	75449
VB6-L-tatooinequeenslandingsite-pre.gif	VB6-L-tatooinequeenslandingsite-pre.gif	image/gif	75449
VB6-L-strongisvader.gif	VB6-L-strongisvader.gif	image/gif	122639
VB6-L-thefirsttransportisaway-pre.gif	VB6-L-thefirsttransportisaway-pre.gif	image/gif	100340
VB6-L-thefirsttransportisaway.gif	VB6-L-thefirsttransportisaway.gif	image/gif	100340
VB6-L-thrownback-pre.gif	VB6-L-thrownback-pre.gif	image/gif	103742
VB6-L-thrownback.gif	VB6-L-thrownback.gif	image/gif	103742
VB6-L-underworldcontacts-pre.gif	VB6-L-underworldcontacts-pre.gif	image/gif	120000
VB6-L-veteranrogue-pre.gif	VB6-L-veteranrogue-pre.gif	image/gif	108896
VB6-L-underworldcontacts.gif	VB6-L-underworldcontacts.gif	image/gif	120000
VB6-L-veteranrogue.gif	VB6-L-veteranrogue.gif	image/gif	108896
VB6-L-warriorscourage.gif	VB6-L-warriorscourage.gif	image/gif	109402
VB6-L-warriorscourage-pre.gif	VB6-L-warriorscourage-pre.gif	image/gif	109402
VB6-L-wedgeinredsquadron1-pre.gif	VB6-L-wedgeinredsquadron1-pre.gif	image/gif	110986
VB6-L-wedgeinredsquadron1.gif	VB6-L-wedgeinredsquadron1.gif	image/gif	110986
VB7-D-5d6ra7-pre.gif	VB7-D-5d6ra7-pre.gif	image/gif	82881
VB7-D-5d6ra7.gif	VB7-D-5d6ra7.gif	image/gif	82881
VB7-D-accordingtomydesign.gif	VB7-D-accordingtomydesign.gif	image/gif	79522
VB7-D-accordingtomydesign-pre.gif	VB7-D-accordingtomydesign-pre.gif	image/gif	79522
VB7-D-adarktimefortherebellion.gif	VB7-D-adarktimefortherebellion.gif	image/gif	78585
VB7-D-adarktimefortherebellion-pre.gif	VB7-D-adarktimefortherebellion-pre.gif	image/gif	78585
VB7-D-admiralpellaeon-pre.gif	VB7-D-admiralpellaeon-pre.gif	image/gif	75900
VB7-D-admiralpellaeon.gif	VB7-D-admiralpellaeon.gif	image/gif	75900
VB7-D-altercoruscant-pre.gif	VB7-D-altercoruscant-pre.gif	image/gif	81811
VB7-D-alterpremiere-pre.gif	VB7-D-alterpremiere-pre.gif	image/gif	78713
VB7-D-alterpremiere.gif	VB7-D-alterpremiere.gif	image/gif	78713
VB7-D-altercoruscant.gif	VB7-D-altercoruscant.gif	image/gif	81811
VB7-D-asithsweapon.gif	VB7-D-asithsweapon.gif	image/gif	82618
VB7-D-asithsweapon-pre.gif	VB7-D-asithsweapon-pre.gif	image/gif	82618
VB7-D-astunningmove-pre.gif	VB7-D-astunningmove-pre.gif	image/gif	85965
VB7-D-astunningmove.gif	VB7-D-astunningmove.gif	image/gif	85965
VB7-D-avaluablehostage-pre.gif	VB7-D-avaluablehostage-pre.gif	image/gif	83864
VB7-D-avaluablehostage.gif	VB7-D-avaluablehostage.gif	image/gif	83864
VB7-D-baktoidarmorworkshop.gif	VB7-D-baktoidarmorworkshop.gif	image/gif	72369
VB7-D-baktoidarmorworkshop-pre.gif	VB7-D-baktoidarmorworkshop-pre.gif	image/gif	72369
VB7-D-battledroidsquad-pre.gif	VB7-D-battledroidsquad-pre.gif	image/gif	89179
VB7-D-black5-pre.gif	VB7-D-black5-pre.gif	image/gif	69639
VB7-D-black5.gif	VB7-D-black5.gif	image/gif	69639
VB7-D-battledroidsquad.gif	VB7-D-battledroidsquad.gif	image/gif	89179
VB7-D-blockadeflagship-pre.gif	VB7-D-blockadeflagship-pre.gif	image/gif	74208
VB7-D-blockadeflagship.gif	VB7-D-blockadeflagship.gif	image/gif	74208
VB7-D-combatresponse.gif	VB7-D-combatresponse.gif	image/gif	76799
VB7-D-combatresponse-pre.gif	VB7-D-combatresponse-pre.gif	image/gif	76799
VB7-D-commenceprimaryignition-pre.gif	VB7-D-commenceprimaryignition-pre.gif	image/gif	81937
VB7-D-commenceprimaryignition.gif	VB7-D-commenceprimaryignition.gif	image/gif	81937
VB7-D-corulagisblogisticsoffice-pre.gif	VB7-D-corulagisblogisticsoffice-pre.gif	image/gif	87879
VB7-D-corulagisblogisticsoffice.gif	VB7-D-corulagisblogisticsoffice.gif	image/gif	87879
VB7-D-darkcollaboration-pre.gif	VB7-D-darkcollaboration-pre.gif	image/gif	64332
VB7-D-darthvadermoremachinethanman.gif	VB7-D-darthvadermoremachinethanman.gif	image/gif	88597
VB7-D-coruscantpalpatinesquarters.gif	VB7-D-coruscantpalpatinesquarters.gif	image/gif	90924
VB7-D-coruscantprivateplatformdockingbay.gif	VB7-D-coruscantprivateplatformdockingbay.gif	image/gif	79081
VB7-D-coruscantprivateplatformdockingbay-pre.gif	VB7-D-coruscantprivateplatformdockingbay-pre.gif	image/gif	79081
VB7-D-coruscantpalpatinesquarters-pre.gif	VB7-D-coruscantpalpatinesquarters-pre.gif	image/gif	90924
VB7-D-deathstarcentralcore-pre.gif	VB7-D-deathstarcentralcore-pre.gif	image/gif	98046
VB7-D-deathstarcentralcore.gif	VB7-D-deathstarcentralcore.gif	image/gif	98046
VB7-D-darkcollaboration.gif	VB7-D-darkcollaboration.gif	image/gif	64332
VB7-D-darthvadermoremachinethanman-pre.gif	VB7-D-darthvadermoremachinethanman-pre.gif	image/gif	88597
VB7-D-dengarwithblastercarbine-pre.gif	VB7-D-dengarwithblastercarbine-pre.gif	image/gif	93302
VB7-D-desperatecounter-pre.gif	VB7-D-desperatecounter-pre.gif	image/gif	50252
VB7-D-deathstarwarroom-pre.gif	VB7-D-deathstarwarroom-pre.gif	image/gif	82400
VB7-D-deathstarwarroom.gif	VB7-D-deathstarwarroom.gif	image/gif	82400
VB7-D-ds615.gif	VB7-D-ds615.gif	image/gif	72577
VB7-D-desperatecounter.gif	VB7-D-desperatecounter.gif	image/gif	50252
VB7-D-elisinhinthra-pre.gif	VB7-D-elisinhinthra-pre.gif	image/gif	75084
VB7-D-ds615-pre.gif	VB7-D-ds615-pre.gif	image/gif	72577
VB7-D-evacuate-pre.gif	VB7-D-evacuate-pre.gif	image/gif	65474
VB7-D-evacuate.gif	VB7-D-evacuate.gif	image/gif	65474
VB7-D-elisinhinthra.gif	VB7-D-elisinhinthra.gif	image/gif	75084
VB7-D-dengarwithblastercarbine.gif	VB7-D-dengarwithblastercarbine.gif	image/gif	93302
VB7-D-galacticdomination-pre.gif	VB7-D-galacticdomination-pre.gif	image/gif	78705
VB7-D-gardullathehutt-pre.gif	VB7-D-gardullathehutt-pre.gif	image/gif	69970
VB7-D-galacticdomination.gif	VB7-D-galacticdomination.gif	image/gif	78705
VB7-D-gardullathehutt.gif	VB7-D-gardullathehutt.gif	image/gif	69970
VB7-D-generalnevar-pre.gif	VB7-D-generalnevar-pre.gif	image/gif	69770
VB7-D-generalnevar.gif	VB7-D-generalnevar.gif	image/gif	69770
VB7-D-grandmofftarkin-pre.gif	VB7-D-grandmofftarkin-pre.gif	image/gif	102715
VB7-D-grievoushunterofjedi-pre.gif	VB7-D-grievoushunterofjedi-pre.gif	image/gif	76945
VB7-D-grievoushunterofjedi.gif	VB7-D-grievoushunterofjedi.gif	image/gif	76945
VB7-D-grandmofftarkin.gif	VB7-D-grandmofftarkin.gif	image/gif	102715
VB7-D-grievouslightsabers-pre.gif	VB7-D-grievouslightsabers-pre.gif	image/gif	69863
VB7-D-garindan.gif	VB7-D-garindan.gif	image/gif	78168
VB7-D-grievouslightsabers.gif	VB7-D-grievouslightsabers.gif	image/gif	69863
VB7-D-garindan-pre.gif	VB7-D-garindan-pre.gif	image/gif	78168
VB7-D-ig100magnaguard.gif	VB7-D-ig100magnaguard.gif	image/gif	82745
VB7-D-ig100magnaguard-pre.gif	VB7-D-ig100magnaguard-pre.gif	image/gif	82745
VB7-D-illtakethemmyself-pre.gif	VB7-D-illtakethemmyself-pre.gif	image/gif	71302
VB7-D-imperialaces-pre.gif	VB7-D-imperialaces-pre.gif	image/gif	77367
VB7-D-imperialsecuritybureau-pre.gif	VB7-D-imperialsecuritybureau-pre.gif	image/gif	69459
VB7-D-imperialaces.gif	VB7-D-imperialaces.gif	image/gif	77367
VB7-D-illtakethemmyself.gif	VB7-D-illtakethemmyself.gif	image/gif	71302
VB7-D-imperialstockpile.gif	VB7-D-imperialstockpile.gif	image/gif	81813
VB7-D-imperialsecuritybureau.gif	VB7-D-imperialsecuritybureau.gif	image/gif	69459
VB7-D-insidiousprisoner-pre.gif	VB7-D-insidiousprisoner-pre.gif	image/gif	88385
VB7-D-insidiousprisoner.gif	VB7-D-insidiousprisoner.gif	image/gif	88385
VB7-D-isbcentralcommander-pre.gif	VB7-D-isbcentralcommander-pre.gif	image/gif	70749
VB7-D-isbcentralcommander.gif	VB7-D-isbcentralcommander.gif	image/gif	70749
VB7-D-isbsectorcommander-pre.gif	VB7-D-isbsectorcommander-pre.gif	image/gif	80792
VB7-D-isbsectorcommander.gif	VB7-D-isbsectorcommander.gif	image/gif	80792
VB7-D-imperialstockpile-pre.gif	VB7-D-imperialstockpile-pre.gif	image/gif	81813
VB7-D-iwanteverypartofthisshipchecked-pre.gif	VB7-D-iwanteverypartofthisshipchecked-pre.gif	image/gif	91605
VB7-D-inthehandsoftheisb-pre.gif	VB7-D-inthehandsoftheisb-pre.gif	image/gif	84010
VB7-D-inthehandsoftheisb.gif	VB7-D-inthehandsoftheisb.gif	image/gif	84010
VB7-D-jabbashaven-pre.gif	VB7-D-jabbashaven-pre.gif	image/gif	61800
VB7-D-iwanteverypartofthisshipchecked.gif	VB7-D-iwanteverypartofthisshipchecked.gif	image/gif	91605
VB7-D-jabbashaven.gif	VB7-D-jabbashaven.gif	image/gif	61800
VB7-D-kashyyykforestmaze-pre.gif	VB7-D-kashyyykforestmaze-pre.gif	image/gif	106956
VB7-D-kashyyykforestmaze.gif	VB7-D-kashyyykforestmaze.gif	image/gif	106956
VB7-D-kashyyykslavingcampheadquarters-pre.gif	VB7-D-kashyyykslavingcampheadquarters-pre.gif	image/gif	106839
VB7-D-kesselspiceminesadministratorsoffice-pre.gif	VB7-D-kesselspiceminesadministratorsoffice-pre.gif	image/gif	101943
VB7-D-kashyyykslavingcampheadquarters.gif	VB7-D-kashyyykslavingcampheadquarters.gif	image/gif	106839
VB7-D-kesselspiceminesadministratorsoffice.gif	VB7-D-kesselspiceminesadministratorsoffice.gif	image/gif	101943
VB7-D-mercenaryslavers-pre.gif	VB7-D-mercenaryslavers-pre.gif	image/gif	67359
VB7-D-mercenaryslavers.gif	VB7-D-mercenaryslavers.gif	image/gif	67359
VB7-D-moruthdoolekesseladministrator-pre.gif	VB7-D-moruthdoolekesseladministrator-pre.gif	image/gif	80638
VB7-D-moruthdoolekesseladministrator.gif	VB7-D-moruthdoolekesseladministrator.gif	image/gif	80638
VB7-D-occupiedterritory-pre.gif	VB7-D-occupiedterritory-pre.gif	image/gif	53106
VB7-D-occupiedterritory.gif	VB7-D-occupiedterritory.gif	image/gif	53106
VB7-D-oomcommandbattledroid-pre.gif	VB7-D-oomcommandbattledroid-pre.gif	image/gif	69834
VB7-D-oomcommandbattledroid.gif	VB7-D-oomcommandbattledroid.gif	image/gif	69834
VB7-D-prepareddefenses-pre.gif	VB7-D-prepareddefenses-pre.gif	image/gif	76058
VB7-D-kesselsurveillancesystem-pre.gif	VB7-D-kesselsurveillancesystem-pre.gif	image/gif	78386
VB7-D-kesselsurveillancesystem.gif	VB7-D-kesselsurveillancesystem.gif	image/gif	78386
VB7-D-prepareddefenses.gif	VB7-D-prepareddefenses.gif	image/gif	76058
VB7-D-riseofthedarklord-pre.gif	VB7-D-riseofthedarklord-pre.gif	image/gif	93355
VB7-D-riseofthedarklord.gif	VB7-D-riseofthedarklord.gif	image/gif	93355
VB7-D-sabersquadronpilot-pre.gif	VB7-D-sabersquadronpilot-pre.gif	image/gif	74723
VB7-D-sabersquadronpilot.gif	VB7-D-sabersquadronpilot.gif	image/gif	74723
VB7-D-sabersquadrontie-pre.gif	VB7-D-sabersquadrontie-pre.gif	image/gif	74184
VB7-D-sabersquadrontie.gif	VB7-D-sabersquadrontie.gif	image/gif	74184
VB7-D-sergeantirol-pre.gif	VB7-D-sergeantirol-pre.gif	image/gif	73467
VB7-D-sergeanttorent-pre.gif	VB7-D-sergeanttorent-pre.gif	image/gif	68733
VB7-D-sergeantirol.gif	VB7-D-sergeantirol.gif	image/gif	73467
VB7-D-sergeanttorent.gif	VB7-D-sergeanttorent.gif	image/gif	68733
VB7-D-shadowsoftheempire-pre.gif	VB7-D-shadowsoftheempire-pre.gif	image/gif	56214
VB7-D-shadowsoftheempire.gif	VB7-D-shadowsoftheempire.gif	image/gif	56214
VB7-D-sidiouslightsaber-pre.gif	VB7-D-sidiouslightsaber-pre.gif	image/gif	55248
VB7-D-sidiouslightsaber.gif	VB7-D-sidiouslightsaber.gif	image/gif	55248
VB7-D-spicemineoperations-pre.gif	VB7-D-spicemineoperations-pre.gif	image/gif	77704
VB7-D-sysnootles-pre.gif	VB7-D-sysnootles-pre.gif	image/gif	66956
VB7-D-spicemineoperations.gif	VB7-D-spicemineoperations.gif	image/gif	77704
VB7-D-sysnootles.gif	VB7-D-sysnootles.gif	image/gif	66956
VB7-D-tibannafloatingrefinery-pre.gif	VB7-D-tibannafloatingrefinery-pre.gif	image/gif	62929
VB7-D-tibannafloatingrefinery.gif	VB7-D-tibannafloatingrefinery.gif	image/gif	62929
VB7-D-trophyofabountyhunter-pre.gif	VB7-D-trophyofabountyhunter-pre.gif	image/gif	81006
VB7-D-trophyofabountyhunter.gif	VB7-D-trophyofabountyhunter.gif	image/gif	81006
VB7-D-trophyofakill-pre.gif	VB7-D-trophyofakill-pre.gif	image/gif	68013
VB7-D-trophyofakill.gif	VB7-D-trophyofakill.gif	image/gif	68013
VB7-D-vaderscape-pre.gif	VB7-D-vaderscape-pre.gif	image/gif	67813
VB7-D-vadershelmet-pre.gif	VB7-D-vadershelmet-pre.gif	image/gif	68331
VB7-D-vaderscape.gif	VB7-D-vaderscape.gif	image/gif	67813
VB7-D-vaderscyberneticenhancements.gif	VB7-D-vaderscyberneticenhancements.gif	image/gif	82864
VB7-D-vadershelmet.gif	VB7-D-vadershelmet.gif	image/gif	68331
VB7-D-vadersbioniclimbs-pre.gif	VB7-D-vadersbioniclimbs-pre.gif	image/gif	89373
VB7-D-vadersbioniclimbs.gif	VB7-D-vadersbioniclimbs.gif	image/gif	89373
VB7-D-vaderscyberneticenhancements-pre.gif	VB7-D-vaderscyberneticenhancements-pre.gif	image/gif	82864
VB7-D-whereareyoutakingthem-pre.gif	VB7-D-whereareyoutakingthem-pre.gif	image/gif	65057
VB7-D-whereareyoutakingthem.gif	VB7-D-whereareyoutakingthem.gif	image/gif	65057
VB7-D-vadersmask.gif	VB7-D-vadersmask.gif	image/gif	72486
VB7-D-velkentezeri.gif	VB7-D-velkentezeri.gif	image/gif	64031
VB7-D-victory-pre.gif	VB7-D-victory-pre.gif	image/gif	85812
VB7-D-victory.gif	VB7-D-victory.gif	image/gif	85812
VB7-D-velkentezeri-pre.gif	VB7-D-velkentezeri-pre.gif	image/gif	64031
VB7-D-vadersmask-pre.gif	VB7-D-vadersmask-pre.gif	image/gif	72486
VB7-D-whereareyoutakingthisthing-pre.gif	VB7-D-whereareyoutakingthisthing-pre.gif	image/gif	60242
VB7-D-yourpowersareweakoldman-pre.gif	VB7-D-yourpowersareweakoldman-pre.gif	image/gif	65592
VB7-D-whereareyoutakingthisthing.gif	VB7-D-whereareyoutakingthisthing.gif	image/gif	60242
VB7-D-ysanneisard.gif	VB7-D-ysanneisard.gif	image/gif	76133
VB7-D-yourpowersareweakoldman.gif	VB7-D-yourpowersareweakoldman.gif	image/gif	65592
VB7-D-ysanneisard-pre.gif	VB7-D-ysanneisard-pre.gif	image/gif	76133
VB7-L-aliberatedworld.gif	VB7-L-aliberatedworld.gif	image/gif	119665
VB7-L-aliberatedworld-pre.gif	VB7-L-aliberatedworld-pre.gif	image/gif	119665
VB7-L-artoo&threepio-pre.gif	VB7-L-artoo&threepio-pre.gif	image/gif	72597
VB7-L-artoo&threepio.gif	VB7-L-artoo&threepio.gif	image/gif	72597
VB7-L-altercoruscant-pre.gif	VB7-L-altercoruscant-pre.gif	image/gif	99993
VB7-L-alterpremiere.gif	VB7-L-alterpremiere.gif	image/gif	113924
VB7-L-alterpremiere-pre.gif	VB7-L-alterpremiere-pre.gif	image/gif	113924
VB7-L-altercoruscant.gif	VB7-L-altercoruscant.gif	image/gif	99993
VB7-L-bactainfirmary-pre.gif	VB7-L-bactainfirmary-pre.gif	image/gif	107395
VB7-L-bactainfirmary.gif	VB7-L-bactainfirmary.gif	image/gif	107395
VB7-L-bailorganafatherofrebellion-pre.gif	VB7-L-bailorganafatherofrebellion-pre.gif	image/gif	109996
VB7-L-boosterterrik.gif	VB7-L-boosterterrik.gif	image/gif	77210
VB7-L-boosterterrik-pre.gif	VB7-L-boosterterrik-pre.gif	image/gif	77210
VB7-L-biggsroguelegend-pre.gif	VB7-L-biggsroguelegend-pre.gif	image/gif	108749
VB7-L-bailorganafatherofrebellion.gif	VB7-L-bailorganafatherofrebellion.gif	image/gif	109996
VB7-L-biggsroguelegend.gif	VB7-L-biggsroguelegend.gif	image/gif	108749
VB7-L-captainantilles-pre.gif	VB7-L-captainantilles-pre.gif	image/gif	108804
VB7-L-captainantilles.gif	VB7-L-captainantilles.gif	image/gif	108804
VB7-L-clingingtotheedge-pre.gif	VB7-L-clingingtotheedge-pre.gif	image/gif	95735
VB7-L-centeroftyranny-pre.gif	VB7-L-centeroftyranny-pre.gif	image/gif	100558
VB7-L-captainyutaniwithblastercannon-pre.gif	VB7-L-captainyutaniwithblastercannon-pre.gif	image/gif	122883
VB7-L-captainyutaniwithblastercannon.gif	VB7-L-captainyutaniwithblastercannon.gif	image/gif	122883
VB7-L-clingingtotheedge.gif	VB7-L-clingingtotheedge.gif	image/gif	95735
VB7-L-centeroftyranny.gif	VB7-L-centeroftyranny.gif	image/gif	100558
VB7-L-combinedfleetaction-pre.gif	VB7-L-combinedfleetaction-pre.gif	image/gif	45932
VB7-L-combinedfleetaction.gif	VB7-L-combinedfleetaction.gif	image/gif	45932
VB7-L-commandernarra-pre.gif	VB7-L-commandernarra-pre.gif	image/gif	105079
VB7-L-commandernarra.gif	VB7-L-commandernarra.gif	image/gif	105079
VB7-L-communing-pre.gif	VB7-L-communing-pre.gif	image/gif	106287
VB7-L-commanderwedgeantilles.gif	VB7-L-commanderwedgeantilles.gif	image/gif	107715
VB7-L-commanderwedgeantilles-pre.gif	VB7-L-commanderwedgeantilles-pre.gif	image/gif	107715
VB7-L-communing.gif	VB7-L-communing.gif	image/gif	106287
VB7-L-corporalbeezer-pre.gif	VB7-L-corporalbeezer-pre.gif	image/gif	101629
VB7-L-corporalbeezer.gif	VB7-L-corporalbeezer.gif	image/gif	101629
VB7-L-coruscant.gif	VB7-L-coruscant.gif	image/gif	38388
VB7-L-coruscant-pre.gif	VB7-L-coruscant-pre.gif	image/gif	38388
VB7-L-coruscantmainpowerplant-pre.gif	VB7-L-coruscantmainpowerplant-pre.gif	image/gif	98000
VB7-L-coruscantmainpowerplant.gif	VB7-L-coruscantmainpowerplant.gif	image/gif	98000
VB7-L-coruscantlowerlevels-pre.gif	VB7-L-coruscantlowerlevels-pre.gif	image/gif	113547
VB7-L-coruscantlowerlevels.gif	VB7-L-coruscantlowerlevels.gif	image/gif	113547
VB7-L-dackralter-pre.gif	VB7-L-dackralter-pre.gif	image/gif	102952
VB7-L-dackralter.gif	VB7-L-dackralter.gif	image/gif	102952
VB7-L-declarationofrebellion-pre.gif	VB7-L-declarationofrebellion-pre.gif	image/gif	92782
VB7-L-declarationofrebellion.gif	VB7-L-declarationofrebellion.gif	image/gif	92782
VB7-L-derekhobbieklivian.gif	VB7-L-derekhobbieklivian.gif	image/gif	120100
VB7-L-derekhobbieklivian-pre.gif	VB7-L-derekhobbieklivian-pre.gif	image/gif	120100
VB7-L-emperorssinisterplans-pre.gif	VB7-L-emperorssinisterplans-pre.gif	image/gif	109795
VB7-L-emperorssinisterplans.gif	VB7-L-emperorssinisterplans.gif	image/gif	109795
VB7-L-fielddressing.gif	VB7-L-fielddressing.gif	image/gif	114056
VB7-L-fielddressing-pre.gif	VB7-L-fielddressing-pre.gif	image/gif	114056
VB7-L-garrisondestroyed-pre.gif	VB7-L-garrisondestroyed-pre.gif	image/gif	114975
VB7-L-garrisondestroyed.gif	VB7-L-garrisondestroyed.gif	image/gif	114975
VB7-L-headingforthemedicalfrigate-pre.gif	VB7-L-headingforthemedicalfrigate-pre.gif	image/gif	93317
VB7-L-generalbobhudsol-pre.gif	VB7-L-generalbobhudsol-pre.gif	image/gif	103058
VB7-L-generalbobhudsol.gif	VB7-L-generalbobhudsol.gif	image/gif	103058
VB7-L-headingforthemedicalfrigate.gif	VB7-L-headingforthemedicalfrigate.gif	image/gif	93317
VB7-L-hindsight-pre.gif	VB7-L-hindsight-pre.gif	image/gif	94417
VB7-L-hindsight.gif	VB7-L-hindsight.gif	image/gif	94417
VB7-L-ihopeshesallright-pre.gif	VB7-L-ihopeshesallright-pre.gif	image/gif	119955
VB7-L-ihopeshesallright.gif	VB7-L-ihopeshesallright.gif	image/gif	119955
VB7-L-luckyshot-pre.gif	VB7-L-luckyshot-pre.gif	image/gif	95761
VB7-L-luckyshot.gif	VB7-L-luckyshot.gif	image/gif	95761
VB7-L-lukeskywalkerrebelhero-pre.gif	VB7-L-lukeskywalkerrebelhero-pre.gif	image/gif	104486
VB7-L-luketrustme-pre.gif	VB7-L-luketrustme-pre.gif	image/gif	101688
VB7-L-luketrustme.gif	VB7-L-luketrustme.gif	image/gif	101688
VB7-L-lukeskywalkerrebelhero.gif	VB7-L-lukeskywalkerrebelhero.gif	image/gif	104486
VB7-L-macewindumasteroftheorder-pre.gif	VB7-L-macewindumasteroftheorder-pre.gif	image/gif	87236
VB7-L-macewindumasteroftheorderai-pre.gif	VB7-L-macewindumasteroftheorderai-pre.gif	image/gif	90553
VB7-L-macewindumasteroftheorder.gif	VB7-L-macewindumasteroftheorder.gif	image/gif	87236
VB7-L-macewindumasteroftheorderai.gif	VB7-L-macewindumasteroftheorderai.gif	image/gif	90553
VB7-L-massassibasesentry-pre.gif	VB7-L-massassibasesentry-pre.gif	image/gif	97112
VB7-L-massassibasesentry.gif	VB7-L-massassibasesentry.gif	image/gif	97112
VB7-L-masterkenobi-pre.gif	VB7-L-masterkenobi-pre.gif	image/gif	110818
VB7-L-masterkenobi.gif	VB7-L-masterkenobi.gif	image/gif	110818
VB7-L-motivator-pre.gif	VB7-L-motivator-pre.gif	image/gif	74082
VB7-L-motivator.gif	VB7-L-motivator.gif	image/gif	74082
VB7-L-ohhesnotdeadnotyet-pre.gif	VB7-L-ohhesnotdeadnotyet-pre.gif	image/gif	109796
VB7-L-ohhesnotdeadnotyet.gif	VB7-L-ohhesnotdeadnotyet.gif	image/gif	109796
VB7-L-planetaryshield-pre.gif	VB7-L-planetaryshield-pre.gif	image/gif	102296
VB7-L-planetaryshield.gif	VB7-L-planetaryshield.gif	image/gif	102296
VB7-L-r2d2subversivedroid.gif	VB7-L-r2d2subversivedroid.gif	image/gif	117018
VB7-L-princessleialostscion-pre.gif	VB7-L-princessleialostscion-pre.gif	image/gif	102451
VB7-L-princessleialostscion.gif	VB7-L-princessleialostscion.gif	image/gif	102451
VB7-L-planetdefenderioncannon-pre.gif	VB7-L-planetdefenderioncannon-pre.gif	image/gif	125472
VB7-L-r2d2subversivedroid-pre.gif	VB7-L-r2d2subversivedroid-pre.gif	image/gif	117018
VB7-L-rebelaces.gif	VB7-L-rebelaces.gif	image/gif	95339
VB7-L-rebelaces-pre.gif	VB7-L-rebelaces-pre.gif	image/gif	95339
VB7-L-rahmkotablindjedi.gif	VB7-L-rahmkotablindjedi.gif	image/gif	101982
VB7-L-rebelgunrunner-pre.gif	VB7-L-rebelgunrunner-pre.gif	image/gif	103364
VB7-L-rahmkotablindjedi-pre.gif	VB7-L-rahmkotablindjedi-pre.gif	image/gif	101982
VB7-L-rebelgunrunner.gif	VB7-L-rebelgunrunner.gif	image/gif	103364
VB7-L-rebelsacrifice-pre.gif	VB7-L-rebelsacrifice-pre.gif	image/gif	95154
VB7-L-planetdefenderioncannon.gif	VB7-L-planetdefenderioncannon.gif	image/gif	125472
VB7-L-rebelsacrifice.gif	VB7-L-rebelsacrifice.gif	image/gif	95154
VB7-L-rebelstriketeam-pre.gif	VB7-L-rebelstriketeam-pre.gif	image/gif	130281
VB7-L-red3-pre.gif	VB7-L-red3-pre.gif	image/gif	107956
VB7-L-rebelstriketeam.gif	VB7-L-rebelstriketeam.gif	image/gif	130281
VB7-L-roche-pre.gif	VB7-L-roche-pre.gif	image/gif	46600
VB7-L-red3.gif	VB7-L-red3.gif	image/gif	107956
VB7-L-restorefreedomtothegalaxy-pre.gif	VB7-L-restorefreedomtothegalaxy-pre.gif	image/gif	107947
VB7-L-restorefreedomtothegalaxy.gif	VB7-L-restorefreedomtothegalaxy.gif	image/gif	107947
VB7-L-roche.gif	VB7-L-roche.gif	image/gif	46600
VB7-L-rogueinsertion-pre.gif	VB7-L-rogueinsertion-pre.gif	image/gif	106667
VB7-L-rogueinsertion.gif	VB7-L-rogueinsertion.gif	image/gif	106667
VB7-L-roguesquadrontactics-pre.gif	VB7-L-roguesquadrontactics-pre.gif	image/gif	108914
VB7-L-roguesquadrontactics.gif	VB7-L-roguesquadrontactics.gif	image/gif	108914
VB7-L-runlukerun-pre.gif	VB7-L-runlukerun-pre.gif	image/gif	109308
VB7-L-runlukerun.gif	VB7-L-runlukerun.gif	image/gif	109308
VB7-L-sfoils-pre.gif	VB7-L-sfoils-pre.gif	image/gif	113347
VB7-L-sfoils.gif	VB7-L-sfoils.gif	image/gif	113347
VB7-L-tatooineobiwanshut-pre.gif	VB7-L-tatooineobiwanshut-pre.gif	image/gif	92581
VB7-L-tatooineobiwanshut.gif	VB7-L-tatooineobiwanshut.gif	image/gif	92581
VB7-L-tarffulwookieeinsurgent-pre.gif	VB7-L-tarffulwookieeinsurgent-pre.gif	image/gif	110258
VB7-L-temporaryfoothold.gif	VB7-L-temporaryfoothold.gif	image/gif	96384
VB7-L-temporaryfoothold-pre.gif	VB7-L-temporaryfoothold-pre.gif	image/gif	96384
VB7-L-tennumb-pre.gif	VB7-L-tennumb-pre.gif	image/gif	97244
VB7-L-tarffulwookieeinsurgent.gif	VB7-L-tarffulwookieeinsurgent.gif	image/gif	110258
VB7-L-tennumb.gif	VB7-L-tennumb.gif	image/gif	97244
VB7-L-thecamp-pre.gif	VB7-L-thecamp-pre.gif	image/gif	89309
VB7-L-thecamp.gif	VB7-L-thecamp.gif	image/gif	89309
VB7-L-tychocelchu-pre.gif	VB7-L-tychocelchu-pre.gif	image/gif	91625
VB7-L-tychocelchu.gif	VB7-L-tychocelchu.gif	image/gif	91625
VB7-L-theshieldisdown-pre.gif	VB7-L-theshieldisdown-pre.gif	image/gif	107491
VB7-L-theshieldisdown.gif	VB7-L-theshieldisdown.gif	image/gif	107491
VB7-L-usetheforce-pre.gif	VB7-L-usetheforce-pre.gif	image/gif	100858
VB7-L-usetheforce.gif	VB7-L-usetheforce.gif	image/gif	100858
VB7-L-wedgeantilleslegendaryrogue-pre.gif	VB7-L-wedgeantilleslegendaryrogue-pre.gif	image/gif	119693
VB7-L-yavin4-pre.gif	VB7-L-yavin4-pre.gif	image/gif	53945
VB7-L-wesjansonrogueveteran-pre.gif	VB7-L-wesjansonrogueveteran-pre.gif	image/gif	106829
VB7-L-wedgeantilleslegendaryrogue.gif	VB7-L-wedgeantilleslegendaryrogue.gif	image/gif	119693
VB7-L-yavin4.gif	VB7-L-yavin4.gif	image/gif	53945
VB7-L-wesjansonrogueveteran.gif	VB7-L-wesjansonrogueveteran.gif	image/gif	106829
VB7-L-yubyubcommander-pre.gif	VB7-L-yubyubcommander-pre.gif	image/gif	114351
VB7-L-yubyubcommander.gif	VB7-L-yubyubcommander.gif	image/gif	114351
VB8-D-abyssinornament-pre.gif	VB8-D-abyssinornament-pre.gif	image/gif	80287
VB8-D-assassinsblasterrifle.gif	VB8-D-assassinsblasterrifle.gif	image/gif	85817
VB8-D-abyssinornament.gif	VB8-D-abyssinornament.gif	image/gif	80287
VB8-D-assassinsblasterrifle-pre.gif	VB8-D-assassinsblasterrifle-pre.gif	image/gif	85817
VB8-D-atatcommander.gif	VB8-D-atatcommander.gif	image/gif	77543
VB8-D-atatcommander-pre.gif	VB8-D-atatcommander-pre.gif	image/gif	77543
VB8-D-aurrasingdeadlyassassin-pre.gif	VB8-D-aurrasingdeadlyassassin-pre.gif	image/gif	90385
VB8-D-aurrasingdeadlyassassin.gif	VB8-D-aurrasingdeadlyassassin.gif	image/gif	90385
VB8-D-banemalarspiceaddict-pre.gif	VB8-D-banemalarspiceaddict-pre.gif	image/gif	76940
VB8-D-bespin-pre.gif	VB8-D-bespin-pre.gif	image/gif	55336
VB8-D-bespin.gif	VB8-D-bespin.gif	image/gif	55336
VB8-D-banemalarspiceaddict.gif	VB8-D-banemalarspiceaddict.gif	image/gif	76940
VB8-D-bobafettpreparedhunter.gif	VB8-D-bobafettpreparedhunter.gif	image/gif	74726
VB8-D-bobafettpreparedhunter-pre.gif	VB8-D-bobafettpreparedhunter-pre.gif	image/gif	74726
VB8-D-bosskwithmortargun-pre.gif	VB8-D-bosskwithmortargun-pre.gif	image/gif	81889
VB8-D-bosskwithmortargun.gif	VB8-D-bosskwithmortargun.gif	image/gif	81889
VB8-D-carbonitechamberconsole-pre.gif	VB8-D-carbonitechamberconsole-pre.gif	image/gif	81397
VB8-D-carbonitechamberconsole.gif	VB8-D-carbonitechamberconsole.gif	image/gif	81397
VB8-D-chevin.gif	VB8-D-chevin.gif	image/gif	73958
VB8-D-chevin-pre.gif	VB8-D-chevin-pre.gif	image/gif	73958
VB8-D-cloudcitysecuritytower-pre.gif	VB8-D-cloudcitysecuritytower-pre.gif	image/gif	86214
VB8-D-cloudcitysecuritytower.gif	VB8-D-cloudcitysecuritytower.gif	image/gif	86214
VB8-D-contractkillers-pre.gif	VB8-D-contractkillers-pre.gif	image/gif	83257
VB8-D-contractkillers.gif	VB8-D-contractkillers.gif	image/gif	83257
VB8-D-coruscantcasino-pre.gif	VB8-D-coruscantcasino-pre.gif	image/gif	84136
VB8-D-coruscantcasino.gif	VB8-D-coruscantcasino.gif	image/gif	84136
VB8-D-coruscantsubcitylair.gif	VB8-D-coruscantsubcitylair.gif	image/gif	86449
VB8-D-deathmarkandhuttbounty.gif	VB8-D-deathmarkandhuttbounty.gif	image/gif	82093
VB8-D-deathmarkandhuttbounty-pre.gif	VB8-D-deathmarkandhuttbounty-pre.gif	image/gif	82093
VB8-D-denofthieves&specialdelivery-pre.gif	VB8-D-denofthieves&specialdelivery-pre.gif	image/gif	86377
VB8-D-fearedthroughoutthegalaxy-pre.gif	VB8-D-fearedthroughoutthegalaxy-pre.gif	image/gif	88137
VB8-D-denofthieves&specialdelivery.gif	VB8-D-denofthieves&specialdelivery.gif	image/gif	86377
VB8-D-fearedthroughoutthegalaxy.gif	VB8-D-fearedthroughoutthegalaxy.gif	image/gif	88137
VB8-D-coruscantsubcitylair-pre.gif	VB8-D-coruscantsubcitylair-pre.gif	image/gif	86449
VB8-D-giveyourselftothedarkside-pre.gif	VB8-D-giveyourselftothedarkside-pre.gif	image/gif	86387
VB8-D-giveyourselftothedarkside.gif	VB8-D-giveyourselftothedarkside.gif	image/gif	86387
VB8-D-greedowithblasterpistol-pre.gif	VB8-D-greedowithblasterpistol-pre.gif	image/gif	74991
VB8-D-greedowithblasterpistol.gif	VB8-D-greedowithblasterpistol.gif	image/gif	74991
VB8-D-healwayswins-pre.gif	VB8-D-healwayswins-pre.gif	image/gif	79763
VB8-D-healwayswins.gif	VB8-D-healwayswins.gif	image/gif	79763
VB8-D-hothmainpowergenerators.gif	VB8-D-hothmainpowergenerators.gif	image/gif	91601
VB8-D-hothmainpowergenerators-pre.gif	VB8-D-hothmainpowergenerators-pre.gif	image/gif	91601
VB8-D-ig2000-pre.gif	VB8-D-ig2000-pre.gif	image/gif	94485
VB8-D-ig2000.gif	VB8-D-ig2000.gif	image/gif	94485
VB8-D-jetpack-pre.gif	VB8-D-jetpack-pre.gif	image/gif	56541
VB8-D-jetpack.gif	VB8-D-jetpack.gif	image/gif	56541
VB8-D-jangofetttheassassin-pre.gif	VB8-D-jangofetttheassassin-pre.gif	image/gif	69048
VB8-D-jangofetttheassassin.gif	VB8-D-jangofetttheassassin.gif	image/gif	69048
VB8-D-indenturedtotheempire.gif	VB8-D-indenturedtotheempire.gif	image/gif	83529
VB8-D-indenturedtotheempire-pre.gif	VB8-D-indenturedtotheempire-pre.gif	image/gif	83529
VB8-D-jangofetttheassassinai.gif	VB8-D-jangofetttheassassinai.gif	image/gif	86332
VB8-D-jangofetttheassassinai-pre.gif	VB8-D-jangofetttheassassinai-pre.gif	image/gif	86332
VB8-D-joinusordie-pre.gif	VB8-D-joinusordie-pre.gif	image/gif	76887
VB8-D-ketmalissshadowkiller.gif	VB8-D-ketmalissshadowkiller.gif	image/gif	79997
VB8-D-ladyvalarian-pre.gif	VB8-D-ladyvalarian-pre.gif	image/gif	80644
VB8-D-joinusordie.gif	VB8-D-joinusordie.gif	image/gif	76887
VB8-D-ketmalissshadowkiller-pre.gif	VB8-D-ketmalissshadowkiller-pre.gif	image/gif	79997
VB8-D-ladyvalarian.gif	VB8-D-ladyvalarian.gif	image/gif	80644
VB8-D-kashyyykskyhookplatform.gif	VB8-D-kashyyykskyhookplatform.gif	image/gif	93804
VB8-D-kashyyykskyhookplatform-pre.gif	VB8-D-kashyyykskyhookplatform-pre.gif	image/gif	93804
VB8-D-luuke-pre.gif	VB8-D-luuke-pre.gif	image/gif	66796
VB8-D-luuke.gif	VB8-D-luuke.gif	image/gif	66796
VB8-D-marajadeslightsaber.gif	VB8-D-marajadeslightsaber.gif	image/gif	71173
VB8-D-marajadeslightsaber-pre.gif	VB8-D-marajadeslightsaber-pre.gif	image/gif	71173
VB8-D-mercenarypilot.gif	VB8-D-mercenarypilot.gif	image/gif	62803
VB8-D-onthehunt-pre.gif	VB8-D-onthehunt-pre.gif	image/gif	80626
VB8-D-mercenarypilot-pre.gif	VB8-D-mercenarypilot-pre.gif	image/gif	62803
VB8-D-onthehunt.gif	VB8-D-onthehunt.gif	image/gif	80626
VB8-D-oom9-pre.gif	VB8-D-oom9-pre.gif	image/gif	83029
VB8-D-oom9.gif	VB8-D-oom9.gif	image/gif	83029
VB8-D-sarlacc-pre.gif	VB8-D-sarlacc-pre.gif	image/gif	87827
VB8-D-rtichweei-pre.gif	VB8-D-rtichweei-pre.gif	image/gif	73693
VB8-D-rtichweei.gif	VB8-D-rtichweei.gif	image/gif	73693
VB8-D-salaciouscrumb.gif	VB8-D-salaciouscrumb.gif	image/gif	68116
VB8-D-salaciouscrumb-pre.gif	VB8-D-salaciouscrumb-pre.gif	image/gif	68116
VB8-D-sarlacc.gif	VB8-D-sarlacc.gif	image/gif	87827
VB8-D-sithfury&endthisdestructiveconflict-pre.gif	VB8-D-sithfury&endthisdestructiveconflict-pre.gif	image/gif	75656
VB8-D-sithfury&endthisdestructiveconflict.gif	VB8-D-sithfury&endthisdestructiveconflict.gif	image/gif	75656
VB8-D-slaveisymboloffear-pre.gif	VB8-D-slaveisymboloffear-pre.gif	image/gif	71327
VB8-D-slaveisymboloffear.gif	VB8-D-slaveisymboloffear.gif	image/gif	71327
VB8-D-sonicbombardment-pre.gif	VB8-D-sonicbombardment-pre.gif	image/gif	67199
VB8-D-sonicbombardment.gif	VB8-D-sonicbombardment.gif	image/gif	67199
VB8-D-spaceportdockingbay-pre.gif	VB8-D-spaceportdockingbay-pre.gif	image/gif	106510
VB8-D-spaceportdockingbay.gif	VB8-D-spaceportdockingbay.gif	image/gif	106510
VB8-D-tatooineimperialvanguardcamp.gif	VB8-D-tatooineimperialvanguardcamp.gif	image/gif	106747
VB8-D-tatooineimperialvanguardcamp-pre.gif	VB8-D-tatooineimperialvanguardcamp-pre.gif	image/gif	106747
VB8-D-theinnercircle-pre.gif	VB8-D-theinnercircle-pre.gif	image/gif	81509
VB8-D-theinnercircle.gif	VB8-D-theinnercircle.gif	image/gif	81509
VB8-D-tatooinewattosjunkyard.gif	VB8-D-tatooinewattosjunkyard.gif	image/gif	103853
VB8-D-tatooinewattosjunkyard-pre.gif	VB8-D-tatooinewattosjunkyard-pre.gif	image/gif	103853
VB8-D-themodalnodesommnibox-pre.gif	VB8-D-themodalnodesommnibox-pre.gif	image/gif	79057
VB8-D-themodalnodesommnibox.gif	VB8-D-themodalnodesommnibox.gif	image/gif	79057
VB8-D-vigo-pre.gif	VB8-D-vigo-pre.gif	image/gif	66504
VB8-D-vigo.gif	VB8-D-vigo.gif	image/gif	66504
VB8-D-wellguarded-pre.gif	VB8-D-wellguarded-pre.gif	image/gif	67072
VB8-D-wellguarded.gif	VB8-D-wellguarded.gif	image/gif	67072
VB8-D-wookieeslavingoperation-pre.gif	VB8-D-wookieeslavingoperation-pre.gif	image/gif	80150
VB8-D-wookieeslavingoperation.gif	VB8-D-wookieeslavingoperation.gif	image/gif	80150
VB8-D-wookieesubjugation-pre.gif	VB8-D-wookieesubjugation-pre.gif	image/gif	76811
VB8-D-wookieesubjugation.gif	VB8-D-wookieesubjugation.gif	image/gif	76811
VB8-D-youllbedead!.gif	VB8-D-youllbedead!.gif	image/gif	77677
VB8-D-youllbedead!-pre.gif	VB8-D-youllbedead!-pre.gif	image/gif	77677
VB8-D-youmaystartyourlanding-pre.gif	VB8-D-youmaystartyourlanding-pre.gif	image/gif	80537
VB8-D-youmaystartyourlanding.gif	VB8-D-youmaystartyourlanding.gif	image/gif	80537
VB8-D-youswindledme.gif	VB8-D-youswindledme.gif	image/gif	77931
VB8-D-youswindledme-pre.gif	VB8-D-youswindledme-pre.gif	image/gif	77931
VB8-L-aaylasecura-pre.gif	VB8-L-aaylasecura-pre.gif	image/gif	105069
VB8-L-aaylasecura.gif	VB8-L-aaylasecura.gif	image/gif	105069
VB8-L-agoodblasteratyourside-pre.gif	VB8-L-agoodblasteratyourside-pre.gif	image/gif	104961
VB8-L-agoodblasteratyourside.gif	VB8-L-agoodblasteratyourside.gif	image/gif	104961
VB8-L-allmyurchinsandcloudcitycelebration.gif	VB8-L-allmyurchinsandcloudcitycelebration.gif	image/gif	113929
VB8-L-allmyurchinsandcloudcitycelebration-pre.gif	VB8-L-allmyurchinsandcloudcitycelebration-pre.gif	image/gif	113929
VB8-L-anakinsolo-pre.gif	VB8-L-anakinsolo-pre.gif	image/gif	123946
VB8-L-anakinsolo.gif	VB8-L-anakinsolo.gif	image/gif	123946
VB8-L-aremoteplanet-pre.gif	VB8-L-aremoteplanet-pre.gif	image/gif	109244
VB8-L-aremoteplanet.gif	VB8-L-aremoteplanet.gif	image/gif	109244
VB8-L-captainverrack.gif	VB8-L-captainverrack.gif	image/gif	91059
VB8-L-captainverrack-pre.gif	VB8-L-captainverrack-pre.gif	image/gif	91059
VB8-L-blackmarketblaster-pre.gif	VB8-L-blackmarketblaster-pre.gif	image/gif	114626
VB8-L-blackmarketblaster.gif	VB8-L-blackmarketblaster.gif	image/gif	114626
VB8-L-chewbaccawalkingcarpet.gif	VB8-L-chewbaccawalkingcarpet.gif	image/gif	100802
VB8-L-chewbaccawalkingcarpet-pre.gif	VB8-L-chewbaccawalkingcarpet-pre.gif	image/gif	100802
VB8-L-cloudcityblaster-pre.gif	VB8-L-cloudcityblaster-pre.gif	image/gif	135957
VB8-L-cloudcityblaster.gif	VB8-L-cloudcityblaster.gif	image/gif	135957
VB8-L-corellianslip-pre.gif	VB8-L-corellianslip-pre.gif	image/gif	83334
VB8-L-corellianslip.gif	VB8-L-corellianslip.gif	image/gif	83334
VB8-L-eitherwayyouwin-pre.gif	VB8-L-eitherwayyouwin-pre.gif	image/gif	104749
VB8-L-eitherwayyouwin.gif	VB8-L-eitherwayyouwin.gif	image/gif	104749
VB8-L-errantventure-pre.gif	VB8-L-errantventure-pre.gif	image/gif	105871
VB8-L-errantventure.gif	VB8-L-errantventure.gif	image/gif	105871
VB8-L-errantventureai-pre.gif	VB8-L-errantventureai-pre.gif	image/gif	113702
VB8-L-errantventureai.gif	VB8-L-errantventureai.gif	image/gif	113702
VB8-L-foundsomeoneyouhave&higherground.gif	VB8-L-foundsomeoneyouhave&higherground.gif	image/gif	111988
VB8-L-foundsomeoneyouhave&higherground-pre.gif	VB8-L-foundsomeoneyouhave&higherground-pre.gif	image/gif	111988
VB8-L-guardianslightsaber-pre.gif	VB8-L-guardianslightsaber-pre.gif	image/gif	106850
VB8-L-guardianslightsaber.gif	VB8-L-guardianslightsaber.gif	image/gif	106850
VB8-L-hansblastersouncivilized.gif	VB8-L-hansblastersouncivilized.gif	image/gif	99236
VB8-L-hansblastersouncivilized-pre.gif	VB8-L-hansblastersouncivilized-pre.gif	image/gif	99236
VB8-L-hansoloinnocentscoundrel-pre.gif	VB8-L-hansoloinnocentscoundrel-pre.gif	image/gif	103247
VB8-L-hetnkik-pre.gif	VB8-L-hetnkik-pre.gif	image/gif	88743
VB8-L-hetnkik.gif	VB8-L-hetnkik.gif	image/gif	88743
VB8-L-hansoloinnocentscoundrel.gif	VB8-L-hansoloinnocentscoundrel.gif	image/gif	103247
VB8-L-hothechocorridor-pre.gif	VB8-L-hothechocorridor-pre.gif	image/gif	105573
VB8-L-hothechocorridor.gif	VB8-L-hothechocorridor.gif	image/gif	105573
VB8-L-imperialnavigationcharts.gif	VB8-L-imperialnavigationcharts.gif	image/gif	87881
VB8-L-imperialnavigationcharts-pre.gif	VB8-L-imperialnavigationcharts-pre.gif	image/gif	87881
VB8-L-infiltration-pre.gif	VB8-L-infiltration-pre.gif	image/gif	113780
VB8-L-iknowthatlaugh.gif	VB8-L-iknowthatlaugh.gif	image/gif	100337
VB8-L-jawaiongun-pre.gif	VB8-L-jawaiongun-pre.gif	image/gif	127690
VB8-L-jawaiongun.gif	VB8-L-jawaiongun.gif	image/gif	127690
VB8-L-iknowthatlaugh-pre.gif	VB8-L-iknowthatlaugh-pre.gif	image/gif	100337
VB8-L-infiltration.gif	VB8-L-infiltration.gif	image/gif	113780
VB8-L-kesselrun-pre.gif	VB8-L-kesselrun-pre.gif	image/gif	98634
VB8-L-kylekatarn-pre.gif	VB8-L-kylekatarn-pre.gif	image/gif	115391
VB8-L-kylekatarn.gif	VB8-L-kylekatarn.gif	image/gif	115391
VB8-L-kylekatarnai-pre.gif	VB8-L-kylekatarnai-pre.gif	image/gif	107778
VB8-L-kylekatarnai.gif	VB8-L-kylekatarnai.gif	image/gif	107778
VB8-L-kylekatarnsblasterrifle.gif	VB8-L-kylekatarnsblasterrifle.gif	image/gif	109985
VB8-L-kylekatarnsblasterrifle-pre.gif	VB8-L-kylekatarnsblasterrifle-pre.gif	image/gif	109985
VB8-L-kesselrun.gif	VB8-L-kesselrun.gif	image/gif	98634
VB8-L-ladyluck-pre.gif	VB8-L-ladyluck-pre.gif	image/gif	113388
VB8-L-ladyluck.gif	VB8-L-ladyluck.gif	image/gif	113388
VB8-L-landocalrissianunlikelyhero-pre.gif	VB8-L-landocalrissianunlikelyhero-pre.gif	image/gif	103049
VB8-L-leesubsirln-pre.gif	VB8-L-leesubsirln-pre.gif	image/gif	100269
VB8-L-leesubsirln.gif	VB8-L-leesubsirln.gif	image/gif	100269
VB8-L-landocalrissianunlikelyhero.gif	VB8-L-landocalrissianunlikelyhero.gif	image/gif	103049
VB8-L-lojenella-pre.gif	VB8-L-lojenella-pre.gif	image/gif	99624
VB8-L-lojenella.gif	VB8-L-lojenella.gif	image/gif	99624
VB8-L-narshaddaa-pre.gif	VB8-L-narshaddaa-pre.gif	image/gif	78203
VB8-L-narshaddaascoundrelsrest-pre.gif	VB8-L-narshaddaascoundrelsrest-pre.gif	image/gif	83752
VB8-L-narshaddaascoundrelsrest.gif	VB8-L-narshaddaascoundrelsrest.gif	image/gif	83752
VB8-L-narshaddaaundercity-pre.gif	VB8-L-narshaddaaundercity-pre.gif	image/gif	111897
VB8-L-narshaddaa.gif	VB8-L-narshaddaa.gif	image/gif	78203
VB8-L-narshaddaaundercity.gif	VB8-L-narshaddaaundercity.gif	image/gif	111897
VB8-L-narshaddaaundercitystreet-pre.gif	VB8-L-narshaddaaundercitystreet-pre.gif	image/gif	90262
VB8-L-outofnowhere.gif	VB8-L-outofnowhere.gif	image/gif	97273
VB8-L-palaceraider-pre.gif	VB8-L-palaceraider-pre.gif	image/gif	86281
VB8-L-palaceraider.gif	VB8-L-palaceraider.gif	image/gif	86281
VB8-L-narshaddaaundercitystreet.gif	VB8-L-narshaddaaundercitystreet.gif	image/gif	90262
VB8-L-r3poarthreepio-pre.gif	VB8-L-r3poarthreepio-pre.gif	image/gif	107095
VB8-L-r3poarthreepio.gif	VB8-L-r3poarthreepio.gif	image/gif	107095
VB8-L-rebelcellrefugeequarter-pre.gif	VB8-L-rebelcellrefugeequarter-pre.gif	image/gif	100286
VB8-L-outofnowhere-pre.gif	VB8-L-outofnowhere-pre.gif	image/gif	97273
VB8-L-redeemedapprentice-pre.gif	VB8-L-redeemedapprentice-pre.gif	image/gif	91623
VB8-L-rebelcellrefugeequarter.gif	VB8-L-rebelcellrefugeequarter.gif	image/gif	100286
VB8-L-redeemedapprentice.gif	VB8-L-redeemedapprentice.gif	image/gif	91623
VB8-L-rennek.gif	VB8-L-rennek.gif	image/gif	104094
VB8-L-rennek-pre.gif	VB8-L-rennek-pre.gif	image/gif	104094
VB8-L-rughug.gif	VB8-L-rughug.gif	image/gif	108673
VB8-L-rughug-pre.gif	VB8-L-rughug-pre.gif	image/gif	108673
VB8-L-scoundrelsbravado-pre.gif	VB8-L-scoundrelsbravado-pre.gif	image/gif	99531
VB8-L-scoundrelsbravado.gif	VB8-L-scoundrelsbravado.gif	image/gif	99531
VB8-L-scoundrelscharm.gif	VB8-L-scoundrelscharm.gif	image/gif	96100
VB8-L-scoundrelscharm-pre.gif	VB8-L-scoundrelscharm-pre.gif	image/gif	96100
VB8-L-scoundrelsingenuity-pre.gif	VB8-L-scoundrelsingenuity-pre.gif	image/gif	108277
VB8-L-scoundrelsluck.gif	VB8-L-scoundrelsluck.gif	image/gif	115006
VB8-L-scoundrelsluck-pre.gif	VB8-L-scoundrelsluck-pre.gif	image/gif	115006
VB8-L-sergeantedian-pre.gif	VB8-L-sergeantedian-pre.gif	image/gif	100301
VB8-L-sergeantedian.gif	VB8-L-sergeantedian.gif	image/gif	100301
VB8-L-supremechancellorvalorum.gif	VB8-L-supremechancellorvalorum.gif	image/gif	110252
VB8-L-supremechancellorvalorum-pre.gif	VB8-L-supremechancellorvalorum-pre.gif	image/gif	110252
VB8-L-tatooinecantina-pre.gif	VB8-L-tatooinecantina-pre.gif	image/gif	98253
VB8-L-tatooinecantina.gif	VB8-L-tatooinecantina.gif	image/gif	98253
VB8-L-supremechancellorvalorumai.gif	VB8-L-supremechancellorvalorumai.gif	image/gif	104806
VB8-L-tatooinejawacamp-pre.gif	VB8-L-tatooinejawacamp-pre.gif	image/gif	96452
VB8-L-tatooinejawacamp.gif	VB8-L-tatooinejawacamp.gif	image/gif	96452
VB8-L-trooperutrismtoc-pre.gif	VB8-L-trooperutrismtoc-pre.gif	image/gif	90060
VB8-L-trooperutrismtoc.gif	VB8-L-trooperutrismtoc.gif	image/gif	90060
VB8-L-supremechancellorvalorumai-pre.gif	VB8-L-supremechancellorvalorumai-pre.gif	image/gif	104806
VB8-L-scoundrelsingenuity.gif	VB8-L-scoundrelsingenuity.gif	image/gif	108277
VB8-L-underjabbasprotection.gif	VB8-L-underjabbasprotection.gif	image/gif	100525
VB8-L-underworldcontactsandunchartedsettlements-pre.gif	VB8-L-underworldcontactsandunchartedsettlements-pre.gif	image/gif	119636
VB8-L-underjabbasprotection-pre.gif	VB8-L-underjabbasprotection-pre.gif	image/gif	100525
VB8-L-unlikelyallies-pre.gif	VB8-L-unlikelyallies-pre.gif	image/gif	119722
VB8-L-uutkik-pre.gif	VB8-L-uutkik-pre.gif	image/gif	92406
VB8-L-unlikelyallies.gif	VB8-L-unlikelyallies.gif	image/gif	119722
VB8-L-uutkik.gif	VB8-L-uutkik.gif	image/gif	92406
VB8-L-vilmarhvilliegrahrk-pre.gif	VB8-L-vilmarhvilliegrahrk-pre.gif	image/gif	114700
VB8-L-yavin4massassiwarroom-pre.gif	VB8-L-yavin4massassiwarroom-pre.gif	image/gif	92529
VB8-L-yavin4massassiwarroom.gif	VB8-L-yavin4massassiwarroom.gif	image/gif	92529
VB8-L-youwilltakemetojabbanow-pre.gif	VB8-L-youwilltakemetojabbanow-pre.gif	image/gif	94343
VB9-D-arenaexecution-pre.gif	VB9-D-arenaexecution-pre.gif	image/gif	79807
VB8-L-youwilltakemetojabbanow.gif	VB8-L-youwilltakemetojabbanow.gif	image/gif	94343
VB8-L-underworldcontactsandunchartedsettlements.gif	VB8-L-underworldcontactsandunchartedsettlements.gif	image/gif	119636
VB9-D-arenapillars-pre.gif	VB9-D-arenapillars-pre.gif	image/gif	88207
VB8-L-vilmarhvilliegrahrk.gif	VB8-L-vilmarhvilliegrahrk.gif	image/gif	114700
VB9-D-arenapillars.gif	VB9-D-arenapillars.gif	image/gif	88207
VB9-D-atwarwithitself-pre.gif	VB9-D-atwarwithitself-pre.gif	image/gif	83579
VB9-D-arenaexecution.gif	VB9-D-arenaexecution.gif	image/gif	79807
VB9-D-atwarwithitself.gif	VB9-D-atwarwithitself.gif	image/gif	83579
VB9-D-b2superbattledroid-pre.gif	VB9-D-b2superbattledroid-pre.gif	image/gif	82183
VB9-D-b2superbattledroid.gif	VB9-D-b2superbattledroid.gif	image/gif	82183
VB9-D-beginlandingyourtroops&thedarkpath-pre.gif	VB9-D-beginlandingyourtroops&thedarkpath-pre.gif	image/gif	85250
VB9-D-beginlandingyourtroops&thedarkpath.gif	VB9-D-beginlandingyourtroops&thedarkpath.gif	image/gif	85250
VB9-D-captainkhurgee-pre.gif	VB9-D-captainkhurgee-pre.gif	image/gif	80292
VB9-D-captainkhurgee.gif	VB9-D-captainkhurgee.gif	image/gif	80292
VB9-D-countdooku.gif	VB9-D-countdooku.gif	image/gif	75955
VB9-D-defenseofmuunilinst-pre.gif	VB9-D-defenseofmuunilinst-pre.gif	image/gif	76252
VB9-D-defenseofmuunilinst.gif	VB9-D-defenseofmuunilinst.gif	image/gif	76252
VB9-D-dookuslightsaber-pre.gif	VB9-D-dookuslightsaber-pre.gif	image/gif	72516
VB9-D-dookuslightsaber.gif	VB9-D-dookuslightsaber.gif	image/gif	72516
VB9-D-dookussolarsailer-pre.gif	VB9-D-dookussolarsailer-pre.gif	image/gif	80618
VB9-D-dookussolarsailer.gif	VB9-D-dookussolarsailer.gif	image/gif	80618
VB9-D-countdooku-pre.gif	VB9-D-countdooku-pre.gif	image/gif	75955
VB9-D-dsd1dwarfspiderdroid-pre.gif	VB9-D-dsd1dwarfspiderdroid-pre.gif	image/gif	88763
VB9-D-dsd1dwarfspiderdroid.gif	VB9-D-dsd1dwarfspiderdroid.gif	image/gif	88763
VB9-D-durgesnovaswordfighter.gif	VB9-D-durgesnovaswordfighter.gif	image/gif	372469
VB9-D-durge.gif	VB9-D-durge.gif	image/gif	83163
VB9-D-droideka-pre.gif	VB9-D-droideka-pre.gif	image/gif	378411
VB9-D-everythingisgoingasplanned-pre.gif	VB9-D-everythingisgoingasplanned-pre.gif	image/gif	77879
VB9-D-fanbladestarfighter-pre.gif	VB9-D-fanbladestarfighter-pre.gif	image/gif	73586
VB9-D-durge-pre.gif	VB9-D-durge-pre.gif	image/gif	83163
VB9-D-everythingisgoingasplanned.gif	VB9-D-everythingisgoingasplanned.gif	image/gif	77879
VB9-D-executormeditationchamber-pre.gif	VB9-D-executormeditationchamber-pre.gif	image/gif	302510
VB9-D-executormeditationchamber.gif	VB9-D-executormeditationchamber.gif	image/gif	302510
VB9-D-durgesnovaswordfighter-pre.gif	VB9-D-durgesnovaswordfighter-pre.gif	image/gif	372469
VB9-D-geonosis-pre.gif	VB9-D-geonosis-pre.gif	image/gif	80368
VB9-D-geonosispetranakiarena.gif	VB9-D-geonosispetranakiarena.gif	image/gif	116083
VB9-D-geonosis.gif	VB9-D-geonosis.gif	image/gif	80368
VB9-D-geonosisdockingbay.gif	VB9-D-geonosisdockingbay.gif	image/gif	97768
VB9-D-geonosisdockingbay-pre.gif	VB9-D-geonosisdockingbay-pre.gif	image/gif	97768
VB9-D-fanbladestarfighter.gif	VB9-D-fanbladestarfighter.gif	image/gif	73586
VB9-D-geonosissepartistcouncilroom-pre.gif	VB9-D-geonosissepartistcouncilroom-pre.gif	image/gif	103308
VB9-D-geonosisrockyplains.gif	VB9-D-geonosisrockyplains.gif	image/gif	88506
VB9-D-ig227hailfiredroidtank.gif	VB9-D-ig227hailfiredroidtank.gif	image/gif	74764
VB9-D-joinme-pre.gif	VB9-D-joinme-pre.gif	image/gif	87579
VB9-D-geonosissepartistcouncilroom.gif	VB9-D-geonosissepartistcouncilroom.gif	image/gif	103308
VB9-D-ihaveyounow-pre.gif	VB9-D-ihaveyounow-pre.gif	image/gif	173696
VB9-D-ig227hailfiredroidtank-pre.gif	VB9-D-ig227hailfiredroidtank-pre.gif	image/gif	74764
VB9-D-geonosispetranakiarena-pre.gif	VB9-D-geonosispetranakiarena-pre.gif	image/gif	116083
VB9-D-maulscape-pre.gif	VB9-D-maulscape-pre.gif	image/gif	73174
VB9-D-joinme.gif	VB9-D-joinme.gif	image/gif	87579
VB9-D-muunilinst-pre.gif	VB9-D-muunilinst-pre.gif	image/gif	78487
VB9-D-muunilinstbankingclanheadquarters-pre.gif	VB9-D-muunilinstbankingclanheadquarters-pre.gif	image/gif	94568
VB9-D-muunilinstbankingclanheadquarters.gif	VB9-D-muunilinstbankingclanheadquarters.gif	image/gif	94568
VB9-D-muunilinstdockingbay-pre.gif	VB9-D-muunilinstdockingbay-pre.gif	image/gif	88937
VB9-D-droideka.gif	VB9-D-droideka.gif	image/gif	378411
VB9-D-muunilinstcityofharnaidan.gif	VB9-D-muunilinstcityofharnaidan.gif	image/gif	101033
VB9-D-maulscape.gif	VB9-D-maulscape.gif	image/gif	73174
VB9-D-ihaveyounow.gif	VB9-D-ihaveyounow.gif	image/gif	173696
VB9-D-muunilinstseparatistcommandcenter-pre.gif	VB9-D-muunilinstseparatistcommandcenter-pre.gif	image/gif	90658
VB9-D-muunilinstcityofharnaidan-pre.gif	VB9-D-muunilinstcityofharnaidan-pre.gif	image/gif	101033
VB9-D-muunilinstdockingbay.gif	VB9-D-muunilinstdockingbay.gif	image/gif	88937
VB9-D-muunilinstseparatistcommandcenter.gif	VB9-D-muunilinstseparatistcommandcenter.gif	image/gif	90658
VB9-D-ominousrumors-pre.gif	VB9-D-ominousrumors-pre.gif	image/gif	66620
VB9-D-nutegunray.gif	VB9-D-nutegunray.gif	image/gif	81943
VB9-D-muunilinst.gif	VB9-D-muunilinst.gif	image/gif	78487
VB9-D-rallytoourcause-pre.gif	VB9-D-rallytoourcause-pre.gif	image/gif	86908
VB9-D-satepestage-pre.gif	VB9-D-satepestage-pre.gif	image/gif	70123
VB9-D-nutegunray-pre.gif	VB9-D-nutegunray-pre.gif	image/gif	81943
VB9-D-ominousrumors.gif	VB9-D-ominousrumors.gif	image/gif	66620
VB9-D-rallytoourcause.gif	VB9-D-rallytoourcause.gif	image/gif	86908
VB9-D-geonosisrockyplains-pre.gif	VB9-D-geonosisrockyplains-pre.gif	image/gif	88506
VB9-D-separatistuprising-pre.gif	VB9-D-separatistuprising-pre.gif	image/gif	70238
VB9-D-separatistuprising.gif	VB9-D-separatistuprising.gif	image/gif	70238
VB9-D-satepestage.gif	VB9-D-satepestage.gif	image/gif	70123
VB9-D-tatooineimperialoutpost.gif	VB9-D-tatooineimperialoutpost.gif	image/gif	102233
VB9-D-toonbucktoora-pre.gif	VB9-D-toonbucktoora-pre.gif	image/gif	201523
VB9-D-warhasbegun-pre.gif	VB9-D-warhasbegun-pre.gif	image/gif	83103
VB9-D-warhasbegun.gif	VB9-D-warhasbegun.gif	image/gif	83103
VB9-D-tatooineimperialoutpost-pre.gif	VB9-D-tatooineimperialoutpost-pre.gif	image/gif	102233
VB9-L-aggressivenegotiations.gif	VB9-L-aggressivenegotiations.gif	image/gif	124323
VB9-D-toonbucktoora.gif	VB9-D-toonbucktoora.gif	image/gif	201523
VB9-L-acclamatorclassassaultship-pre.gif	VB9-L-acclamatorclassassaultship-pre.gif	image/gif	115394
VB9-L-agrandarmyoftherepublic.gif	VB9-L-agrandarmyoftherepublic.gif	image/gif	94782
VB9-L-anakinskywalkerpadawanlearner-pre.gif	VB9-L-anakinskywalkerpadawanlearner-pre.gif	image/gif	100588
VB9-L-aggressivenegotiations-pre.gif	VB9-L-aggressivenegotiations-pre.gif	image/gif	124323
VB9-L-agrandarmyoftherepublic-pre.gif	VB9-L-agrandarmyoftherepublic-pre.gif	image/gif	94782
VB9-L-assaultonmuunilinst-pre.gif	VB9-L-assaultonmuunilinst-pre.gif	image/gif	108690
VB9-L-assaultonmuunilinst.gif	VB9-L-assaultonmuunilinst.gif	image/gif	108690
VB9-L-atte-pre.gif	VB9-L-atte-pre.gif	image/gif	105102
VB9-L-atrt.gif	VB9-L-atrt.gif	image/gif	114318
VB9-L-atrt-pre.gif	VB9-L-atrt-pre.gif	image/gif	114318
VB9-L-azureangel.gif	VB9-L-azureangel.gif	image/gif	113399
VB9-L-azureangel-pre.gif	VB9-L-azureangel-pre.gif	image/gif	113399
VB9-L-acclamatorclassassaultship.gif	VB9-L-acclamatorclassassaultship.gif	image/gif	115394
VB9-L-beguntheclonewarhas.gif	VB9-L-beguntheclonewarhas.gif	image/gif	102557
VB9-L-beguntheclonewarhas-pre.gif	VB9-L-beguntheclonewarhas-pre.gif	image/gif	102557
VB9-L-atte.gif	VB9-L-atte.gif	image/gif	105102
VB9-L-blasterrifle-pre.gif	VB9-L-blasterrifle-pre.gif	image/gif	117945
VB9-L-blasterrifle.gif	VB9-L-blasterrifle.gif	image/gif	117945
VB9-L-captainrex501stlegion.gif	VB9-L-captainrex501stlegion.gif	image/gif	111842
VB9-L-captainrex501stlegion-pre.gif	VB9-L-captainrex501stlegion-pre.gif	image/gif	111842
VB9-L-boushh-pre.gif	VB9-L-boushh-pre.gif	image/gif	264531
VB9-L-anakinskywalkerpadawanlearner.gif	VB9-L-anakinskywalkerpadawanlearner.gif	image/gif	100588
VB9-L-boushh.gif	VB9-L-boushh.gif	image/gif	264531
VB9-L-cloneinfantrysquad-pre.gif	VB9-L-cloneinfantrysquad-pre.gif	image/gif	108338
VB9-L-cloneinfantrysquad.gif	VB9-L-cloneinfantrysquad.gif	image/gif	108338
VB9-L-clonesniper-pre.gif	VB9-L-clonesniper-pre.gif	image/gif	111296
VB9-L-clonespecialist-pre.gif	VB9-L-clonespecialist-pre.gif	image/gif	107220
VB9-L-clonesniper.gif	VB9-L-clonesniper.gif	image/gif	111296
VB9-L-clonespecialist.gif	VB9-L-clonespecialist.gif	image/gif	107220
VB9-L-commanderadartallon-pre.gif	VB9-L-commanderadartallon-pre.gif	image/gif	102328
VB9-L-cloningcylinders.gif	VB9-L-cloningcylinders.gif	image/gif	103030
VB9-L-cloningcylinders-pre.gif	VB9-L-cloningcylinders-pre.gif	image/gif	103030
VB9-L-commanderadartallon.gif	VB9-L-commanderadartallon.gif	image/gif	102328
VB9-L-commandercody-pre.gif	VB9-L-commandercody-pre.gif	image/gif	480129
VB9-L-dorme-pre.gif	VB9-L-dorme-pre.gif	image/gif	112994
VB9-L-commandercody.gif	VB9-L-commandercody.gif	image/gif	480129
VB9-L-dexterjettster-pre.gif	VB9-L-dexterjettster-pre.gif	image/gif	464800
VB9-L-dorme.gif	VB9-L-dorme.gif	image/gif	112994
VB9-L-dexterjettster.gif	VB9-L-dexterjettster.gif	image/gif	464800
VB9-L-dexterjettster_ai.gif	VB9-L-dexterjettster_ai.gif	image/gif	478363
VB9-L-dexterjettster_ai-pre.gif	VB9-L-dexterjettster_ai-pre.gif	image/gif	478363
VB9-L-generalairencracken-pre.gif	VB9-L-generalairencracken-pre.gif	image/gif	98723
VB9-L-geonosisdockingbay.gif	VB9-L-geonosisdockingbay.gif	image/gif	89917
VB9-L-generalairencracken.gif	VB9-L-generalairencracken.gif	image/gif	98723
VB9-L-geonosisdockingbay-pre.gif	VB9-L-geonosisdockingbay-pre.gif	image/gif	89917
VB9-L-foulmoudama.gif	VB9-L-foulmoudama.gif	image/gif	106461
VB9-L-generalbeliblis-pre.gif	VB9-L-generalbeliblis-pre.gif	image/gif	110302
VB9-L-generalbeliblis.gif	VB9-L-generalbeliblis.gif	image/gif	110302
VB9-L-foulmoudama-pre.gif	VB9-L-foulmoudama-pre.gif	image/gif	106461
VB9-L-geonosisrockyplains.gif	VB9-L-geonosisrockyplains.gif	image/gif	91113
VB9-L-geonosisrockyplains-pre.gif	VB9-L-geonosisrockyplains-pre.gif	image/gif	91113
VB9-L-geonosisforwardcommandcenter.gif	VB9-L-geonosisforwardcommandcenter.gif	image/gif	102398
VB9-L-geonosispetranakiarena.gif	VB9-L-geonosispetranakiarena.gif	image/gif	108133
VB9-L-geonosisforwardcommandcenter-pre.gif	VB9-L-geonosisforwardcommandcenter-pre.gif	image/gif	102398
VB9-L-geonosispetranakiarena-pre.gif	VB9-L-geonosispetranakiarena-pre.gif	image/gif	108133
VB9-L-huntdownthedarkacolyte-pre.gif	VB9-L-huntdownthedarkacolyte-pre.gif	image/gif	103292
VB9-L-huntdownthedarkacolyte.gif	VB9-L-huntdownthedarkacolyte.gif	image/gif	103292
VB9-L-jainasolo-pre.gif	VB9-L-jainasolo-pre.gif	image/gif	107774
VB9-L-leebo.gif	VB9-L-leebo.gif	image/gif	106830
VB9-L-leebo-pre.gif	VB9-L-leebo-pre.gif	image/gif	106830
VB9-L-jainasolo.gif	VB9-L-jainasolo.gif	image/gif	107774
VB9-L-lowaltitudeassaulttransport.gif	VB9-L-lowaltitudeassaulttransport.gif	image/gif	103914
VB9-L-lowaltitudeassaulttransport-pre.gif	VB9-L-lowaltitudeassaulttransport-pre.gif	image/gif	103914
VB9-L-janorswithblasterpistol.gif	VB9-L-janorswithblasterpistol.gif	image/gif	497469
VB9-L-janorswithblasterpistol-pre.gif	VB9-L-janorswithblasterpistol-pre.gif	image/gif	497469
VB9-L-maxrebo-pre.gif	VB9-L-maxrebo-pre.gif	image/gif	99248
VB9-L-maxrebo.gif	VB9-L-maxrebo.gif	image/gif	99248
VB9-L-majorhaashn-pre.gif	VB9-L-majorhaashn-pre.gif	image/gif	374644
VB9-L-mandalorianmishapjedimindtrick.gif	VB9-L-mandalorianmishapjedimindtrick.gif	image/gif	492159
VB9-L-mandalorianmishapjedimindtrick-pre.gif	VB9-L-mandalorianmishapjedimindtrick-pre.gif	image/gif	492159
VB9-L-muchtolearnyoustillhave-pre.gif	VB9-L-muchtolearnyoustillhave-pre.gif	image/gif	102605
VB9-L-muchtolearnyoustillhave.gif	VB9-L-muchtolearnyoustillhave.gif	image/gif	102605
VB9-L-majorhaashn.gif	VB9-L-majorhaashn.gif	image/gif	374644
VB9-L-muunilinst.gif	VB9-L-muunilinst.gif	image/gif	81031
VB9-L-muunilinst-pre.gif	VB9-L-muunilinst-pre.gif	image/gif	81031
VB9-L-muunilinstcityofharnaidan-pre.gif	VB9-L-muunilinstcityofharnaidan-pre.gif	image/gif	103707
VB9-L-muunilinstdockingbay-pre.gif	VB9-L-muunilinstdockingbay-pre.gif	image/gif	95245
VB9-L-muunilinstharnaidanplains-pre.gif	VB9-L-muunilinstharnaidanplains-pre.gif	image/gif	84366
VB9-L-muunilinstdockingbay.gif	VB9-L-muunilinstdockingbay.gif	image/gif	95245
VB9-L-muunilinstcityofharnaidan.gif	VB9-L-muunilinstcityofharnaidan.gif	image/gif	103707
VB9-L-muunilinstharnaidanplains.gif	VB9-L-muunilinstharnaidanplains.gif	image/gif	84366
VB9-L-muunilinstrepubliclandingsite-pre.gif	VB9-L-muunilinstrepubliclandingsite-pre.gif	image/gif	100685
VB9-L-muunilinstrepubliclandingsite.gif	VB9-L-muunilinstrepubliclandingsite.gif	image/gif	100685
VB9-L-niennunbsullustansmuggler.gif	VB9-L-niennunbsullustansmuggler.gif	image/gif	98930
VB9-L-niennunbsullustansmuggler-pre.gif	VB9-L-niennunbsullustansmuggler-pre.gif	image/gif	98930
VB9-L-republicatwar.gif	VB9-L-republicatwar.gif	image/gif	114367
VB9-L-republicatwar-pre.gif	VB9-L-republicatwar-pre.gif	image/gif	114367
VB9-L-republicgunshipwing-pre.gif	VB9-L-republicgunshipwing-pre.gif	image/gif	104242
VB9-L-republicgunshipwing.gif	VB9-L-republicgunshipwing.gif	image/gif	104242
VB9-L-rescueongeonosis.gif	VB9-L-rescueongeonosis.gif	image/gif	96548
VB9-L-rescueongeonosis-pre.gif	VB9-L-rescueongeonosis-pre.gif	image/gif	96548
VB9-L-thedarksideisgrowing-pre.gif	VB9-L-thedarksideisgrowing-pre.gif	image/gif	94869
VB9-L-thedarksideisgrowing.gif	VB9-L-thedarksideisgrowing.gif	image/gif	94869
VB9-L-thisismorelikeit-pre.gif	VB9-L-thisismorelikeit-pre.gif	image/gif	97782
VB9-L-thisismorelikeit.gif	VB9-L-thisismorelikeit.gif	image/gif	97782
VB9-L-voolvifmonn-pre.gif	VB9-L-voolvifmonn-pre.gif	image/gif	106056
VB9-L-whataboutthatblueone-pre.gif	VB9-L-whataboutthatblueone-pre.gif	image/gif	100240
VB9-L-whataboutthatblueone.gif	VB9-L-whataboutthatblueone.gif	image/gif	100240
VD-D-auselessgesturedeathstarsentry.gif	VD-D-auselessgesturedeathstarsentry.gif	image/png	315721
VD-D-comehereyoubigcoward.gif	VD-D-comehereyoubigcoward.gif	image/png	352339
VD-D-comehereyoubigcowardv.gif	VD-D-comehereyoubigcowardv.gif	image/png	343547
VD-D-crossfire.gif	VD-D-crossfire.gif	image/png	401008
VD-D-crossfirev.gif	VD-D-crossfirev.gif	image/png	383746
VD-D-drop.gif	VD-D-drop.gif	image/png	315738
VD-D-failureatthecave.gif	VD-D-failureatthecave.gif	image/png	314974
VD-D-fanfare.gif	VD-D-fanfare.gif	image/png	384863
VD-D-wellletfateadecidehuh.gif	VD-D-wellletfateadecidehuh.gif	image/png	354279
VD-D-voteofnoconfidence.gif	VD-D-voteofnoconfidence.gif	image/png	327718
VD-D-fanfaretatooine.gif	VD-D-fanfaretatooine.gif	image/png	376967
VB9-L-voolvifmonn.gif	VB9-L-voolvifmonn.gif	image/gif	106056
VD-D-youcannothideforever.gif	VD-D-youcannothideforever.gif	image/png	330679
VD-D-youcannothideforeverv.gif	VD-D-youcannothideforeverv.gif	image/png	323100
VD-D-youveneverwonarace.gif	VD-D-youveneverwonarace.gif	image/png	330229
VD-L-acloserace.gif	VD-L-acloserace.gif	image/png	416651
VD-L-dontdothatagain.gif	VD-L-dontdothatagain.gif	image/png	437112
VD-L-letskeepalittleoptimismhere.gif	VD-L-letskeepalittleoptimismhere.gif	image/png	412998
VD-L-letskeepalittleoptimismherev.gif	VD-L-letskeepalittleoptimismherev.gif	image/png	406069
VD-L-dontdothatagaintatooine.gif	VD-L-dontdothatagaintatooine.gif	image/png	434993
VD-L-onlyjedicarrythatweapon.gif	VD-L-onlyjedicarrythatweapon.gif	image/png	388343
VD-L-planetarydefenses.gif	VD-L-planetarydefenses.gif	image/png	394378
VD-L-simpletricksandnonsense.gif	VD-L-simpletricksandnonsense.gif	image/png	404595
VD-L-therepublicnolongerfunctions.gif	VD-L-therepublicnolongerfunctions.gif	image/png	417066
VD-L-thereisanother.gif	VD-L-thereisanother.gif	image/png	406741
VD-L-thrownback.gif	VD-L-thrownback.gif	image/png	426933
VD-L-yavinsentrygoldenrod.gif	VD-L-yavinsentrygoldenrod.gif	image/png	412125
VD-L-yourinsightservesyouwell.gif	VD-L-yourinsightservesyouwell.gif	image/png	414182
VD-L-yourinsightservesyouwellv.gif	VD-L-yourinsightservesyouwellv.gif	image/png	409433
VP-D-asajjventresswithlightsabers.gif	VP-D-asajjventresswithlightsabers.gif	image/png	337981
VD-L-yourship.gif	VD-L-yourship.gif	image/png	408434
VP-D-twinsunsoftatooine.gif	VP-D-twinsunsoftatooine.gif	image/png	262956
VP-D-welltrainedinthejediarts.gif	VP-D-welltrainedinthejediarts.gif	image/png	272676
VP-D-asajjventresswithlightsabers_ai.gif	VP-D-asajjventresswithlightsabers_ai.gif	image/png	320784
VP-D-captainkhurgee.gif	VP-D-captainkhurgee.gif	image/png	346865
VP-D-hyperoutenavigationchart.gif	VP-D-hyperoutenavigationchart.gif	image/png	450166
VP-L-ahsokatanowithlightsabers.gif	VP-L-ahsokatanowithlightsabers.gif	image/png	399515
VS-icon-grabber.png	VS-icon-grabber.png	image/png	2512
VP-L-cityintheclouds.gif	VP-L-cityintheclouds.gif	image/png	384034
VP-L-ahsokatanowithlightsabers_ai.gif	VP-L-ahsokatanowithlightsabers_ai.gif	image/png	403426
VP-L-puck.gif	VP-L-puck.gif	image/png	426314
VP-L-red12.gif	VP-L-red12.gif	image/png	435771
VP-L-youtrulybelongherewithus.gif	VP-L-youtrulybelongherewithus.gif	image/png	415611
VS-icon-immune-control.png	VS-icon-immune-control.png	image/png	6568
VS-icon-maintenance.png	VS-icon-maintenance.png	image/png	3158
VS-icon-pilot-power-x.png	VS-icon-pilot-power-x.png	image/png	2046
VS-icon-immune-sense.png	VS-icon-immune-sense.png	image/png	6905
VS-icon-immune-alter.png	VS-icon-immune-alter.png	image/png	6529
VS-icon-triangles-row.png	VS-icon-triangles-row.png	image/png	18450
VS1-Later-Assault-Rifle.gif	VS1-Later-Assault-Rifle.gif	image/gif	71650
VS1-Later-Black-2.gif	VS1-Later-Black-2.gif	image/gif	78423
VS1-Later-Blaster-Rack.gif	VS1-Later-Blaster-Rack.gif	image/gif	74167
VS1-Later-Fusion-Generator-Supply-Tanks-DS.gif	VS1-Later-Fusion-Generator-Supply-Tanks-DS.gif	image/gif	72651
VS1-Later-Bo-Shek.gif	VS1-Later-Bo-Shek.gif	image/gif	92419
VS1-Later-Darth-Vader.gif	VS1-Later-Darth-Vader.gif	image/gif	91558
VS1-Later-Gold-1.gif	VS1-Later-Gold-1.gif	image/gif	95747
VS1-Later-Fusion-Generator-Supply-Tanks-LS.gif	VS1-Later-Fusion-Generator-Supply-Tanks-LS.gif	image/gif	103432
VS1-Later-Hans-Heavy-Blaster-Pistol.gif	VS1-Later-Hans-Heavy-Blaster-Pistol.gif	image/gif	92904
VS1-Later-Luke-Skywalker.gif	VS1-Later-Luke-Skywalker.gif	image/gif	98785
VS1-Later-Prophetess.gif	VS1-Later-Prophetess.gif	image/gif	76787
VS1-Later-Saitorr-Kal-Fas.gif	VS1-Later-Saitorr-Kal-Fas.gif	image/gif	97907
VS1-Legacy-icon-key.png	VS1-Legacy-icon-key.png	image/png	100554
VS1-Premium-icon-key.png	VS1-Premium-icon-key.png	image/png	73461
VS1-Legacy-set-symbol.png	VS1-Legacy-set-symbol.png	image/png	142936
VS10O-01-Chewie.png	VS10O-01-Chewie.png	image/png	318548
VS1-Legacy-pack.png	VS1-Legacy-pack.png	image/png	1049705
VS10O-02-Evacuation_Control.png	VS10O-02-Evacuation_Control.png	image/png	318268
VS10O-04-Han_Solo.png	VS10O-04-Han_Solo.png	image/png	320084
VS10O-03-Gold_Leader_In_Gold_1.png	VS10O-03-Gold_Leader_In_Gold_1.png	image/png	367788
VS10O-05-Luke.png	VS10O-05-Luke.png	image/png	322699
VS10O-06-Mandalorian_Mishap.png	VS10O-06-Mandalorian_Mishap.png	image/png	339553
VS10O-07-Shocking_Information.png	VS10O-07-Shocking_Information.png	image/png	339240
VS10O-08-Darth_Vaders_Lightsaber.png	VS10O-08-Darth_Vaders_Lightsaber.png	image/png	114862
VS10O-09-Imperial_Justice.png	VS10O-09-Imperial_Justice.png	image/png	160489
VS10O-10-Insignificant_Rebellion.png	VS10O-10-Insignificant_Rebellion.png	image/png	162654
VS10O-11-Shocking_Revelation.png	VS10O-11-Shocking_Revelation.png	image/png	154795
VS10O-set-symbol.png	VS10O-set-symbol.png	image/png	17704
VS10O-13-Vaders_Anger.png	VS10O-13-Vaders_Anger.png	image/png	156671
VS10O-12-Vader.png	VS10O-12-Vader.png	image/png	183994
VS10O-14-Veers.png	VS10O-14-Veers.png	image/png	173742
VS10O-pack.png	VS10O-pack.png	image/png	366086
VS11O-01-Advantage.png	VS11O-01-Advantage.png	image/png	170579
VS11O-02-Captain_Verrack.png	VS11O-02-Captain_Verrack.png	image/png	181413
VS11O-03-Disarming_Creature.png	VS11O-03-Disarming_Creature.png	image/png	168038
VS11O-04-Dismantle_On_Sight.png	VS11O-04-Dismantle_On_Sight.png	image/png	173751
VS11O-06-Hans_Toolkit.png	VS11O-06-Hans_Toolkit.png	image/png	176063
VS11O-05-Green_Squadron_1.png	VS11O-05-Green_Squadron_1.png	image/png	204438
VS11O-07-I_Dont_Need_Their_Scum_Either.png	VS11O-07-I_Dont_Need_Their_Scum_Either.png	image/png	189632
VS11O-08-Lets_Keep_A_Little_Optimism_Here.png	VS11O-08-Lets_Keep_A_Little_Optimism_Here.png	image/png	181593
VS11O-09-Meditation.png	VS11O-09-Meditation.png	image/png	176391
VS11O-10-Medium_Transport.png	VS11O-10-Medium_Transport.png	image/png	202565
VS11O-11-ObiWan_Kenobi_Jedi_Knight.png	VS11O-11-ObiWan_Kenobi_Jedi_Knight.png	image/png	185094
VS11O-12-Our_Most_Desperate_Hour.png	VS11O-12-Our_Most_Desperate_Hour.png	image/png	179663
VS11O-13-Padme_Naberrie.png	VS11O-13-Padme_Naberrie.png	image/png	184818
VS11O-15-Strikeforce.png	VS11O-15-Strikeforce.png	image/png	179116
VS11O-14-Plastoid_Armor.png	VS11O-14-Plastoid_Armor.png	image/png	175528
VS11O-16-Cold_Feet.png	VS11O-16-Cold_Feet.png	image/png	90428
VS11O-18-Emperors_Power.png	VS11O-18-Emperors_Power.png	image/png	85577
VS11O-17-Deep_Hatred.png	VS11O-17-Deep_Hatred.png	image/png	109495
VS11O-19-Endor_Shield.png	VS11O-19-Endor_Shield.png	image/png	96418
VS11O-20-Establish_Control.png	VS11O-20-Establish_Control.png	image/png	99331
VS11O-22-Frozen_Dinner.png	VS11O-22-Frozen_Dinner.png	image/png	94414
VS11O-21-Forced_Landing.png	VS11O-21-Forced_Landing.png	image/png	86807
VS11O-23-He_Is_Not_Ready.png	VS11O-23-He_Is_Not_Ready.png	image/png	90265
VS11O-24-I_Want_That_Ship.png	VS11O-24-I_Want_That_Ship.png	image/png	87501
VS11O-25-Ive_Lost_Artoo.png	VS11O-25-Ive_Lost_Artoo.png	image/png	92055
VS11O-26-Lord_Vader.png	VS11O-26-Lord_Vader.png	image/png	115781
VS11O-27-Luke_Luuuuke.png	VS11O-27-Luke_Luuuuke.png	image/png	89411
VS11O-29-Sim_Aloo.png	VS11O-29-Sim_Aloo.png	image/png	93568
VS11O-30-Something_Special_Planned_For_Them.png	VS11O-30-Something_Special_Planned_For_Them.png	image/png	94190
VS11O-set-symbol.png	VS11O-set-symbol.png	image/png	51249
VS11O-28-Restricted_Access.png	VS11O-28-Restricted_Access.png	image/png	99582
VS12O-01-Anakins_Lightsaber.png	VS12O-01-Anakins_Lightsaber.png	image/png	190043
VS11O-pack.png	VS11O-pack.png	image/png	1049920
VS12O-03-Changing_The_Odds.png	VS12O-03-Changing_The_Odds.png	image/png	189801
VS12O-02-At_Peace.png	VS12O-02-At_Peace.png	image/png	176672
VS12O-07-Debnoli.png	VS12O-07-Debnoli.png	image/png	65460
VS12O-04-Chewie_Enraged.png	VS12O-04-Chewie_Enraged.png	image/png	183128
VS12O-05-Commando_Training.png	VS12O-05-Commando_Training.png	image/png	180569
VS12O-06-Crash_Site_Memorial.png	VS12O-06-Crash_Site_Memorial.png	image/png	172584
VS12O-08-Diversionary_Tactics.png	VS12O-08-Diversionary_Tactics.png	image/png	167251
VS12O-09-Endor_Ewok_Village.png	VS12O-09-Endor_Ewok_Village.png	image/png	124252
VS12O-10-Enhanced_Proton_Torpedoes.png	VS12O-10-Enhanced_Proton_Torpedoes.png	image/png	180387
VS12O-11-Faithful_Service.png	VS12O-11-Faithful_Service.png	image/png	175892
VS12O-12-I_Cant_Believe_Hes_Gone.png	VS12O-12-I_Cant_Believe_Hes_Gone.png	image/png	175299
VS12O-14-Jeroen_Webb.png	VS12O-14-Jeroen_Webb.png	image/png	172816
VS12O-15-Ki-Adi-Mundi.png	VS12O-15-Ki-Adi-Mundi.png	image/png	180306
VS12O-13-It_Is_The_Future_You_See.png	VS12O-13-It_Is_The_Future_You_See.png	image/png	298744
VS12O-16-Master_Qui-Gon.png	VS12O-16-Master_Qui-Gon.png	image/png	181496
VS12O-17-Orrimaarko.png	VS12O-17-Orrimaarko.png	image/png	178948
VS12O-19-Rebel_Leadership.png	VS12O-19-Rebel_Leadership.png	image/png	188313
VS12O-18-Precise_Hit.png	VS12O-18-Precise_Hit.png	image/png	181682
VS12O-20-Red_Squadron_7.png	VS12O-20-Red_Squadron_7.png	image/png	197958
VS12O-23-At_Last_We_Are_Getting_Results.png	VS12O-23-At_Last_We_Are_Getting_Results.png	image/png	96685
VS12O-22-3720_To_1.png	VS12O-22-3720_To_1.png	image/png	98176
VS12O-21-Yoda_Senior_Council_Member.png	VS12O-21-Yoda_Senior_Council_Member.png	image/png	183403
VS12O-24-Aurra_Sing.png	VS12O-24-Aurra_Sing.png	image/png	106715
VS12O-25-Blown_Clear.png	VS12O-25-Blown_Clear.png	image/png	89631
VS12O-27-Colonel_Wullf_Yularen.png	VS12O-27-Colonel_Wullf_Yularen.png	image/png	96056
VS12O-26-Bounty.png	VS12O-26-Bounty.png	image/png	97428
VS12O-29-Crush_The_Rebellion.png	VS12O-29-Crush_The_Rebellion.png	image/png	90853
VS12O-30-Dark_Jedi_Lightsaber.png	VS12O-30-Dark_Jedi_Lightsaber.png	image/png	69786
VS12O-28-Coordinated_Attack.png	VS12O-28-Coordinated_Attack.png	image/png	91371
VS12O-32-Forced_Servitude.png	VS12O-32-Forced_Servitude.png	image/png	91257
VS12O-34-Imperial_Code_Cylinder.png	VS12O-34-Imperial_Code_Cylinder.png	image/png	96711
VS12O-36-Laser_Gate.png	VS12O-36-Laser_Gate.png	image/png	67639
VS12O-35-Janus_Greejatus.png	VS12O-35-Janus_Greejatus.png	image/png	96076
VS12O-33-Im_Sorry.png	VS12O-33-Im_Sorry.png	image/png	96418
VS12O-31-Daultay_Dofine.png	VS12O-31-Daultay_Dofine.png	image/png	116808
VS12O-37-Maneuver_Check.png	VS12O-37-Maneuver_Check.png	image/png	101326
VS12O-38-Mara_Jade_The_Emperors_Hand.png	VS12O-38-Mara_Jade_The_Emperors_Hand.png	image/png	114094
VS12O-set-symbol.png	VS12O-set-symbol.png	image/png	20964
VS12O-43-You_Want_This_Dont_You.png	VS12O-43-You_Want_This_Dont_You.png	image/png	94752
VS12O-40-Officer_Evax.png	VS12O-40-Officer_Evax.png	image/png	100082
VS12O-39-Obsidian_10.png	VS12O-39-Obsidian_10.png	image/png	103424
VS12O-42-There_Is_No_Try_Oppressive_Enforcement.png	VS12O-42-There_Is_No_Try_Oppressive_Enforcement.png	image/png	126523
VS12O-41-Stinger.png	VS12O-41-Stinger.png	image/png	123921
VS13O-01-Asteroid_Field_Light.png	VS13O-01-Asteroid_Field_Light.png	image/png	299469
VS12O-pack.png	VS12O-pack.png	image/png	1010496
VS13O-02-Chasm.png	VS13O-02-Chasm.png	image/png	344719
VS13O-07-Jek_Porkins.png	VS13O-07-Jek_Porkins.png	image/png	351299
VS13O-06-Eyes_In_The_Dark.png	VS13O-06-Eyes_In_The_Dark.png	image/png	373034
VS13O-05-Darklighter_Spin.png	VS13O-05-Darklighter_Spin.png	image/png	378086
VS13O-04-Yavin_4_Docking_Bay_Light.png	VS13O-04-Yavin_4_Docking_Bay_Light.png	image/png	475123
VS13O-08-Lieutenant_Williams.png	VS13O-08-Lieutenant_Williams.png	image/png	351819
VS13O-09-Endor_Back_Door_Light.png	VS13O-09-Endor_Back_Door_Light.png	image/png	448196
VS13O-03-Coruscant_Docking_Bay_Light.png	VS13O-03-Coruscant_Docking_Bay_Light.png	image/png	483609
VS13O-13-Abyss.png	VS13O-13-Abyss.png	image/png	194996
VS13O-10-Perimeter_Scan.png	VS13O-10-Perimeter_Scan.png	image/png	373743
VS13O-12-Through_The_Force_Things_You_Will_See.png	VS13O-12-Through_The_Force_Things_You_Will_See.png	image/png	376094
VS13O-11-Yavin_4_Briefing_Room.png	VS13O-11-Yavin_4_Briefing_Room.png	image/png	516040
VS13O-14-Executor_Comm_Station.png	VS13O-14-Executor_Comm_Station.png	image/png	390437
VS13O-15-Spaceport_Street_Dark.png	VS13O-15-Spaceport_Street_Dark.png	image/png	482697
VS13O-16-ComScan_Detection.png	VS13O-16-ComScan_Detection.png	image/png	154061
VS13O-17-Naboo_Theed_Palace_Hallway_Dark.png	VS13O-17-Naboo_Theed_Palace_Hallway_Dark.png	image/png	469248
VS13O-18-Jabbas_Palace_Dungeon.png	VS13O-18-Jabbas_Palace_Dungeon.png	image/png	464904
VS13O-19-Spaceport_Prefects_Office.png	VS13O-19-Spaceport_Prefects_Office.png	image/png	472559
VS13O-23-Quietly_Observing.png	VS13O-23-Quietly_Observing.png	image/png	153326
VS13O-22-Big_One_Asteroid_Cave_or_Space_Slug_Belly_Dark.png	VS13O-22-Big_One_Asteroid_Cave_or_Space_Slug_Belly_Dark.png	image/png	481739
VS13O-21-Tatooine_Desert_Landing_Site.png	VS13O-21-Tatooine_Desert_Landing_Site.png	image/png	478471
VS13O-20-Hoth_Echo_Command_Center_War_Room_Dark.png	VS13O-20-Hoth_Echo_Command_Center_War_Room_Dark.png	image/png	482947
VS13O-24-Tatooine_Jawa_Canyon_Dark.png	VS13O-24-Tatooine_Jawa_Canyon_Dark.png	image/png	475211
VS13O-set-symbol.png	VS13O-set-symbol.png	image/png	27343
VS14O-01-Admiral_Ackbar.png	VS14O-01-Admiral_Ackbar.png	image/png	184060
VS14O-03-Balanced_Attack.png	VS14O-03-Balanced_Attack.png	image/png	202421
VS13O-25-Watch_Your_Back.png	VS13O-25-Watch_Your_Back.png	image/png	155719
VS14O-04-Capital_Support.png	VS14O-04-Capital_Support.png	image/png	61112
VS13O-pack.png	VS13O-pack.png	image/png	1085519
VS14O-02-Antilles_Maneuver.png	VS14O-02-Antilles_Maneuver.png	image/png	200041
VS14O-05-General_Walex_Blissex.png	VS14O-05-General_Walex_Blissex.png	image/png	187781
VS14O-06-Lieutenant_Blount.png	VS14O-06-Lieutenant_Blount.png	image/png	187513
VS14O-07-Millennium_Falcon.png	VS14O-07-Millennium_Falcon.png	image/png	216472
VS14O-13-Taking_Them_With_Us.png	VS14O-13-Taking_Them_With_Us.png	image/png	58602
VS14O-09-Our_Only_Hope.png	VS14O-09-Our_Only_Hope.png	image/png	200066
VS14O-08-Mon_Calamari_Star_Cruiser.png	VS14O-08-Mon_Calamari_Star_Cruiser.png	image/png	217441
VS14O-10-Put_That_Down.png	VS14O-10-Put_That_Down.png	image/png	198673
VS14O-14-Wesa_Ready_To_Do_Oursa_Part.png	VS14O-14-Wesa_Ready_To_Do_Oursa_Part.png	image/png	200203
VS14O-12-Red_Leader.png	VS14O-12-Red_Leader.png	image/png	184177
VS14O-11-Radiant_VII.png	VS14O-11-Radiant_VII.png	image/png	388188
VS14O-18-After_Her.png	VS14O-18-After_Her.png	image/png	114377
VS14O-20-Captain_Yorr.png	VS14O-20-Captain_Yorr.png	image/png	83695
VS14O-21-Comlink.png	VS14O-21-Comlink.png	image/png	90156
VS14O-16-Accuser.png	VS14O-16-Accuser.png	image/png	115597
VS14O-15-Yoda_Master_of_the_Force.png	VS14O-15-Yoda_Master_of_the_Force.png	image/png	192281
VS14O-17-Admiral_Ozzel.png	VS14O-17-Admiral_Ozzel.png	image/png	84109
VS14O-22-Commander_Nemet.png	VS14O-22-Commander_Nemet.png	image/png	87419
VS14O-19-Black_3.png	VS14O-19-Black_3.png	image/png	105804
VS14O-24-Death_Star_Gunner.png	VS14O-24-Death_Star_Gunner.png	image/png	83742
VS14O-26-Grand_Admiral_Thrawn.png	VS14O-26-Grand_Admiral_Thrawn.png	image/png	95664
VS14O-25-Dominator.png	VS14O-25-Dominator.png	image/png	122839
VS14O-23-Conquest.png	VS14O-23-Conquest.png	image/png	115498
VS14O-27-I_Cant_Shake_Him.png	VS14O-27-I_Cant_Shake_Him.png	image/png	86414
VS14O-28-Much_Anger_In_Him.png	VS14O-28-Much_Anger_In_Him.png	image/png	87986
VS14O-29-Nothing_Can_Get_Through_Our_Shield.png	VS14O-29-Nothing_Can_Get_Through_Our_Shield.png	image/png	63397
VS14O-30-Sith_Fury.png	VS14O-30-Sith_Fury.png	image/png	80294
VS14O-31-Trade_Federation_Tactics.png	VS14O-31-Trade_Federation_Tactics.png	image/png	88837
VS14O-32-Warrant_Officer_MKae.png	VS14O-32-Warrant_Officer_MKae.png	image/png	87231
VS14O-33-Where_Are_Those_Droidekas.png	VS14O-33-Where_Are_Those_Droidekas.png	image/png	92128
VS14O-set-symbol.png	VS14O-set-symbol.png	image/png	95865
VS15O-01-Anger_Fear_Aggression.png	VS15O-01-Anger_Fear_Aggression.png	image/png	156440
VS15O-02-Alderaan_Consular_Ship.png	VS15O-02-Alderaan_Consular_Ship.png	image/png	189926
VS15O-03-Artillery_Remote.png	VS15O-03-Artillery_Remote.png	image/png	108441
VS14O-pack.png	VS14O-pack.png	image/png	1190758
VS15O-04-Artoo.png	VS15O-04-Artoo.png	image/png	114704
VS15O-06-Beru_Stew.png	VS15O-06-Beru_Stew.png	image/png	148309
VS15O-07-Booster_In_Pulsar_Skate.png	VS15O-07-Booster_In_Pulsar_Skate.png	image/png	173843
VS15O-08-Brainiac.png	VS15O-08-Brainiac.png	image/png	98951
VS15O-09-Dantooine_Base_-_Operations_Center.png	VS15O-09-Dantooine_Base_-_Operations_Center.png	image/png	143420
VS15O-10-Fixer.png	VS15O-10-Fixer.png	image/png	110179
VS15O-05-Beru_Lars.png	VS15O-05-Beru_Lars.png	image/png	98090
VS15O-12-Hidden_Base.png	VS15O-12-Hidden_Base.png	image/png	159386
VS15O-11-Harvest.png	VS15O-11-Harvest.png	image/png	105567
VS15O-13-IL-19.png	VS15O-13-IL-19.png	image/png	42191
VS15O-12-Systems_Will_Slip_Through_Your_Fingers.png	VS15O-12-Systems_Will_Slip_Through_Your_Fingers.png	image/png	160004
VS15O-14-Insurrection.png	VS15O-14-Insurrection.png	image/png	107474
VS15O-15-Lando_Calrissian.png	VS15O-15-Lando_Calrissian.png	image/png	108869
VS15O-16-Lars_Hydroponics_Station.png	VS15O-16-Lars_Hydroponics_Station.png	image/png	153041
VS15O-17-Lars_Vaporator.png	VS15O-17-Lars_Vaporator.png	image/png	158854
VS15O-18-Learn_About_The_Force_Luke.png	VS15O-18-Learn_About_The_Force_Luke.png	image/png	149738
VS15O-20-Melas.png	VS15O-20-Melas.png	image/png	104758
VS15O-19-Lukes_Hunting_Rifle.png	VS15O-19-Lukes_Hunting_Rifle.png	image/png	110340
VS15O-21-Owen_Lars.png	VS15O-21-Owen_Lars.png	image/png	101492
VS15O-22-Rebel_Cell_-_Hidden_Landing_Site.png	VS15O-22-Rebel_Cell_-_Hidden_Landing_Site.png	image/png	138783
VS15O-27-Republic_Trooper_with_Blaster_Rifle.png	VS15O-27-Republic_Trooper_with_Blaster_Rifle.png	image/png	71009
VS15O-29-Talon_Karrde.png	VS15O-29-Talon_Karrde.png	image/png	102827
VS15O-24-Rebel_Cell_-_Perimeter.png	VS15O-24-Rebel_Cell_-_Perimeter.png	image/png	134924
VS15O-25-Rebel_Cell_-_Situation_Room.png	VS15O-25-Rebel_Cell_-_Situation_Room.png	image/png	128198
VS15O-30-Tatooine_Lars_Moisture_Farm_Light.png	VS15O-30-Tatooine_Lars_Moisture_Farm_Light.png	image/png	131988
VS15O-23-Rebel_Cell_-_Monitoring_Station.png	VS15O-23-Rebel_Cell_-_Monitoring_Station.png	image/png	130304
VS15O-26-Republic_Corvette.png	VS15O-26-Republic_Corvette.png	image/png	169766
VS15O-28-Skull.png	VS15O-28-Skull.png	image/png	104626
VS15O-31-Tatooine_Utility_Belt.png	VS15O-31-Tatooine_Utility_Belt.png	image/png	108027
VS15O-32-Theron_Nett.png	VS15O-32-Theron_Nett.png	image/png	110332
VS15O-37-Abyssin_Ornament_Wounded_Wookiee.png	VS15O-37-Abyssin_Ornament_Wounded_Wookiee.png	image/png	78941
VS15O-36-YT-1300_Transport.png	VS15O-36-YT-1300_Transport.png	image/png	134174
VS15O-38-Arica.png	VS15O-38-Arica.png	image/png	61883
VS15O-34-Wedge_Antilles.png	VS15O-34-Wedge_Antilles.png	image/png	106452
VS15O-35-Wes_Janson.png	VS15O-35-Wes_Janson.png	image/png	103779
VS15O-33-Uncharted_Settlements.png	VS15O-33-Uncharted_Settlements.png	image/png	180858
VS15O-39-Bib_Fortuna.png	VS15O-39-Bib_Fortuna.png	image/png	54837
VS15O-40-Chokk.png	VS15O-40-Chokk.png	image/png	49586
VS15O-41-Collateral_Damage.png	VS15O-41-Collateral_Damage.png	image/png	48428
VS15O-43-Danz_Borin.png	VS15O-43-Danz_Borin.png	image/png	52374
VS15O-42-Cyclone_1.png	VS15O-42-Cyclone_1.png	image/png	83550
VS15O-44-Dark_Reconnaissance.png	VS15O-44-Dark_Reconnaissance.png	image/png	79788
VS15O-45-Devastator.png	VS15O-45-Devastator.png	image/png	71344
VS15O-46-Dewback.png	VS15O-46-Dewback.png	image/png	58607
VS15O-47-Force_Push.png	VS15O-47-Force_Push.png	image/png	50425
VS15O-48-Gravel_Storm.png	VS15O-48-Gravel_Storm.png	image/png	45733
VS15O-49-Imperial_Detainment.png	VS15O-49-Imperial_Detainment.png	image/png	90254
VS15O-50-Imperial_Entanglements.png	VS15O-50-Imperial_Entanglements.png	image/png	98409
VS15O-50-No_One_To_Stop_Us_This_Time.png	VS15O-50-No_One_To_Stop_Us_This_Time.png	image/png	61317
VS15O-51-Imperial_Pilot.png	VS15O-51-Imperial_Pilot.png	image/png	49938
VS15O-52-Knowledge_And_Defense.png	VS15O-52-Knowledge_And_Defense.png	image/png	67997
VS15O-53-Lets_Pass_On_That.png	VS15O-53-Lets_Pass_On_That.png	image/png	74859
VS15O-54-Look_Sir_Droids.png	VS15O-54-Look_Sir_Droids.png	image/png	60084
VS15O-55-Mauls_Sith_Speeder.png	VS15O-55-Mauls_Sith_Speeder.png	image/png	85936
VS15O-56-No_Bargain.png	VS15O-56-No_Bargain.png	image/png	52885
VS15O-58-Sandtrooper.png	VS15O-58-Sandtrooper.png	image/png	44585
VS15O-57-Raider_Craft.png	VS15O-57-Raider_Craft.png	image/png	93725
VS15O-60-SD-17_Homing_Missile.png	VS15O-60-SD-17_Homing_Missile.png	image/png	73323
VS15O-59-Scout_Mercenary.png	VS15O-59-Scout_Mercenary.png	image/png	87838
VS15O-61-Sebulba.png	VS15O-61-Sebulba.png	image/png	53271
VS15O-62-Shada.png	VS15O-62-Shada.png	image/png	83509
VS15O-63-Sith_Probe_Droid.png	VS15O-63-Sith_Probe_Droid.png	image/png	53415
VS15O-64-Stunning_Leader.png	VS15O-64-Stunning_Leader.png	image/png	50853
VS15O-66-The_Mandalorian.png	VS15O-66-The_Mandalorian.png	image/png	88659
VS15O-67-Trained_In_The_Jedi_Arts.png	VS15O-67-Trained_In_The_Jedi_Arts.png	image/png	46278
VS15O-65-Tatooine_Mos_Eisley_Dark.png	VS15O-65-Tatooine_Mos_Eisley_Dark.png	image/png	129042
VS15O-set-symbol.png	VS15O-set-symbol.png	image/png	121762
VS15O-pack.png	VS15O-pack.png	image/png	961614
VS16O-01-Bail_Organa.png	VS16O-01-Bail_Organa.png	image/png	376745
VS16O-03-Senator_Leia_Organa.png	VS16O-03-Senator_Leia_Organa.png	image/png	381083
VS16O-02-Senator_Jar_Jar_Binks.png	VS16O-02-Senator_Jar_Jar_Binks.png	image/png	375683
VS16O-06-Ambush.png	VS16O-06-Ambush.png	image/png	199208
VS16O-04-Senator_Padme_Amidala.png	VS16O-04-Senator_Padme_Amidala.png	image/png	372679
VS16O-07-Blockade_Flagship_Prison.png	VS16O-07-Blockade_Flagship_Prison.png	image/png	249512
VS16O-09-Clone_Trooper.png	VS16O-09-Clone_Trooper.png	image/png	370536
VS16O-11-They_Will_Be_Lost_And_Confused.png	VS16O-11-They_Will_Be_Lost_And_Confused.png	image/png	255169
VS16O-08-Clone_Pilot.png	VS16O-08-Clone_Pilot.png	image/png	369935
VS16O-12-Bowcaster.png	VS16O-12-Bowcaster.png	image/png	199356
VS16O-11-We_Have_A_Plan.png	VS16O-11-We_Have_A_Plan.png	image/png	256756
VS16O-10-Supreme_Chancellor_Palpatine.png	VS16O-10-Supreme_Chancellor_Palpatine.png	image/png	373346
VS16O-13-Chewbacca_Of_Kashyyyk.png	VS16O-13-Chewbacca_Of_Kashyyyk.png	image/png	191459
VS16O-15-Kashyyyk_(Light).png	VS16O-15-Kashyyyk_(Light).png	image/png	96899
VS16O-05-So_This_Is_How_Liberty_Dies.png	VS16O-05-So_This_Is_How_Liberty_Dies.png	image/png	384209
VS16O-14-Grrrghrrrgh.png	VS16O-14-Grrrghrrrgh.png	image/png	391312
VS16O-16-Kashyyyk_Sacred_Forest.png	VS16O-16-Kashyyyk_Sacred_Forest.png	image/png	252618
VS16O-18-Wookiee.png	VS16O-18-Wookiee.png	image/png	187380
VS16O-17-Kashyyyk_Wookiee_Haven_(Forest).png	VS16O-17-Kashyyyk_Wookiee_Haven_(Forest).png	image/png	243952
VS16O-19-Wookiee_Guide.png	VS16O-19-Wookiee_Guide.png	image/png	201822
VS16O-20-Wookiee_Roar.png	VS16O-20-Wookiee_Roar.png	image/png	199122
VS16O-21-Yarua.png	VS16O-21-Yarua.png	image/png	185894
VS16O-23-Artoo_Brave_Little_Droid.png	VS16O-23-Artoo_Brave_Little_Droid.png	image/png	189036
VS16O-22-A_Jedis_Patience.png	VS16O-22-A_Jedis_Patience.png	image/png	204762
VS16O-27-Corellia.png	VS16O-27-Corellia.png	image/png	74887
VS16O-28-Corellian_Engineering_Corporation.png	VS16O-28-Corellian_Engineering_Corporation.png	image/png	203832
VS16O-24-Blue_Squadron_5.png	VS16O-24-Blue_Squadron_5.png	image/png	216137
VS16O-26-Bravo_Fighter.png	VS16O-26-Bravo_Fighter.png	image/png	218868
VS16O-25-BoSheks_Modified_Light_Freighter.png	VS16O-25-BoSheks_Modified_Light_Freighter.png	image/png	396570
VS16O-29-Coruscant_Jedi_Council_Chamber.png	VS16O-29-Coruscant_Jedi_Council_Chamber.png	image/png	250021
VS16O-31-Dont_Tread_On_Me.png	VS16O-31-Dont_Tread_On_Me.png	image/png	202348
VS16O-30-Coruscant_Night_Club.png	VS16O-30-Coruscant_Night_Club.png	image/png	249996
VS16O-35-Plo_Koon.png	VS16O-35-Plo_Koon.png	image/png	191511
VS16O-32-Jedi_Starfighter.png	VS16O-32-Jedi_Starfighter.png	image/png	392418
VS16O-36-Sergeant_Doallyn.png	VS16O-36-Sergeant_Doallyn.png	image/png	187144
VS16O-34-Lars_Protocol_Droid.png	VS16O-34-Lars_Protocol_Droid.png	image/png	376414
VS16O-33-Jedi_Survivor.png	VS16O-33-Jedi_Survivor.png	image/png	370514
VS16O-38-Ultimatum.png	VS16O-38-Ultimatum.png	image/png	182138
VS16O-42-Coruscant_Guard.png	VS16O-42-Coruscant_Guard.png	image/png	88224
VS16O-43-Elite_Squadron_Stormtrooper.png	VS16O-43-Elite_Squadron_Stormtrooper.png	image/png	91988
VS16O-44-Expand_The_Empire.png	VS16O-44-Expand_The_Empire.png	image/png	93841
VS16O-37-Simple_Tricks_And_Nonsense.png	VS16O-37-Simple_Tricks_And_Nonsense.png	image/png	331142
VS16O-40-An_Enemy_Of_The_Republic.png	VS16O-40-An_Enemy_Of_The_Republic.png	image/png	178479
VS16O-39-Yavin_4_Jedi_Academy.png	VS16O-39-Yavin_4_Jedi_Academy.png	image/png	253767
VS16O-41-Coruscant_Chancellors_Office.png	VS16O-41-Coruscant_Chancellors_Office.png	image/png	243781
VS16O-45-Keder_The_Black.png	VS16O-45-Keder_The_Black.png	image/png	88986
VS16O-49-Strategic_Reserves.png	VS16O-49-Strategic_Reserves.png	image/png	89866
VS16O-51-3B310.png	VS16O-51-3B310.png	image/png	87072
VS16O-46-Lord_Sidious.png	VS16O-46-Lord_Sidious.png	image/png	171538
VS16O-50-With_Thunderous_Applause.png	VS16O-50-With_Thunderous_Applause.png	image/png	190267
VS16O-48-Order_66.png	VS16O-48-Order_66.png	image/png	180430
VS16O-47-Nute_Gunrays_Bounty.png	VS16O-47-Nute_Gunrays_Bounty.png	image/png	189802
VS16O-57-Mandalorian_Armor.png	VS16O-57-Mandalorian_Armor.png	image/png	88999
VS16O-55-Its_Worse.png	VS16O-55-Its_Worse.png	image/png	86849
VS16O-52-Concussion_Missiles.png	VS16O-52-Concussion_Missiles.png	image/png	90062
VS16O-58-Myn_Kyneugh.png	VS16O-58-Myn_Kyneugh.png	image/png	87219
VS16O-59-Onyx_2.png	VS16O-59-Onyx_2.png	image/png	112322
VS16O-56-Katana.png	VS16O-56-Katana.png	image/png	230990
VS16O-53-Death_Star_Conference_Room.png	VS16O-53-Death_Star_Conference_Room.png	image/png	247475
VS16O-54-Execution_Arena_(Pit).png	VS16O-54-Execution_Arena_(Pit).png	image/png	253627
VS16O-60-Organas_Ceremonial_Necklace.png	VS16O-60-Organas_Ceremonial_Necklace.png	image/png	93284
VS16O-61-Pride_Of_The_Empire.png	VS16O-61-Pride_Of_The_Empire.png	image/png	95195
VS16O-62-Release_Your_Anger.png	VS16O-62-Release_Your_Anger.png	image/png	100381
VS16O-63-Resistance.png	VS16O-63-Resistance.png	image/png	112779
VS16O-64-Surface_Defense.png	VS16O-64-Surface_Defense.png	image/png	96220
VS16O-66-Vaders_Personal_Shuttle.png	VS16O-66-Vaders_Personal_Shuttle.png	image/png	121239
VS16O-67-Watto.png	VS16O-67-Watto.png	image/png	90756
VS16O-set-symbol.png	VS16O-set-symbol.png	image/png	25806
VS16O-65-Thrawns_Pet.png	VS16O-65-Thrawns_Pet.png	image/png	280486
VS16O-68-Wounded_Wookiee.png	VS16O-68-Wounded_Wookiee.png	image/png	89485
VS17O-01-A_Jedis_Cunning.png	VS17O-01-A_Jedis_Cunning.png	image/png	382744
VS16O-pack.png	VS16O-pack.png	image/png	978484
VS17O-02-A_Jedis_Plans.png	VS17O-02-A_Jedis_Plans.png	image/png	399714
VS17O-03-An_Unusual_Amount_Of_Fear.png	VS17O-03-An_Unusual_Amount_Of_Fear.png	image/png	196862
VS17O-04-Coruscant_Jedi_Archives.png	VS17O-04-Coruscant_Jedi_Archives.png	image/png	245135
VS17O-05-Elegant_Lightsaber.png	VS17O-05-Elegant_Lightsaber.png	image/png	382105
VS17O-07-Jedi_Advisor.png	VS17O-07-Jedi_Advisor.png	image/png	368495
VS17O-06-Fallen_Jedi.png	VS17O-06-Fallen_Jedi.png	image/png	508384
VS17O-08-Jedi_Guardian.png	VS17O-08-Jedi_Guardian.png	image/png	546473
VS17O-10-Duel_Of_The_Fates.png	VS17O-10-Duel_Of_The_Fates.png	image/png	252753
VS17O-09-NOOOOOOOOOOOO.png	VS17O-09-NOOOOOOOOOOOO.png	image/png	197376
VS17O-11-A_Siths_Plans.png	VS17O-11-A_Siths_Plans.png	image/png	187621
VS17O-10-Well_Handle_This.png	VS17O-10-Well_Handle_This.png	image/png	250696
VS17O-12-Black_Leader.png	VS17O-12-Black_Leader.png	image/png	355961
VS17O-12-Black_Leader_AI.png	VS17O-12-Black_Leader_AI.png	image/png	313276
VS17O-13-Galen_Secret_Apprentice.png	VS17O-13-Galen_Secret_Apprentice.png	image/png	306649
VS17O-14-Galens_Fighter.png	VS17O-14-Galens_Fighter.png	image/png	198142
VS17O-15-Galens_Lightsaber.png	VS17O-15-Galens_Lightsaber.png	image/png	187562
VS17O-17-Hunt_Down_And_Destroy_The_Jedi.png	VS17O-17-Hunt_Down_And_Destroy_The_Jedi.png	image/png	111655
VS17O-16-Gift_Of_The_Master.png	VS17O-16-Gift_Of_The_Master.png	image/png	182047
VS17O-17-Their_Fire_Has_Gone_Out_Of_The_Universe.png	VS17O-17-Their_Fire_Has_Gone_Out_Of_The_Universe.png	image/png	107873
VS17O-18-If_The_Trace_Was_Correct.png	VS17O-18-If_The_Trace_Was_Correct.png	image/png	349361
VS17O-19-Imperial_Stormtrooper.png	VS17O-19-Imperial_Stormtrooper.png	image/png	177904
VS17O-20-The_Force_Unleashed.png	VS17O-20-The_Force_Unleashed.png	image/png	168807
VS1A-01-Luke-Skywalker.png	VS1A-01-Luke-Skywalker.png	image/png	44041
VS17O-set-symbol.png	VS17O-set-symbol.png	image/png	81464
VS1A-02-Darth-Vader.png	VS1A-02-Darth-Vader.png	image/png	42790
VS17O-21-TIE_Fighter_Construction_Facility.png	VS17O-21-TIE_Fighter_Construction_Facility.png	image/png	300746
VS1A-04-Prophetess.png	VS1A-04-Prophetess.png	image/png	35085
VS17O-pack.png	VS17O-pack.png	image/png	1044189
VS1A-03-BoShek.png	VS1A-03-BoShek.png	image/png	43930
VS1A-05-Gold-1.png	VS1A-05-Gold-1.png	image/png	37660
VS1A-08-Assault-Rifle.png	VS1A-08-Assault-Rifle.png	image/png	40533
VS1A-06-Black-2.png	VS1A-06-Black-2.png	image/png	40950
VS1A-07-Hans-Heavy-Blaster-Pistol.png	VS1A-07-Hans-Heavy-Blaster-Pistol.png	image/png	45537
VS1A-09-Fusion-Generator-Supply-Tanks-LS.png	VS1A-09-Fusion-Generator-Supply-Tanks-LS.png	image/png	44404
VS1A-12-Blaster-Rack.png	VS1A-12-Blaster-Rack.png	image/png	36778
VS1A-11-Saitorr-Kal-Fas.png	VS1A-11-Saitorr-Kal-Fas.png	image/png	36397
VS1A-10-Fusion-Generator-Supply-Tanks-DS.png	VS1A-10-Fusion-Generator-Supply-Tanks-DS.png	image/png	44552
VS1A-gal-02-Fusion-LS.png	VS1A-gal-02-Fusion-LS.png	image/png	35547
VS1A-gal-01-Bo-Shek.png	VS1A-gal-01-Bo-Shek.png	image/png	31426
VS1A-gal-03-Gold-1.png	VS1A-gal-03-Gold-1.png	image/png	28024
VS1A-gal-04-Hans-HBP.png	VS1A-gal-04-Hans-HBP.png	image/png	34742
VS1A-gal-05-Luke-Skywalker.png	VS1A-gal-05-Luke-Skywalker.png	image/png	32919
VS1A-gal-06-Saitorr-Kal-Fas.png	VS1A-gal-06-Saitorr-Kal-Fas.png	image/png	27343
VS1A-gal-07-Assault-Rifle.png	VS1A-gal-07-Assault-Rifle.png	image/png	35354
VS1A-gal-10-Darth-Vader.png	VS1A-gal-10-Darth-Vader.png	image/png	36539
VS1A-gal-09-Blaster-Rack.png	VS1A-gal-09-Blaster-Rack.png	image/png	30851
VS1A-gal-08-Black-2.png	VS1A-gal-08-Black-2.png	image/png	33636
VS1A-gal-11-Fusion-DS.png	VS1A-gal-11-Fusion-DS.png	image/png	40164
VS1A-gal-12-Prophetess.png	VS1A-gal-12-Prophetess.png	image/png	29013
VS1L-gal-02-Fusion-LS.png	VS1L-gal-02-Fusion-LS.png	image/png	62411
VS1L-gal-01-Bo-Shek.png	VS1L-gal-01-Bo-Shek.png	image/png	58828
VS1L-gal-03-Gold-1.png	VS1L-gal-03-Gold-1.png	image/png	60890
VS1L-gal-05-Luke-Skywalker.png	VS1L-gal-05-Luke-Skywalker.png	image/png	60155
VS1L-gal-04-Hans-HBP.png	VS1L-gal-04-Hans-HBP.png	image/png	60305
VS1L-gal-06-Saitorr-Kal-Fas.png	VS1L-gal-06-Saitorr-Kal-Fas.png	image/png	58649
VS1L-gal-07-Assault-Rifle.png	VS1L-gal-07-Assault-Rifle.png	image/png	51259
VS1L-gal-08-Black-2.png	VS1L-gal-08-Black-2.png	image/png	53034
VS1L-gal-09-Blaster-Rack.png	VS1L-gal-09-Blaster-Rack.png	image/png	49953
VS1L-gal-10-Darth-Vader.png	VS1L-gal-10-Darth-Vader.png	image/png	55357
VS1L-gal-11-Fusion-DS.png	VS1L-gal-11-Fusion-DS.png	image/png	53555
VS1L-gal-12-Prophetess.png	VS1L-gal-12-Prophetess.png	image/png	53210
VS1O-01-Bo_Shek.png	VS1O-01-Bo_Shek.png	image/png	289794
VS1O-02-Fusion_Generator_Supply_Tanks.png	VS1O-02-Fusion_Generator_Supply_Tanks.png	image/png	332874
VS1O-01-Bo-Shek-composite.png	VS1O-01-Bo-Shek-composite.png	image/png	975074
VS1O-02-Fusion-Generator-Supply-Tanks-LS-composite.png	VS1O-02-Fusion-Generator-Supply-Tanks-LS-composite.png	image/png	1032602
VS1O-03-Gold_1.png	VS1O-03-Gold_1.png	image/png	362457
VS1O-04-Hans_Heavy_Blaster_Pistol.png	VS1O-04-Hans_Heavy_Blaster_Pistol.png	image/png	343864
VS1O-04-Hans-Heavy-Blaster-Pistol-composite.png	VS1O-04-Hans-Heavy-Blaster-Pistol-composite.png	image/png	1062970
VS1O-03-Gold-1-composite.png	VS1O-03-Gold-1-composite.png	image/png	1055868
VS1O-05-Luke_Skywalker.png	VS1O-05-Luke_Skywalker.png	image/png	316335
VS1O-06-Saitorr_Kal_Fas.png	VS1O-06-Saitorr_Kal_Fas.png	image/png	295594
VS1O-05-Luke-Skywalker-composite.png	VS1O-05-Luke-Skywalker-composite.png	image/png	1124196
VS1O-06-Saitorr-Kal-Fas-composite.png	VS1O-06-Saitorr-Kal-Fas-composite.png	image/png	1028426
VS1O-07-Assault_Rifle.png	VS1O-07-Assault_Rifle.png	image/png	105194
VS1O-07-Assault-Rifle-composite.png	VS1O-07-Assault-Rifle-composite.png	image/png	774531
VS1O-08-Black_2.png	VS1O-08-Black_2.png	image/png	179220
VS1O-08-Black-2-composite.png	VS1O-08-Black-2-composite.png	image/png	745477
VS1O-09-Blaster_Rack.png	VS1O-09-Blaster_Rack.png	image/png	139401
VS1O-09-Blaster-Rack-composite.png	VS1O-09-Blaster-Rack-composite.png	image/png	778044
VS1O-10-Darth-Vader-composite.png	VS1O-10-Darth-Vader-composite.png	image/png	859996
VS1O-12-Prophetess.png	VS1O-12-Prophetess.png	image/png	165668
VS1O-10-Darth_Vader.png	VS1O-10-Darth_Vader.png	image/png	182104
VS1O-11-Fusion_Generator_Supply_Tanks.png	VS1O-11-Fusion_Generator_Supply_Tanks.png	image/png	115747
VS1O-set-symbol.png	VS1O-set-symbol.png	image/png	142936
VS1P-01-Bo-Shek.png	VS1P-01-Bo-Shek.png	image/png	255639
VS1O-11-Fusion-Generator-Supply-Tanks-DS-composite.png	VS1O-11-Fusion-Generator-Supply-Tanks-DS-composite.png	image/png	698451
VS1O-12-Prophetess-composite.png	VS1O-12-Prophetess-composite.png	image/png	718660
VS1O-pack.png	VS1O-pack.png	image/png	1469087
VS1P-02-Fusion-Generator-Supply-Tanks.png	VS1P-02-Fusion-Generator-Supply-Tanks.png	image/png	195747
VS1P-04-Hans-Heavy-Blaster-Pistol.png	VS1P-04-Hans-Heavy-Blaster-Pistol.png	image/png	198371
VS1P-03-Gold-1.png	VS1P-03-Gold-1.png	image/png	217062
VS1P-05-Luke-Skywalker.png	VS1P-05-Luke-Skywalker.png	image/png	255750
VS1P-07-Assault-Rifle.png	VS1P-07-Assault-Rifle.png	image/png	78105
VS1P-08-Black-2.png	VS1P-08-Black-2.png	image/png	69665
VS1P-06-Saitorr-Kal-Fas.png	VS1P-06-Saitorr-Kal-Fas.png	image/png	218127
VS1P-09-Blaster-Rack.png	VS1P-09-Blaster-Rack.png	image/png	107077
VS1P-10-Darth-Vader.png	VS1P-10-Darth-Vader.png	image/png	72042
VS1P-11-Fusion-Generator-Supply-Tanks.png	VS1P-11-Fusion-Generator-Supply-Tanks.png	image/png	84524
VS1P-12-Prophetess.png	VS1P-12-Prophetess.png	image/png	67891
VS1P-gal-01-Bo-Shek.png	VS1P-gal-01-Bo-Shek.png	image/png	85843
VS1P-gal-03-Gold-1.png	VS1P-gal-03-Gold-1.png	image/png	74068
VS1P-gal-02-Fusion-LS.png	VS1P-gal-02-Fusion-LS.png	image/png	83586
VS1P-gal-04-Hans-HBP.png	VS1P-gal-04-Hans-HBP.png	image/png	85286
VS1P-gal-05-Luke-Skywalker.png	VS1P-gal-05-Luke-Skywalker.png	image/png	87634
VS1P-gal-06-Saitorr-Kal-Fas.png	VS1P-gal-06-Saitorr-Kal-Fas.png	image/png	79743
VS1P-gal-08-Black-2.png	VS1P-gal-08-Black-2.png	image/png	39198
VS1P-gal-07-Assault-Rifle.png	VS1P-gal-07-Assault-Rifle.png	image/png	44411
VS1P-gal-12-Prophetess.png	VS1P-gal-12-Prophetess.png	image/png	38490
VS1P-gal-09-Blaster-Rack.png	VS1P-gal-09-Blaster-Rack.png	image/png	48869
VS1P-gal-10-Darth-Vader.png	VS1P-gal-10-Darth-Vader.png	image/png	41595
VS1P-gal-11-Fusion-DS.png	VS1P-gal-11-Fusion-DS.png	image/png	48899
VS2O-01-Affect_Mind.png	VS2O-01-Affect_Mind.png	image/png	168980
VS2O-02-Biggs_Darklighter.png	VS2O-02-Biggs_Darklighter.png	image/png	176309
VS2O-04-Cantina_Brawl.png	VS2O-04-Cantina_Brawl.png	image/png	183339
VS2O-03-C_3PO_See_Threepio.png	VS2O-03-C_3PO_See_Threepio.png	image/png	182051
VS2O-06-Escape_Pod.png	VS2O-06-Escape_Pod.png	image/png	180715
VS2O-07-General_Dodonna.png	VS2O-07-General_Dodonna.png	image/png	171830
VS2O-08-Hans_Back.png	VS2O-08-Hans_Back.png	image/png	179938
VS2O-05-Demotion.png	VS2O-05-Demotion.png	image/png	165053
VS2O-09-Hans_Dice.png	VS2O-09-Hans_Dice.png	image/png	190283
VS2O-11-Jawa_Siesta.png	VS2O-11-Jawa_Siesta.png	image/png	170169
VS2O-10-Into_The_Garbage_Chute_Flyboy.png	VS2O-10-Into_The_Garbage_Chute_Flyboy.png	image/png	178455
VS2O-12-Klorslug.png	VS2O-12-Klorslug.png	image/png	174673
VS2O-13-Leias_Back.png	VS2O-13-Leias_Back.png	image/png	181730
VS2O-14-Lukes_Back.png	VS2O-14-Lukes_Back.png	image/png	188601
VS2O-15-Nightfall.png	VS2O-15-Nightfall.png	image/png	163042
VS2O-16-Obi_Wans_Cape.png	VS2O-16-Obi_Wans_Cape.png	image/png	174967
VS2O-17-Panic.png	VS2O-17-Panic.png	image/png	181767
VS2O-19-Rebel_Trooper.png	VS2O-19-Rebel_Trooper.png	image/png	174568
VS2O-18-Rebel_Reinforcements.png	VS2O-18-Rebel_Reinforcements.png	image/png	185029
VS2O-20-Return_Of_A_Jedi.png	VS2O-20-Return_Of_A_Jedi.png	image/png	190251
VS2O-22-Sandcrawler.png	VS2O-22-Sandcrawler.png	image/png	196347
VS2O-21-Rycar_Ryjerd.png	VS2O-21-Rycar_Ryjerd.png	image/png	172079
VS2O-23-Special_Modifications.png	VS2O-23-Special_Modifications.png	image/png	173785
VS2O-24-Utinni.png	VS2O-24-Utinni.png	image/png	166865
VS2O-25-Yavin_Sentry.png	VS2O-25-Yavin_Sentry.png	image/png	161624
VS2O-26-Admiral_Motti.png	VS2O-26-Admiral_Motti.png	image/png	92183
VS2O-28-Commander_Praji.png	VS2O-28-Commander_Praji.png	image/png	94980
VS2O-27-Bantha.png	VS2O-27-Bantha.png	image/png	100603
VS2O-30-Djas_Puhr.png	VS2O-30-Djas_Puhr.png	image/png	95532
VS2O-29-Death_Star_Sentry.png	VS2O-29-Death_Star_Sentry.png	image/png	84300
VS2O-31-Emergency_Deployment.png	VS2O-31-Emergency_Deployment.png	image/png	89286
VS2O-32-Fear_Will_Keep_Them_In_Line.png	VS2O-32-Fear_Will_Keep_Them_In_Line.png	image/png	94283
VS2O-33-General_Tagge.png	VS2O-33-General_Tagge.png	image/png	93399
VS2O-34-Han_Seeker.png	VS2O-34-Han_Seeker.png	image/png	70573
VS2O-35-I_Find_Your_Lack_Of_Faith_Disturbing.png	VS2O-35-I_Find_Your_Lack_Of_Faith_Disturbing.png	image/png	98076
VS2O-37-Imperial_Reinforcements.png	VS2O-37-Imperial_Reinforcements.png	image/png	92552
VS2O-38-Jawa_Pack.png	VS2O-38-Jawa_Pack.png	image/png	86842
VS2O-36-Imperial_Class_Star_Destroyer.png	VS2O-36-Imperial_Class_Star_Destroyer.png	image/png	118642
VS2O-39-Kitik_Keedkak.png	VS2O-39-Kitik_Keedkak.png	image/png	90100
VS2O-40-Labria.png	VS2O-40-Labria.png	image/png	87960
VS2O-41-Local_Trouble.png	VS2O-41-Local_Trouble.png	image/png	89320
VS2O-42-Molator.png	VS2O-42-Molator.png	image/png	85204
VS2O-44-Send_A_Detachment_Down.png	VS2O-44-Send_A_Detachment_Down.png	image/png	97168
VS2O-45-Stormtrooper.png	VS2O-45-Stormtrooper.png	image/png	96736
VS2O-43-Sandcrawler.png	VS2O-43-Sandcrawler.png	image/png	103420
VS2O-46-Sunsdown.png	VS2O-46-Sunsdown.png	image/png	83905
VS2O-47-Tactical_Re_Call.png	VS2O-47-Tactical_Re_Call.png	image/png	87492
VS2O-48-The_Empires_Back.png	VS2O-48-The_Empires_Back.png	image/png	88547
VS2O-49-Utinni.png	VS2O-49-Utinni.png	image/png	73115
VS2O-50-Were_All_Gonna_Be_A_Lot_Thinner.png	VS2O-50-Were_All_Gonna_Be_A_Lot_Thinner.png	image/png	92903
VS2O-set-symbol.png	VS2O-set-symbol.png	image/png	49707
VS3O-01-A_Tremor_In_The_Force.png	VS3O-01-A_Tremor_In_The_Force.png	image/png	158689
VS3O-02-Advanced_Preparation.png	VS3O-02-Advanced_Preparation.png	image/png	170457
VS3O-03-Cell_2187.png	VS3O-03-Cell_2187.png	image/png	162390
VS3O-04-Chewbacca.png	VS3O-04-Chewbacca.png	image/png	155863
VS3O-05-Colonel_Feyn_Gospic.png	VS3O-05-Colonel_Feyn_Gospic.png	image/png	177373
VS2O-pack.png	VS2O-pack.png	image/png	1165934
VS3O-06-Commander_Evram_Lajaie.png	VS3O-06-Commander_Evram_Lajaie.png	image/png	160983
VS3O-07-Commander_Vanden_Willard.png	VS3O-07-Commander_Vanden_Willard.png	image/png	175093
VS3O-08-Eject_Eject.png	VS3O-08-Eject_Eject.png	image/png	163996
VS3O-09-For_Luck.png	VS3O-09-For_Luck.png	image/png	158731
VS3O-11-Han.png	VS3O-11-Han.png	image/png	161691
VS3O-10-Grappling_Hook.png	VS3O-10-Grappling_Hook.png	image/png	172007
VS3O-13-Leias_Sporting_Blaster.png	VS3O-13-Leias_Sporting_Blaster.png	image/png	183487
VS3O-12-Leia.png	VS3O-12-Leia.png	image/png	166491
VS3O-14-Logistical_Delay.png	VS3O-14-Logistical_Delay.png	image/png	166619
VS3O-15-Merc_Sunlet.png	VS3O-15-Merc_Sunlet.png	image/png	160648
VS3O-16-R2_D2_Artoo_Detoo.png	VS3O-16-R2_D2_Artoo_Detoo.png	image/png	180395
VS3O-17-Rebel_Tech.png	VS3O-17-Rebel_Tech.png	image/png	166445
VS3O-21-Solomahal.png	VS3O-21-Solomahal.png	image/png	151666
VS3O-23-Traffic_Control.png	VS3O-23-Traffic_Control.png	image/png	162489
VS3O-24-Undercover_Light.png	VS3O-24-Undercover_Light.png	image/png	161745
VS3O-25-Wokling.png	VS3O-25-Wokling.png	image/png	170447
VS3O-20-Scanner_Techs.png	VS3O-20-Scanner_Techs.png	image/png	165607
VS3O-18-Red_5.png	VS3O-18-Red_5.png	image/png	179142
VS3O-19-Sabotage.png	VS3O-19-Sabotage.png	image/png	176353
VS3O-22-Theyre_On_Dantooine.png	VS3O-22-Theyre_On_Dantooine.png	image/png	179195
VS3O-26-A_Disturbance_In_The_Force.png	VS3O-26-A_Disturbance_In_The_Force.png	image/png	99386
VS3O-27-Astromech_Shortage.png	VS3O-27-Astromech_Shortage.png	image/png	109220
VS3O-29-Come_With_Me.png	VS3O-29-Come_With_Me.png	image/png	114673
VS3O-30-Dannik_Jerriko.png	VS3O-30-Dannik_Jerriko.png	image/png	99600
VS3O-28-Besieged.png	VS3O-28-Besieged.png	image/png	99954
VS3O-32-Greedo.png	VS3O-32-Greedo.png	image/png	101299
VS3O-33-Hem_Dazon.png	VS3O-33-Hem_Dazon.png	image/png	106526
VS3O-31-Dark_Forces.png	VS3O-31-Dark_Forces.png	image/png	108489
VS3O-39-Leia_Seeker.png	VS3O-39-Leia_Seeker.png	image/png	87639
VS3O-37-IT_O_Eyetee_Oh.png	VS3O-37-IT_O_Eyetee_Oh.png	image/png	95653
VS3O-35-Im_On_The_Leader.png	VS3O-35-Im_On_The_Leader.png	image/png	85424
VS3O-40-Motti.png	VS3O-40-Motti.png	image/png	103648
VS3O-34-Hyperwave_Scan.png	VS3O-34-Hyperwave_Scan.png	image/png	108410
VS3O-38-Ket_Maliss.png	VS3O-38-Ket_Maliss.png	image/png	109725
VS3O-36-Informant.png	VS3O-36-Informant.png	image/png	99614
VS3O-41-Oota_Goota_Solo.png	VS3O-41-Oota_Goota_Solo.png	image/png	115365
VS3O-43-Reegesk.png	VS3O-43-Reegesk.png	image/png	93027
VS3O-42-Reactor_Terminal.png	VS3O-42-Reactor_Terminal.png	image/png	103882
VS3O-44-Reserve_Pilot.png	VS3O-44-Reserve_Pilot.png	image/png	113994
VS3O-48-Tentacle.png	VS3O-48-Tentacle.png	image/png	96921
VS3O-45-Rodian.png	VS3O-45-Rodian.png	image/png	105070
VS3O-46-Spice_Mines_Of_Kessel.png	VS3O-46-Spice_Mines_Of_Kessel.png	image/png	107686
VS3O-47-Tarkin.png	VS3O-47-Tarkin.png	image/png	116868
VS3O-49-Trooper_Davin_Felth.png	VS3O-49-Trooper_Davin_Felth.png	image/png	106735
VS3O-set-symbol.png	VS3O-set-symbol.png	image/png	45362
VS3O-50-Undercover_Dark.png	VS3O-50-Undercover_Dark.png	image/png	101922
VS4O-01-2-1B_Too-Onebee.png	VS4O-01-2-1B_Too-Onebee.png	image/png	169281
VS4O-02-Attack_Pattern_Delta.png	VS4O-02-Attack_Pattern_Delta.png	image/png	178256
VS4O-04-Dark_Dissension.png	VS4O-04-Dark_Dissension.png	image/png	182971
VS4O-03-Commander_Luke_Skywalker.png	VS4O-03-Commander_Luke_Skywalker.png	image/png	180146
VS4O-05-Dual_Laser_Cannon.png	VS4O-05-Dual_Laser_Cannon.png	image/png	182376
VS3O-pack.png	VS3O-pack.png	image/png	1109247
VS4O-06-Echo_Base_Trooper_Officer.png	VS4O-06-Echo_Base_Trooper_Officer.png	image/png	168036
VS4O-07-Frostbite.png	VS4O-07-Frostbite.png	image/png	173344
VS4O-10-Hoth_Echo_Med_Lab.png	VS4O-10-Hoth_Echo_Med_Lab.png	image/png	45077
VS4O-08-General_Carlist_Rieekan.png	VS4O-08-General_Carlist_Rieekan.png	image/png	176861
VS4O-09-Heroic_Sacrifice.png	VS4O-09-Heroic_Sacrifice.png	image/png	176460
VS4O-11-Liberation.png	VS4O-11-Liberation.png	image/png	257343
VS4O-11-Local_Uprising.png	VS4O-11-Local_Uprising.png	image/png	265066
VS4O-12-Maneuvering_Flaps.png	VS4O-12-Maneuvering_Flaps.png	image/png	167943
VS4O-13-Nice_Of_You_Guys_To_Drop_By.png	VS4O-13-Nice_Of_You_Guys_To_Drop_By.png	image/png	188570
VS4O-14-Nick_Of_Time.png	VS4O-14-Nick_Of_Time.png	image/png	175425
VS4O-15-R5-M2_Arfive-Emmtoo.png	VS4O-15-R5-M2_Arfive-Emmtoo.png	image/png	173617
VS4O-16-Rebel_Scout.png	VS4O-16-Rebel_Scout.png	image/png	172173
VS4O-17-Romas_Lock_Navander.png	VS4O-17-Romas_Lock_Navander.png	image/png	176262
VS4O-18-Tamizander_Rey.png	VS4O-18-Tamizander_Rey.png	image/png	167072
VS4O-19-Tauntaun_Bones.png	VS4O-19-Tauntaun_Bones.png	image/png	172241
VS4O-20-Tauntaun_Handler.png	VS4O-20-Tauntaun_Handler.png	image/png	168399
VS4O-21-Tigran_Jamiro.png	VS4O-21-Tigran_Jamiro.png	image/png	165759
VS4O-24-Wyron_Serper.png	VS4O-24-Wyron_Serper.png	image/png	170611
VS4O-22-Toryn_Farr.png	VS4O-22-Toryn_Farr.png	image/png	167588
VS4O-23-Walker_Sighting.png	VS4O-23-Walker_Sighting.png	image/png	186873
VS4O-25-You_Will_Go_To_The_Dagobah_System.png	VS4O-25-You_Will_Go_To_The_Dagobah_System.png	image/png	185374
VS4O-26-A_Dark_Time_For_The_Rebellion.png	VS4O-26-A_Dark_Time_For_The_Rebellion.png	image/png	77686
VS4O-27-ATAT_Cannon.png	VS4O-27-ATAT_Cannon.png	image/png	69335
VS4O-28-Blizzard_1.png	VS4O-28-Blizzard_1.png	image/png	106987
VS4O-31-Breached_Defenses.png	VS4O-31-Breached_Defenses.png	image/png	96936
VS4O-29-Blizzard_2.png	VS4O-29-Blizzard_2.png	image/png	110122
VS4O-33-Captain_Piett.png	VS4O-33-Captain_Piett.png	image/png	94242
VS4O-30-Blizzard_Scout_1.png	VS4O-30-Blizzard_Scout_1.png	image/png	113115
VS4O-32-Captain_Lennox.png	VS4O-32-Captain_Lennox.png	image/png	100324
VS4O-34-Death_Squadron.png	VS4O-34-Death_Squadron.png	image/png	95295
VS4O-35-Debris_Zone.png	VS4O-35-Debris_Zone.png	image/png	82702
VS4O-36-Deflector_Shield_Generators.png	VS4O-36-Deflector_Shield_Generators.png	image/png	70606
VS4O-38-Image_Of_The_Dark_Lord.png	VS4O-38-Image_Of_The_Dark_Lord.png	image/png	77790
VS4O-39-Imperial_Domination.png	VS4O-39-Imperial_Domination.png	image/png	92146
VS4O-40-Imperial_Control.png	VS4O-40-Imperial_Control.png	image/png	91262
VS4O-37-General_Veers.png	VS4O-37-General_Veers.png	image/png	98718
VS4O-41-Krayt_Dragon_Bones.png	VS4O-41-Krayt_Dragon_Bones.png	image/png	87653
VS4O-40-Imperial_Occupation.png	VS4O-40-Imperial_Occupation.png	image/png	106578
VS4O-42-One-Arm.png	VS4O-42-One-Arm.png	image/png	136719
VS4O-43-Probe_Droid.png	VS4O-43-Probe_Droid.png	image/png	96193
VS4O-44-Probe_Telemetry.png	VS4O-44-Probe_Telemetry.png	image/png	75419
VS4O-46-Self-Destruct_Mechanism.png	VS4O-46-Self-Destruct_Mechanism.png	image/png	87278
VS4O-47-Sergeant_Major_Bursk.png	VS4O-47-Sergeant_Major_Bursk.png	image/png	89929
VS4O-45-Security_Precautions.png	VS4O-45-Security_Precautions.png	image/png	100850
VS4O-49-Stop_Motion.png	VS4O-49-Stop_Motion.png	image/png	88588
VS4O-48-Stalker.png	VS4O-48-Stalker.png	image/png	116552
VS4O-50-Wampa.png	VS4O-50-Wampa.png	image/png	140812
VS4O-set-symbol.png	VS4O-set-symbol.png	image/png	39727
VS5O-01-Asteroids_Do_Not_Concern_Me.png	VS5O-01-Asteroids_Do_Not_Concern_Me.png	image/png	182330
VS4O-pack.png	VS4O-pack.png	image/png	1088346
VS5O-02-Away_Put_Your_Weapon.png	VS5O-02-Away_Put_Your_Weapon.png	image/png	185623
VS5O-04-Descent_Into_The_Dark.png	VS5O-04-Descent_Into_The_Dark.png	image/png	163239
VS5O-03-Bron_Burs.png	VS5O-03-Bron_Burs.png	image/png	169475
VS5O-05-Encampment.png	VS5O-05-Encampment.png	image/png	176997
VS5O-06-Flash_Of_Insight.png	VS5O-06-Flash_Of_Insight.png	image/png	168961
VS5O-07-Found_Someone_You_Have.png	VS5O-07-Found_Someone_You_Have.png	image/png	176702
VS5O-08-Harc_Seff.png	VS5O-08-Harc_Seff.png	image/png	162853
VS5O-11-Jedi_Levitation.png	VS5O-11-Jedi_Levitation.png	image/png	181680
VS5O-09-Hiding_In_The_Garbage.png	VS5O-09-Hiding_In_The_Garbage.png	image/png	166560
VS5O-10-Ineffective_Maneuver.png	VS5O-10-Ineffective_Maneuver.png	image/png	180679
VS5O-15-Obi_Wans_Apparition.png	VS5O-15-Obi_Wans_Apparition.png	image/png	170636
VS5O-13-Neb_Dulo.png	VS5O-13-Neb_Dulo.png	image/png	154990
VS5O-18-Scrambled_Transmission.png	VS5O-18-Scrambled_Transmission.png	image/png	181936
VS5O-14-No_Disintegrations.png	VS5O-14-No_Disintegrations.png	image/png	165369
VS5O-17-Rayc_Ryjerd.png	VS5O-17-Rayc_Ryjerd.png	image/png	166167
VS5O-12-Levitation.png	VS5O-12-Levitation.png	image/png	179903
VS5O-16-Polarized_Negative_Power_Coupling.png	VS5O-16-Polarized_Negative_Power_Coupling.png	image/png	179610
VS5O-19-Secure_Route.png	VS5O-19-Secure_Route.png	image/png	182353
VS5O-26-Alert_My_Star_Destroyer.png	VS5O-26-Alert_My_Star_Destroyer.png	image/png	90749
VS5O-27-Awwww_Cannot_Get_Your_Ship_Out.png	VS5O-27-Awwww_Cannot_Get_Your_Ship_Out.png	image/png	96425
VS5O-21-Son_Of_Skywalker.png	VS5O-21-Son_Of_Skywalker.png	image/png	185490
VS5O-22-Starship_Levitation.png	VS5O-22-Starship_Levitation.png	image/png	183762
VS5O-20-Shoo_Shoo.png	VS5O-20-Shoo_Shoo.png	image/png	186049
VS5O-24-Wars_Not_Make_One_Great.png	VS5O-24-Wars_Not_Make_One_Great.png	image/png	171046
VS5O-25-Yoda.png	VS5O-25-Yoda.png	image/png	180308
VS5O-23-Visored_Vision.png	VS5O-23-Visored_Vision.png	image/png	176344
VS5O-28-Bad_Feeling_Have_I.png	VS5O-28-Bad_Feeling_Have_I.png	image/png	96941
VS5O-30-Close_Call.png	VS5O-30-Close_Call.png	image/png	82965
VS5O-29-Bossk.png	VS5O-29-Bossk.png	image/png	99712
VS5O-33-Defensive_Fire.png	VS5O-33-Defensive_Fire.png	image/png	87539
VS5O-35-Desilijic_Tattoo.png	VS5O-35-Desilijic_Tattoo.png	image/png	95846
VS5O-32-Corporal_Vandolay.png	VS5O-32-Corporal_Vandolay.png	image/png	99619
VS5O-31-Corporal_Derdram.png	VS5O-31-Corporal_Derdram.png	image/png	104375
VS5O-34-Dengar.png	VS5O-34-Dengar.png	image/png	100334
VS5O-36-Fear.png	VS5O-36-Fear.png	image/png	88064
VS5O-37-Field_Promotion.png	VS5O-37-Field_Promotion.png	image/png	84158
VS5O-38-Flagship.png	VS5O-38-Flagship.png	image/png	93100
VS5O-41-IG_88s_Neural_Inhibitor.png	VS5O-41-IG_88s_Neural_Inhibitor.png	image/png	74913
VS5O-42-Lando_System.png	VS5O-42-Lando_System.png	image/png	82418
VS5O-39-Hounds_Tooth.png	VS5O-39-Hounds_Tooth.png	image/png	115092
VS5O-40-IG_88.png	VS5O-40-IG_88.png	image/png	105768
VS5O-43-Location_Location_Location.png	VS5O-43-Location_Location_Location.png	image/png	89668
VS5O-45-Precision_Targeting.png	VS5O-45-Precision_Targeting.png	image/png	92981
VS5O-44-Mist_Hunter.png	VS5O-44-Mist_Hunter.png	image/png	115184
VS5O-47-Sudden_Impact.png	VS5O-47-Sudden_Impact.png	image/png	95576
VS5O-48-Take_Evasive_Action.png	VS5O-48-Take_Evasive_Action.png	image/png	92238
VS5O-49-The_Dark_Path.png	VS5O-49-The_Dark_Path.png	image/png	88035
VS5O-46-Punishing_One.png	VS5O-46-Punishing_One.png	image/png	109110
VS5O-50-Voyeur.png	VS5O-50-Voyeur.png	image/png	80955
VS5O-set-symbol.png	VS5O-set-symbol.png	image/png	47136
VS5O-pack.png	VS5O-pack.png	image/png	1081020
VS6O-01-Access_Denied.png	VS6O-01-Access_Denied.png	image/png	164117
VS6O-03-Beldons_Eye.png	VS6O-03-Beldons_Eye.png	image/png	175483
VS6O-04-Bionic_Hand.png	VS6O-04-Bionic_Hand.png	image/png	171674
VS6O-02-All_My_Urchins.png	VS6O-02-All_My_Urchins.png	image/png	167660
VS6O-06-Civil_Disorder.png	VS6O-06-Civil_Disorder.png	image/png	175268
VS6O-05-Bright_Hope.png	VS6O-05-Bright_Hope.png	image/png	197800
VS6O-08-Courage_Of_A_Skywalker.png	VS6O-08-Courage_Of_A_Skywalker.png	image/png	186725
VS6O-07-Computer_Interface.png	VS6O-07-Computer_Interface.png	image/png	181741
VS6O-09-Down_With_The_Emperor.png	VS6O-09-Down_With_The_Emperor.png	image/png	172212
VS6O-14-Leia_Of_Alderaan.png	VS6O-14-Leia_Of_Alderaan.png	image/png	166181
VS6O-13-Keep_Your_Eyes_Open.png	VS6O-13-Keep_Your_Eyes_Open.png	image/png	172076
VS6O-15-Lobot.png	VS6O-15-Lobot.png	image/png	157592
VS6O-11-Imperial_Atrocity.png	VS6O-11-Imperial_Atrocity.png	image/png	175488
VS6O-10-Hopping_Mad.png	VS6O-10-Hopping_Mad.png	image/png	175593
VS6O-16-Lukes_Blaster_Pistol.png	VS6O-16-Lukes_Blaster_Pistol.png	image/png	185889
VS6O-17-Princess_Leia.png	VS6O-17-Princess_Leia.png	image/png	179748
VS6O-18-Rebel_Planners.png	VS6O-18-Rebel_Planners.png	image/png	175006
VS6O-19-Redemption.png	VS6O-19-Redemption.png	image/png	198278
VS6O-12-Kebyc.png	VS6O-12-Kebyc.png	image/png	156014
VS6O-20-Seeking_An_Audience.png	VS6O-20-Seeking_An_Audience.png	image/png	178732
VS6O-21-Surreptitious_Glance.png	VS6O-21-Surreptitious_Glance.png	image/png	185103
VS6O-22-Weather_Vane.png	VS6O-22-Weather_Vane.png	image/png	174144
VS6O-23-Well_Find_Han.png	VS6O-23-Well_Find_Han.png	image/png	175060
VS6O-24-Weapons_Display.png	VS6O-24-Weapons_Display.png	image/png	169136
VS6O-26-A_Day_Long_Remembered.png	VS6O-26-A_Day_Long_Remembered.png	image/png	89975
VS6O-25-Wookiee_Strangle.png	VS6O-25-Wookiee_Strangle.png	image/png	189087
VS6O-27-Ability_Ability_Ability.png	VS6O-27-Ability_Ability_Ability.png	image/png	94831
VS6O-28-Atmospheric_Assault.png	VS6O-28-Atmospheric_Assault.png	image/png	90378
VS6O-30-Boba_Fetts_Blaster_Rifle.png	VS6O-30-Boba_Fetts_Blaster_Rifle.png	image/png	72960
VS6O-31-Captain_Bewil.png	VS6O-31-Captain_Bewil.png	image/png	96177
VS6O-32-Despair.png	VS6O-32-Despair.png	image/png	93591
VS6O-33-E-3PO.png	VS6O-33-E-3PO.png	image/png	90241
VS6O-29-Boba_Fett.png	VS6O-29-Boba_Fett.png	image/png	103306
VS6O-34-Firepower.png	VS6O-34-Firepower.png	image/png	92515
VS6O-35-Hes_All_Yours_Bounty_Hunter.png	VS6O-35-Hes_All_Yours_Bounty_Hunter.png	image/png	94780
VS6O-37-I_Had_No_Choice.png	VS6O-37-I_Had_No_Choice.png	image/png	84089
VS6O-36-I_Am_Your_Father.png	VS6O-36-I_Am_Your_Father.png	image/png	89729
VS6O-38-Imperial_Decree.png	VS6O-38-Imperial_Decree.png	image/png	95785
VS6O-39-Imperial_Propaganda.png	VS6O-39-Imperial_Propaganda.png	image/png	92594
VS6O-40-Jabbas_Influence.png	VS6O-40-Jabbas_Influence.png	image/png	92058
VS6O-41-Kuat_Drive_Yards.png	VS6O-41-Kuat_Drive_Yards.png	image/png	95379
VS6O-42-Lando_Calrissian.png	VS6O-42-Lando_Calrissian.png	image/png	97543
VS6O-43-Levitation_Attack.png	VS6O-43-Levitation_Attack.png	image/png	76146
VS6O-45-Special_Delivery.png	VS6O-45-Special_Delivery.png	image/png	91530
VS6O-44-Slip_Sliding_Away.png	VS6O-44-Slip_Sliding_Away.png	image/png	95242
VS6O-47-The_Emperors_Prize.png	VS6O-47-The_Emperors_Prize.png	image/png	91986
VS6O-48-Vaders_Bounty.png	VS6O-48-Vaders_Bounty.png	image/png	93650
VS6O-49-Weather_Vane.png	VS6O-49-Weather_Vane.png	image/png	92932
VS6O-46-The_Emperor.png	VS6O-46-The_Emperor.png	image/png	111523
VS6O-50-Were_The_Bait.png	VS6O-50-Were_The_Bait.png	image/png	90157
VS6O-set-symbol.png	VS6O-set-symbol.png	image/png	47448
VS7O-01-Chewbacca_Protector.png	VS7O-01-Chewbacca_Protector.png	image/png	179179
VS6O-pack.png	VS6O-pack.png	image/png	990961
VS7O-03-Gamblers_Luck.png	VS7O-03-Gamblers_Luck.png	image/png	181113
VS7O-02-Dash_Rendar.png	VS7O-02-Dash_Rendar.png	image/png	170284
VS7O-04-Impressive_Most_Impressive.png	VS7O-04-Impressive_Most_Impressive.png	image/png	188047
VS7O-05-Ke_Chu_Ke_Kukuta.png	VS7O-05-Ke_Chu_Ke_Kukuta.png	image/png	170575
VS7O-06-LE_BO2D9_Leebo.png	VS7O-06-LE_BO2D9_Leebo.png	image/png	174828
VS7O-07-Mercenary_Armor.png	VS7O-07-Mercenary_Armor.png	image/png	179446
VS7O-15-Frustration.png	VS7O-15-Frustration.png	image/png	103174
VS7O-14-Flagship_Operations.png	VS7O-14-Flagship_Operations.png	image/png	107807
VS7O-13-Brief_Loss_Of_Control.png	VS7O-13-Brief_Loss_Of_Control.png	image/png	104339
VS7O-12-Bane_Malar.png	VS7O-12-Bane_Malar.png	image/png	109862
VS7O-08-Smugglers_Blues.png	VS7O-08-Smugglers_Blues.png	image/png	172439
VS7O-10-Tawss_Khaa.png	VS7O-10-Tawss_Khaa.png	image/png	170167
VS7O-11-Uh_oh.png	VS7O-11-Uh_oh.png	image/png	183420
VS7O-09-Tantive_IV.png	VS7O-09-Tantive_IV.png	image/png	191591
VS7O-17-Information_Exchange.png	VS7O-17-Information_Exchange.png	image/png	103755
VS7O-20-Those_Rebels_Wont_Escape_Us.png	VS7O-20-Those_Rebels_Wont_Escape_Us.png	image/png	105864
VS7O-21-Unexpected_Interruption.png	VS7O-21-Unexpected_Interruption.png	image/png	102215
VS7O-18-Prince_Xizor.png	VS7O-18-Prince_Xizor.png	image/png	111475
VS7O-16-Guri.png	VS7O-16-Guri.png	image/png	118275
VS7O-19-Slave_I.png	VS7O-19-Slave_I.png	image/png	127341
VS7O-22-Zuckuss.png	VS7O-22-Zuckuss.png	image/png	111006
VS7O-pack.png	VS7O-pack.png	image/png	1052113
VS7O-set-symbol.png	VS7O-set-symbol.png	image/png	53322
VS8O-01-Attark.png	VS8O-01-Attark.png	image/png	152570
VS8O-02-Aved_Luun.png	VS8O-02-Aved_Luun.png	image/png	158365
VS8O-05-Careful_Planning.png	VS8O-05-Careful_Planning.png	image/png	189517
VS8O-04-Bargaining_Table.png	VS8O-04-Bargaining_Table.png	image/png	173296
VS8O-03-BGJ38.png	VS8O-03-BGJ38.png	image/png	163632
VS8O-06-Dont_Forget_The_Droids.png	VS8O-06-Dont_Forget_The_Droids.png	image/png	185359
VS8O-07-Ellorrs_Madak.png	VS8O-07-Ellorrs_Madak.png	image/png	174153
VS8O-08-I_Must_Be_Allowed_To_Speak.png	VS8O-08-I_Must_Be_Allowed_To_Speak.png	image/png	174376
VS8O-09-Kalit.png	VS8O-09-Kalit.png	image/png	162124
VS8O-11-Laudica.png	VS8O-11-Laudica.png	image/png	164177
VS8O-12-Leslomy_Tacema.png	VS8O-12-Leslomy_Tacema.png	image/png	166889
VS8O-13-Master_Luke.png	VS8O-13-Master_Luke.png	image/png	179665
VS8O-10-Krayt_Dragon_Howl.png	VS8O-10-Krayt_Dragon_Howl.png	image/png	191871
VS8O-14-ObiWan_Kenobi.png	VS8O-14-ObiWan_Kenobi.png	image/png	179039
VS8O-15-Princess_Leia_Organa.png	VS8O-15-Princess_Leia_Organa.png	image/png	182581
VS8O-16-SeeThreepio.png	VS8O-16-SeeThreepio.png	image/png	178677
VS8O-19-The_Signal.png	VS8O-19-The_Signal.png	image/png	178629
VS8O-21-Thrown_Back.png	VS8O-21-Thrown_Back.png	image/png	198945
VS8O-18-Tanus_Spijek.png	VS8O-18-Tanus_Spijek.png	image/png	156457
VS8O-20-The_Time_For_Our_Attack_Has_Come.png	VS8O-20-The_Time_For_Our_Attack_Has_Come.png	image/png	184283
VS8O-17-Tamtel_Skreej.png	VS8O-17-Tamtel_Skreej.png	image/png	179228
VS8O-22-Tusken_Breath_Mask.png	VS8O-22-Tusken_Breath_Mask.png	image/png	174973
VS8O-23-Ultimatum.png	VS8O-23-Ultimatum.png	image/png	169547
VS8O-24-Yarna_dal_Gargan.png	VS8O-24-Yarna_dal_Gargan.png	image/png	172439
VS8O-27-Bantha_Herd.png	VS8O-27-Bantha_Herd.png	image/png	88839
VS8O-29-Cane_Adiss.png	VS8O-29-Cane_Adiss.png	image/png	86890
VS8O-26-All_Wrapped_Up.png	VS8O-26-All_Wrapped_Up.png	image/png	91042
VS8O-28-Boba_Fett_persona_only.png	VS8O-28-Boba_Fett_persona_only.png	image/png	104283
VS8O-25-Yerka_Mig.png	VS8O-25-Yerka_Mig.png	image/png	173358
VS8O-30-Combat_Readiness.png	VS8O-30-Combat_Readiness.png	image/png	99562
VS8O-31-Den_Of_Thieves.png	VS8O-31-Den_Of_Thieves.png	image/png	92146
VS8O-35-Hermi_Odle.png	VS8O-35-Hermi_Odle.png	image/png	93915
VS8O-33-Fozec.png	VS8O-33-Fozec.png	image/png	96615
VS8O-34-Gela_Yeens.png	VS8O-34-Gela_Yeens.png	image/png	97542
VS8O-36-Hutt_Bounty.png	VS8O-36-Hutt_Bounty.png	image/png	84452
VS8O-37-Jabba_The_Hutt.png	VS8O-37-Jabba_The_Hutt.png	image/png	97606
VS8O-38-Jabbas_Sail_Barge.png	VS8O-38-Jabbas_Sail_Barge.png	image/png	110062
VS8O-32-Drop.png	VS8O-32-Drop.png	image/png	103823
VS8O-39-Jabbas_Space_Cruiser.png	VS8O-39-Jabbas_Space_Cruiser.png	image/png	119474
VS8O-41-Malakili.png	VS8O-41-Malakili.png	image/png	91501
VS8O-40-JQuille.png	VS8O-40-JQuille.png	image/png	96655
VS8O-42-Nizuc_Bek.png	VS8O-42-Nizuc_Bek.png	image/png	96725
VS8O-43-None_Shall_Pass.png	VS8O-43-None_Shall_Pass.png	image/png	86627
VS8O-44-Sacrifice.png	VS8O-44-Sacrifice.png	image/png	85638
VS8O-45-Twilek_Advisor.png	VS8O-45-Twilek_Advisor.png	image/png	91239
VS8O-46-URoRRuRRR.png	VS8O-46-URoRRuRRR.png	image/png	96031
VS8O-48-UrRur.png	VS8O-48-UrRur.png	image/png	98106
VS8O-50-Wooof.png	VS8O-50-Wooof.png	image/png	98738
VS8O-49-Vizam.png	VS8O-49-Vizam.png	image/png	87294
VS8O-set-symbol.png	VS8O-set-symbol.png	image/png	56898
VS8O-47-URoRRuRRRs_Bantha.png	VS8O-47-URoRRuRRRs_Bantha.png	image/png	105794
VS9O-01-A280_Sharpshooter_Rifle.png	VS9O-01-A280_Sharpshooter_Rifle.png	image/png	188851
VS9O-02-Chewies_AT-ST.png	VS9O-02-Chewies_AT-ST.png	image/png	197346
VS8O-pack.png	VS8O-pack.png	image/png	1028996
VS9O-03-Chief_Chirpa.png	VS9O-03-Chief_Chirpa.png	image/png	162187
VS9O-04-Corellian_Retort.png	VS9O-04-Corellian_Retort.png	image/png	181711
VS9O-05-Count_Me_In.png	VS9O-05-Count_Me_In.png	image/png	167206
VS9O-06-Covert_Landing.png	VS9O-06-Covert_Landing.png	image/png	186091
VS9O-07-Endor_Celebration.png	VS9O-07-Endor_Celebration.png	image/png	186999
VS9O-08-Entrenchment.png	VS9O-08-Entrenchment.png	image/png	164178
VS9O-09-General_Solo.png	VS9O-09-General_Solo.png	image/png	174478
VS9O-10-Im_With_You_Too.png	VS9O-10-Im_With_You_Too.png	image/png	172286
VS9O-12-Jedi_Lightsaber.png	VS9O-12-Jedi_Lightsaber.png	image/png	189579
VS9O-11-I_Wonder_Who_They_Found.png	VS9O-11-I_Wonder_Who_They_Found.png	image/png	173085
VS9O-13-Luke_Skywalker_Rebel_Scout.png	VS9O-13-Luke_Skywalker_Rebel_Scout.png	image/png	181793
VS9O-14-Mace_Windu.png	VS9O-14-Mace_Windu.png	image/png	183759
VS9O-15-Mon_Mothma.png	VS9O-15-Mon_Mothma.png	image/png	178978
VS9O-16-No_Questions_Asked.png	VS9O-16-No_Questions_Asked.png	image/png	40763
VS9O-17-Quick_Draw.png	VS9O-17-Quick_Draw.png	image/png	178143
VS9O-18-Rapid_Deployment.png	VS9O-18-Rapid_Deployment.png	image/png	181298
VS9O-19-Superficial_Damage.png	VS9O-19-Superficial_Damage.png	image/png	174603
VS9O-20-Thats_One.png	VS9O-20-Thats_One.png	image/png	169340
VS9O-21-The_Planet_That_Its_Farthest_From.png	VS9O-21-The_Planet_That_Its_Farthest_From.png	image/png	169744
VS9O-22-The_Professor.png	VS9O-22-The_Professor.png	image/png	176178
VS9O-23-Tydirium.png	VS9O-23-Tydirium.png	image/png	198889
VS9O-24-This_Place_Can_Be_A_Little_Rough.png	VS9O-24-This_Place_Can_Be_A_Little_Rough.png	image/png	263528
VS9O-25-Wicket.png	VS9O-25-Wicket.png	image/png	158657
VS9O-24-Watch_Your_Step.png	VS9O-24-Watch_Your_Step.png	image/png	266575
VS9O-26-A_Bright_Center_To_The_Universe.png	VS9O-26-A_Bright_Center_To_The_Universe.png	image/png	87225
VS9O-27-Aratech_Corporation.png	VS9O-27-Aratech_Corporation.png	image/png	91687
VS9O-28-AT-ST_Dual_Cannon.png	VS9O-28-AT-ST_Dual_Cannon.png	image/png	70753
VS9O-30-Crossfire.png	VS9O-30-Crossfire.png	image/png	92228
VS9O-29-Commander_Igar.png	VS9O-29-Commander_Igar.png	image/png	103932
VS9O-33-Empires_New_Order.png	VS9O-33-Empires_New_Order.png	image/png	89721
VS9O-31-Dead_Ewok.png	VS9O-31-Dead_Ewok.png	image/png	87876
VS9O-36-Freeze.png	VS9O-36-Freeze.png	image/png	83355
VS9O-32-Dreaded_Imperial_Starfleet.png	VS9O-32-Dreaded_Imperial_Starfleet.png	image/png	97819
VS9O-35-Feltipern_Trevaggs_Stun_Rifle.png	VS9O-35-Feltipern_Trevaggs_Stun_Rifle.png	image/png	69956
VS9O-37-Imperial_Academy_Training.png	VS9O-37-Imperial_Academy_Training.png	image/png	89515
VS9O-38-Imperial_Tyranny.png	VS9O-38-Imperial_Tyranny.png	image/png	91975
VS9O-34-Establish_Secret_Base.png	VS9O-34-Establish_Secret_Base.png	image/png	91453
VS9O-39-Inconsequential_Losses.png	VS9O-39-Inconsequential_Losses.png	image/png	91599
VS9O-42-Lieutenant_Watts.png	VS9O-42-Lieutenant_Watts.png	image/png	93813
VS9O-40-Lieutenant_Grond.png	VS9O-40-Lieutenant_Grond.png	image/png	96048
VS9O-41-Lieutenant_Renz.png	VS9O-41-Lieutenant_Renz.png	image/png	98092
VS9O-45-Pinned_Down.png	VS9O-45-Pinned_Down.png	image/png	78366
VS9O-43-Major_Hewex.png	VS9O-43-Major_Hewex.png	image/png	86264
VS9O-44-Outflank.png	VS9O-44-Outflank.png	image/png	86218
VS9O-46-Scout_Recon.png	VS9O-46-Scout_Recon.png	image/png	85666
VS9O-set-symbol.png	VS9O-set-symbol.png	image/png	44565
VSh-D-abyss-pre.gif	VSh-D-abyss-pre.gif	image/gif	83628
VS9O-49-Well-earned_Command.png	VS9O-49-Well-earned_Command.png	image/png	89661
VSh-D-abyss.gif	VSh-D-abyss.gif	image/gif	83628
VS9O-48-Sneak_Attack.png	VS9O-48-Sneak_Attack.png	image/png	86834
VS9O-47-Sergeant_Wallen.png	VS9O-47-Sergeant_Wallen.png	image/png	99115
VS9O-50-Wipe_Them_Out_All_Of_Them.png	VS9O-50-Wipe_Them_Out_All_Of_Them.png	image/png	101597
VS9O-pack.png	VS9O-pack.png	image/png	986628
VSh-D-auselessgesture-pre.gif	VSh-D-auselessgesture-pre.gif	image/gif	72843
VSh-D-afterher.gif	VSh-D-afterher.gif	image/gif	91922
VSh-D-auselessgesture.gif	VSh-D-auselessgesture.gif	image/gif	72843
VSh-D-afterher-pre.gif	VSh-D-afterher-pre.gif	image/gif	91922
VSh-D-deathstarsentry-pre.gif	VSh-D-deathstarsentry-pre.gif	image/gif	81745
VSh-D-deathstarsentry.gif	VSh-D-deathstarsentry.gif	image/gif	81745
VSh-D-dotheyhaveacodeclearance-pre.gif	VSh-D-dotheyhaveacodeclearance-pre.gif	image/gif	72372
VSh-D-dotheyhaveacodeclearance.gif	VSh-D-dotheyhaveacodeclearance.gif	image/gif	72372
VSh-D-dotheyhaveacodeclearancev-pre.gif	VSh-D-dotheyhaveacodeclearancev-pre.gif	image/gif	86315
VSh-D-fanfaretatooine-pre.gif	VSh-D-fanfaretatooine-pre.gif	image/gif	76723
VSh-D-fanfare.gif	VSh-D-fanfare.gif	image/gif	81341
VSh-D-dotheyhaveacodeclearancev.gif	VSh-D-dotheyhaveacodeclearancev.gif	image/gif	86315
VSh-D-fanfare-pre.gif	VSh-D-fanfare-pre.gif	image/gif	81341
VSh-D-fanfaretatooine.gif	VSh-D-fanfaretatooine.gif	image/gif	76723
VSh-D-firepower-pre.gif	VSh-D-firepower-pre.gif	image/gif	88924
VSh-D-firepower.gif	VSh-D-firepower.gif	image/gif	88924
VSh-D-imperialdetention-pre.gif	VSh-D-imperialdetention-pre.gif	image/gif	86209
VSh-D-leavethemtome-pre.gif	VSh-D-leavethemtome-pre.gif	image/gif	72677
VSh-D-ifindyourlackoffaithdisturbing-pre.gif	VSh-D-ifindyourlackoffaithdisturbing-pre.gif	image/gif	89140
VSh-D-ifindyourlackoffaithdisturbing.gif	VSh-D-ifindyourlackoffaithdisturbing.gif	image/gif	89140
VSh-D-imperialdetention.gif	VSh-D-imperialdetention.gif	image/gif	86209
VSh-D-leavethemtome.gif	VSh-D-leavethemtome.gif	image/gif	72677
VSh-D-leavethemtomev-pre.gif	VSh-D-leavethemtomev-pre.gif	image/gif	99152
VSh-D-leavethemtomev.gif	VSh-D-leavethemtomev.gif	image/gif	99152
VSh-D-noescapev.gif	VSh-D-noescapev.gif	image/gif	93511
VSh-D-reactorterminal-pre.gif	VSh-D-reactorterminal-pre.gif	image/gif	88677
VSh-D-noescape-pre.gif	VSh-D-noescape-pre.gif	image/gif	76549
VSh-D-noescape.gif	VSh-D-noescape.gif	image/gif	76549
VSh-D-noescapev-pre.gif	VSh-D-noescapev-pre.gif	image/gif	93511
VSh-D-reactorterminal.gif	VSh-D-reactorterminal.gif	image/gif	88677
VSh-D-wellletfateadecidehuh-pre.gif	VSh-D-wellletfateadecidehuh-pre.gif	image/gif	80992
VSh-D-wellletfateadecidehuh.gif	VSh-D-wellletfateadecidehuh.gif	image/gif	80992
VSh-D-youcannothideforever-pre.gif	VSh-D-youcannothideforever-pre.gif	image/gif	76348
VSh-D-youcannothideforeverv-pre.gif	VSh-D-youcannothideforeverv-pre.gif	image/gif	70310
VSh-D-youcannothideforever.gif	VSh-D-youcannothideforever.gif	image/gif	76348
VSh-D-youcannothideforeverv.gif	VSh-D-youcannothideforeverv.gif	image/gif	70310
VSh-L-affectmind-pre.gif	VSh-L-affectmind-pre.gif	image/gif	101522
VSh-L-affectmind.gif	VSh-L-affectmind.gif	image/gif	101522
VSh-L-chasm-pre.gif	VSh-L-chasm-pre.gif	image/gif	111909
VSh-L-dontdothatagaintatooine.gif	VSh-L-dontdothatagaintatooine.gif	image/gif	97945
VSh-L-dontdothatagain-pre.gif	VSh-L-dontdothatagain-pre.gif	image/gif	93365
VSh-L-dontdothatagain.gif	VSh-L-dontdothatagain.gif	image/gif	93365
VSh-L-dontdothatagaintatooine-pre.gif	VSh-L-dontdothatagaintatooine-pre.gif	image/gif	97945
VSh-L-chasm.gif	VSh-L-chasm.gif	image/gif	111909
VSh-L-hecangoabouthisbusiness-pre.gif	VSh-L-hecangoabouthisbusiness-pre.gif	image/gif	94122
VSh-L-hecangoabouthisbusiness.gif	VSh-L-hecangoabouthisbusiness.gif	image/gif	94122
VSh-L-letskeepalittleoptimismhere-pre.gif	VSh-L-letskeepalittleoptimismhere-pre.gif	image/gif	92302
VSh-L-letskeepalittleoptimismhere.gif	VSh-L-letskeepalittleoptimismhere.gif	image/gif	92302
VSh-L-letskeepalittleoptimismherev-pre.gif	VSh-L-letskeepalittleoptimismherev-pre.gif	image/gif	88457
VSh-L-letskeepalittleoptimismherev.gif	VSh-L-letskeepalittleoptimismherev.gif	image/gif	88457
VSh-L-ouneeta-pre.gif	VSh-L-ouneeta-pre.gif	image/gif	91846
VSh-L-ouneeta.gif	VSh-L-ouneeta.gif	image/gif	91846
VSh-L-ouneetav.gif	VSh-L-ouneetav.gif	image/gif	98727
VSh-L-ouneetav-pre.gif	VSh-L-ouneetav-pre.gif	image/gif	98727
VSh-L-planetarydefenses-pre.gif	VSh-L-planetarydefenses-pre.gif	image/gif	89035
VSh-L-planetarydefenses.gif	VSh-L-planetarydefenses.gif	image/gif	89035
VSh-L-theprofessor-pre.gif	VSh-L-theprofessor-pre.gif	image/gif	91235
VSh-L-theprofessor.gif	VSh-L-theprofessor.gif	image/gif	91235
VSh-L-simpletricksandnonsense.gif	VSh-L-simpletricksandnonsense.gif	image/gif	104862
VSh-L-thereisanother-pre.gif	VSh-L-thereisanother-pre.gif	image/gif	91096
VSh-L-thereisanother.gif	VSh-L-thereisanother.gif	image/gif	91096
VSh-L-trafficcontrol-pre.gif	VSh-L-trafficcontrol-pre.gif	image/gif	101221
VSh-L-simpletricksandnonsense-pre.gif	VSh-L-simpletricksandnonsense-pre.gif	image/gif	104862
VSh-L-trafficcontrol.gif	VSh-L-trafficcontrol.gif	image/gif	101221
VSh-L-weaponsdisplay-pre.gif	VSh-L-weaponsdisplay-pre.gif	image/gif	102932
VSh-L-yavinsentry-pre.gif	VSh-L-yavinsentry-pre.gif	image/gif	88724
VSh-L-yavinsentry.gif	VSh-L-yavinsentry.gif	image/gif	88724
VSh-L-yourinsightservesyouwell-pre.gif	VSh-L-yourinsightservesyouwell-pre.gif	image/gif	93529
VSh-L-weaponsdisplay.gif	VSh-L-weaponsdisplay.gif	image/gif	102932
VSh-L-yourinsightservesyouwell.gif	VSh-L-yourinsightservesyouwell.gif	image/gif	93529
VSh-L-yourinsightservesyouwellv-pre.gif	VSh-L-yourinsightservesyouwellv-pre.gif	image/gif	63348
VSh-L-yourinsightservesyouwellv.gif	VSh-L-yourinsightservesyouwellv.gif	image/gif	63348
WARS-Incursion-rulebook-cover.png	WARS-Incursion-rulebook-cover.png	image/png	115106
WARS-card-back.png	WARS-card-back.png	image/png	177101
Vkit-in-use.png	Vkit-in-use.png	image/png	228218
Vkit-example-output.png	Vkit-example-output.png	image/png	282323
WARS-introduction-cover.png	WARS-introduction-cover.png	image/png	548177
WARS-turn-phases.png	WARS-turn-phases.png	image/png	62755
WARS-Incursion-sample-cards.png	WARS-Incursion-sample-cards.png	image/png	2250618
Virtual_Legacy_Final_Master_LS.pdf	Virtual_Legacy_Final_Master_LS.pdf	application/pdf	63387593
Virtual_Legacy_Final_Master_DS.pdf	Virtual_Legacy_Final_Master_DS.pdf	application/pdf	55726219
1997 World Championship Finalist prize.jpg	files/1997_World_Championship_Finalist_prize.jpg	image/jpeg	1107284
DecipherCon 2000 Great Tribble Hunt.jpg	files/DecipherCon_2000_Great_Tribble_Hunt.jpg	image/jpeg	36499
DecipherCon 2000 guests signing.jpg	files/DecipherCon_2000_guests_signing.jpg	image/jpeg	20400
DecipherCon 2000 Michonne Bourriague.jpg	files/DecipherCon_2000_Michonne_Bourriague.jpg	image/jpeg	20587
DecipherCon 2000 player at table.jpg	files/DecipherCon_2000_player_at_table.jpg	image/jpeg	35116
DecipherCon 2000 Shannon Baksa signing.jpg	files/DecipherCon_2000_Shannon_Baksa_signing.jpg	image/jpeg	35361
DecipherCon 2000 STCCG champion plaque.jpg	files/DecipherCon_2000_STCCG_champion_plaque.jpg	image/jpeg	29529
DecipherCon 2000 SWCCG champion plaque.jpg	files/DecipherCon_2000_SWCCG_champion_plaque.jpg	image/jpeg	29269
DecipherCon 2000 tournament hall.jpg	files/DecipherCon_2000_tournament_hall.jpg	image/jpeg	33995
DecipherCon 2000 Who is Mara Jade.jpg	files/DecipherCon_2000_Who_is_Mara_Jade.jpg	image/jpeg	47354
DecipherCon 2000 Worlds Final still.jpg	files/DecipherCon_2000_Worlds_Final_still.jpg	image/jpeg	12234
DecipherCon 2000 Young Jedi staff.jpg	files/DecipherCon_2000_Young_Jedi_staff.jpg	image/jpeg	35182
DecipherCon 2000 Young Jedi uncut sheets.jpg	files/DecipherCon_2000_Young_Jedi_uncut_sheets.jpg	image/jpeg	70927
Kevin Reitzel 1996 Worlds.jpg	Kevin_Reitzel_1996_Worlds.jpg	image/jpeg	43909
Raphael Asselin 1996 Worlds.jpg	Raphael_Asselin_1996_Worlds.jpg	image/jpeg	91194
Kevin Reitzel and Raphael Asselin 1996 Worlds.jpg	Kevin_Reitzel_and_Raphael_Asselin_1996_Worlds.jpg	image/jpeg	181846
DecipherCon 2000 hallway gaming 1.jpg	DecipherCon_2000_hallway_gaming_1.jpg	image/jpeg	78152
DecipherCon 2000 hallway gaming 2.jpg	DecipherCon_2000_hallway_gaming_2.jpg	image/jpeg	48883
DecipherCon 2000 hallway gaming 3.jpg	DecipherCon_2000_hallway_gaming_3.jpg	image/jpeg	51874
DecipherCon 2000 hallway gaming 4.jpg	DecipherCon_2000_hallway_gaming_4.jpg	image/jpeg	50334
DecipherCon 2000 hallway gaming 5.jpg	DecipherCon_2000_hallway_gaming_5.jpg	image/jpeg	63733
Cafe Brujah SWCCG group.jpg	files/Cafe_Brujah_SWCCG_group.jpg	image/jpeg	133216
Cafe Brujah SWCCG trophies.jpg	files/Cafe_Brujah_SWCCG_trophies.jpg	image/jpeg	104720
Decipher Comic-Con booth.jpg	files/Decipher_Comic-Con_booth.jpg	image/jpeg	171754
DecipherCon 1999 staff tables.jpg	files/DecipherCon_1999_staff_tables.jpg	image/jpeg	152992
DecipherCon 1999 tournament hall.jpg	files/DecipherCon_1999_tournament_hall.jpg	image/jpeg	140579
Kevin Reitzel at Decipher Inc.jpg	files/Kevin_Reitzel_at_Decipher_Inc.jpg	image/jpeg	36642
Kevin Reitzel Young Jedi banners.jpg	files/Kevin_Reitzel_Young_Jedi_banners.jpg	image/jpeg	19285
Local SWCCG tournament hall.jpg	files/Local_SWCCG_tournament_hall.jpg	image/jpeg	117322
Star Wars CCG trophies.jpg	files/Star_Wars_CCG_trophies.jpg	image/jpeg	111455
SWCCG convention table.jpg	files/SWCCG_convention_table.jpg	image/jpeg	188342
SWCCG gym tournament.jpg	files/SWCCG_gym_tournament.jpg	image/jpeg	24114
SWCCG trophy display.jpg	files/SWCCG_trophy_display.jpg	image/jpeg	46837
Young Jedi convention play.jpg	files/Young_Jedi_convention_play.jpg	image/jpeg	105514
